plant_id,name_prod,lon,lat,Plant_CO_MEAN,Plant_NO2_MEAN,Plant_SO2_MEAN,Plant_O3_MEAN,Plant_PM10_MEAN,Plant_PM2_5_MEAN,Plant_LSTT_MEAN,Plant_LSTA_MEAN,Plant_NTL_MEAN,year,month
1,东华钢铁,118.256774,39.468366,0.0588631932902139,0.000277582357397,,0.1414044283723373,0.3274122226860503,61.94961352379895,294.1776446704176,279.03113134195473,2.3700395331155817,2018,10
2,东海钢铁,118.624794,39.748373,0.0681962504074029,0.0002727334804429,,0.1418800336737503,0.3935061353941926,79.13288048787528,296.0465469030071,278.4577550206306,3.2849283394007665,2018,10
3,东特,121.759531,39.05443,0.0412918458941292,0.0001012405569265,,0.1397538462386639,0.3250585887888695,35.02440587434832,293.4670033021216,281.8527286736999,17.20453219120213,2018,10
4,中天钢铁,120.081591,31.702681,0.0501309504191909,0.0002798764084408,,0.1224890233365217,0.5264278974311422,76.64230139425854,299.25118236457075,287.07644342764524,13.069209052528985,2018,10
6,佰工钢铁,118.819472,39.748773,0.0657045635978519,0.0002561997615108,,0.1419815570115885,0.3711115771890201,76.67136969757848,294.1111332141185,279.7174468915051,2.603187291450121,2018,10
8,兴澄特钢,120.320504,31.938905,0.0470341022127824,0.0002349679099194,,0.1227719775782462,0.5546986766426815,73.58303082107234,298.4399442533334,287.53796587985295,15.668764371684889,2018,10
9,冷钢,111.437288,27.690401,0.051675615087798,6.911172781739031e-05,,0.1175409824243285,0.3362945279982731,83.75593957483204,298.1817890023722,285.84647640082363,1.7127210925659646,2018,10
10,凌钢集团,119.41374,41.271048,0.0396269922029473,4.978424057582937e-05,,0.1442441770489961,0.2310999061443435,44.54255151576116,293.48692508754533,276.5242533725974,2.9838848395307003,2018,10
11,凤宝特钢,113.872158,36.131666,0.0579435370877464,0.0002075852376539,,0.1329839788941197,0.4472284612017675,99.91933839242486,298.34074342063434,282.6042030203333,2.578015430160148,2018,10
13,南钢股份,118.746315,32.200797,0.045456217125643,0.0001927108241927,,0.1232995138920695,0.5262737476068347,89.14907567714181,297.73730042988234,286.7137421018087,13.361006179833195,2018,10
17,太钢,112.57052,37.970033,0.0381788164443229,0.0002171460325726,,0.1358829864101104,0.2519197362400973,98.88742245098106,292.709423578986,277.82876972660654,13.075054149968484,2018,10
19,宁波钢铁,121.876423,29.918776,0.0392217014009814,0.0001304739047493,,0.1204421193799109,0.481169520940185,47.97842846250818,298.5916336525056,287.9633852267508,17.78192174966088,2018,10
20,安徽富鑫,118.067833,31.194505,0.0477886839233218,0.0001276707114519,,0.1222250255327642,0.5160163289092325,76.99965241816685,296.8899688507377,286.4899442127592,2.5650938887494497,2018,10
21,安徽贵航,117.251147,30.531068,0.0455315898009753,0.0001143753787368,,0.1215811568847577,0.362673197456449,77.52618813583467,297.49100973134546,286.5354301776001,2.8570274479298443,2018,10
22,安钢信阳,114.038243,32.488704,0.0419871210245753,9.185670807715924e-05,,0.1241015800537034,0.4558627384123335,101.22401761236688,301.31433817980394,283.476126225952,1.1806534019362482,2018,10
23,安钢股份,114.283145,36.122129,0.0581359221603574,0.0002666205241668,,0.1335559213131814,0.5844227774054577,118.43598274470828,299.5210652180859,283.4521906556603,5.887517522199289,2018,10
24,宏兴钢铁,118.871477,39.700721,0.0664446697744963,0.0002605657648922,,0.1418720526074377,0.3762350014866105,76.67136969757848,294.7873867989816,278.9285166671331,2.464091816684075,2018,10
26,宝武鄂钢,114.861313,30.39574,0.0468342784771686,0.0001410205387195,,0.1211234920123824,0.4326242179388468,103.14362613764114,299.35326048693923,288.2642255523992,7.224523741953299,2018,10
27,宝钢八钢,87.304639,43.852147,0.0376740393075858,0.0002439954813819,,0.1354317989392655,0.1873350627535202,52.40912711807647,292.97906756274693,276.9644547135807,6.191549238348285,2018,10
28,宝钢股份,121.440087,31.41623,0.0442667385570371,0.0001852069965818,,0.1219530746469067,0.566363689855659,72.70257509071607,300.27811031111264,288.8532251622245,19.88940906535176,2018,10
29,山西中阳,111.161118,37.370796,0.0359801705821799,0.0001173281000797,,0.1335838697596456,0.1797623646281062,76.65227741426861,289.91615233830623,277.21780928597104,1.7442107587726676,2018,10
30,山西建邦,111.37916,35.668163,0.0621060540641787,0.0001988124517854,,0.1305110344323621,0.4192878694384724,110.25834693681064,298.81164983163575,280.33943941808,2.925283577440484,2018,10
32,山西晋南,111.51465,35.678541,0.0573206968059887,0.0001863236986504,,0.130530422081682,0.3671745219723467,93.63144926055612,299.321425712568,280.10273951960886,1.840712618884954,2018,10
33,山西高义,111.258436,35.586841,0.0569700108877626,0.0001754800684866,,0.1304244841803865,0.3944072582367275,111.57070672126132,298.0070808697345,280.8166424360072,1.529869986902752,2018,10
34,广东韶钢,113.654289,24.704815,0.0457413134412083,5.7897798008376256e-05,,0.1170509495709559,0.2792345207199352,65.2143709352604,299.8436538503874,288.9828921644888,3.6973528291014746,2018,10
35,建龙西林,129.287919,47.495036,0.0367452864544064,2.397751934897315e-05,,0.1530058420550024,0.0832896819991733,18.60566262567876,286.9562276065802,276.679792808627,0.4614936920423279,2018,10
36,德龙控股,114.384832,37.086116,0.0544956671790093,0.0003129709554209,,0.13558375640847,0.5066920664755116,121.65860141521988,298.3964309478731,282.39374106846594,4.783367351848647,2018,10
38,攀钢集团,101.693628,26.551896,0.0392502916785667,7.771988883023906e-05,,0.1145267629663271,0.2400641104441449,58.469968422514285,299.27521084886075,289.94853064547334,4.016383443683608,2018,10
39,新兴铸管,114.128189,36.621504,0.0632630759412242,0.0003427652539895,,0.134156873778159,0.5018846328626664,105.30146308914438,298.1240769321174,282.3635368792564,3.536805647248729,2018,10
40,新金钢铁,114.216151,36.715444,0.0665392404046365,0.0003593022573177,,0.1344613222655792,0.5101810802390889,112.48225525091004,299.02312877025577,282.0924697351732,3.454435036563927,2018,10
41,新钢集团,114.932403,27.790574,0.0477045065739157,0.0001215505507473,,0.1186281573310386,0.3640858527375079,72.91433572367899,300.0823255011883,286.8712477129811,4.576347412737843,2018,10
42,方大特钢,115.99204,28.645441,0.0450251751343281,9.773221631375457e-05,,0.119823442893903,0.4191058838213259,77.52857555942683,300.4107523909515,288.36765022253155,14.495692304971673,2018,10
43,日照钢铁,119.36115,35.158382,0.0587931919811435,0.0002184986788083,,0.1312480758692422,0.3863364563391279,67.27522496659701,296.93707178769995,284.653229888045,10.878760547516734,2018,10
44,日钢营口,122.395441,40.671136,0.048711642368208,0.0001054804624295,,0.143960547181559,0.2968681564466739,81.46474073100762,291.26107381580107,279.87321735038665,4.926697186057241,2018,10
45,普阳钢铁,113.925994,36.733675,0.0742999202382229,0.0003120815973534,,0.1339743739912366,0.4663208147227618,102.23240449138068,296.21100334692403,281.3349212128939,0.9505102548719836,2018,10
46,本钢集团,123.722099,41.274132,0.0500566020732223,0.000173558547674,,0.1446891396032586,0.1590973807272507,52.969687086882665,290.1941105517266,279.3429375497195,7.87519944265488,2018,10
47,柳钢集团,109.373148,24.379047,0.0523602446179081,0.0001178860070518,,0.1162012983001832,0.3804438181208505,60.76134430702278,302.6426611943229,290.8348040273903,11.94688929506681,2018,10
48,桂万钢,108.412344,21.687637,0.0456977198077857,5.3197999958357e-05,,0.1173370482346339,0.3559770237782196,45.64554956232314,301.7319637814188,293.4989243330491,5.209060264206899,2018,10
49,武安文安,114.177621,36.684389,0.0673617894710348,0.00036750791137,,0.1343246157965877,0.5164429574866456,109.1790036783922,298.90395614694734,282.27977247729274,4.204034181689973,2018,10
50,武汉武钢,114.444975,30.616222,0.050421609152207,0.0002042901360943,,0.1211730296416047,0.5065760181096752,112.7521542798604,298.2030880379574,289.0061686683126,13.089367392773058,2018,10
51,永钢集团,120.739658,31.839485,0.0479259860400762,0.0002140644349808,,0.1225290123423029,0.520170995035846,69.39356467228208,297.3423690834068,286.76420425067346,5.723380409286048,2018,10
52,汉冶特钢,111.534635,33.269324,0.0438446549497316,6.318446805001424e-05,,0.1252209978504616,0.2859996720370406,82.9274071634245,297.23636385818907,284.77808032058687,1.5454825170381197,2018,10
53,江苏镔鑫,119.279989,35.09556,0.0583049022676065,0.0002035348725369,,0.1311748529015586,0.3904281553662448,72.06477264466413,297.2776754287713,283.86896034535937,7.359087827558221,2018,10
55,沙钢股份,120.647295,31.967456,0.047410762597286,0.0002136285739264,,0.1227425974179516,0.5301942731168022,70.17725666686307,298.0597746217381,286.90945815557177,8.698209292676243,2018,10
57,河北新华,117.784839,38.288605,0.0548735441826487,0.0001830630880349,,0.1386517781339175,0.5392051255050758,75.37908764387272,293.13772675350407,284.8590705757018,9.1636904035213,2018,10
58,河北津西,118.220547,40.209844,0.04902040949835,0.0001301386350599,,0.1429895874489517,0.3919515598347452,93.01585751419748,291.82082371589087,280.65450332475194,1.855744444233848,2018,10
59,河北烘熔,113.981172,36.640411,0.0667996208862255,0.0003066667370928,,0.133932390332107,0.4896906468943948,103.6238472806872,296.62433615386306,281.86442312011707,1.2479356322094906,2018,10
60,河北荣钢,118.558755,39.880661,0.0682213150233175,0.0002770530675915,,0.142226458584153,0.3982316052896404,81.69793136114498,294.5043141768716,279.6558980131437,3.550104909171679,2018,10
61,河钢承钢,117.734527,40.952513,0.043659948629364,0.0001064347773594,,0.1439867128273412,0.271760039874934,54.20485058544136,291.1356670960179,277.56412240469496,2.741983403715548,2018,10
62,河钢舞钢,113.492311,33.28384,0.0437130547927604,0.0001143993054539,,0.1259607870123839,0.4094602422324194,105.64244605524794,297.9830633654216,285.2958616683893,2.2291216713933246,2018,10
63,泰山钢铁,117.627728,36.22141,0.0550813382764244,0.0001971626155102,,0.1337440139043642,0.5246055078125376,92.04218542890884,295.784681198241,281.00073957383864,5.199093474371016,2018,10
64,济源钢厂,112.553774,35.086396,0.0487002203556678,0.000173000929883,,0.1300833310246734,0.4800775177134547,123.64502486466507,298.378380244923,284.1255938894701,3.626607911374011,2018,10
67,海城恒盛,122.83646,41.056042,0.0492285043177982,0.000140350961871,,0.1453935318388849,0.2951551270214655,59.27892132717716,293.353095746106,276.4212283893669,3.427229361670479,2018,10
68,涟钢,111.967343,27.747782,0.0465540850063732,8.675114653750213e-05,,0.1181634096838348,0.34452818172128,87.20358835034858,300.2051002468622,286.55140295578224,4.528243820595869,2018,10
69,淮钢特钢,118.988442,33.566039,0.0476163292488557,0.0001485594349587,,0.1267030132392866,0.6249811143529583,72.35946189609217,298.20431070552115,284.8227137088069,13.62582481658603,2018,10
70,港陆钢铁,118.073913,40.183913,0.0481758644191053,0.0001419658949297,,0.1429571585268045,0.4027570907282009,97.65908970393866,292.486467851735,279.665130185119,2.061138963713865,2018,10
71,湖北新冶,115.125838,30.204603,0.0456435482229196,0.0001230660044205,,0.1208116682990509,0.444017714725969,89.27318617679703,298.3768239332213,288.301647017695,4.225146831098666,2018,10
72,潍坊特钢,119.238427,36.644469,0.04944727368852,0.00017352236119,,0.1346095316267837,0.5112972531905111,78.62772832822884,295.4057041583173,280.99505136453536,7.980343780424242,2018,10
73,玉溪仙福,102.186364,24.012309,0.031691991582981,2.0765537498889627e-05,,0.1135571273310717,0.1243929469344613,20.462604557895347,296.33955229581323,289.2461222707627,0.634391614908352,2018,10
74,玉溪玉昆集团,102.543682,24.465884,0.0304221131001018,3.3931966385926805e-05,,0.1129882528073627,0.1421831799418741,24.13097615939216,293.48306579530146,284.4394769263463,1.9496290228655109,2018,10
75,瑞丰钢铁,118.272056,39.497472,0.0601125524987982,0.0002868256746061,,0.14143747402291,0.3237254805812505,61.33007754020534,294.68177288929894,279.0370934014818,2.5811626163294323,2018,10
76,甘肃兰鑫钢铁,103.933888,36.510351,0.0308399065713518,8.78152675800411e-05,,0.1291318831696108,0.2453812883229033,113.9039156328181,294.37424283718167,275.9903964079129,0.8131222874065087,2018,10
77,石横特钢,116.533981,36.229201,0.0485369503088633,0.0002233078914457,,0.1335902590246904,0.5378625199066576,98.57300429552456,296.4981536212572,281.9970234582091,3.0113037609219147,2018,10
78,联鑫钢铁,120.774892,33.211332,0.0444562746240707,6.338134064534927e-05,,0.1254570482555377,0.5694498468720155,44.28329143271868,294.84469016622324,286.4700397831284,2.5364048130075747,2018,10
79,荣程钢铁,117.495794,38.970638,0.0518766122612226,0.0002539597895859,,0.1404269104442122,0.4461669974296108,70.4052489979709,295.093398509623,282.06316527531465,10.292849773725823,2018,10
80,萍钢股份,116.27527,29.778431,0.0464393859053188,9.115652014917856e-05,,0.1204642319149015,0.4143802822479895,72.69547426802463,299.3067895038103,287.98087510286217,2.203571588960521,2018,10
81,衢州元立,118.848341,28.902581,0.045613373314844,8.33332160820861e-05,,0.1192452152401938,0.4142951782072657,53.96776359134492,299.7474440227818,287.1255171597869,6.132926138555674,2018,10
82,裕华钢铁,114.098377,36.731752,0.0758616399919899,0.0003742957170254,,0.1342369663023522,0.5164965382419159,102.48037791859116,297.9679955997664,282.1541306458364,2.9630769734795224,2018,10
83,西宁特钢,101.671414,36.66856,0.0308332682080446,0.0001082940578863,,0.1289396630525607,0.2729786414126574,52.281780682506,288.8662028707578,273.6318804101434,8.052922782577488,2018,10
84,贵港桂宝,109.63938,23.089502,0.0478158236949819,6.355565284005034e-05,,0.1165270479559872,0.4038056191102858,71.30471944384307,302.7685569226245,291.98699370527027,4.797762044436403,2018,10
85,辛集澳森,115.184798,37.752351,0.0496248053925528,0.0001978232888102,,0.1369556093106968,0.391632084170284,112.2318735724548,299.545528579322,279.8768525257087,1.515610379010346,2018,10
86,达州钢铁,107.453099,31.18945,0.0430170899101472,0.000105855074678,,0.1204409905740672,0.593014325889872,116.86459942738163,294.84590417076265,286.5301707753876,6.902172989577742,2018,10
87,迁安九江线材,118.563418,39.95945,0.0637751771867399,0.0002568616748525,,0.1424384832044632,0.409055048802233,83.0893486406865,293.779224361437,280.3588538719518,4.263511254731748,2018,10
88,通钢,126.022349,41.779125,0.0397128096720476,6.57625032472435e-05,,0.1447804234768042,0.0776411486962736,40.679552171241085,287.6211142131377,276.7288930761571,2.60528533482717,2018,10
89,邢台钢铁,114.452352,37.041601,0.0539645581057393,0.0003181611955077,,0.1355565871540435,0.5270532821466846,121.65860141521988,298.65208646013195,282.5796872907643,7.466373869635313,2018,10
90,邯郸中普,113.928977,36.711757,0.0740599854665814,0.0003114802168198,,0.1339655561318263,0.4729969852584548,103.24452358915948,296.46038810914246,281.3358828593378,1.1861432255056554,2018,10
91,酒泉钢铁,98.286265,39.807065,0.0316538645422385,7.238516661515522e-05,,0.1343309626081351,0.2187420652143324,76.9676580763422,297.5501489334169,276.7231130670274,6.208414516100114,2018,10
92,重钢集团,107.040368,29.790253,0.0577992861670634,0.0001182755358874,,0.1186427554793508,0.7157626974777577,105.07237329680044,294.00392355318274,287.79927051718244,5.2186209416277,2018,10
93,金鼎重工,114.111677,36.718952,0.0746723954067229,0.0003759133102013,,0.1342460729922876,0.5198129246015347,103.66204830047629,298.23257479287594,282.2363215061465,3.434775496538954,2018,10
94,铜陵富鑫,117.772866,30.907561,0.0460184582308038,0.0001562633571196,,0.1218817711220511,0.4628497871097835,79.19867778293457,297.2443296348227,286.92209082994964,5.787152777050169,2018,10
95,陕西略钢,106.167206,33.323678,0.0324394858961647,2.2521495225717425e-05,,0.1222757137820026,0.2143425183760287,56.1254292214082,289.8943264587392,282.2174836079845,0.6751944602072866,2018,10
96,青钢控股,120.390032,36.216949,0.0439738401167561,0.0001643608272253,,0.1329327390165536,0.4761931630207381,45.81870172160052,295.123502515395,283.91392711214746,19.439290116807364,2018,10
97,鞍钢股份,122.983054,41.148267,0.0547539111678114,0.0001790153917658,,0.1455308624901146,0.2702008228860221,56.78978859207154,293.4674864203391,279.5639363497808,14.591754468275155,2018,10
98,首钢水城,104.877413,26.595229,0.0308302240662938,5.749227968997586e-05,,0.1143887330042727,0.4887238704730449,35.26610470316882,291.2830345873146,283.97637290276094,0.9210391264470024,2018,10
100,首钢长治,113.060809,36.356404,0.0408789391835956,0.0001702340501354,,0.132208929014566,0.3299244548312768,87.48740920392314,296.30593059064154,277.9059801255471,4.129627279613221,2018,10
101,马长江,118.465162,31.502272,0.0481791962125729,0.0001635915577388,,0.1223470253680051,0.5474907701425288,76.79975496278766,297.4475269417328,286.3638387936965,5.869958960000912,2018,10
102,龙腾特钢,120.835685,31.723833,0.0461815159444037,0.0002124183231761,,0.1223894580512632,0.564379040584755,69.39356467228208,298.25686110085115,287.350109415354,9.056880038876375,2018,10
103,龙门钢铁,110.575788,35.618466,0.0493872518049946,0.0001898334333504,,0.1304164850925165,0.4040722531957162,89.91771039541294,296.009843985428,282.13082671455265,3.509328859887348,2018,10
1,东华钢铁,118.256774,39.468366,0.0665516801010806,0.0003755101743514,,0.1401054993820044,0.6698063050808117,105.09321590661187,284.77587864244833,272.0391053016984,2.150504576678381,2018,11
2,东海钢铁,118.624794,39.748373,0.0860277652814189,0.0004255431912587,,0.140725825463502,0.6990047223007718,128.9073536441611,284.87972769278946,271.7954720365908,2.9283266331324924,2018,11
3,东特,121.759531,39.05443,0.0502476636806392,0.0001597902495588,,0.1382332319045472,0.5368022755111449,57.84939892860663,285.36204544406127,276.15659102840533,16.691608856558513,2018,11
4,中天钢铁,120.081591,31.702681,0.0522946359157259,0.0003240222772306,9.761935360349364e-06,0.117000016098251,0.706840412504576,95.6269659013742,292.5135629631674,281.6260633099065,12.867616787480108,2018,11
6,佰工钢铁,118.819472,39.748773,0.089748011547288,0.0004107236155756,,0.1408213824138276,0.690364568170139,124.04025540035946,284.1449693074883,273.36275153069295,2.2321862944174047,2018,11
8,兴澄特钢,120.320504,31.938905,0.0496455638066045,0.0003394481875505,0.0001967145513915,0.1173717024443428,0.7712405484017075,89.5715504731879,291.7631817189477,282.77004356094136,18.22628580243709,2018,11
9,冷钢,111.437288,27.690401,0.053146215952546,8.9894158233182e-05,-6.947765215611036e-05,0.1106868694633176,0.4055569717522841,86.3291213510545,292.3480136864931,282.4800863655775,1.3282022026640885,2018,11
10,凌钢集团,119.41374,41.271048,0.0401455439725311,6.999686822445174e-05,,0.143756483427643,0.2673240494927223,70.22673872583485,280.55755970227966,268.66470266198525,2.477681847731299,2018,11
11,凤宝特钢,113.872158,36.131666,0.0615808916636933,0.0002124377950907,0.0018116856723866,0.1304185391444569,0.5600182737792888,128.7888700854529,288.49339214865694,275.2532156739728,2.5758685096923832,2018,11
13,南钢股份,118.746315,32.200797,0.0564260859879304,0.0003109317309252,0.0003585648917351,0.1184605619799915,0.691039449584637,108.39600861345389,290.8714699536976,282.595632060857,15.098590407450056,2018,11
17,太钢,112.57052,37.970033,0.0469993409100368,0.0003161428997365,0.0005121574025883,0.1345163641828964,0.4132256454608835,117.6001936538881,283.3617458560249,271.15113124354065,13.49049309122469,2018,11
19,宁波钢铁,121.876423,29.918776,0.0398756693801133,0.0002216609752614,0.0007741136435542,0.1122898420985328,0.4935037795096766,47.59979755369383,292.38192333606975,284.17822412480217,18.623650591426863,2018,11
20,安徽富鑫,118.067833,31.194505,0.0541817082084978,0.0001674618411219,0.000776811546369,0.1161398226560506,0.4819351283837622,93.60654237649769,290.76098315720384,283.2767974308591,2.569841187238181,2018,11
21,安徽贵航,117.251147,30.531068,0.0470756388348395,0.0001267590668274,0.0001246526983847,0.1145190695567919,0.3689386737995527,89.44160612145424,292.2054121326876,282.66202275052547,2.374918089922978,2018,11
22,安钢信阳,114.038243,32.488704,0.0499117701431956,8.95973466025876e-05,,0.1210908331926934,0.5632357122304349,123.12983699303004,293.20263644258074,279.09368409747515,1.0457491632504814,2018,11
23,安钢股份,114.283145,36.122129,0.0675615067917211,0.0002940373475034,0.0009283929917876,0.130636184459855,0.8069997225302953,160.3497968116435,288.0962444567313,276.424084270502,5.596952272626668,2018,11
24,宏兴钢铁,118.871477,39.700721,0.0914009342327663,0.0004096880868473,,0.140676869244078,0.7011337150816319,124.04025540035946,284.45569677034644,272.63157885372067,1.9421043573663517,2018,11
26,宝武鄂钢,114.861313,30.39574,0.050442724677368,0.0001979577324801,0.0010025968524238,0.1156772032668182,0.5301190873709586,114.49693786669674,292.70144446852527,282.47616857688223,7.709090499543823,2018,11
27,宝钢八钢,87.304639,43.852147,0.0409884438990174,0.000242303629624,,0.1378995578589797,0.1822272014082269,39.511693520861016,271.8215494914646,265.6488055351993,8.180794729916682,2018,11
28,宝钢股份,121.440087,31.41623,0.045441758450155,0.0003758342481063,0.0004139320429432,0.1158436954576988,0.6722996073039362,84.23886609285262,292.5624599018233,283.9306039576343,19.17349320826385,2018,11
29,山西中阳,111.161118,37.370796,0.0379015945962293,0.0001507289169952,0.0005681781370767,0.1332676641200552,0.2383032453346444,80.85532954282826,282.74542806806943,272.11482236661493,1.316752124205545,2018,11
30,山西建邦,111.37916,35.668163,0.0854275705608697,0.0002642287356802,,0.1296341146876637,0.6234490051369378,144.0889432951685,286.8143991958478,274.9725361048137,3.311729441781225,2018,11
32,山西晋南,111.51465,35.678541,0.0732389870449974,0.0002205413418721,0.0002846974252262,0.1294597668759715,0.5454437578131107,119.2770042734992,287.55179976321017,274.5727596347075,1.947273901122354,2018,11
33,山西高义,111.258436,35.586841,0.0791451637589387,0.0002330780708094,,0.1293673157167462,0.6126460181896348,145.4975959171707,286.6893636414421,275.49931801085546,1.4415685587547356,2018,11
34,广东韶钢,113.654289,24.704815,0.046098299236358,8.747276446252324e-05,0.000498903787365,0.1082617058763785,0.3889762175975351,63.93207618681437,294.16338952940123,286.25221306546325,3.0721902840732755,2018,11
35,建龙西林,129.287919,47.495036,0.0388694630122831,4.213126288313534e-05,,0.1599110061007426,0.0710580646560408,19.692949186759755,270.85072198588813,261.5244131662008,0.5304395136772204,2018,11
36,德龙控股,114.384832,37.086116,0.0780240977221475,0.0004316360346771,0.0013578708361029,0.132952467552724,0.7623030793430559,171.05290339713974,288.5272295884209,274.7140315770104,4.761721607946368,2018,11
38,攀钢集团,101.693628,26.551896,0.0415207444687737,9.15759610929956e-05,0.0007397863158592,0.1087347647280259,0.201396142851977,82.62422568350303,296.5329743464065,286.6774906490285,4.117436335666312,2018,11
39,新兴铸管,114.128189,36.621504,0.0751387377679021,0.0003481292830767,0.0020977973006753,0.1317949528987129,0.6310844902250173,140.6712688322164,288.7477831889633,275.08767104612934,3.1984843492832424,2018,11
40,新金钢铁,114.216151,36.715444,0.0820620477761299,0.0003994278502741,0.0015119440868598,0.1321010062589368,0.6926120267740876,153.7596469636022,289.3359153456874,274.80884840557,3.3253211881169267,2018,11
41,新钢集团,114.932403,27.790574,0.0535435731304933,0.0001220763273511,0.0012611439104673,0.1108436588764878,0.5440151092622354,75.7545615728217,292.29175720760367,283.2740364225679,3.0759553875250853,2018,11
42,方大特钢,115.99204,28.645441,0.0466751592580128,0.000130218174325,0.0004573059827286,0.1119371431934822,0.5345350057896884,88.92325809028989,293.41497481403246,283.4944900964772,12.799767220982266,2018,11
43,日照钢铁,119.36115,35.158382,0.0565012094163359,0.0001761083641979,0.001051073869841,0.1270129229170108,0.5915378547275251,93.50518174104808,288.6700526213796,279.9882932379479,10.47823882143332,2018,11
44,日钢营口,122.395441,40.671136,0.0546615630423895,0.0001742243915753,,0.1431842439714176,0.3299065097764508,72.98697113355956,281.7220078110609,273.7566700496471,4.893314092189522,2018,11
45,普阳钢铁,113.925994,36.733675,0.076031848601476,0.0003659041770945,0.0005448010018637,0.131599592596198,0.5610700496848721,135.98359681061245,288.01149967534894,274.00998646150805,0.992159207447212,2018,11
46,本钢集团,123.722099,41.274132,0.0589307919116319,0.0002268763022126,,0.1444156409604713,0.2005033365573294,69.8923452439078,280.2304516866338,271.821472534046,6.803289010383786,2018,11
47,柳钢集团,109.373148,24.379047,0.0513350810136007,0.0001500136585025,0.0008320180790843,0.10878024065071,0.4608813996490636,63.242369052639766,296.58084102768794,287.18219779682914,11.081084532968282,2018,11
48,桂万钢,108.412344,21.687637,0.0433624258003763,6.40055384042478e-05,0.0002821950834268,0.1087224287946115,0.3923803971430309,49.47252563169968,296.9185038107888,290.8150564390158,4.4524404362425045,2018,11
49,武安文安,114.177621,36.684389,0.0821718329253848,0.0003906567909157,0.0014630339296799,0.1320063064814675,0.6791872969694633,147.66002034049473,289.0570617897695,274.97196032305413,4.012290807606995,2018,11
50,武汉武钢,114.444975,30.616222,0.0547750925972078,0.0002809820208426,0.0011328438953509,0.1161784701901835,0.6415918327942502,122.16308675760956,291.1291269435902,282.41477070105367,11.65040678271008,2018,11
51,永钢集团,120.739658,31.839485,0.049725286712117,0.0002837147321007,0.0006401461466679,0.1170602951976008,0.7545444431083188,85.96845901820416,291.7403156805746,282.5333924479927,6.102221164367881,2018,11
52,汉冶特钢,111.534635,33.269324,0.0452842935492191,6.132704764607356e-05,,0.122655700558225,0.3456370411570755,110.8647325054335,290.7470796781481,278.83692245295777,1.2390271449042984,2018,11
53,江苏镔鑫,119.279989,35.09556,0.053844745552246,0.0001488900707911,-8.47737158002993e-06,0.1269074587987256,0.6300311149053598,100.14346382917212,289.03643665164446,279.208424081458,7.752859517518752,2018,11
55,沙钢股份,120.647295,31.967456,0.0549066594141558,0.0003444226275803,0.0006848764244545,0.1173324881371958,0.7645820229326803,84.62686234275922,291.607447727737,282.7161810725317,9.206647991557766,2018,11
57,河北新华,117.784839,38.288605,0.0599844644620454,0.0002461374746981,,0.136086968725508,0.8470548371043979,123.53648004752476,284.7892930558803,278.5402943929996,9.698837933587502,2018,11
58,河北津西,118.220547,40.209844,0.0645214140685921,0.0002493305624956,,0.1417509865906992,0.4773967543975909,144.47082787147085,283.3084772165621,273.834688411138,1.7274946762477568,2018,11
59,河北烘熔,113.981172,36.640411,0.0725061023803511,0.0003398558667158,0.0008039059214951,0.1315295390606585,0.5780935790073384,137.64758932666157,288.1933755574589,274.521893340452,1.193009722786324,2018,11
60,河北荣钢,118.558755,39.880661,0.0871730152956436,0.0004146312139462,,0.1410655905334853,0.607321220586083,133.97917971527394,284.87371718888323,273.19662603025137,3.117018405726576,2018,11
61,河钢承钢,117.734527,40.952513,0.0546185101872017,0.0001407716630055,,0.14272910086978,0.3907984652778062,78.64651156103669,279.84165197386886,269.9990841582792,2.404858098766379,2018,11
62,河钢舞钢,113.492311,33.28384,0.0425404240583696,9.880863456380482e-05,,0.1232942825863167,0.5305196925392356,129.44871652549435,290.6291282986555,279.6855561110584,2.170210437437009,2018,11
63,泰山钢铁,117.627728,36.22141,0.0572171411528884,0.0002135265791493,,0.1303846393340189,0.8166388348892787,122.66572468888626,288.00845340416413,276.475172021957,5.365508525375603,2018,11
64,济源钢厂,112.553774,35.086396,0.0514288018598532,0.0001622053236336,,0.1281476070605089,0.5463271362462697,162.37559088829045,290.1566256417891,278.4339282614378,3.256512675405058,2018,11
67,海城恒盛,122.83646,41.056042,0.0587218407314128,0.0002056552190341,,0.1441938254555829,0.3890636111736174,74.22589476391295,281.8691218887874,270.236566113694,3.3287622395743544,2018,11
68,涟钢,111.967343,27.747782,0.051986340354159,0.0001381161062453,-0.0002783015716787,0.1108422110189135,0.4988641837934173,95.71840564603916,293.30730592437993,283.2012499545008,3.4440748332811726,2018,11
69,淮钢特钢,118.988442,33.566039,0.047200925377059,0.0001397119402412,,0.1219809273112032,0.7577233602793605,93.16471806629082,291.09060385980433,280.82693275870133,13.154861622399304,2018,11
70,港陆钢铁,118.073913,40.183913,0.0640456515785,0.0002767220427537,,0.1417543377007364,0.5598948408091786,153.49051807334035,283.8439187891428,272.96306882879986,1.8544670505650296,2018,11
71,湖北新冶,115.125838,30.204603,0.0475933076872904,0.0001510877648664,0.0003292796378009,0.1150654264114062,0.5090088791468949,104.24543006593012,291.79534166284736,282.9740160007478,3.9478554007437503,2018,11
72,潍坊特钢,119.238427,36.644469,0.0530560738986873,0.0001853249418663,0.0002148789890253,0.1315219551527996,0.6671329491710787,114.59744087005674,288.8968634608248,276.7174821243277,8.480093527557722,2018,11
73,玉溪仙福,102.186364,24.012309,0.0318430645206403,2.7334858559455263e-05,0.0004406932900111,0.1073811667212423,0.1199785039258729,27.271998320520726,294.36556906412926,286.14698966263654,0.6178304197734826,2018,11
74,玉溪玉昆集团,102.543682,24.465884,0.0311650748548728,4.215831144874626e-05,0.0003913551109564,0.1072365691090678,0.1171071107893519,31.985268747941628,292.6208168802028,282.2323146028525,2.145996752994745,2018,11
75,瑞丰钢铁,118.272056,39.497472,0.0684363155736556,0.0003823627384075,,0.1401536805400205,0.6703160535410986,104.06488944515988,285.0176433603251,271.9787818048732,2.323440182375323,2018,11
76,甘肃兰鑫钢铁,103.933888,36.510351,0.0322666343640708,0.0001429488018243,,0.1310313900207528,0.26150169484593,125.69680052365584,283.45119635442086,269.3114038758276,0.7549596909021359,2018,11
77,石横特钢,116.533981,36.229201,0.0519736154248383,0.0001938302594672,,0.1310080383534319,0.9001819555749278,134.05370802492843,287.67036238673086,277.31333907560213,3.0892916392247884,2018,11
78,联鑫钢铁,120.774892,33.211332,0.0446420212755348,4.9551616277287246e-05,0.0003513750295622,0.1204402064050679,0.5430785482026483,51.230138232910896,289.6884865373915,282.949675068773,2.273671888530333,2018,11
79,荣程钢铁,117.495794,38.970638,0.0571025021584747,0.0003161224770589,,0.1381223791061612,0.710838504177921,124.06592223702243,285.61614189657286,275.21892306837793,10.128695308877022,2018,11
80,萍钢股份,116.27527,29.778431,0.0460010087169165,9.837724354121464e-05,0.000350396903927,0.113650694903014,0.4858776413210892,81.57150512498427,292.103267896078,282.9050100796272,1.4185654233874063,2018,11
81,衢州元立,118.848341,28.902581,0.0455798472361903,0.0001282702793837,0.0007097888004787,0.1103178604756046,0.41044085637373,60.65506852337421,290.12923529722553,282.3245253861762,6.013576630583256,2018,11
82,裕华钢铁,114.098377,36.731752,0.0884749959254149,0.0003901035653702,0.0007621241785698,0.131965758809617,0.6654356997345298,136.36923129534105,288.8813142533533,274.8385498930563,2.7230576443859724,2018,11
83,西宁特钢,101.671414,36.66856,0.0329348607163539,0.0001200154317639,,0.1308568740087055,0.0986691544313409,38.02677284170386,278.4302431026015,264.8499811811245,10.79744840663503,2018,11
84,贵港桂宝,109.63938,23.089502,0.0433104426758922,6.0485768925782205e-05,9.69115552129803e-05,0.1084210767147134,0.4201491509235335,77.15105912529226,298.2448282214507,289.4425293267448,5.275859387267344,2018,11
85,辛集澳森,115.184798,37.752351,0.0621029782644186,0.0002865582502522,-4.9482329260752416e-05,0.1353553083718255,0.7365812836636231,180.04598700827046,287.90467522494663,273.2093574549761,1.4926975321669895,2018,11
86,达州钢铁,107.453099,31.18945,0.0428367593268391,7.766432353460791e-05,,0.1173374878946912,0.3925586623905156,111.14637248787356,292.65099687082034,281.9435931948622,8.27587246123437,2018,11
87,迁安九江线材,118.563418,39.95945,0.089385859926666,0.0003897131534239,,0.1412317978439063,0.5395278698321883,133.6809664396862,283.988678428026,273.6919554569308,3.853126359536269,2018,11
88,通钢,126.022349,41.779125,0.0426629636606197,8.34023562592275e-05,,0.1443575677393532,0.1069077023289177,50.47860440754448,277.09552122663325,268.38325170980767,2.3886725087744254,2018,11
89,邢台钢铁,114.452352,37.041601,0.0772022531788218,0.0004324672082328,0.0018509009988883,0.1329103447487901,0.7756433950169699,171.05290339713974,288.4516209274927,274.94904881699347,7.260553009094461,2018,11
90,邯郸中普,113.928977,36.711757,0.0757403098462349,0.0003651123709273,0.0005574295669587,0.1315791409658183,0.567737948307932,137.19396536977794,288.1122880521584,274.0062026298897,1.240013031625789,2018,11
91,酒泉钢铁,98.286265,39.807065,0.032021698666524,8.693752199116653e-05,,0.1360069344074065,0.1711018317902518,42.67454458429502,285.41796863132856,267.9376371837108,6.110467956672239,2018,11
92,重钢集团,107.040368,29.790253,0.0464759800011202,0.0001103610438185,,0.1152504539011409,0.4091225578820022,102.0835873593835,293.5050315284267,283.394963712766,5.35541929567655,2018,11
93,金鼎重工,114.111677,36.718952,0.0875802791914708,0.0003904345302772,0.0008445205545123,0.1319722490091681,0.6712195663292431,138.12206147187317,288.9493272271268,274.9214355444972,3.158800919748451,2018,11
94,铜陵富鑫,117.772866,30.907561,0.0474532082310776,0.0001863108309977,0.0003655740997622,0.1151604072605818,0.4525113934086232,94.71079438652696,291.63114492164294,283.2085708292869,5.329345613752044,2018,11
95,陕西略钢,106.167206,33.323678,0.0337723291063843,1.97182772135215e-05,,0.1213454248871686,0.270610002741342,53.900579591281975,283.3481165889966,277.9842130812215,0.4023105183628195,2018,11
96,青钢控股,120.390032,36.216949,0.0482536066743422,0.0002062148658367,0.0007409050941703,0.1302634226529654,0.6406118426759956,72.64912937898771,288.4854962961267,278.91017968562875,20.053740101317857,2018,11
97,鞍钢股份,122.983054,41.148267,0.063343633307886,0.0002426776399718,,0.1442998587261128,0.3541554687445553,72.97485690822144,282.0513523730731,272.49735678972297,14.948494037877952,2018,11
98,首钢水城,104.877413,26.595229,0.0301060778509861,5.48672464293281e-05,0.0002372872110259,0.1082462585674137,0.2325099105584635,36.17802235567069,290.7036512636162,280.6999060102415,5.566486062034255,2018,11
100,首钢长治,113.060809,36.356404,0.0470609231737581,0.000192440514542,0.0012680616474245,0.1304308254464861,0.3926402701947573,97.8518421227828,287.3016506885734,271.5181666491957,3.447832164722085,2018,11
101,马长江,118.465162,31.502272,0.0520427499765694,0.0001683465386895,0.0002072877259341,0.116728200589899,0.5521129524409376,93.64858693660112,291.5125211523066,282.8547818773837,6.182161111948264,2018,11
102,龙腾特钢,120.835685,31.723833,0.048068075431343,0.0002940514748099,0.0004288124059465,0.1166258993649116,0.717737908937588,85.96845901820416,291.3161719914501,282.8901226842498,9.25953886901725,2018,11
103,龙门钢铁,110.575788,35.618466,0.0649204946698598,0.0002642792144597,,0.1291021506149363,0.5546040674468173,116.3918483233074,286.1275052397273,275.9864792772775,3.3728070822220797,2018,11
1,东华钢铁,118.256774,39.468366,0.0615382437201145,0.000262154812065,,0.1459241710928119,0.2837832125671204,80.14018835186731,276.5364102031216,261.7884015194771,2.1166135226350584,2018,12
2,东海钢铁,118.624794,39.748373,0.0695996208129371,0.0002466869188064,,0.1473610089941875,0.2646494342552247,91.39881754521085,275.5657541724855,260.8762627928754,2.833471611626791,2018,12
3,东特,121.759531,39.05443,0.0472246389696611,0.0001540420267263,,0.1437089678763382,0.3441666533248446,40.58106570336399,274.37846778085424,265.4088488054932,17.955397252508472,2018,12
4,中天钢铁,120.081591,31.702681,0.0589123788779963,0.000273347368078,0.0001593805468386,0.113295684064513,0.6739945134874125,75.8465645844808,282.31596479992595,276.80026403311587,11.04889336966436,2018,12
6,佰工钢铁,118.819472,39.748773,0.068556301680781,0.0002361213168602,,0.1474561073472841,0.2428338056058714,87.82670590790076,275.1148815630631,262.8741356689333,2.1114168274159018,2018,12
8,兴澄特钢,120.320504,31.938905,0.0570463893375173,0.0002241052744909,0.0001867164752571,0.1139022876881007,0.6317779854290315,69.31625986722683,282.0849869076266,277.514363939503,15.013471685671863,2018,12
9,冷钢,111.437288,27.690401,0.0542050316588275,6.783947757664507e-05,0.0001793688286674,0.1044820978725647,0.276481698941982,79.53497224193988,287.3158015085377,277.0336688497307,1.392606072587434,2018,12
10,凌钢集团,119.41374,41.271048,0.0432733394404311,6.268508733110368e-05,,0.1543828114975477,0.1555740104556499,49.94522111601937,271.04888159581105,258.5241837391874,2.5009797630865376,2018,12
11,凤宝特钢,113.872158,36.131666,0.0596358414435598,0.0003247040533313,0.0006587747199858,0.1297947122052805,0.4032534579384925,118.40538625207556,278.2208074426383,268.02962023723484,2.487762763337346,2018,12
13,南钢股份,118.746315,32.200797,0.0567127111309996,0.0002509624244443,0.0002156356688637,0.1158416833361382,0.5397163311944629,83.97126549652967,281.71052383992054,275.93522286674136,13.745971398226244,2018,12
17,太钢,112.57052,37.970033,0.0483973767600218,0.0002694266794729,,0.1369122157500268,0.313188112789304,84.74674206079214,273.7341891831071,262.21100442752663,12.770674304537406,2018,12
19,宁波钢铁,121.876423,29.918776,0.0456414437677397,0.000227912358831,0.0002946469988733,0.1079152275093236,0.5235375210468347,44.67835162192334,288.0879182835339,280.43040922520186,16.994855470633894,2018,12
20,安徽富鑫,118.067833,31.194505,0.0600330805090601,0.0002129031986381,0.0005150693167459,0.1122173523303532,0.711334505319429,83.19008236134353,283.1676762373149,276.4229421570242,2.0811299291149874,2018,12
21,安徽贵航,117.251147,30.531068,0.0560387588165693,0.0001303738674004,0.0001325536881591,0.1100797887672305,0.6981659066521221,75.06504573484563,282.9284665187702,274.3491028255468,2.24182108522154,2018,12
22,安钢信阳,114.038243,32.488704,0.0565388350485123,0.0001811353005415,0.0005907718369382,0.1172371439077655,0.67100404427087,113.92971543955356,280.1745436472066,273.0244907335246,0.9703287624383256,2018,12
23,安钢股份,114.283145,36.122129,0.0589825067462391,0.0003929303061706,0.0007692281625681,0.1299211126221095,0.4877493136207384,144.5478663398629,278.6858605779493,268.2763167694721,5.642881909004269,2018,12
24,宏兴钢铁,118.871477,39.700721,0.070765536995042,0.0002470436620237,,0.1473052750225561,0.2588842301033973,87.82670590790076,275.4388352319085,262.0921256174568,1.7992701404463536,2018,12
26,宝武鄂钢,114.861313,30.39574,0.0615334164760581,0.0002464968677665,0.0005815374895465,0.1102199257038202,0.6872226312467729,102.30190728814948,284.7721075440714,273.9196166711461,6.906557360433149,2018,12
27,宝钢八钢,87.304639,43.852147,0.046247381470246,,,0.1479341645843471,,53.03857797173007,260.6532901738345,251.9735406273253,15.189518629357398,2018,12
28,宝钢股份,121.440087,31.41623,0.0506781162419702,0.0003774188906596,0.0002587885754543,0.1124213592068062,0.5575097671930466,66.00383995015744,284.42480441071655,278.2035557741434,19.36737063011437,2018,12
29,山西中阳,111.161118,37.370796,0.0391162417005039,0.0001744095271799,0.0025314139882714,0.135091827326418,0.219906247849803,51.36842418096421,271.3528589898389,261.7457792442072,1.236251221251197,2018,12
30,山西建邦,111.37916,35.668163,0.0790097219782102,0.0002810818623807,0.0012278076931966,0.1286752753547514,0.4644505596999473,111.33003427022751,277.72495998012766,266.7531878011712,3.0898161028267155,2018,12
32,山西晋南,111.51465,35.678541,0.0728797324307096,0.0002502618580821,0.0008653645268108,0.1284484594706809,0.4382512006472863,93.74930698413664,277.88161522077047,265.9809843092498,1.716211329614961,2018,12
33,山西高义,111.258436,35.586841,0.0692919273896958,0.0002890785598212,0.0010441851018028,0.1284391449770904,0.4709766281006958,112.22851684980124,277.38592304475407,267.1952195780837,1.3172709323394096,2018,12
34,广东韶钢,113.654289,24.704815,0.0452801834367123,0.0001080435062277,0.0001259322365651,0.100175345449726,0.2834463435140398,57.009763305804434,288.54011444159363,281.1757551416716,2.105783346836459,2018,12
35,建龙西林,129.287919,47.495036,0.0416131193804179,3.838247989975967e-05,,0.1807828503772043,0.1705003771910951,15.29433899019541,259.3446628385874,256.15447341632256,0.4014278701728407,2018,12
36,德龙控股,114.384832,37.086116,0.0698837850466987,0.0004312842201179,-0.0002844097914362,0.1334507539744994,0.4422741125580843,151.79654155872413,277.88118842659446,266.50334879690206,4.90468477277118,2018,12
38,攀钢集团,101.693628,26.551896,0.0370927836171446,7.709742015018355e-05,0.0001930914206757,0.1034574807382739,0.1006310127923796,53.36255881616125,293.9288934062039,284.7388883678444,3.714150386240668,2018,12
39,新兴铸管,114.128189,36.621504,0.0673838739891103,0.0004484160104206,0.0006042593824074,0.1314696660864877,0.4383214037146918,126.54589804953186,277.5873881444376,268.1323110727942,2.679099539992316,2018,12
40,新金钢铁,114.216151,36.715444,0.077998960332106,0.0005188862992774,0.0013458510484741,0.1318022045078339,0.4697819941227313,138.15614801910812,277.60010207624225,266.92708263575304,2.8875892259519484,2018,12
41,新钢集团,114.932403,27.790574,0.0546159397963425,0.0001472024737712,0.0001128491259941,0.1033341135033369,0.5746415264317741,70.72641710559276,286.47348552955435,278.11746459722974,2.2485138972683965,2018,12
42,方大特钢,115.99204,28.645441,0.0528015183053962,0.0001583230965516,0.0002624530519427,0.1052391286021193,0.6847790305505143,82.90782460562696,285.03966019437735,274.5483243722218,10.15065224906554,2018,12
43,日照钢铁,119.36115,35.158382,0.058140885285744,0.0002495218801421,0.0003997847354101,0.1260592296484448,0.3981074209942067,79.8598683817278,278.2492812675757,270.6832593911223,9.386642714716876,2018,12
44,日钢营口,122.395441,40.671136,0.0500255450582462,0.0001280230234766,,0.1517088996002651,0.1558013964763356,54.514202929567546,272.3320193228548,263.3436419060761,5.379558498531299,2018,12
45,普阳钢铁,113.925994,36.733675,0.0707533351408691,0.0004216455537201,0.0006498487813587,0.1316466307913265,0.3617808253830392,122.16590586935668,277.52454561107845,266.8727888350883,0.7291941512822745,2018,12
46,本钢集团,123.722099,41.274132,0.0561005820750537,0.0001927131478616,,0.1556683797409712,0.1248171938739966,52.46073820157229,269.33367691057174,261.34207774676526,7.343574092529681,2018,12
47,柳钢集团,109.373148,24.379047,0.0454875499825682,0.0001243710251271,-2.354082889663524e-05,0.1012081963011944,0.415498623762663,46.346515313128,293.00718309557004,281.6226379381593,8.644751057241791,2018,12
48,桂万钢,108.412344,21.687637,0.0430441603103681,5.33287024346996e-05,2.4186431539979862e-05,0.1014985456516416,0.359307181270882,42.70098230563235,292.4670834832406,288.4923892897441,4.516716006610976,2018,12
49,武安文安,114.177621,36.684389,0.0758857817684208,0.0005114490769316,0.0011288377828245,0.1316912777188973,0.4603609705969103,132.7958548760667,277.6893394217175,267.60393689628523,3.490068961636377,2018,12
50,武汉武钢,114.444975,30.616222,0.0674789247051895,0.0003879250508363,0.0004515243972698,0.1107408815575397,0.7691488512181406,108.12722450737056,283.642472042366,273.5160430880583,13.739580101158364,2018,12
51,永钢集团,120.739658,31.839485,0.0602562481394239,0.0002439752743277,0.00025552186447,0.1139252859764805,0.543033087226483,67.65162652300205,282.27268615833395,276.9093655527774,4.741053684571577,2018,12
52,汉冶特钢,111.534635,33.269324,0.0537706758021644,0.0001162023751282,0.0004181365888595,0.120217907274093,0.3798325875317062,115.074278994598,281.6069018055029,273.9142858302563,1.0990742972296672,2018,12
53,江苏镔鑫,119.279989,35.09556,0.058050488394443,0.0002460463262606,0.0002371568164888,0.125887676256433,0.4126813474050329,84.88348748326626,278.1994096056199,270.18650127886286,6.881029227494653,2018,12
55,沙钢股份,120.647295,31.967456,0.0602606190531,0.0002642392665551,0.0004114083370906,0.1142819237665117,0.5917187253604091,66.62918769898722,282.61591180458925,277.1322917760137,7.475402582412532,2018,12
57,河北新华,117.784839,38.288605,0.0523057243850837,0.0002719149423738,,0.1400568417399576,0.3775455056085419,98.41047766839606,274.7559152002391,269.2360865029105,8.515364891163905,2018,12
58,河北津西,118.220547,40.209844,0.0567082332529305,0.0001615864970209,,0.1487285281925925,0.2113439860855686,94.74647995898016,274.13236667201176,263.54669732969626,1.5284540877779218,2018,12
59,河北烘熔,113.981172,36.640411,0.0652992708376078,0.0004151256379033,0.0004266528282513,0.131415709498744,0.3903701112556557,123.84185765768052,277.553927683368,267.66460495538166,0.9453646736036152,2018,12
60,河北荣钢,118.558755,39.880661,0.0665530184799321,0.0002263087780758,,0.1479403216507731,0.2357319545633659,95.1211851703373,275.09776614391825,262.3703290390446,3.1803473784252034,2018,12
61,河钢承钢,117.734527,40.952513,0.0483868768524475,9.72488852355074e-05,,0.1523915999227905,0.1782167467214036,50.71299560953758,270.1283645350772,260.34448277615377,2.575747347836369,2018,12
62,河钢舞钢,113.492311,33.28384,0.0573663572338875,0.0001983696074917,0.0007129344301575,0.1202088642937517,0.5960570926454289,129.60364957866946,280.72172625538013,272.4602998266126,2.2179462078471808,2018,12
63,泰山钢铁,117.627728,36.22141,0.0542998695867067,0.000296429117613,0.0003428672282145,0.1293571655632074,0.3738132340710747,99.84714921529304,275.8485036317867,265.9799257142759,5.880849314448182,2018,12
64,济源钢厂,112.553774,35.086396,0.0555937612676588,0.0002934566485207,0.0007764261094429,0.125726167583317,0.3976025596228728,132.36923032269416,280.2695725518203,272.11934803378574,3.7837786987083457,2018,12
67,海城恒盛,122.83646,41.056042,0.0480683036397047,0.0001225196824847,,0.1536736910105217,0.1473903627424679,56.98293747968819,271.032202188154,260.5480569817107,4.909204619087012,2018,12
68,涟钢,111.967343,27.747782,0.0561407201366822,0.0001472744382783,1.0945491427800323e-05,0.1048337666259231,0.5547922044333295,89.83202803847234,286.7252961826933,276.6606089087739,2.198959916557402,2018,12
69,淮钢特钢,118.988442,33.566039,0.0546576092335847,0.0002101148842925,0.0003185976251327,0.1197471576588061,0.5173647313745517,78.73979994677913,280.1710942759611,272.5229777503119,13.52144878110026,2018,12
70,港陆钢铁,118.073913,40.183913,0.0605410981936042,0.0001787020569315,,0.1486764196047828,0.2109316775170233,100.10834472495844,274.70042649950204,262.296631793493,1.7497859123713524,2018,12
71,湖北新冶,115.125838,30.204603,0.0590501810169047,0.0002072471516324,0.0005826678549286,0.1092979560368286,0.6775411596350531,90.62677719384736,284.2176175470711,273.7282995595903,4.084249673764555,2018,12
72,潍坊特钢,119.238427,36.644469,0.0528982849622338,0.0002416545183647,,0.1324259477192909,0.4289340110926639,89.6761989110928,276.125964660483,265.6905449718975,8.859624762742152,2018,12
73,玉溪仙福,102.186364,24.012309,0.0314406873319749,2.2021317866007243e-05,4.346183296613477e-05,0.1000433937411253,0.0849196460196734,19.533662633411836,292.91388994327536,284.9023444437117,0.5237098867592792,2018,12
74,玉溪玉昆集团,102.543682,24.465884,0.0304930809684447,3.924173493649058e-05,8.874081389490692e-05,0.0999018668164868,0.109288656305677,21.732201842110584,289.9827525340733,280.8674251076502,2.1104826131138803,2018,12
75,瑞丰钢铁,118.272056,39.497472,0.0631050462681588,0.000264840187721,,0.1461470286502803,0.2777364245653996,79.3502020474018,276.5520681581452,261.7346191333262,2.340590176478284,2018,12
76,甘肃兰鑫钢铁,103.933888,36.510351,0.0360980227479043,0.0001126054620021,0.0005940183236514,0.1317958678127887,0.4175387556537578,90.27512248849234,275.34806217624964,261.548230294151,0.5717436399523744,2018,12
77,石横特钢,116.533981,36.229201,0.0531216013584125,0.0003050770716585,0.0004464677916133,0.1300056290104097,0.4784793839881747,114.78456802646994,275.8771128253876,266.6274685806163,2.8125745659552943,2018,12
78,联鑫钢铁,120.774892,33.211332,0.0521444859655051,0.0001680889791205,0.0001764995063725,0.1183189723812895,0.5562072358533352,47.31907347709273,279.89474751015683,275.6220418054404,2.2859171936384155,2018,12
79,荣程钢铁,117.495794,38.970638,0.0549771984814811,0.00029219836621,,0.1429529931165173,0.2918969004565466,100.22092908498024,275.2663923000392,265.1628364647804,10.122374299566522,2018,12
80,萍钢股份,116.27527,29.778431,0.0565348064333839,0.0001015519718943,0.000323535326864,0.1079361985209857,0.6649061080775062,73.96223467568387,284.262594896731,277.0566889012232,1.4723434105603548,2018,12
81,衢州元立,118.848341,28.902581,0.0480503287649137,0.0001227392017927,0.0001525131464128,0.1047468989199458,0.4321070532962059,54.0145741467768,286.9388003046931,276.87066964718326,5.396514070138753,2018,12
82,裕华钢铁,114.098377,36.731752,0.0807814705980393,0.0005195489245028,0.0007691645020519,0.1317337641709541,0.4351770295925067,122.52442142311855,277.442947255713,267.477537046834,2.422740020385648,2018,12
83,西宁特钢,101.671414,36.66856,0.0344047516761644,0.0001174180152248,,0.1321073535221864,0.2546155142473184,32.3373292587803,272.2519102440195,261.40894762729187,9.7065077932274,2018,12
84,贵港桂宝,109.63938,23.089502,0.0442401505953892,6.457410097626387e-05,1.079928106604031e-05,0.1013813099045673,0.2865659752184333,53.155044889790894,292.61486864996533,284.904287949641,3.3886029350855424,2018,12
85,辛集澳森,115.184798,37.752351,0.0594072490219402,0.0003099541197762,,0.1368624722190122,0.4529964582674514,153.71128370134102,276.4093763806705,264.8192582284877,1.4262571217311093,2018,12
86,达州钢铁,107.453099,31.18945,0.0538017071085547,6.743509135978533e-05,2.3028591557360155e-05,0.1154007546168274,0.8542031999999999,109.22687139857122,281.4257142857143,276.76564688985223,6.589719599208611,2018,12
87,迁安九江线材,118.563418,39.95945,0.0674935661915269,0.0002073699971485,,0.1482837123125702,0.2286017213416422,93.23702082101778,274.7679157805504,263.05672507486446,4.001468310611138,2018,12
88,通钢,126.022349,41.779125,0.04386264110898,9.190837849975978e-05,,0.1569984010410575,0.097284834616871,43.23922553339799,264.0698447406188,257.4380571233792,2.7560506779681986,2018,12
89,邢台钢铁,114.452352,37.041601,0.070529703109941,0.0004525555726209,0.0024425238813481,0.1332435630193344,0.4660565246616328,151.79654155872413,277.5836578835489,266.84996800566535,7.666575207615129,2018,12
90,邯郸中普,113.928977,36.711757,0.0694951883368968,0.0004261529207836,0.0006356652537362,0.1315903656066416,0.3654047120426526,123.38497346232931,277.66713876916606,267.03188572719364,0.8874007027090087,2018,12
91,酒泉钢铁,98.286265,39.807065,0.0351781761236554,0.0001246364823739,,0.142235543975843,0.0932004005191735,17.94354244415793,266.10371329088144,255.9210784052618,10.801000461199536,2018,12
92,重钢集团,107.040368,29.790253,0.054117750958156,0.0001922942036266,0.0002606141350354,0.1106367961804824,0.933288452750868,105.05969931899148,284.0796588058203,277.450753963912,5.08707593110727,2018,12
93,金鼎重工,114.111677,36.718952,0.0799183392753945,0.0005213013426148,0.0008620941690666,0.1317155259315567,0.4402175224544006,124.17587592042956,277.56607778199,267.6519377672348,2.8167724920598043,2018,12
94,铜陵富鑫,117.772866,30.907561,0.0557244132558873,0.0001522274590425,0.0001554068489608,0.1110458724610145,0.7635633037558893,84.07554802797607,283.3343054884193,275.3087148229763,5.421730232618017,2018,12
95,陕西略钢,106.167206,33.323678,0.0400543605447972,3.430472950081688e-05,0.000140899681926,0.1208134988004754,0.2920054057254035,53.80289174412584,278.19526530547745,274.4266696095891,0.5548247659809366,2018,12
96,青钢控股,120.390032,36.216949,0.0510513050404116,0.0002545286514616,0.0016528739662266,0.1304999860637304,0.4936839446460939,62.0103293158536,277.1385996472626,271.43617464658337,20.391035477559647,2018,12
97,鞍钢股份,122.983054,41.148267,0.0576310511002418,0.000177718958552,,0.1540820684774374,0.1420490391212509,55.10182025754416,271.2867509491242,262.65942948569176,22.09006330739838,2018,12
98,首钢水城,104.877413,26.595229,0.0319949346261077,6.829531153262418e-05,4.9911747383501614e-05,0.1012077581144074,0.2209669783525054,32.9295737344637,289.6003719614541,279.77901295886784,5.716695929156707,2018,12
100,首钢长治,113.060809,36.356404,0.0476593310229849,0.0002234719804679,0.0003225149277671,0.1296644954749904,0.2811653009289248,80.75753550907737,277.61695390413587,263.49146449851315,2.8950530803250656,2018,12
101,马长江,118.465162,31.502272,0.0636942550536414,0.0002746962151144,0.0002068286306785,0.1134063308173756,0.7095056937273476,83.75789713553051,283.2653400579759,276.22486871001337,6.643728255033776,2018,12
102,龙腾特钢,120.835685,31.723833,0.0596811826425712,0.0002502459101401,9.291753079352651e-05,0.1137077766640869,0.5680893071949202,67.65162652300205,282.283796550473,277.4123152678185,8.809737835986832,2018,12
103,龙门钢铁,110.575788,35.618466,0.0563254534726975,0.000181420118438,0.0005486374101996,0.1289572294091414,0.4237806653554068,83.528250776099,277.1482706750329,267.177949589661,2.9807392122277188,2018,12
1,东华钢铁,118.256774,39.468366,0.0772446997655302,0.0003074500898458,0.0012747569986904,0.1447049473216964,0.4241167139596571,86.1680033100549,278.692125247316,262.7334087294897,2.2462823254486963,2019,1
2,东海钢铁,118.624794,39.748373,0.0882757045775688,0.0003513470064808,0.0011794148589828,0.1463317225889184,0.3836169953030477,92.83126325247171,278.29480201933575,262.4318481788806,2.6637881815991653,2019,1
3,东特,121.759531,39.05443,0.053941208464459,0.0001898576648296,0.0007748817814616,0.1426777690239301,0.368093785315523,42.363485945999166,274.43941739872,266.1009243485665,16.320806179874396,2019,1
4,中天钢铁,120.081591,31.702681,0.0583967431597576,0.0002990897659886,0.0003090387300848,0.1104014197515979,0.6398799633437893,91.2860187440856,283.05713368484084,273.83298737284355,9.716167460783844,2019,1
6,佰工钢铁,118.819472,39.748773,0.0855617142377753,0.0003213890145332,0.0013790063052427,0.1465592399417554,0.3846715843498283,90.14741664259418,277.1872586818036,264.10140200676625,2.1254700038021843,2019,1
8,兴澄特钢,120.320504,31.938905,0.0558255870728833,0.0002987659087516,0.0002928855476017,0.1110336149359133,0.6426699471681967,86.9125194465359,282.30258774954257,274.1831500979863,15.30396473103133,2019,1
9,冷钢,111.437288,27.690401,0.0552122181047499,9.335986082229944e-05,0.0003906627794372,0.1035321961168532,0.7401071739284132,102.6773833307642,284.56063530514933,276.1518150142191,0.6354391930685788,2019,1
10,凌钢集团,119.41374,41.271048,0.0500594189056022,9.942273129509524e-05,0.0006302587264042,0.1510665633606302,0.2374043151199163,47.98062181696972,273.14791846329217,259.9593036460119,2.826824178649725,2019,1
11,凤宝特钢,113.872158,36.131666,0.0730378863436598,0.0002879147355454,0.0010103193843547,0.1311250969848033,0.6253328302502249,129.00980986314082,281.4631084847908,266.2983199591797,2.26555905373794,2019,1
13,南钢股份,118.746315,32.200797,0.0589102024910016,0.0002420015089298,0.0006177498426375,0.112351929663565,0.562808834472199,104.97131341935528,282.8913921466224,273.6113344817538,8.869407956169274,2019,1
17,太钢,112.57052,37.970033,0.058871286317953,0.0003452052431302,0.0011298429945165,0.136688655871328,0.4422007187404389,106.18776583260028,275.1656290723752,262.38456572660976,13.14438315617056,2019,1
19,宁波钢铁,121.876423,29.918776,0.0534399277440053,0.0003132253974734,0.0005515308699342,0.1071200381012049,0.6366686226262998,57.09203081385535,285.5505177107145,276.7475011944204,13.483508231183215,2019,1
20,安徽富鑫,118.067833,31.194505,0.0607146750757848,0.0002057656416493,0.0005771731274249,0.1102708959889309,0.5766255851651512,97.15231314366072,283.0327221342281,273.7161366754373,1.686393839734596,2019,1
21,安徽贵航,117.251147,30.531068,0.0594756662505207,0.0001281138548083,0.0004173641435886,0.1090643568338025,0.5291012266526015,89.95007760859153,283.57860338102046,274.58634506317946,1.7202442507491205,2019,1
22,安钢信阳,114.038243,32.488704,0.0574476933744348,0.0001029901614431,0.0007708845491905,0.1148153208104335,0.6869120142261362,131.46959076948406,283.7147342503573,271.42505231864635,0.8268225660402124,2019,1
23,安钢股份,114.283145,36.122129,0.0731358831621309,0.0003554321286203,0.000842567366828,0.1314211163738245,0.7527837112772998,156.20398592490707,281.8241461538486,267.0923875834495,6.379595056780602,2019,1
24,宏兴钢铁,118.871477,39.700721,0.0822274105695758,0.0003228872200964,0.0014336810253622,0.1461901268751168,0.3922262281900127,90.14741664259418,277.78028742816343,263.1850517271976,1.865536354106866,2019,1
26,宝武鄂钢,114.861313,30.39574,0.0597429266263277,0.0002022553827226,0.000139391843492,0.1084521906355952,0.7159203612557038,129.237679608565,284.46253130455364,273.2138322794919,3.9549764022381,2019,1
27,宝钢八钢,87.304639,43.852147,0.0469586388451667,,,0.1508907899726267,,54.30496729093036,262.7147392096128,253.663940615921,14.645152848345692,2019,1
28,宝钢股份,121.440087,31.41623,0.0552093428698487,0.0003469892301345,0.000328428324627,0.1105178807177039,0.6302745365638803,83.98432999581614,284.4209781201501,275.8332010021127,13.14081592161219,2019,1
29,山西中阳,111.161118,37.370796,0.0497605653077894,0.0002633571198242,0.0012366306460089,0.1344245092750868,0.4447301716424319,62.32037463860252,274.0309959187498,262.7830687780823,1.292110866812622,2019,1
30,山西建邦,111.37916,35.668163,0.0967826005279796,0.0002820639366428,0.0008868218901384,0.1280766756098551,0.8241941482569838,131.45966546628244,280.51046762330094,265.1257861591309,3.017477329256463,2019,1
32,山西晋南,111.51465,35.678541,0.0849680022974775,0.0002645675374652,0.0010490870678368,0.1285403652741788,0.7932451635241603,106.11039868990702,280.7529232883072,264.64768686552657,1.7701408591194336,2019,1
33,山西高义,111.258436,35.586841,0.0874918104150041,0.0002641434999733,0.0007424402033758,0.127560453728155,0.814110485430321,132.4388321225509,280.3570531799012,265.66514325328484,1.3054503347000728,2019,1
34,广东韶钢,113.654289,24.704815,0.0528767514583698,0.0001039235902086,0.0001319079599349,0.1007786037436829,0.530027266210809,66.47594244487915,289.50939309876134,281.43776829248253,1.6213560295836746,2019,1
35,建龙西林,129.287919,47.495036,0.0421937508586583,3.6207180562411445e-05,,0.180299832744968,0.1697548364406657,19.067022677818542,259.3960708172928,254.42310638935967,0.5305923274860108,2019,1
36,德龙控股,114.384832,37.086116,0.0889121314066524,0.0004135839468555,0.0011795352264693,0.1354149202330614,0.7439944979375875,165.57251569793152,281.3002376893608,265.40943725245086,4.569427026849269,2019,1
38,攀钢集团,101.693628,26.551896,0.0437227212808493,0.0001037032927919,0.0001942029476477,0.1026407531104707,0.1925168555517117,75.33405010917704,294.2023279632377,284.73602395774503,4.380090666745725,2019,1
39,新兴铸管,114.128189,36.621504,0.1000008888254811,0.0004431297814051,0.0013065596904604,0.1331441599748996,0.6836878968365573,140.057897910638,281.20356808084784,266.65206543905794,2.858343877142776,2019,1
40,新金钢铁,114.216151,36.715444,0.1029906903222039,0.000443258584711,0.0015501192649977,0.1335525135524826,0.740418664251597,151.0604094094243,281.6044580431709,266.0156310289051,3.0212883723751056,2019,1
41,新钢集团,114.932403,27.790574,0.0610874431117354,0.0001276970631893,0.0003556978915234,0.1037049417846314,0.8326028088715896,85.26567289994071,286.1428265495816,276.389775727657,1.1675492468635058,2019,1
42,方大特钢,115.99204,28.645441,0.0585400820105911,0.0001421962371262,0.0002734220986,0.1054955503262734,0.9319203547407984,100.32267994120048,284.9518577943507,274.3175749100644,6.318687982675504,2019,1
43,日照钢铁,119.36115,35.158382,0.083281766345612,0.0003567305955407,0.0006278022616231,0.1250373634267223,0.4364780365072264,108.6272379576403,279.8595526638292,269.98444672027154,8.53383785886498,2019,1
44,日钢营口,122.395441,40.671136,0.0622168605174538,0.0002182260406353,0.0007334777388392,0.1506582268384597,0.2262471041945172,55.13197365303313,272.8770467684157,262.00838441216376,4.886182706340819,2019,1
45,普阳钢铁,113.925994,36.733675,0.0977564455469162,0.0003948962082125,0.0007041304974116,0.1333316147079999,0.6588774021402944,135.72963693049488,280.51107997201126,266.2162187074508,0.844589358043553,2019,1
46,本钢集团,123.722099,41.274132,0.0644858100118213,0.0002267626153938,0.0009396772803153,0.1535339703349979,0.224993134897866,55.15940482906299,269.6716008189276,261.7385766927261,6.136592614418891,2019,1
47,柳钢集团,109.373148,24.379047,0.0506628409552599,9.236348170420757e-05,0.0002273600124829,0.1011367541548983,0.8498940988795123,60.37195034333487,286.89187907262914,280.15833589085383,8.049174146415845,2019,1
48,桂万钢,108.412344,21.687637,0.0470055577028398,5.814438278218273e-05,0.0003104657571928,0.1019123364807664,0.6126461370705513,57.1665417226086,294.7956520216781,284.0821297696265,3.1214191224187724,2019,1
49,武安文安,114.177621,36.684389,0.1047127551151932,0.000456605513382,0.001624859430644,0.1333838964835702,0.7238846612916408,145.96223020299328,281.47651259649933,266.317351537622,3.6121956754637368,2019,1
50,武汉武钢,114.444975,30.616222,0.0660434687912002,0.0003130601021955,0.0003217731918606,0.1091221894214413,0.6866188146926353,137.08259416489454,283.9903412325526,273.6333545165192,7.562464298675919,2019,1
51,永钢集团,120.739658,31.839485,0.0604017118706637,0.000358354546377,0.0002931390541842,0.1113566261377298,0.6021586796632253,82.48720462233905,281.5518229408755,273.50732989986534,4.211531339897107,2019,1
52,汉冶特钢,111.534635,33.269324,0.0556929766756453,8.089832824308516e-05,0.0004191306099479,0.1181296572458856,0.5879137255098399,131.0182966562934,281.58626211810224,272.63273311262185,0.8705031758398403,2019,1
53,江苏镔鑫,119.279989,35.09556,0.0744728523092224,0.0003285042862562,0.0006548637865737,0.1247872463467209,0.4453069533140271,120.2770182010482,280.0257705332237,268.7745846845237,6.519150086265262,2019,1
55,沙钢股份,120.647295,31.967456,0.0602945558532363,0.0003372992424634,0.000395760995987,0.1115143946816784,0.622136749088755,83.44197898062842,282.22808119127086,273.57855323207065,7.098486830030371,2019,1
57,河北新华,117.784839,38.288605,0.0637135032967699,0.0002613797274548,0.0010196397778303,0.1401089796626383,0.5496203635526682,106.15458321315782,274.65615604746444,268.45552037752043,8.195680033879661,2019,1
58,河北津西,118.220547,40.209844,0.0635421944180369,0.0001835104621651,0.0007483870258598,0.1476486123255471,0.3549243866701987,96.97515323599308,275.4698519540861,264.7448710911475,1.5910265058647204,2019,1
59,河北烘熔,113.981172,36.640411,0.0986582751386644,0.0004046491086722,0.0008598783965892,0.1330522263493851,0.6373455435967349,137.5033917838664,280.5345434406283,266.62482898401544,1.0749856044142754,2019,1
60,河北荣钢,118.558755,39.880661,0.0829725380677602,0.0003068349009514,0.0013961673829067,0.1470174805804894,0.3712182407589225,95.62800219732088,277.13741871001946,264.4730569079761,3.379791102128064,2019,1
61,河钢承钢,117.734527,40.952513,0.0514118703072815,0.000100837780409,0.0006993442611114,0.1498237269676116,0.2524311401634637,44.93679306144833,272.1251901749131,262.1540277065997,2.623040168822786,2019,1
62,河钢舞钢,113.492311,33.28384,0.0646661656098742,0.0002665424199312,0.0006746356525751,0.1176230961546802,0.8162232790731402,141.18314409603192,280.872890177313,271.7350512331732,2.167489639225188,2019,1
63,泰山钢铁,117.627728,36.22141,0.0648666363731161,0.0003164924399494,0.0006530869413989,0.1308436130651072,0.5470635608799984,120.20034034776472,279.2873581541711,265.74645473190503,6.00585936971035,2019,1
64,济源钢厂,112.553774,35.086396,0.0722395870111773,0.0002252053842778,0.0010941006520659,0.1254721207254662,0.7096988644941946,161.4589554185411,282.9189155516217,270.3118332641692,3.5576641323602973,2019,1
67,海城恒盛,122.83646,41.056042,0.0678422093409796,0.0002184136168227,0.0002583861889819,0.1524632143644509,0.2577181164686665,57.81271283922251,273.57323875202985,259.6590718459705,3.462966879426858,2019,1
68,涟钢,111.967343,27.747782,0.0588834720500933,0.0001550126312817,0.0003709502185865,0.1038833650368585,0.7231298911042434,115.31109578299947,284.8732940962804,276.0580675666224,1.3364253827215606,2019,1
69,淮钢特钢,118.988442,33.566039,0.0576598301108899,0.0002238880079459,0.0006131880693546,0.1173074160624194,0.6332445250776616,101.39382167379044,280.7416608616307,271.9629705736278,10.366963740109632,2019,1
70,港陆钢铁,118.073913,40.183913,0.0674484442234123,0.0002213785148476,0.0016336349333975,0.1476680876459832,0.3869317849608057,103.4820371614842,276.68662933819513,263.9792939332328,1.8406868604039612,2019,1
71,湖北新冶,115.125838,30.204603,0.0588615806077614,0.0001766202332924,0.000402380053334,0.1079823401414395,0.7611664084388942,113.85062492763608,284.31868656215755,273.7632675526806,1.170462808853783,2019,1
72,潍坊特钢,119.238427,36.644469,0.0657297189703737,0.0003352153957437,0.0010267096664318,0.1326174351666167,0.6429999047999929,105.16378523561798,280.3541627087349,265.44699770218443,7.867741743274758,2019,1
73,玉溪仙福,102.186364,24.012309,0.0356700105409601,2.5804071172309026e-05,1.5950888497316795e-05,0.1009941991908054,0.1480903320973235,23.939266226405103,290.9951653281199,283.75815078275946,0.5634383263516841,2019,1
74,玉溪玉昆集团,102.543682,24.465884,0.0317346685045649,3.579805117655262e-05,8.265581262645483e-05,0.1006567164967463,0.1436686363865129,26.133765669937848,288.8399666801397,279.882412043981,2.126248936084913,2019,1
75,瑞丰钢铁,118.272056,39.497472,0.0785550796714733,0.0003137001896785,0.0013441698995229,0.144864450879344,0.413619086145033,85.18688361140221,278.61977986194614,262.7844101210941,2.446436487287952,2019,1
76,甘肃兰鑫钢铁,103.933888,36.510351,0.0367462789623004,0.0001031488891037,0.000659225284388,0.1330693960521352,0.4343326150603623,94.75317597207322,274.9230515598254,259.797318423304,0.7066619091216106,2019,1
77,石横特钢,116.533981,36.229201,0.0670968890151859,0.0003226025312162,0.0008520310265812,0.1311291388825691,0.6348885835127497,127.44299544476186,280.666910445671,267.81361208978603,2.7909449891681883,2019,1
78,联鑫钢铁,120.774892,33.211332,0.0524093113279559,0.0001261709435079,0.0004767705897891,0.1156778738166834,0.6747463797058756,56.51450882029713,280.052808639133,273.775126064643,1.8495223695353609,2019,1
79,荣程钢铁,117.495794,38.970638,0.0665148163561615,0.0003177171360691,0.0012403612153342,0.1422431290420979,0.4714031688636124,98.93506421666648,277.08802500861447,265.8899354839985,10.08623128870701,2019,1
80,萍钢股份,116.27527,29.778431,0.0596367934213444,0.000128685195816,0.0004397191411372,0.1069623554833373,0.6453553790394612,94.69331508421423,284.0386161934469,273.80148520498784,0.980135463071336,2019,1
81,衢州元立,118.848341,28.902581,0.0554823508675134,0.0001033718230993,0.0002012403466833,0.1051171894219484,0.6026013727280048,62.839227155109256,284.90620076378235,276.1572154646844,3.459111898532292,2019,1
82,裕华钢铁,114.098377,36.731752,0.1097388302153643,0.0004327187935981,0.0013404496317596,0.1334515192766406,0.7109711995837649,136.0821640800167,281.1627753630803,266.6556667528561,2.4802791774339186,2019,1
83,西宁特钢,101.671414,36.66856,0.0395549467303571,0.0001107657864288,,0.1338119755263805,0.3166203803922331,37.87708635627496,271.63764148887026,258.9640055613499,9.786131584680662,2019,1
84,贵港桂宝,109.63938,23.089502,0.0500134728324811,4.6313010173589735e-05,0.0002126157500441,0.1012832305858435,0.8454363334106555,73.39578438916506,295.689250637903,283.3523364187901,3.7240739302526937,2019,1
85,辛集澳森,115.184798,37.752351,0.0834883207577284,0.0003509696912751,0.0004184439612581,0.1366934404897072,0.7569587613625746,165.96864327311778,280.4620911964961,263.6227858438225,1.3640270578910556,2019,1
86,达州钢铁,107.453099,31.18945,0.0555342750702757,0.0001067641608137,-2.962148498474576e-06,0.1121189520534813,0.7226869225260341,122.85089148783972,281.5124818984287,275.4708522986136,6.537603485033228,2019,1
87,迁安九江线材,118.563418,39.95945,0.0803450266931784,0.0002735821626166,0.0011700710283652,0.1472709450223977,0.3638769318075224,94.1516858047233,276.6132072808136,265.13634448767925,4.264171038858324,2019,1
88,通钢,126.022349,41.779125,0.0439380843921403,8.468580917547008e-05,0.0015817698036482,0.1564572929227075,0.2940671619070815,48.44939027748296,265.00092986427194,257.7043425975184,2.9750498842987145,2019,1
89,邢台钢铁,114.452352,37.041601,0.0905755658070742,0.000423890582068,0.0012262405530247,0.1351545762367567,0.7904933009248827,165.57251569793152,280.81679660685967,265.62019915658794,7.24611495701409,2019,1
90,邯郸中普,113.928977,36.711757,0.0988424279447649,0.0003999876689039,0.0006488455560893,0.1332482638175069,0.6587799202041261,137.01984532114662,280.5184269341219,266.1784935911389,1.021691769619617,2019,1
91,酒泉钢铁,98.286265,39.807065,0.0382179634464333,8.887277373067755e-05,,0.1473888011177538,0.2860655737704918,19.63031694738812,269.0810720511237,257.24397424642467,8.39707288930645,2019,1
92,重钢集团,107.040368,29.790253,0.0558045696803635,0.0001432322287989,7.907120708622392e-05,0.1084722715977012,0.7690826303765212,123.61107373315888,284.2343879223228,277.1316943813594,5.376852778462212,2019,1
93,金鼎重工,114.111677,36.718952,0.1098837628758605,0.0004406916797784,0.0014327261764454,0.1334224771651758,0.714148245521232,137.72738268395997,281.195509639372,266.64422052503045,2.8930473527076974,2019,1
94,铜陵富鑫,117.772866,30.907561,0.060446011513529,0.0002052165094973,0.0004044770247116,0.109484039003746,0.5638215530951676,101.01527307771153,282.8096865113709,274.1494797316282,2.052179262284477,2019,1
95,陕西略钢,106.167206,33.323678,0.0489723250482055,3.727976013656193e-05,0.0005457853054139,0.1187790309373431,0.46804507160969,57.384956320913,277.43093565154925,272.6674725945908,0.5708029383154185,2019,1
96,青钢控股,120.390032,36.216949,0.0566745369136743,0.0002673652192518,0.0005126157908829,0.129510000038943,0.4756866982032848,74.14521263626739,277.9767046610751,268.89781574748014,16.86415644681095,2019,1
97,鞍钢股份,122.983054,41.148267,0.073908651411886,0.0002712301606877,0.0006579838851739,0.1531011556074911,0.2668999005549635,57.17743740634612,272.6348408617523,262.6848378559466,15.574948037180286,2019,1
98,首钢水城,104.877413,26.595229,0.0337485431350997,6.488362450273109e-05,5.829607258583004e-05,0.1022924495375348,0.2469116320713093,30.19350813815436,287.1968090491662,278.44476541492367,4.21414573678856,2019,1
100,首钢长治,113.060809,36.356404,0.0575495008887756,0.0002473823704547,0.0011073247218901,0.1303350713214388,0.5980277633184192,97.1041374561758,278.84798080590406,262.49317150268683,3.2900555970319507,2019,1
101,马长江,118.465162,31.502272,0.0575292823530869,0.0001815622044154,0.0003098307850477,0.1103520898555792,0.5525373090432297,95.34833896304949,283.33539291865753,273.6039098630606,4.205545990018184,2019,1
102,龙腾特钢,120.835685,31.723833,0.0594746607006108,0.0003569906069529,0.0003765417117687,0.1112048263743027,0.6536919828279056,82.48720462233905,282.56287051687093,273.8884897414779,7.642618666940042,2019,1
103,龙门钢铁,110.575788,35.618466,0.0715577508684023,0.0002556947577992,0.0006895341229598,0.1285778283730024,0.6994066743661513,100.41711335875928,278.26269895582794,267.6082081195786,3.147332523581855,2019,1
1,东华钢铁,118.256774,39.468366,0.0721729140402392,0.0002289694400166,0.0008174230094792,0.1514890454402554,0.6608223401735468,99.36727084273504,283.954956959773,263.8571962958288,2.155882916785115,2019,2
2,东海钢铁,118.624794,39.748373,0.0873903703751906,0.0002758523736012,0.0007033514364355,0.1539259752260852,0.5527680198662543,85.89656154233685,284.74348656993936,263.6340713466793,2.819065728813622,2019,2
3,东特,121.759531,39.05443,0.0555140843230634,0.0001004568926635,0.0004329083735261,0.1510367843610125,0.4228459667121999,51.73521427077461,276.84163374335577,267.0260583784137,14.666244851390289,2019,2
4,中天钢铁,120.081591,31.702681,0.0662879966949436,0.0002783601011519,0.0004701965325781,0.1173913385335986,0.8154052960618557,73.02466542569164,287.4600882217287,275.3896071220434,12.466263110946764,2019,2
6,佰工钢铁,118.819472,39.748773,0.0774778276020523,0.0002432523040978,0.0005844400387758,0.1540250544097133,0.5715350582686262,82.50654559560644,283.9667346290451,265.3217756326459,2.214321314915588,2019,2
8,兴澄特钢,120.320504,31.938905,0.0584141813024169,0.0002206790349051,0.0002543620180082,0.11771916005825,0.7826929032462485,67.95939843775578,285.8075527329117,275.4234637857519,15.049972345550056,2019,2
9,冷钢,111.437288,27.690401,0.0596180577667594,5.810133106243533e-05,0.0002021809858985,0.107340580015761,0.5965673983432551,56.02415067488223,288.9402301878791,279.9175167325036,1.3993838103241991,2019,2
10,凌钢集团,119.41374,41.271048,0.0472926162943095,4.7662832161263175e-05,0.0003549325292833,0.1621385908375657,0.353479361521755,46.61488598346057,278.4353911526632,261.52820048819615,3.1262815704888847,2019,2
11,凤宝特钢,113.872158,36.131666,0.0738880259470599,0.0001852536332538,0.0005562054267399,0.1337309920185459,0.7996541429713294,109.90945971616016,283.9368746528978,270.4141411684711,2.732778037295424,2019,2
13,南钢股份,118.746315,32.200797,0.0610672076004788,0.0001399938423186,3.604955643903462e-05,0.1178812451974275,0.8877135162287202,83.55853964303606,284.2538762161849,275.34540373314667,13.076226094165795,2019,2
17,太钢,112.57052,37.970033,0.0542899347513589,0.0002371263785043,0.0005608151617594,0.1424463267989253,0.5534183154695627,86.98014099647034,279.7412507429074,265.36413888889354,14.816486702476428,2019,2
19,宁波钢铁,121.876423,29.918776,0.0503093720280238,0.0001204056480996,2.960939048985039e-05,0.1110306862676866,0.6435722227507316,46.02916016371557,288.29981875163514,278.42829533375834,11.295713554322395,2019,2
20,安徽富鑫,118.067833,31.194505,0.0611378373980579,0.0001128873705156,0.0002643399387315,0.1160830411084564,1.2739397042881986,75.39722409627679,284.74718410677167,275.48325187864947,1.6184423456611772,2019,2
21,安徽贵航,117.251147,30.531068,0.0563931111071217,9.236126710719172e-05,0.0001379707287611,0.1140425155592187,1.2897903681036271,64.33680965756139,282.90555961754774,273.9201200275392,1.9966312352511064,2019,2
22,安钢信阳,114.038243,32.488704,0.0598245735095316,6.50227768053077e-05,0.0003849242319687,0.1210237349488225,0.8847027880636024,97.66152686552232,275.55571083461854,272.6033465325727,0.6796716436218431,2019,2
23,安钢股份,114.283145,36.122129,0.0784334382204853,0.0001873856756146,0.0007832364833087,0.1341482692036718,1.1162853819257137,128.25709819084426,283.92221580089017,271.7480473726297,7.440832928970124,2019,2
24,宏兴钢铁,118.871477,39.700721,0.0815244530804035,0.0002626928381925,0.0007372601008843,0.1537334653410625,0.5986905418184282,82.50654559560644,284.5848649678904,264.1873877341497,1.9811719555691687,2019,2
26,宝武鄂钢,114.861313,30.39574,0.0662641665258877,0.000127863573322,0.0012552526518251,0.1145749479109009,0.8829251664330765,93.09739098778658,281.35088763959004,274.803712572153,5.715694396176293,2019,2
27,宝钢八钢,87.304639,43.852147,0.047619984152294,,,0.1612855681106179,,57.209650688472166,261.6156505448636,253.03564483045977,17.948756766800912,2019,2
28,宝钢股份,121.440087,31.41623,0.0550944494924063,9.378473274953026e-05,0.0003429169462536,0.1157035357863991,0.5819358150943643,62.08001860005652,287.1681688356106,276.66711912866845,17.169405243209738,2019,2
29,山西中阳,111.161118,37.370796,0.0480190898616695,0.0001870376453014,0.0006310519154125,0.1386778176988523,0.423710377838067,55.96233521032445,276.8413031407721,266.6207483376565,3.317552610452136,2019,2
30,山西建邦,111.37916,35.668163,0.0801758470646004,0.000168308401518,0.000608150506213,0.1334703948744259,1.1719501474947462,109.48407905792676,281.7677697722525,269.476199563174,4.235966082443967,2019,2
32,山西晋南,111.51465,35.678541,0.0743537952420282,0.0001713711490666,0.0006916024052202,0.133088136351523,1.18598807468768,87.81978522165446,280.16369108097666,269.655598131834,2.077671315368361,2019,2
33,山西高义,111.258436,35.586841,0.0748208967606617,0.0001465714016463,0.0005737940031748,0.1332365447174062,1.0539496237216368,109.51652007038356,281.7453626517107,269.75931969632853,1.9239726099839551,2019,2
34,广东韶钢,113.654289,24.704815,0.049027111827566,8.318380355443449e-05,4.410087720316992e-05,0.1024637453137855,0.5827500490327185,51.03590880442005,285.95559218868885,286.7735105011376,1.518010155624271,2019,2
35,建龙西林,129.287919,47.495036,0.0436063185232714,2.8397748098208583e-05,,0.197973534901912,0.1419829484002671,16.83308915657238,267.10932787885423,260.86880870274484,0.7131682888179955,2019,2
36,德龙控股,114.384832,37.086116,0.0895931959798457,0.0002933296938169,0.0007347000839348,0.1388185770718941,0.9300179492255188,135.3463545683553,283.286301802527,269.04877827512666,4.614220671487324,2019,2
38,攀钢集团,101.693628,26.551896,0.0362459605205069,5.165319118787334e-05,9.820377715496192e-05,0.1062456043649489,0.128296676766149,46.63699471052496,299.4539259779319,288.1324159678922,4.407931393429704,2019,2
39,新兴铸管,114.128189,36.621504,0.0853771497211269,0.0002391159695746,0.0010805589984573,0.1356934273758467,0.816065586773645,118.39464593976778,283.5702234667964,270.57507366953905,3.063710298525991,2019,2
40,新金钢铁,114.216151,36.715444,0.0826969422314634,0.0002745722198262,0.0008755052243535,0.1363007936590455,0.8480192168316174,125.58894163604576,283.1722159054541,269.4679580446192,3.2338066873471334,2019,2
41,新钢集团,114.932403,27.790574,0.0506119209045515,5.924866455607391e-05,0.0002987392036851,0.1073463713719355,0.5826224177921672,53.57584999869229,287.5070616321559,279.9252051744125,1.3601205687212892,2019,2
42,方大特钢,115.99204,28.645441,0.0552188438644624,5.454579601963541e-05,5.261079208830781e-05,0.1096581086070131,0.5086656324146738,65.92706114361135,270.68750974812946,274.9237619978381,3.4167491536356427,2019,2
43,日照钢铁,119.36115,35.158382,0.0727676266020182,0.0001814232689062,0.0002630728721043,0.1282904961375044,0.8545643689694552,93.59254729222988,283.285607047647,272.0204270385949,9.042510078722168,2019,2
44,日钢营口,122.395441,40.671136,0.064821294203587,0.0001458256783271,0.0005769228771885,0.1612657903914905,0.2759087672702013,57.5096876787029,278.73578045756216,263.7943261678664,6.349996621840882,2019,2
45,普阳钢铁,113.925994,36.733675,0.0804281591077852,0.000198317591569,0.0007553008380805,0.1359937978048031,0.6642378127795776,115.79085078186876,282.8504831120929,269.53660477118666,1.271692763040586,2019,2
46,本钢集团,123.722099,41.274132,0.067106341473563,0.0002353404157228,0.0007263140758029,0.1660389872162083,0.3539814861723845,56.20609000174165,273.6700537987072,262.4678289485643,6.860777760678695,2019,2
47,柳钢集团,109.373148,24.379047,0.0469232776784436,4.963211591757767e-05,1.224263413910296e-05,0.1037189337657212,0.7299893652598493,43.519533036107646,297.4249211924439,287.46842183487,1.571876423434299,2019,2
48,桂万钢,108.412344,21.687637,0.0426560074022477,2.598383367862226e-05,1.723418537072059e-05,0.1030585146889487,0.5730398556231004,42.59957009367099,296.9816782034348,291.88802189506026,4.176184860617515,2019,2
49,武安文安,114.177621,36.684389,0.0850011527847862,0.0002657008832608,0.0009514657453806,0.136085930645458,0.8439222205397461,122.23314348190092,283.404705211293,269.88571938979163,3.710031522657345,2019,2
50,武汉武钢,114.444975,30.616222,0.0740879136763473,7.248681698726694e-05,0.0025430884969568,0.1151624560835722,0.890782313471815,100.8259857826488,279.3978477565704,275.11142272507993,8.511349892883771,2019,2
51,永钢集团,120.739658,31.839485,0.0576714928935872,0.0001671823492156,0.0002456703333043,0.1173569450491505,0.6593865247048778,65.8672760778245,285.4545173967239,274.90448386923106,5.363457165524648,2019,2
52,汉冶特钢,111.534635,33.269324,0.0585198106816431,4.010331572121685e-05,0.000783816442981,0.1239267971598089,0.5820144974434701,100.07350681462412,284.4217325166224,271.6477884915448,1.0011873248422083,2019,2
53,江苏镔鑫,119.279989,35.09556,0.0722619164402211,0.0001706039625899,0.0003684198741741,0.1278756865314117,0.8806568896877033,98.90103492101402,283.4341094401445,271.32613740437216,6.479550227069391,2019,2
55,沙钢股份,120.647295,31.967456,0.056865799638723,0.0001989871693699,0.0006209012662041,0.1175282534593591,0.6812833879026409,65.8533798046139,285.24674672365154,275.0140310689955,8.723243214721627,2019,2
57,河北新华,117.784839,38.288605,0.0602779380300526,0.0001352667427892,0.0005257620141785,0.1441383620057057,0.556173119046344,98.58649637360216,279.5604220469017,270.69050600324823,7.097110433306101,2019,2
58,河北津西,118.220547,40.209844,0.068425508552784,0.0001260745515971,0.0006046870743214,0.1562391040306517,0.5003246193872919,91.68776517431664,281.53030193466907,265.89096434340075,1.7920665882247755,2019,2
59,河北烘熔,113.981172,36.640411,0.0801078272396974,0.0002070708600101,0.0008477875397091,0.1355777000721095,0.707719394417631,116.73392208422229,283.0106136754558,270.3503459248692,1.3231432014173885,2019,2
60,河北荣钢,118.558755,39.880661,0.0844458582332386,0.0002549294268483,0.0006771700784689,0.1546726536823572,0.5318425770601442,89.42917387084536,283.7453275528766,265.66949124010745,3.2650055000525957,2019,2
61,河钢承钢,117.734527,40.952513,0.0553429303807556,7.015410474057035e-05,0.0005242538240442,0.1596917912876886,0.35713420501488,50.29603042723411,277.8562345831632,263.3773046642164,3.476355857025088,2019,2
62,河钢舞钢,113.492311,33.28384,0.0561668023983757,5.1733177099370536e-05,0.0003230346715973,0.1231328888355257,0.9974927747935288,109.14180724513376,278.88715517938016,273.0490560077588,2.0137328607342404,2019,2
63,泰山钢铁,117.627728,36.22141,0.0571625350528581,0.0001896262374515,0.0006706384044224,0.1341482410964095,0.7452438674923106,106.18401802275912,283.22940658659866,269.9751141416321,4.662058484435277,2019,2
64,济源钢厂,112.553774,35.086396,0.0629710726470696,0.0001320315612871,0.0007484800646994,0.1306021495775428,0.9539708442185056,135.1998201263558,280.5510451534349,270.54871457183253,3.3551497765608547,2019,2
67,海城恒盛,122.83646,41.056042,0.0650611502780021,0.0001880889206666,0.0006321294366256,0.1635365064353562,0.3230862794479826,56.47841305744805,280.6398109691561,261.98617989767445,4.14631740776691,2019,2
68,涟钢,111.967343,27.747782,0.0617438191107722,0.0001056613806156,0.0003430878206687,0.1078845189709527,0.8427444680254206,61.9930844436567,288.2730237964991,280.6437311115329,3.168284080170705,2019,2
69,淮钢特钢,118.988442,33.566039,0.050731928614034,0.0002476567783286,0.0006690707537069,0.1222964198237284,0.7289845192667413,83.19882423910667,281.17213906514843,271.9450424600005,12.44258917918294,2019,2
70,港陆钢铁,118.073913,40.183913,0.0733016100851079,0.0001470522050012,0.0007656169683984,0.1561038418027553,0.5345772406700897,96.68624301184536,283.2337511966811,265.5410281413239,2.0198123250865803,2019,2
71,湖北新冶,115.125838,30.204603,0.0636832454767289,0.0001025882627756,0.0003247580412541,0.1139120643494553,0.6276609143632773,84.40984089475023,275.8157128392062,275.90539743479985,3.766500420686224,2019,2
72,潍坊特钢,119.238427,36.644469,0.0562226326640167,0.0001687654238897,0.0003215011449035,0.1359014232649874,0.6875291191063101,89.93395539391713,284.2704189871651,269.4848153768833,6.816411505311171,2019,2
73,玉溪仙福,102.186364,24.012309,0.0348064394652867,2.0785397739170912e-05,7.274689849705197e-05,0.1039956265917261,0.189239200818014,26.6588795503818,296.5661968268057,287.09861473542514,0.6666960945355058,2019,2
74,玉溪玉昆集团,102.543682,24.465884,0.0313813887621425,2.4274279375296025e-05,1.0737863597948557e-05,0.1038838033523751,0.1879757155157418,23.945378956385465,293.8791452550777,282.27197130352164,2.3396429060658366,2019,2
75,瑞丰钢铁,118.272056,39.497472,0.0734780982217565,0.0002265381466949,0.0007817087243984,0.1517886146611337,0.6437938875695259,98.40932832641148,284.3505856569792,263.777521603214,2.397268318041173,2019,2
76,甘肃兰鑫钢铁,103.933888,36.510351,0.03377886480449,5.6053503045725017e-05,0.0004800472861083,0.1345423852348624,0.3363562401512123,74.32495863213262,281.9873115072126,265.5989732596317,0.5443132849728041,2019,2
77,石横特钢,116.533981,36.229201,0.0641292728877096,0.000174383403472,0.0004144319505779,0.1343604412140364,0.7779292186007755,122.77370622312216,283.151028414124,270.91927909751473,2.564408298526484,2019,2
78,联鑫钢铁,120.774892,33.211332,0.0509502521448391,4.849286285354498e-05,0.0002584788196122,0.1206237197795764,0.5945400054879424,53.46098457912438,280.68140700315803,273.5519386644667,2.4125479675156813,2019,2
79,荣程钢铁,117.495794,38.970638,0.0639580346804307,0.0001943837257654,0.0004570819644456,0.1477525368683156,0.6045598027601078,91.29131422008084,280.56080699062903,267.5605020511235,9.37407734525928,2019,2
80,萍钢股份,116.27527,29.778431,0.0590550823777935,4.4542588339291966e-05,-0.0003035441117743,0.1119720288720743,1.205815060783432,63.54240454578143,283.6527486192015,275.3275196335716,0.3072006396547592,2019,2
81,衢州元立,118.848341,28.902581,0.053424777858456,3.786019543934265e-05,0.000183494994771,0.1081907809338838,0.5349277609439076,45.27855423930305,288.7693443364982,278.1732339457774,5.1960367365721,2019,2
82,裕华钢铁,114.098377,36.731752,0.0825437256952111,0.0002328751521981,0.0008491176502256,0.1361537311904271,0.84300220184477,116.00477336991456,282.57460463949155,269.8351552671056,2.6841192070280844,2019,2
83,西宁特钢,101.671414,36.66856,0.0376433392954546,6.731335805789508e-05,,0.1348391117629022,0.2630391399198065,31.912826159441465,278.0791484522171,265.18983647468883,8.614895792758904,2019,2
84,贵港桂宝,109.63938,23.089502,0.0445080926925652,4.355560628985444e-05,-6.570531580568544e-05,0.1027595522609718,0.8549819742234362,52.75113444358964,299.05294994979096,291.0418114165314,2.7461627522656733,2019,2
85,辛集澳森,115.184798,37.752351,0.076362553330107,0.0001832284965661,0.0006494505808705,0.1426976774679214,1.2483597298005673,137.25912140216678,283.23400475169865,267.71466576268875,1.318408980946155,2019,2
86,达州钢铁,107.453099,31.18945,0.0546423081812244,5.908010198835428e-05,0.000435999768548,0.1184393231653423,0.750274926839088,94.4283946963389,284.6127061698496,278.8232548408432,7.697054634781045,2019,2
87,迁安九江线材,118.563418,39.95945,0.080856192281204,0.000238214273074,0.0006284321823867,0.1551162724339956,0.5210723339591508,88.34987971056147,282.4082434188587,266.3187319701556,4.168757425350002,2019,2
88,通钢,126.022349,41.779125,0.0505570457528147,0.0001003216329463,0.0003107675300855,0.1697252041859666,0.3189959383005979,49.34360831043705,268.86267300223074,260.4246206866049,5.426855453474044,2019,2
89,邢台钢铁,114.452352,37.041601,0.0893492057563796,0.0002824272596347,0.0007398154130834,0.1387698957301009,0.9113066346805884,135.3463545683553,283.00839957060697,269.5275451222405,7.635292602118058,2019,2
90,邯郸中普,113.928977,36.711757,0.0813333896469169,0.0002021371495649,0.0007493697610294,0.1359008942392557,0.6601420596926869,116.47682974055498,282.84280210625286,269.65028662998674,1.408825115165442,2019,2
91,酒泉钢铁,98.286265,39.807065,0.0341300339748384,6.261383227569902e-05,0.0003981363484818,0.1475933363461361,0.2632219541695604,25.897202455025617,280.9136969599468,263.2995143350332,6.895958399502967,2019,2
92,重钢集团,107.040368,29.790253,0.0621781943426355,7.440994859952261e-05,0.0001009873177988,0.1143492593468858,0.9185038651042856,87.2444376699792,287.65198985102,279.10131101778217,6.3480541517043765,2019,2
93,金鼎重工,114.111677,36.718952,0.0828554217642923,0.0002400550460855,0.0008904537298552,0.136114027811359,0.8479247299454397,116.98051420014885,282.742798728471,269.9659940210594,3.1002813700345264,2019,2
94,铜陵富鑫,117.772866,30.907561,0.0672830085110661,0.000145835415518,0.0003893517079859,0.1149751208697822,1.1934137755750414,74.04352290142756,284.308101825168,275.12214688068553,3.0980951960274457,2019,2
95,陕西略钢,106.167206,33.323678,0.0413423105908189,2.613751043287732e-05,0.0002155449441175,0.123539593206922,0.3499524175967607,48.49849687899846,282.4764005991198,271.4535847514659,0.3626477369697593,2019,2
96,青钢控股,120.390032,36.216949,0.0575136709724501,0.0002177889753812,0.00026420388326,0.13368056306382,0.6664650512902077,78.44355565111982,280.8437177117227,271.5048059135168,15.965276039898296,2019,2
97,鞍钢股份,122.983054,41.148267,0.0705962198387078,0.0002273612800467,0.0006846124936389,0.1641944578722098,0.3198523584479735,56.34903770310725,277.8979657354586,264.597844853722,16.796305550590386,2019,2
98,首钢水城,104.877413,26.595229,0.0335583529183658,3.2014758306604875e-05,-4.972629944425131e-05,0.1061672848812641,0.2409869432759779,28.317895583995774,292.755292276067,281.6546001692761,6.61472374388545,2019,2
100,首钢长治,113.060809,36.356404,0.0589573941546678,0.0002006987607186,0.0004812279060972,0.134293479283803,0.5902260787111159,81.65536164661373,283.0480257667127,265.49831163736786,4.318692279508784,2019,2
101,马长江,118.465162,31.502272,0.066019387447266,7.939531501758611e-05,-5.895884106349336e-06,0.1165220785725206,0.7155151407444186,78.58015683012272,283.49201306442825,275.0382367937027,5.165863640325912,2019,2
102,龙腾特钢,120.835685,31.723833,0.0583344118771383,0.0001802543205725,0.0004008353015106,0.1169462861926336,0.6653686908030468,65.8672760778245,285.8290347397384,275.41438127995946,8.674969267112361,2019,2
103,龙门钢铁,110.575788,35.618466,0.078973944237536,0.0002171696761278,0.0005217995037892,0.1335064516435411,0.8507318255256974,88.38956872934465,282.2101327780444,270.12893032720353,3.988918113388246,2019,2
1,东华钢铁,118.256774,39.468366,0.0587312833504962,0.0002185155469723,0.000564778199151,0.1710269504053414,0.6060685732524279,87.11499446803258,292.8842525729074,272.752322335265,2.1296745109241364,2019,3
2,东海钢铁,118.624794,39.748373,0.0728683039931056,0.0002449610031992,0.000747277200593,0.1727670551273011,0.4567392180979561,73.63803237700502,293.8022758885954,271.5573134267381,2.938095218603218,2019,3
3,东特,121.759531,39.05443,0.0516534337517736,0.0001126466153363,0.0005621130636472,0.1715022936643561,0.565265112013364,67.60069059547456,288.89223436916205,273.4504359103835,14.793106792711583,2019,3
4,中天钢铁,120.081591,31.702681,0.0582956886300711,0.0002598246220625,0.0004126511165033,0.1291275151778477,0.7397337000691585,84.20749963988783,292.0703243342969,281.7744420089276,12.7082138060168,2019,3
6,佰工钢铁,118.819472,39.748773,0.0701191658797127,0.0002285744153023,0.0006247945349105,0.1728122254821203,0.4144983688044704,72.6508062598441,292.5424552887207,273.3377343365562,2.297154230363902,2019,3
8,兴澄特钢,120.320504,31.938905,0.0542219984482581,0.0002651133505611,0.0002983355319334,0.1302853567035142,0.7126128648338317,80.18708493621851,291.1854665223389,281.77981469963146,15.753989094017042,2019,3
9,冷钢,111.437288,27.690401,0.0612204125386969,7.018707017165306e-05,0.0002813978449383,0.1160823329204983,0.5318965514912046,93.45690253581397,294.19593951521364,283.6500374327077,2.278754662323575,2019,3
10,凌钢集团,119.41374,41.271048,0.0436656292595492,4.687154759625598e-05,0.0005752987480428,0.1788741997274855,0.2907280365824043,45.011669985920186,288.9713192252417,270.27266940749564,2.7413424098034374,2019,3
11,凤宝特钢,113.872158,36.131666,0.0619498829873547,0.0001913634146579,0.0003408695823437,0.152609958129984,0.6063592846385455,79.85524983123922,297.0651105789584,277.14312978619256,3.098610900067033,2019,3
13,南钢股份,118.746315,32.200797,0.0549277313412342,0.0002462418137596,0.0002981633859594,0.1318365178385988,0.6788803634696922,95.60998392998954,291.6020192354064,281.4823560290895,14.776244063014564,2019,3
17,太钢,112.57052,37.970033,0.0441095228053387,0.000161047937549,0.0003458066879806,0.1578017393019327,0.4388869084512974,80.35965612562929,292.7129702440228,272.7480061691592,12.941454712898718,2019,3
19,宁波钢铁,121.876423,29.918776,0.0520878956487256,0.0001617512146568,0.0002242494797926,0.1214587426132495,0.7292286773968246,59.5776565582068,292.82111854214185,280.866574431215,15.780434379720951,2019,3
20,安徽富鑫,118.067833,31.194505,0.0548930462733124,0.0001441528603522,0.0004284257297593,0.1267400211678664,0.7199991863688195,91.26609671861242,290.4810227971083,281.6328308117655,2.287785650192865,2019,3
21,安徽贵航,117.251147,30.531068,0.0573710934346515,0.0001203415303418,0.0002527914704385,0.1237649914942309,0.7060113990104836,86.61137229637461,289.8028543445141,282.26602502469444,2.630135866549121,2019,3
22,安钢信阳,114.038243,32.488704,0.0557646623298328,8.676710363927615e-05,0.0002094742947104,0.1329686038224819,0.6157070254364373,102.44767878475614,294.86712849546853,279.8373292846173,1.0003568903987998,2019,3
23,安钢股份,114.283145,36.122129,0.063263762722865,0.0001830738465339,0.0004333440771028,0.1531014488440681,0.6657130591813047,91.13407500059368,296.90030681816853,278.1717131711025,8.05723427103043,2019,3
24,宏兴钢铁,118.871477,39.700721,0.0722178105706032,0.0002372406751799,0.0006309840080155,0.1722606923699363,0.4327211553809954,72.6508062598441,292.7559891205894,272.42285214677383,2.1826495930911385,2019,3
26,宝武鄂钢,114.861313,30.39574,0.0605220224762548,0.0001725380820984,0.0002657582309529,0.1235879068369463,0.8015404504289219,109.5464948281478,290.7585778089012,283.1743800868072,9.03958933841434,2019,3
27,宝钢八钢,87.304639,43.852147,0.0421770196540768,0.0002256547108153,0.0002058919023468,0.1611371245786637,0.261575384136037,54.98608317962142,286.4026096036842,269.56255336792526,8.295266632679734,2019,3
28,宝钢股份,121.440087,31.41623,0.0548271511963752,0.0003248463410483,0.000330950105529,0.1272521809125425,0.7192047138368923,75.5080534052216,293.70100184638824,281.4683853917426,18.06473883080403,2019,3
29,山西中阳,111.161118,37.370796,0.0382257181906067,0.0001248686313497,0.0003233605568153,0.1545248156654355,0.3010309329342459,66.67519869552052,289.20088618279584,272.3680292984831,1.5913446132747766,2019,3
30,山西建邦,111.37916,35.668163,0.0598477867301073,0.0001591662965642,0.000310499690996,0.1496637519909361,0.5508526540318314,103.59098353680524,295.3313551609086,276.72271075204145,3.447406199702649,2019,3
32,山西晋南,111.51465,35.678541,0.0574281312060668,0.0001419782035618,0.0002579168906252,0.1498163926863784,0.5146485183099082,87.41368162645813,296.7660283482452,276.12652571359587,2.017065800955393,2019,3
33,山西高义,111.258436,35.586841,0.0589354554502906,0.0001640536935808,0.0003712401675031,0.1491452310828562,0.5821223497854503,105.22398039305328,296.28934442607533,276.9765525221684,1.7204819391176334,2019,3
34,广东韶钢,113.654289,24.704815,0.0633942954019695,7.631449275518136e-05,0.00011605267744,0.1100924511630869,0.6848345972033064,57.06698863007346,295.5489261617874,286.6030433277262,3.3728543666921915,2019,3
35,建龙西林,129.287919,47.495036,0.0418412500838265,1.8085085841373595e-05,0.0004501738203316,0.1963141774362072,0.1705485119296567,21.01769456943832,276.2546230602264,266.3885324328892,0.490134482657764,2019,3
36,德龙控股,114.384832,37.086116,0.0596256825604335,0.0002221415408071,0.0004563110503386,0.1565996052178712,0.632492524434055,95.6875823021619,298.3461402045813,277.3973938315501,5.619670996169191,2019,3
38,攀钢集团,101.693628,26.551896,0.0418978455686002,6.640371419943132e-05,0.0001826634766637,0.1136453554790995,0.2704773924426689,54.29643579191179,303.1856724179813,290.3025839168717,4.525958382138311,2019,3
39,新兴铸管,114.128189,36.621504,0.069828437680196,0.00025996436443,0.0005800488508032,0.1543303069534099,0.6067071463845931,84.40949507061202,298.13526310510923,277.6503652325891,3.5263950766802923,2019,3
40,新金钢铁,114.216151,36.715444,0.0719551039695393,0.0002582309156935,0.0005895548117398,0.1548291810333852,0.6136082237476385,89.53901740305523,299.1343251565858,277.3378992313652,3.432876496545945,2019,3
41,新钢集团,114.932403,27.790574,0.0567317243207446,7.015805187588029e-05,0.0002657269646014,0.1158448096735121,0.6481049974077033,79.23368901772649,294.8677802671542,284.8004755336302,3.820953530740123,2019,3
42,方大特钢,115.99204,28.645441,0.056559475969628,0.0001174347926889,0.0003358070031526,0.1187972684257263,0.9404485230010576,101.8876005787206,293.17407220980334,284.57462849692746,11.762553082667,2019,3
43,日照钢铁,119.36115,35.158382,0.0611845855126449,0.0001740033102009,0.0004152232322581,0.1509271419833094,0.49754739951255,90.75393137282462,291.77627856457656,277.88337299912894,7.674134662103562,2019,3
44,日钢营口,122.395441,40.671136,0.055075228054339,0.0001110599132317,0.0004485052884521,0.1774631683911917,0.2613725653867066,64.02071761613115,286.76566425046497,272.1427659220731,4.7536731288927765,2019,3
45,普阳钢铁,113.925994,36.733675,0.0690575915123647,0.0002453785363201,0.0003688099054284,0.1544782421156107,0.5988149333955483,82.78633152762683,295.5901134397969,276.17437878601004,0.9942426832828098,2019,3
46,本钢集团,123.722099,41.274132,0.0588927070882749,0.000159072642862,0.0006501958388659,0.1809515360767082,0.2529401884333833,58.70178317691519,284.840186223478,271.9293732406098,5.632123844053328,2019,3
47,柳钢集团,109.373148,24.379047,0.0627240726676521,0.000136430635286,0.0002655276723684,0.1111889855408555,0.8026190751776959,54.41030447944017,298.3055820577891,289.3225417261994,11.900116469788015,2019,3
48,桂万钢,108.412344,21.687637,0.0660294476615064,3.985970462476427e-05,-2.410862141836252e-05,0.1106315768983571,0.7427608326276061,48.30846478398598,297.4529665466593,292.32340758255754,2.7857031786688737,2019,3
49,武安文安,114.177621,36.684389,0.073561264234695,0.0002659836913608,0.0006108644641821,0.1546208277724224,0.6134839935556434,87.14512222550101,298.80390523699697,277.4953889583315,4.188372065021872,2019,3
50,武汉武钢,114.444975,30.616222,0.0627039776254929,0.0003304106557629,0.0003145530381004,0.1243238210587277,0.7784766076559413,114.54184090098352,289.42290193922946,282.9950361864392,16.128116892247657,2019,3
51,永钢集团,120.739658,31.839485,0.0577329195063906,0.0002823328445382,0.0004532999504788,0.1294686767464661,0.690718600464813,78.2859785886103,290.9792197601518,280.48996893731504,5.884081514949812,2019,3
52,汉冶特钢,111.534635,33.269324,0.0549153446114296,6.926237722646732e-05,0.0003353221700585,0.1358580635669247,0.5554215149154185,89.89977118289971,296.1210246464869,281.0214487445755,1.4319036295776129,2019,3
53,江苏镔鑫,119.279989,35.09556,0.0591355750283689,0.0001669112120125,0.0003971623784726,0.1505674751808812,0.4685849950555349,84.84190488710982,292.665808450539,277.3803118350104,5.827491270120989,2019,3
55,沙钢股份,120.647295,31.967456,0.0589410504779164,0.0002444458201071,0.0004447315122373,0.1304877919981586,0.6936371210862398,77.62396027698689,291.0835568102932,280.7057607705788,8.545139381101444,2019,3
57,河北新华,117.784839,38.288605,0.0544647470645318,0.0001606633057431,0.0004453486290607,0.1652989506112292,0.6192696041090732,69.42590770554678,288.9922889397854,278.59931042003404,7.400750845023918,2019,3
58,河北津西,118.220547,40.209844,0.0570116806557573,0.0001506939893755,0.0004670838117542,0.1746680252538456,0.4378839473560124,79.92016976815368,290.8805802189121,274.7018037314316,2.0133195064819573,2019,3
59,河北烘熔,113.981172,36.640411,0.0664893203887251,0.0002502794053382,0.0003934796343539,0.154347376000785,0.5955090182630182,83.2259274829994,296.4706155213273,276.78779941784774,1.199343662230832,2019,3
60,河北荣钢,118.558755,39.880661,0.0746677205099242,0.0002546948991451,0.0005674391081502,0.1729480626129279,0.4924230980955416,74.66678480982821,292.891811161717,273.59335335486327,3.3138203590701503,2019,3
61,河钢承钢,117.734527,40.952513,0.0435792391984674,9.119784515863444e-05,0.0005292714423075,0.1763118271935702,0.3899869424106585,49.25933681019538,289.02201253773615,272.4004663686058,2.8180529446649865,2019,3
62,河钢舞钢,113.492311,33.28384,0.0512328537618949,6.669140365056049e-05,0.0003899829048653,0.1363938370359232,0.6857785159538602,97.05668398983369,293.15229927591565,279.94477415647526,2.3272846875447013,2019,3
63,泰山钢铁,117.627728,36.22141,0.0570547136274951,0.0001943610980041,0.0005034956105466,0.1553675198340258,0.5549396269383962,81.51288000135537,294.2701103257307,275.7562454607566,6.06627596637705,2019,3
64,济源钢厂,112.553774,35.086396,0.0570264394070105,0.0001725963378409,0.0003104520680297,0.1473043717891342,0.6531093811562002,112.56881457682336,295.40329514777835,279.03195363405143,4.018370311348161,2019,3
67,海城恒盛,122.83646,41.056042,0.0603371097111661,0.0001507592457417,0.0006696470200386,0.1794070015659996,0.4239955440584763,63.283771112310205,290.0135151855231,269.9478898698174,3.403431536875675,2019,3
68,涟钢,111.967343,27.747782,0.0611845591245591,0.0001055738228469,0.0003406437690083,0.1161235274647406,0.5635580189716858,105.62067132013908,295.3081298883148,283.1344385814131,4.903484649603843,2019,3
69,淮钢特钢,118.988442,33.566039,0.0547008012979245,0.0001866194639398,0.0003503116740883,0.1410414367054989,0.6879322444370649,78.78882942405843,291.32173531153273,279.20638017107484,14.713790367571931,2019,3
70,港陆钢铁,118.073913,40.183913,0.0550050073015703,0.0001537959936048,0.000673659354945,0.1742865753503493,0.4483563326863835,82.2519581333836,292.2797306200654,274.2795178309341,1.9230899039412976,2019,3
71,湖北新冶,115.125838,30.204603,0.0616444774475285,0.0001420057091114,0.0002518778894203,0.1225551133593506,0.7860597576195576,102.80376017135497,290.5921942070649,282.7157509328293,4.232700188233773,2019,3
72,潍坊特钢,119.238427,36.644469,0.0546470596517726,0.0001492774195734,0.0004460282461673,0.1573975574933914,0.6928660014929173,72.09239072381024,291.41172095852687,274.967958767856,8.879675435662955,2019,3
73,玉溪仙福,102.186364,24.012309,0.0410657337271162,3.175852166925826e-05,7.566138916883485e-05,0.1103504605403248,0.4144295115717951,33.217086529391786,299.7931864234868,289.3540363905784,0.7311901022443038,2019,3
74,玉溪玉昆集团,102.543682,24.465884,0.0366465454981964,3.236194419037811e-05,8.207033264214018e-05,0.1099832534340967,0.3469662655302,33.53705474331102,296.2062765687288,284.1310008065335,2.4428687984136745,2019,3
75,瑞丰钢铁,118.272056,39.497472,0.058985761323288,0.0002314995607684,0.000608276216243,0.1710596996842115,0.6077824479940808,86.74539691893256,293.47264220899586,272.5285540639534,2.3234470889386465,2019,3
76,甘肃兰鑫钢铁,103.933888,36.510351,0.0340015786686576,7.163415412754422e-05,0.0002580136629581,0.1454618814564612,0.3447163759753671,116.06866934243952,294.1520907884811,269.4019880123761,0.7289318997891605,2019,3
77,石横特钢,116.533981,36.229201,0.0506891359209574,0.0001963015043575,0.0003617903905564,0.1545471007918174,0.6277604083046023,88.21376264124761,293.4771785992724,276.6612180919321,2.810018993291321,2019,3
78,联鑫钢铁,120.774892,33.211332,0.0521180163745445,0.0001192553646825,0.0003080216262272,0.1386383287711213,0.7387190488069552,61.2351526295316,288.25526274820703,279.9168911728039,2.185593685802522,2019,3
79,荣程钢铁,117.495794,38.970638,0.0521170585253341,0.000232447624305,0.0004782870169531,0.1681946347969916,0.6060173074841738,65.07429546936429,292.0672720235825,276.37719615551555,10.252082456994897,2019,3
80,萍钢股份,116.27527,29.778431,0.0572640825159888,5.990621846755741e-05,0.0001337295857683,0.1214809860480553,0.8928477609710035,97.14352447369976,289.2366701035035,282.51664929616425,1.809845462174473,2019,3
81,衢州元立,118.848341,28.902581,0.0590251523885035,8.270275303014889e-05,0.0001182415592169,0.1178811778941023,0.8021603822050726,62.60359697307649,292.4719797526749,284.61645624086947,6.521573345401948,2019,3
82,裕华钢铁,114.098377,36.731752,0.0773856420979397,0.0002649133635852,0.0005479415161437,0.1546420100621369,0.605054440593462,82.92189938044449,298.29176654882326,277.25416249406976,2.8679816197208003,2019,3
83,西宁特钢,101.671414,36.66856,0.0308191839211897,7.646757734466768e-05,0.000420561115874,0.1452372761719354,0.2213944958077065,60.89666015896,287.24628079940044,268.1248533119778,8.783304786187317,2019,3
84,贵港桂宝,109.63938,23.089502,0.0560925417963268,4.336413809261412e-05,1.5896935275141498e-05,0.1104916108319735,0.8114759309518299,53.58606302469878,298.58510538931426,290.8835124130928,4.119809546401994,2019,3
85,辛集澳森,115.184798,37.752351,0.0535452010220104,0.000170351287992,0.0003459977086051,0.1607597641975295,0.7826333457930784,90.15787583166455,295.4241250274314,275.4945621194695,1.5815679430088172,2019,3
86,达州钢铁,107.453099,31.18945,0.0512366067982852,8.635609260767093e-05,0.0001551252705551,0.1265974114849764,0.7592736960476312,104.41084940673028,293.08156125589204,281.8027915773447,6.5271737561529495,2019,3
87,迁安九江线材,118.563418,39.95945,0.0738572754204529,0.0002532052213733,0.0005481466122908,0.1735597352874991,0.4761386481057669,75.16846099239105,292.33615834027404,274.49870387638185,4.145135185174619,2019,3
88,通钢,126.022349,41.779125,0.0472956374752377,5.5161242180496187e-05,0.0003977500179406,0.1840119589926664,0.2544614674923506,45.31769803861607,281.25213102803167,269.2833989639875,2.4596488054646537,2019,3
89,邢台钢铁,114.452352,37.041601,0.0584647147877907,0.0002243726843627,0.0004401542222954,0.156823815127503,0.656669734778457,95.6875823021619,297.6340687323771,277.6229328645417,9.146441715900249,2019,3
90,邯郸中普,113.928977,36.711757,0.0690443623617969,0.0002491558427313,0.0003454654893111,0.1544366418482363,0.599400489996818,83.10608844839871,296.1136575197464,276.18526461458083,1.200599727548342,2019,3
91,酒泉钢铁,98.286265,39.807065,0.0352862329066237,6.07540554390885e-05,0.0002894055364508,0.156825028007504,0.2979839762481823,59.12602634586974,293.9506819385319,271.9174885614687,5.709984537664688,2019,3
92,重钢集团,107.040368,29.790253,0.0538045516659613,0.0001069422214946,0.0002141517492434,0.1228386547323849,0.7709089986440357,113.5788471432828,293.5318229887546,283.62248847908575,6.461941124755472,2019,3
93,金鼎重工,114.111677,36.718952,0.0773798320261604,0.0002675574433331,0.0005693523744895,0.1546096446188588,0.6070333720140397,83.51342698411071,298.5706263337211,277.3660475002668,3.334022771940026,2019,3
94,铜陵富鑫,117.772866,30.907561,0.0543965494030638,0.0001096552215845,0.0002535311792931,0.1251986651389722,0.7667721563921238,94.18476117589223,291.14664410158406,281.1343467843688,5.333896745978768,2019,3
95,陕西略钢,106.167206,33.323678,0.0388676567329079,2.4775251760944573e-05,0.0002257297238856,0.1338785027618604,0.3922943277620689,63.6449033024556,289.248184350956,278.2222189015267,0.7138567415761843,2019,3
96,青钢控股,120.390032,36.216949,0.052338022321676,0.0001840516687019,0.0003423124316655,0.1556505775359534,0.6315182268332421,86.64601836017027,290.1609168940415,276.7330054031638,18.49010341488177,2019,3
97,鞍钢股份,122.983054,41.148267,0.0623878500644557,0.0001788333039344,0.0005168509470745,0.1798206696729971,0.4101493270222189,61.72874355248067,289.1296746530021,272.8413991441568,13.676695491717684,2019,3
98,首钢水城,104.877413,26.595229,0.0371239260972263,4.493587991607471e-05,3.451116851675777e-05,0.11244856653145,0.3837501401254226,37.00371564718807,295.9001864066694,283.1165925507117,6.821586595137203,2019,3
100,首钢长治,113.060809,36.356404,0.0435044308447514,0.0001438674654372,0.0003573361756496,0.1526468541092067,0.4952605722143904,73.09036311220143,294.94683785958097,273.08929416086386,3.799484375383801,2019,3
101,马长江,118.465162,31.502272,0.0539030665773005,0.0001546753754353,0.0002468953450999,0.1280090184705313,0.7103028121235528,90.8432965462912,290.1742181413792,281.50621226201093,6.250231771200282,2019,3
102,龙腾特钢,120.835685,31.723833,0.0574206855655126,0.0003040250268324,0.000389995889235,0.128819120403916,0.7357043485040065,78.2859785886103,290.93492588876865,280.702379884894,9.39111212984042,2019,3
103,龙门钢铁,110.575788,35.618466,0.0531607327696321,0.0001606396781161,0.0002785168518095,0.1480428582490445,0.5657958493999583,88.19693502216394,295.7668141567325,277.8321813852215,3.96232860137241,2019,3
1,东华钢铁,118.256774,39.468366,0.0686887697153059,0.0001971027704401,0.0003610536057763,0.1538605128408936,0.5683699471285399,67.93637672822967,298.1310519880278,278.8581331959087,2.2853455912841207,2019,4
2,东海钢铁,118.624794,39.748373,0.0673928308149084,0.0001876584996777,0.0003620662297249,0.1560911210537807,0.4957982079315934,62.25527284465147,299.2916405093368,277.62232181743883,3.001899737444921,2019,4
3,东特,121.759531,39.05443,0.0476266986645703,8.602657395944577e-05,0.0001553385920521,0.1581862566368386,0.4853533926995972,62.49314213368924,293.7722146650032,278.8024145951191,18.05333280991007,2019,4
4,中天钢铁,120.081591,31.702681,0.0581952860669454,0.0002286305767729,0.0004257222629387,0.1329192005045605,0.7617000160227293,64.02953545148193,300.3994086064573,286.4926516630876,12.017195843595127,2019,4
6,佰工钢铁,118.819472,39.748773,0.0640402977529893,0.0001709748114107,0.0004450989949063,0.155242300637125,0.4861027117305472,60.87655179953799,299.2326527169895,278.7301367403388,2.293996240406697,2019,4
8,兴澄特钢,120.320504,31.938905,0.0583967815373531,0.0003133517679239,0.0002473221502802,0.1332204813564003,0.8575413802827732,60.46998171532796,298.7144083206842,286.4532550700919,15.183709483252075,2019,4
9,冷钢,111.437288,27.690401,0.0587326389012771,5.962037124590521e-05,0.0004472261688961,0.1255719838421883,0.4059478658250386,66.4549209061624,300.03830147664286,289.9564688546618,2.3605991570717384,2019,4
10,凌钢集团,119.41374,41.271048,0.0438090209890566,5.499557169069423e-05,0.0002915023366982,0.1610742916523997,0.2864657393655749,40.2036665201844,299.97037760647714,277.0864116913011,2.882165201283032,2019,4
11,凤宝特钢,113.872158,36.131666,0.0620039265697794,0.0002184423719729,0.0005607957408061,0.1399534956089925,0.4888307166670535,91.24289694940592,302.7876499632718,283.49681359950165,3.0492510238732264,2019,4
13,南钢股份,118.746315,32.200797,0.0576141790052237,0.0001846127345156,0.0002459864575099,0.1352540934882505,0.8554926685653385,69.11073313631277,298.27937195759534,287.2228684352916,14.17439113354058,2019,4
17,太钢,112.57052,37.970033,0.0480703871766406,0.0002446177478447,0.0002215425133111,0.1431644462466525,0.5664470183722238,85.50399340714286,297.0964272718875,280.5906795533887,13.328961441457563,2019,4
19,宁波钢铁,121.876423,29.918776,0.0536424778177935,0.0001163536508727,0.0002359930098361,0.1299805412257748,0.6395743016613198,40.73370486959573,298.36475481198653,285.3158995454992,16.607702489154576,2019,4
20,安徽富鑫,118.067833,31.194505,0.0590376231906642,0.0001289732667414,0.0003150023349392,0.1314077227961591,0.6969900368014348,67.40330732588698,296.65282534917844,288.5131383087884,2.517654095432984,2019,4
21,安徽贵航,117.251147,30.531068,0.0578120883468261,8.312824005588688e-05,0.0001985481066771,0.1298389606710349,0.6927033947957338,68.15460551479191,295.990431026811,289.40468894215235,2.890567189537238,2019,4
22,安钢信阳,114.038243,32.488704,0.0556727489952445,4.664598583321271e-05,0.0003051792693598,0.1341127462210088,0.6696925275482044,79.01365250972958,301.0045759192701,285.16299157701354,1.0757079293313077,2019,4
23,安钢股份,114.283145,36.122129,0.0606421230974286,0.0001787687688098,0.0003979070004971,0.139584380155377,0.7174276709433139,100.14121696823906,301.4490295295386,284.5148113076163,7.472958275003503,2019,4
24,宏兴钢铁,118.871477,39.700721,0.0633580363309145,0.0001698669307229,0.0004493501201,0.1549974307684671,0.5003767120892363,60.87655179953799,299.3125719025342,278.0649869178769,2.136537498826829,2019,4
26,宝武鄂钢,114.861313,30.39574,0.056686661020056,0.0001132292360732,0.000255454159812,0.1289740282653065,0.6200991036858124,81.89316457627027,298.54266608377293,289.8215363746873,7.628491557906631,2019,4
27,宝钢八钢,87.304639,43.852147,0.0371482314893623,0.0001235405791658,0.0001554330552586,0.1464044156083381,0.2183170944392186,46.26588742305582,300.8189147221877,280.6727281596812,6.332170084813428,2019,4
28,宝钢股份,121.440087,31.41623,0.0555725837698109,0.0003451535015656,0.000367029155543,0.1334504309921994,0.7562231941234666,56.83880608722234,300.1916460833942,286.4964917498118,19.7062572593485,2019,4
29,山西中阳,111.161118,37.370796,0.0410456914277714,0.0001095094912268,0.0003598203577989,0.1415283058854042,0.3684572548963888,80.86654190719855,298.0727622253412,279.40396080372125,1.4273027563239562,2019,4
30,山西建邦,111.37916,35.668163,0.069757343393893,0.0001416471960046,0.0006578297291822,0.1395846577875955,0.6599773262273491,99.03806818753864,300.1879876749747,284.6461573427624,3.4665887282486847,2019,4
32,山西晋南,111.51465,35.678541,0.0621774681673139,0.0001251852593524,0.0004986193330186,0.13949440134811,0.5951860285143333,84.69426404644764,301.120934622452,284.1711021270265,1.9059759303346764,2019,4
33,山西高义,111.258436,35.586841,0.0646296732824991,0.0001269644028179,0.0005180660655283,0.1392883259969809,0.6174413646288396,97.55029899285483,302.1907826721954,284.97803082931944,1.448799413023418,2019,4
34,广东韶钢,113.654289,24.704815,0.0563781626765159,6.603450126876774e-05,-3.3121153568330365e-05,0.1232656059903496,0.6964939331150567,40.557410983081134,298.72783042988925,293.2971839953029,3.311138564261379,2019,4
35,建龙西林,129.287919,47.495036,0.0403245174571729,1.9874830907123623e-05,0.0003012940248108,0.1907431595069243,0.1919038916360966,19.145198088533267,287.2835369902491,272.6686500898632,0.3548289362219915,2019,4
36,德龙控股,114.384832,37.086116,0.0593126332910255,0.0002046519236122,0.0005254058477491,0.143420046843045,0.74278221108441,103.59065072407247,303.23539546131946,283.6853075066788,5.315815416442957,2019,4
38,攀钢集团,101.693628,26.551896,0.0481980658686502,6.888626206845703e-05,8.356401850332214e-05,0.1226231606110343,0.2282201453600374,49.49758292127626,310.5740478171644,294.38168871640005,4.111826203089676,2019,4
39,新兴铸管,114.128189,36.621504,0.0649518466873972,0.0002657033680265,0.0006883331313658,0.1404784923523857,0.6335617568292158,95.19945286499215,303.72535395516906,283.4080019814207,3.264278729385764,2019,4
40,新金钢铁,114.216151,36.715444,0.0667818514047826,0.0002500493078614,0.0005558918883989,0.1410410697841675,0.6684846122495942,99.089346676862,304.4577030269472,283.3267039651095,3.3088531592382298,2019,4
41,新钢集团,114.932403,27.790574,0.0589154463824668,6.685085993555137e-05,0.0001788754288554,0.126584418100541,0.5321964114684551,54.01269648231777,300.9115589554871,291.9829123295341,4.709516956969093,2019,4
42,方大特钢,115.99204,28.645441,0.056157708535944,8.899808470347404e-05,0.000287014522121,0.1275396905706419,0.5360093412805563,66.39989891255027,299.6767338805382,290.521250501411,12.168199723495,2019,4
43,日照钢铁,119.36115,35.158382,0.0661061837720851,0.0001300896233553,0.0002005235438063,0.1420955456686234,0.8294439610408814,60.55192780414933,297.10693102047946,282.3058850108768,7.814990155971918,2019,4
44,日钢营口,122.395441,40.671136,0.0514518559136542,0.0001002148475698,0.0003301281845796,0.1643540413525874,0.224913930268728,48.59168711845996,293.2421355970674,278.4876013193102,5.019536815250214,2019,4
45,普阳钢铁,113.925994,36.733675,0.0651965784822871,0.0002696818369249,0.0008813500505664,0.1411416085733698,0.62282570422627,93.47133007187772,303.0602323435456,282.7495607267021,0.8632059247223232,2019,4
46,本钢集团,123.722099,41.274132,0.050306349351687,0.0001393718436672,0.0005528877386494,0.1646181815804198,0.1652863955735275,44.01452037666835,291.98784873482947,277.29947289141194,6.751814299609223,2019,4
47,柳钢集团,109.373148,24.379047,0.0633636823865397,5.167271246163679e-05,-2.2986055586045146e-05,0.1229828055737935,0.7548924810669497,42.44884138674039,297.8539840274667,294.3196260236335,11.183646776477223,2019,4
48,桂万钢,108.412344,21.687637,0.0659645780156257,2.93105228492985e-05,-8.710457500327592e-05,0.1204233947587752,1.2625268843369772,31.397558331036635,301.62729810018845,296.18084421477835,4.596562401878503,2019,4
49,武安文安,114.177621,36.684389,0.0679821122553117,0.000261083332658,0.0006157996351683,0.1407991757749314,0.6640185238456459,97.3142154715518,304.43624042195336,283.4130212977427,4.000016441291049,2019,4
50,武汉武钢,114.444975,30.616222,0.0567188226853734,0.0001540273049334,0.0003033794955195,0.1291753785978426,0.589174421596709,82.68911955156,298.5351969519724,289.92362734926354,14.47291973639161,2019,4
51,永钢集团,120.739658,31.839485,0.0582292451358619,0.0002796915578377,0.0003316466432715,0.1333881142755398,0.7405086680365699,59.69111782633263,297.64394937667,284.4837380263387,6.331959807235783,2019,4
52,汉冶特钢,111.534635,33.269324,0.0518602801866588,4.586957539393277e-05,0.0003332033483102,0.1324669933665283,0.5470339446941492,81.44932195364163,299.93287716121586,287.02799910874285,1.2396209822897817,2019,4
53,江苏镔鑫,119.279989,35.09556,0.0634918824081003,0.0001229225332121,0.0002595324621997,0.1414295838470781,0.7520935312697529,59.0950454688508,297.33922662698507,282.1433525825801,5.945524784732608,2019,4
55,沙钢股份,120.647295,31.967456,0.061511331471195,0.0003117240673923,0.0004045020584628,0.1341461820958745,0.8022625419909821,58.81798777841888,298.2315955706519,285.15648528585814,8.887204482535422,2019,4
57,河北新华,117.784839,38.288605,0.0562977526198572,0.0001035885581397,0.0003995046540065,0.1487777729336963,0.6996338169039593,60.82470292288821,293.9627663478292,283.60066159999224,8.064476819131897,2019,4
58,河北津西,118.220547,40.209844,0.0603773732053251,0.0001606146987843,0.0004717575544767,0.1558138497045945,0.4854095125934274,68.66591691240272,298.4133847172857,280.28058528312897,1.886541557062243,2019,4
59,河北烘熔,113.981172,36.640411,0.064732231551613,0.0002682256594815,0.0007518712228264,0.1406094930055766,0.6110237445011051,94.28450198356586,303.88115508178896,283.138755764813,1.0647128739263063,2019,4
60,河北荣钢,118.558755,39.880661,0.0670627723226151,0.000198086478441,0.0003875092523018,0.154523643538342,0.5179575755915343,63.69198790383556,299.4756319719657,278.7043301527144,3.6058480665688095,2019,4
61,河钢承钢,117.734527,40.952513,0.0475138531994601,9.416781852941896e-05,0.000370559481797,0.1557435945677268,0.3329333514623939,48.9438139409658,298.8969202706555,278.96281852960715,2.800901429176223,2019,4
62,河钢舞钢,113.492311,33.28384,0.0494634459402561,5.22442112162746e-05,0.000341267579812,0.134994354763315,0.6840741498603405,81.49112693340773,297.16957056951617,286.1595824549091,2.0612115829452047,2019,4
63,泰山钢铁,117.627728,36.22141,0.0636667245595984,0.000146050798008,0.0003669401885261,0.1435275115316943,0.8341602341191703,67.26317991478936,300.48812635213176,283.1877319509055,5.751395295258378,2019,4
64,济源钢厂,112.553774,35.086396,0.0541748655962846,0.0001293360872557,0.0004745222005851,0.1388878884532845,0.7179087384875374,109.62558416977016,300.22942072477645,287.8344008752973,3.655394887840303,2019,4
67,海城恒盛,122.83646,41.056042,0.0520319481468398,0.000106089522145,0.0003677018673831,0.1640476844695763,0.2236893588868392,46.76214615528807,298.99603202634324,276.9452187819696,3.473271215885198,2019,4
68,涟钢,111.967343,27.747782,0.0619511401940566,9.42071635326441e-05,0.0004146284382094,0.1258366662260396,0.5299290865283409,75.13820321491949,299.389725565532,290.90318874919166,5.003516276225784,2019,4
69,淮钢特钢,118.988442,33.566039,0.0531803647455753,8.78252062056388e-05,0.0003558125360203,0.1384067996051712,0.7550894409723585,59.665115536639526,297.5935763801912,284.8356709752587,12.581126682990355,2019,4
70,港陆钢铁,118.073913,40.183913,0.0602749313437912,0.0001779095345057,0.0004423225518469,0.1556994985217762,0.5076208668146543,70.53746742258227,299.94075945041845,280.1663295660395,1.90529968763798,2019,4
71,湖北新冶,115.125838,30.204603,0.0547760119133788,9.19736355313153e-05,0.0003663134944412,0.1287898183748895,0.5991292794539669,77.83788191773056,296.8061108148803,289.70734140368387,4.234651562797732,2019,4
72,潍坊特钢,119.238427,36.644469,0.0560098553123817,0.0001027267086944,0.0002615547383609,0.1461656441210947,0.8850709033604856,58.85304332764463,296.6785826762503,280.43210963340624,7.985682316097383,2019,4
73,玉溪仙福,102.186364,24.012309,0.044263453078259,2.173932393055986e-05,2.258998328896636e-05,0.1207017062186354,0.5428231257518973,36.40460034020053,305.534540210948,292.781140448122,0.7567565635201967,2019,4
74,玉溪玉昆集团,102.543682,24.465884,0.0396884563788378,2.4513863836502344e-05,4.389004506573864e-05,0.1206063869808133,0.4544944809435741,36.5259736618921,301.4060552406903,287.5173344496905,2.343909707393021,2019,4
75,瑞丰钢铁,118.272056,39.497472,0.0686903853011426,0.0002007639017899,0.0003749827566159,0.1542906743847762,0.5661406626426999,67.48789261221496,298.5154466816599,278.61226969440685,2.509041412266888,2019,4
76,甘肃兰鑫钢铁,103.933888,36.510351,0.032174152797518,6.121111768908422e-05,0.0002016290552676,0.1349707784095294,0.2205472235011068,145.0755604537335,306.0423139744817,280.15950967331986,0.689929442396399,2019,4
77,石横特钢,116.533981,36.229201,0.0546271176944952,0.0001444095159584,0.0002464417866037,0.1431270618263264,0.8971718360101636,80.7699408612704,298.46014854039305,283.36768406843896,2.82794627933361,2019,4
78,联鑫钢铁,120.774892,33.211332,0.0508690630873017,5.891794319923588e-05,0.0001894776739042,0.1370442363510273,0.8032403599107434,47.392244646068285,293.7437967248211,283.5115474816925,2.165782717244777,2019,4
79,荣程钢铁,117.495794,38.970638,0.0601625736913246,0.0001914979854918,0.0003160172942086,0.1518204858313752,0.641136009156299,59.03601883116988,297.8061417561313,282.5126603964946,10.790125056128169,2019,4
80,萍钢股份,116.27527,29.778431,0.0559821618538058,6.767876021005006e-05,0.0003519172098262,0.1278791016296564,0.5900103865175778,65.49712141522133,296.6280566391493,289.8438281172595,1.786275581163065,2019,4
81,衢州元立,118.848341,28.902581,0.0550917890535193,6.661851047844084e-05,0.000137724528636,0.1281778604960771,0.5911477693336584,50.0009349480024,298.81228655828977,289.14903395363325,6.1963419532648345,2019,4
82,裕华钢铁,114.098377,36.731752,0.0732195281777,0.0002761664992297,0.0007362071986278,0.14094373534616,0.6547826631679462,93.6105160376426,304.89314277542155,282.5433639512551,2.7056998929175573,2019,4
83,西宁特钢,101.671414,36.66856,0.0308606645593165,6.873151078633435e-05,7.886251332650251e-05,0.1323123385613059,0.1757342199262193,75.52200997906766,300.5288682258385,276.9587496409936,6.462385940373671,2019,4
84,贵港桂宝,109.63938,23.089502,0.0629355398402868,3.751273855897176e-05,-5.348487927693436e-05,0.1217874394611142,1.3122074384083318,40.83962046399391,301.84185936255943,295.7935065039821,3.476319781103398,2019,4
85,辛集澳森,115.184798,37.752351,0.0531892052392657,0.0001335148589508,0.0005519995586249,0.1457026841769989,0.7184232238318534,91.87788663211904,297.5002289257883,281.8285796837913,1.3931450393025475,2019,4
86,达州钢铁,107.453099,31.18945,0.0519322784175651,6.72361668773359e-05,0.0001976442455734,0.1297618517593923,0.5759368907748388,79.92832363426972,300.27538761037573,291.419674013424,6.338636753780072,2019,4
87,迁安九江线材,118.563418,39.95945,0.0662410991810616,0.0001919523795062,0.000449296501096,0.1551486920339241,0.5348169731409768,64.23761286085843,299.18840735690435,279.75776674631066,4.34830466324372,2019,4
88,通钢,126.022349,41.779125,0.0447572535047232,4.508403764836754e-05,0.0002387036863398,0.1680712104937628,0.2402762091133629,34.954773298068176,288.7566680239848,273.5530886488416,2.063263532547836,2019,4
89,邢台钢铁,114.452352,37.041601,0.0583410778911053,0.0001915172726309,0.0004168198447534,0.1431611846865456,0.7333402147182425,103.59065072407247,302.3388894933625,283.87407354312614,8.646707637682661,2019,4
90,邯郸中普,113.928977,36.711757,0.0657244968945611,0.0002751372765141,0.0008604283343113,0.1410871269488844,0.621423125789452,94.06282174363156,303.4588915671652,282.85736348475155,1.0738875425714396,2019,4
91,酒泉钢铁,98.286265,39.807065,0.0347884744077213,7.672237168951192e-05,0.0001473539504487,0.1406047343053856,0.1821028686453308,112.35793226933303,305.6608356377107,281.8033787440247,5.366731355415688,2019,4
92,重钢集团,107.040368,29.790253,0.0545309374360978,9.28180763269938e-05,0.0001737300181914,0.1281186351217671,0.6888935250170783,79.06343457822013,301.0840928329536,292.9059716097637,5.663734357395615,2019,4
93,金鼎重工,114.111677,36.718952,0.0728096930607971,0.0002756412808371,0.000720282985029,0.1408796933921201,0.6587546391081268,94.27923883891155,304.9999574701884,282.78507945133305,3.2150655825447454,2019,4
94,铜陵富鑫,117.772866,30.907561,0.0590270606804976,0.0001053158154425,0.0002786122537532,0.1297716478945694,0.6975032168097094,70.64986159949042,296.69573343162136,289.1248143100746,6.025956479004249,2019,4
95,陕西略钢,106.167206,33.323678,0.0395063730425799,2.116330696300487e-05,0.0002263359341061,0.128717477117845,0.3451764313799914,63.190102817881446,294.21969530865016,286.73357454457727,0.5467532442985236,2019,4
96,青钢控股,120.390032,36.216949,0.0504223053288821,0.000134129190967,0.000230400103199,0.1459798720800441,0.7799422456564734,63.24400914081707,295.8769590605884,281.9408459535294,17.84948721383412,2019,4
97,鞍钢股份,122.983054,41.148267,0.0535595124290044,0.0001202052356031,0.000325059878424,0.1633350611272692,0.2204962317334274,45.56777907038737,297.58243063903257,278.82175108566247,14.8896971219453,2019,4
98,首钢水城,104.877413,26.595229,0.0425004308895809,4.822139765645412e-05,0.0001024404413111,0.1221530720589108,0.4949677070388397,38.17342886236474,300.69485663547897,286.84433504422293,6.7417262249209085,2019,4
100,首钢长治,113.060809,36.356404,0.0490327015361134,0.0001543345906,0.0003874221102744,0.1391222123078622,0.4708071977732785,76.8584274806607,303.16097477840884,281.17630004429003,3.7120370412995713,2019,4
101,马长江,118.465162,31.502272,0.0562195432975315,0.000110794506415,0.0001700449370407,0.1333266041054852,0.8478367015556296,66.5745419379397,297.1034947330802,288.31120935767706,6.08986693286206,2019,4
102,龙腾特钢,120.835685,31.723833,0.0529369377980506,0.0002682084490587,0.0004423010325196,0.1333189453264405,0.7225794424037122,59.69111782633263,298.1597429774773,284.8829850775693,9.723326898980636,2019,4
103,龙门钢铁,110.575788,35.618466,0.0619200421741346,0.0001608115228527,0.0004282336875403,0.1384097867123012,0.7401008533424263,93.68820676611624,300.9079083889634,285.0692097931306,2.883295600440168,2019,4
1,东华钢铁,118.256774,39.468366,0.0516705064686654,0.0001456517326622,0.0002470196019453,0.1584859066332013,0.5584116812962698,73.1270127729234,305.21756575452446,286.6814234534421,2.52665640581228,2019,5
2,东海钢铁,118.624794,39.748373,0.0581243026499612,0.0001693626228884,0.0003782079317897,0.159732458576481,0.4319854032288056,53.29297783996746,310.42716753484115,286.3110264854011,3.240443565773564,2019,5
3,东特,121.759531,39.05443,0.0463056516957019,9.35407803631794e-05,0.0003187060279415,0.1613241637350103,0.4465642004044987,48.90168440209176,302.7127629468317,286.3540553856851,16.381089897229764,2019,5
4,中天钢铁,120.081591,31.702681,0.0539111788088207,0.0002005116756838,0.0001782353008944,0.1339598411692542,0.5855402733870855,54.755115996840686,306.37549551539325,290.9848433131531,12.395625983665893,2019,5
6,佰工钢铁,118.819472,39.748773,0.0612461318301086,0.0001758964570522,0.0002904917020085,0.160058884905846,0.4338240325469518,52.42397804749999,308.5060321844056,286.90864445788486,2.6140699352548253,2019,5
8,兴澄特钢,120.320504,31.938905,0.0555889332611135,0.0002346887933654,9.400621418376654e-05,0.1346885336219347,0.5479150985489897,54.43996703943974,306.2768664157109,289.8401217941473,15.89839565369983,2019,5
9,冷钢,111.437288,27.690401,0.0560741072442696,3.6365607181307554e-05,6.85427904810364e-05,0.1235055584866561,0.4118252549834401,77.54156363211426,301.5025482553576,290.6492834816195,2.337756653508211,2019,5
10,凌钢集团,119.41374,41.271048,0.0421282286329924,3.984159395117863e-05,0.0002206869871718,0.1661379096776653,0.2769674435926104,35.27965313603879,306.12305627786225,284.49848474314194,2.7611748233543003,2019,5
11,凤宝特钢,113.872158,36.131666,0.0536194226502754,0.000106437423508,0.0001931365590264,0.1403021681223079,0.3618008671642626,68.1528426158898,309.23834211271725,288.91460779190305,3.785394334489826,2019,5
13,南钢股份,118.746315,32.200797,0.0525585562483222,0.0001764050824566,0.0002749668632013,0.1334856982931578,0.4406761572093258,62.681095869265846,303.95497125880473,290.8006646447125,14.380572203803467,2019,5
17,太钢,112.57052,37.970033,0.0424861539148607,0.0001626143962053,0.0002359904111499,0.1445628985208963,0.4783339769025864,72.32648727018181,305.547427991964,285.4125860011683,13.420736647063856,2019,5
19,宁波钢铁,121.876423,29.918776,0.0505607300561612,0.0001262774915797,0.0001383857279003,0.1306316300575522,0.5836580301173186,39.16742641259157,302.84325454836505,290.19548285096744,16.450441976674917,2019,5
20,安徽富鑫,118.067833,31.194505,0.0561451248835781,0.0001123606141901,0.0001593009882316,0.1315526352075572,0.4996490400193855,62.507989312886245,299.4942831424804,291.6158819294756,2.3630381235545976,2019,5
21,安徽贵航,117.251147,30.531068,0.0519152317795318,7.217731934803726e-05,6.004294469918141e-05,0.1294882868588892,0.5488150845467492,65.22678575038299,300.4931011595817,291.40787026737735,2.9103721282009243,2019,5
22,安钢信阳,114.038243,32.488704,0.0501249838949278,4.966942739131285e-05,8.806357352513111e-05,0.1311713417585254,0.4996206446273904,71.8081238915147,306.11738970815526,289.1862127194589,1.1593203805844583,2019,5
23,安钢股份,114.283145,36.122129,0.0569498859088112,0.0001232777333208,0.0002814258016826,0.1409826456433841,0.4960804284768917,73.18955747490602,308.4889858475364,289.90174589473014,8.071253564770705,2019,5
24,宏兴钢铁,118.871477,39.700721,0.0610370563893241,0.0001732807954482,0.0003094834452518,0.1599278439150061,0.4360478326829167,52.42397804749999,308.83885281572697,286.27176955859966,2.3878565400795786,2019,5
26,宝武鄂钢,114.861313,30.39574,0.0551360051427267,0.0001127160113488,0.0001406930609004,0.1284411282518773,0.5665974501526672,81.92322446847079,301.6283396772169,292.5245480843473,7.500468844313604,2019,5
27,宝钢八钢,87.304639,43.852147,0.0343296265078383,0.0001110262617898,0.000212653233575,0.1547549502183158,0.2904381358903572,46.63524097207913,303.33997220482115,283.2806322714313,6.322449029626994,2019,5
28,宝钢股份,121.440087,31.41623,0.0497224612980132,0.0002531889666213,0.0002621208146751,0.1340312419750586,0.6140536773398787,54.76216540848081,305.8270682620944,291.3441044672573,19.633459128477185,2019,5
29,山西中阳,111.161118,37.370796,0.0394767813079712,8.253206950200555e-05,0.000250999471228,0.1414018708189617,0.3709026366649534,68.50657996437803,300.1517366161605,284.1808944098495,1.7422876322915877,2019,5
30,山西建邦,111.37916,35.668163,0.0713805746997009,0.0001134052438018,0.0003324521201921,0.1372183169724713,0.5778119377034517,90.47038412185192,304.21494006299616,288.3300386305552,3.5096400160264243,2019,5
32,山西晋南,111.51465,35.678541,0.0674230425191358,0.0001198677888289,0.0004022500068806,0.1371577623999694,0.5501755521273263,77.69826737558105,305.6008231672652,287.83674362259853,1.9358275399680696,2019,5
33,山西高义,111.258436,35.586841,0.0636822828212029,9.8222601941773e-05,0.0002764552875136,0.1371472580088232,0.5192430407390669,91.46263925984486,306.82109913723525,289.69865179386244,1.7189992022099738,2019,5
34,广东韶钢,113.654289,24.704815,0.0519017769067026,4.521366775828643e-05,-5.829885398621487e-05,0.12399288870444,0.8730165167792387,45.22522290765925,302.40175185139947,294.9484635796583,2.55555731083679,2019,5
35,建龙西林,129.287919,47.495036,0.0400964837323227,1.7621168993471455e-05,0.0003534537348363,0.1810043919499814,0.2789298274332686,22.1068094862534,292.6616707431634,280.1399783902226,0.3877953028955245,2019,5
36,德龙控股,114.384832,37.086116,0.059625128628949,0.0001718441237904,0.0003124287824526,0.1448929160762779,0.4880033446950141,76.98797332977847,310.5702160247944,290.62098346802804,5.84852981576136,2019,5
38,攀钢集团,101.693628,26.551896,0.0432450161260143,5.685966036684326e-05,6.507845827345224e-05,0.1198712480999583,0.2669913532073093,43.12776624715298,312.510938465248,297.7508020184574,4.02301698483415,2019,5
39,新兴铸管,114.128189,36.621504,0.0654336925980244,0.0002020053434042,0.0003606983760452,0.1424209349344296,0.4119794013775391,71.67367170350339,310.2223320080194,289.283644013406,4.056842602542657,2019,5
40,新金钢铁,114.216151,36.715444,0.0741506473596146,0.000205423212411,0.0004140953880711,0.1429280880721346,0.4382689711501055,73.26433792163542,311.57207343741555,289.46754992207093,4.1244216142784325,2019,5
41,新钢集团,114.932403,27.790574,0.0578853893135027,6.81197094375189e-05,0.0001948754515804,0.1249174604360652,0.7012843768158434,66.7398226698784,302.88718914939665,290.31074166239085,4.375472960125839,2019,5
42,方大特钢,115.99204,28.645441,0.0557240851374792,7.181285503932172e-05,0.0002215636863431,0.1265486321734804,0.7599648245762695,78.38178106567284,303.9187165216443,291.7465815158161,13.414177638971172,2019,5
43,日照钢铁,119.36115,35.158382,0.064933157851222,0.0001319710731064,0.0001628098665718,0.1433610205925582,0.3124339551716405,73.43124241978424,305.7694010133934,290.3951870637632,9.461767246134734,2019,5
44,日钢营口,122.395441,40.671136,0.0490892571090102,7.625779225217188e-05,0.0002639722475932,0.1694811223953781,0.3316555801398905,56.15460807462114,302.85950041247685,286.2766099797956,4.970902455745709,2019,5
45,普阳钢铁,113.925994,36.733675,0.0674518147456651,0.0001698422786546,0.0004610977859816,0.142191766150013,0.4009404825949289,70.88393268087972,308.53852584259204,287.7446015863301,1.215462430361565,2019,5
46,本钢集团,123.722099,41.274132,0.0500776802006791,0.0001105875244985,0.0002464420013918,0.1714990245512722,0.274892653649085,33.4716043891992,299.5703459713268,285.03674843907174,6.702177161807948,2019,5
47,柳钢集团,109.373148,24.379047,0.0582619411608751,8.349912913241412e-05,8.425863229537561e-05,0.1235667763533835,0.7575170797169644,49.31214458011815,303.0652023439634,294.35969770833066,6.003086037222534,2019,5
48,桂万钢,108.412344,21.687637,0.0526049637681505,4.423234466506767e-05,-8.935810057448985e-05,0.1229725238453157,0.686711603360161,31.980377457330174,303.7090399508545,297.11046309917265,4.180062568659352,2019,5
49,武安文安,114.177621,36.684389,0.0738061509856542,0.0002108438057259,0.0004167476324847,0.1427554270545944,0.4295998090992116,72.5070029427278,311.3126738836935,289.5216515496201,5.061884861506621,2019,5
50,武汉武钢,114.444975,30.616222,0.0611736198252798,0.0002224711851274,0.0002739410965911,0.1284990044293584,0.5953289744258196,84.52313693396718,300.23524923264256,292.6993315341657,15.84741469850055,2019,5
51,永钢集团,120.739658,31.839485,0.0546045016688559,0.0002251632170014,0.0001165010181572,0.1345711421125764,0.6086527739498391,54.65454933073488,303.74318989423887,288.31337036839807,6.193871445011662,2019,5
52,汉冶特钢,111.534635,33.269324,0.0512856304434722,5.089974769895732e-05,0.0002249087857224,0.1308778283485322,0.4674313833569601,78.20970893135382,307.0180044908578,293.1301273457597,1.2271924706218569,2019,5
53,江苏镔鑫,119.279989,35.09556,0.057269314771078,0.0001137418370126,0.0001515332876464,0.1431116581605659,0.3005938518027761,64.60201388603586,306.23515842259104,289.4923189395844,7.175325974740266,2019,5
55,沙钢股份,120.647295,31.967456,0.0585142152337962,0.0002524207015856,7.018141911169161e-05,0.1346301524693693,0.6339055558388975,54.0698365347488,304.78935949401017,288.4868661631859,9.148492057986005,2019,5
57,河北新华,117.784839,38.288605,0.0525638613315707,9.47588989852826e-05,0.0002216886844375,0.1542665593216214,0.6063240363243294,51.78212875277417,303.52731997204523,291.3237297130237,9.120221655452967,2019,5
58,河北津西,118.220547,40.209844,0.0553245573102327,0.0001245992444198,0.0002158414814021,0.1604074558994901,0.3792178430818927,56.47010210474144,304.04567587847816,287.4754539494048,2.043104945071198,2019,5
59,河北烘熔,113.981172,36.640411,0.062566057778036,0.0001747311766032,0.0003340746913358,0.1421737451431887,0.3910190120426148,71.31313140007478,309.3044762583604,288.4322545030193,1.530848188837211,2019,5
60,河北荣钢,118.558755,39.880661,0.0624503564075216,0.000189871019214,0.0004396463308738,0.159800764764306,0.3956557963921457,54.19853091953413,308.2350151132178,287.7165994115177,3.813582190446065,2019,5
61,河钢承钢,117.734527,40.952513,0.0433014060639586,7.584695261137155e-05,0.0003077204390903,0.1618739393341643,0.2972962547887902,40.93454206235292,304.08303548769135,285.2334992409412,2.828083128728563,2019,5
62,河钢舞钢,113.492311,33.28384,0.0486129294121456,5.31347577755704e-05,0.0001811509880033,0.1316992318167154,0.4779158229119844,73.07144335074048,303.1754241120719,292.2214782418402,2.073599734128401,2019,5
63,泰山钢铁,117.627728,36.22141,0.0533677193344255,0.0001063896919045,0.0002269323712948,0.1446968548102009,0.4757622871741014,54.040960151269246,307.4389111832776,288.7470628059924,6.15222667997874,2019,5
64,济源钢厂,112.553774,35.086396,0.0552145453879594,9.850716695825042e-05,0.0002118699859816,0.1361200871316026,0.4665030659275844,92.72410860449116,306.2270060328486,291.1338532292776,4.183810538425664,2019,5
67,海城恒盛,122.83646,41.056042,0.0480018397467331,9.16061997834706e-05,0.0001862014561099,0.1704312010693747,0.3150646994904735,38.29828543189251,307.4593002487076,284.2908561111753,3.4634885953698857,2019,5
68,涟钢,111.967343,27.747782,0.059305022018027,8.227020921209507e-05,5.596317376529703e-06,0.1240403165995582,0.5761231082975106,89.33853479220488,302.7702179190261,290.4442668725006,4.895169351086543,2019,5
69,淮钢特钢,118.988442,33.566039,0.0508705560565631,8.034061035003892e-05,0.0002471451554974,0.1373319615041061,0.5114062385497129,54.32573194432919,301.888151030986,290.4111175733434,11.756456090150278,2019,5
70,港陆钢铁,118.073913,40.183913,0.0523687158016052,0.0001266042758582,0.0002220036019257,0.1603395905525035,0.3891880018109204,58.20355397645472,305.2916560026505,286.6952420063656,2.1124986496375886,2019,5
71,湖北新冶,115.125838,30.204603,0.0541879641581319,0.0001106807759556,0.0001732183397849,0.1281070633000876,0.5344900590231565,76.69022750178556,300.20894508703094,291.7965903140981,4.2577245034319,2019,5
72,潍坊特钢,119.238427,36.644469,0.050956945198456,8.59342529344928e-05,0.0002471636341089,0.1480686070745117,0.597991287957817,47.36135750249559,306.7960366869472,287.0238361892526,8.685088848358623,2019,5
73,玉溪仙福,102.186364,24.012309,0.0408478800289771,2.4246847376555624e-05,-6.142496295245356e-06,0.1204889467687168,0.3664915133267096,24.098350575753923,308.1720707272081,296.0353590940946,0.8284827756436501,2019,5
74,玉溪玉昆集团,102.543682,24.465884,0.0384309643831323,3.1882306699116086e-05,1.2218307410001232e-06,0.1201076077388713,0.3356939657782496,34.493179060320905,304.4957829905915,290.3861293824568,2.29250177457478,2019,5
75,瑞丰钢铁,118.272056,39.497472,0.0527246561459002,0.0001567143896491,0.0002547362594824,0.1585983914453444,0.5309052191725553,73.16575466583551,306.067250940508,286.3020574669728,2.713088656677012,2019,5
76,甘肃兰鑫钢铁,103.933888,36.510351,0.0315742470467795,5.034252706081409e-05,9.51405185630982e-05,0.1330290961863646,0.4415600285968399,132.0184566111493,305.5370484515887,280.0053764696532,0.807296291697373,2019,5
77,石横特钢,116.533981,36.229201,0.0506161803877842,9.55823294626631e-05,0.0001607441301727,0.1444041679758388,0.4500903530669707,63.522865631762286,304.7569073708415,287.5634970608116,3.194393861624846,2019,5
78,联鑫钢铁,120.774892,33.211332,0.0500051045346277,5.5890405689918144e-05,0.0001587337396945,0.1375426421546505,0.5022965052247347,45.09763183269253,299.7299538636587,289.44566492135,2.444410738327961,2019,5
79,荣程钢铁,117.495794,38.970638,0.0536297640782659,0.0001721705831939,0.0002231005372605,0.1553434375513613,0.5763526613300275,54.52130324822329,307.07242659681685,289.52914044758097,11.018698735247066,2019,5
80,萍钢股份,116.27527,29.778431,0.0541912480790016,6.216134040374782e-05,0.0001215045962325,0.1279370872253421,0.5971054550763726,65.82218796290398,300.7720261938639,290.961375806376,2.050012867985571,2019,5
81,衢州元立,118.848341,28.902581,0.0545705507620381,6.265725048985871e-05,2.2399409960273323e-05,0.1273726827587217,0.615033799934038,50.677272156463005,302.4229622659334,290.6724084871902,5.946478338075326,2019,5
82,裕华钢铁,114.098377,36.731752,0.0778209266765811,0.0002161921647318,0.0004392481431508,0.1425650988359504,0.4130696192361886,70.94668068621306,311.0616613068892,289.0171486590884,3.5498812700196827,2019,5
83,西宁特钢,101.671414,36.66856,0.0330568932977757,5.5186646778049504e-05,8.649552104950502e-05,0.1323535328768438,0.4082177928357289,79.57546444004038,299.2649130496165,276.774254194708,9.408510906851818,2019,5
84,贵港桂宝,109.63938,23.089502,0.0534865264888196,5.1435659490916194e-05,-0.0001011526237658,0.1233428842429749,0.936359530952996,43.839830482363126,303.7859541184024,297.77887648264124,4.207099459729736,2019,5
85,辛集澳森,115.184798,37.752351,0.0496529050503175,8.14019457037122e-05,0.0002658143918107,0.1489851610830759,0.5490901933634011,70.38661209435304,301.84763180658496,288.2736979938649,1.7199165653185406,2019,5
86,达州钢铁,107.453099,31.18945,0.0503259682171506,8.098063150703697e-05,2.505917967944828e-05,0.1258380995444448,0.6972203112602343,103.22881018406196,299.10819635081646,290.8965295447844,4.814285343284394,2019,5
87,迁安九江线材,118.563418,39.95945,0.0651735580272557,0.0001899695213758,0.0003650058324851,0.1599567634436209,0.4128942602698047,54.17114862098907,306.4180544250265,288.3835483300886,4.594729832538513,2019,5
88,通钢,126.022349,41.779125,0.0427891814763922,5.009527443782366e-05,0.0001283195414657,0.171888489374541,0.2645343475853913,28.449282041265175,296.0568195131155,281.9086321594852,2.504861441896604,2019,5
89,邢台钢铁,114.452352,37.041601,0.0589553290626325,0.0001735261906739,0.0003388944653388,0.1448612419191123,0.5138186257487484,76.98797332977847,309.3590081681015,290.94287631894923,9.480629096718989,2019,5
90,邯郸中普,113.928977,36.711757,0.0664762751521258,0.0001724241898,0.000455355567061,0.1421721809949395,0.3969329605747688,71.19612677450536,309.12197912761843,287.83741748601864,1.535240325634747,2019,5
91,酒泉钢铁,98.286265,39.807065,0.0323386127008269,4.9821923547881735e-05,0.0001081621266514,0.140322574254895,0.3192579292579119,135.03456618408885,303.8176306120471,282.1968737179226,8.137799722541265,2019,5
92,重钢集团,107.040368,29.790253,0.0517371159353849,7.557232347375523e-05,0.0002060862006825,0.1243837927841574,0.5828042201409933,99.86858376305644,300.9253179137626,290.47074954607706,3.9977936148558673,2019,5
93,金鼎重工,114.111677,36.718952,0.0774564139020213,0.0002171923904222,0.0004369003189395,0.1425931329144107,0.4157321195749043,71.25877957843213,311.313694842421,289.1774965184351,4.143286601475888,2019,5
94,铜陵富鑫,117.772866,30.907561,0.0551887410204702,0.0001217138674439,0.0001565280503971,0.1303410273459282,0.4794897101801873,67.7756023654163,300.7297487022445,291.45816076656934,5.701953334237938,2019,5
95,陕西略钢,106.167206,33.323678,0.0382145452725629,2.00890721361182e-05,0.0001666313693621,0.1282157806472437,0.3771215313444426,79.47509040331518,296.2766115943235,288.0398249832859,0.6682825769074784,2019,5
96,青钢控股,120.390032,36.216949,0.0495992372275748,0.0001093846381074,0.0002138952695295,0.1475741536677217,0.589124872008462,60.890229747201374,304.6909035159791,288.66344146367487,19.99452779465816,2019,5
97,鞍钢股份,122.983054,41.148267,0.0531307834822028,0.0001278113701921,0.0001825821542279,0.1705924058595876,0.342924956000124,36.44720361221503,305.9133989756434,286.7322165747534,14.297858051552245,2019,5
98,首钢水城,104.877413,26.595229,0.0382926411711982,3.798813351366988e-05,6.534195126667484e-05,0.1205153470033721,0.5564702698915575,35.6131764078782,300.64765663921605,287.01662424763657,0.276260105030269,2019,5
100,首钢长治,113.060809,36.356404,0.0452161982572317,0.0001240107017244,0.0002217272688989,0.1391669381399834,0.3291405781617535,60.754240716513365,308.283660783744,285.51642756697885,4.358787701587178,2019,5
101,马长江,118.465162,31.502272,0.0519460576563572,9.694366767580154e-05,0.0001734615456454,0.1322012535173047,0.5123497276626638,58.632141616372735,301.33913192592,290.8177016529287,5.975326738844576,2019,5
102,龙腾特钢,120.835685,31.723833,0.0516229749278868,0.0002325135917978,7.585111604627848e-05,0.1344232193539244,0.6221911515532289,54.65454933073488,304.40985534000265,289.1090799808062,9.759193510287266,2019,5
103,龙门钢铁,110.575788,35.618466,0.0562376962799045,0.000125691411766,0.0003232615238071,0.1373080432825044,0.5963710130951967,85.72136510066701,306.109799443836,290.33494539803985,4.561376772026437,2019,5
1,东华钢铁,118.256774,39.468366,0.0682593024194499,0.0001272930887148,0.000265172412,0.1519208610188912,0.8838242348419075,109.8832402207546,306.54605581154306,293.16790289975387,2.639884809933359,2019,6
2,东海钢铁,118.624794,39.748373,0.0810936378080681,0.0001818136880445,0.0002984470181976,0.1525718277351317,0.9202711651065204,65.04461480324565,308.59561176645445,292.45694972364794,3.074959905870594,2019,6
3,东特,121.759531,39.05443,0.0474862711758351,7.565626627486763e-05,0.0002081452247805,0.1546172930381507,0.5015166662635496,48.386904648821215,305.5232725200842,291.7966877677387,15.690217901948747,2019,6
4,中天钢铁,120.081591,31.702681,0.0489912547656175,0.0001331763079016,-1.5476108161409132e-05,0.13619947677899,0.8511248143966911,46.3931861816036,308.1488919611348,295.3275635571858,12.322857315814886,2019,6
6,佰工钢铁,118.819472,39.748773,0.076047221770334,0.000156269416726,0.0003100918163391,0.1526354457860615,0.9340363106152776,63.017949969434994,306.6538891156945,292.6987916955238,2.505953057743003,2019,6
8,兴澄特钢,120.320504,31.938905,0.0479823753422479,0.0001833368985388,-3.427716241938719e-05,0.1368199036301032,0.7947403874458305,45.28523356911303,307.1757789908248,295.164727002317,16.260110121024134,2019,6
9,冷钢,111.437288,27.690401,0.0431866553507793,4.433598547907227e-05,0.0003061063841893,0.1276333513118552,0.3202896784210901,54.73394157706536,303.7491064091344,294.91771465569906,2.411598445275502,2019,6
10,凌钢集团,119.41374,41.271048,0.045120888357626,5.57536793761097e-05,0.0002421363666002,0.1544344717214398,0.4528122194604394,46.82122908403897,308.4336262272952,291.5617375079168,2.689996108033608,2019,6
11,凤宝特钢,113.872158,36.131666,0.0557250844983959,8.77198694934534e-05,8.658965123135607e-05,0.1392644080261416,0.6033175126527266,67.07226607284863,311.368341835193,294.1126829750044,3.3210194373932898,2019,6
13,南钢股份,118.746315,32.200797,0.0522262991958227,0.0001208128683922,4.3460339938556736e-05,0.1366675166961374,0.8200789809240935,54.65366115231518,305.12576670490887,295.5663605982139,15.304631221575844,2019,6
17,太钢,112.57052,37.970033,0.0458796839748004,0.0001028525860024,8.515038174455133e-05,0.1393123516919839,0.494665047384399,83.82108093796035,308.48835252390086,291.5280498662515,13.222179599727264,2019,6
19,宁波钢铁,121.876423,29.918776,0.0421756967423286,7.267996776152155e-05,0.000105208562971,0.1340812422944364,0.7477395749472846,29.57448079796191,304.03058753927274,293.27083370235664,14.97117868554788,2019,6
20,安徽富鑫,118.067833,31.194505,0.0514263076593227,0.000106833346257,3.2936678806123125e-05,0.1342637435657958,0.7399356468307796,54.05158297066287,302.5669851053627,295.2393307371629,2.420381260945619,2019,6
21,安徽贵航,117.251147,30.531068,0.0477796272250532,6.11107821811822e-05,0.0001069374417182,0.1329498413419213,0.572506676844836,54.53137319477719,303.03248367256305,296.6950144364549,2.6809857391748606,2019,6
22,安钢信阳,114.038243,32.488704,0.0495049514406391,5.362270095807354e-05,-1.6184840514525933e-05,0.1331624689226696,0.60562696876589,60.534809165346815,309.7303974623446,294.8759198915299,1.195351331757987,2019,6
23,安钢股份,114.283145,36.122129,0.05673120281825,0.0001134616330591,0.0001205112372403,0.1400348467336531,0.6698599134806006,69.11676411020298,311.711974163201,295.5687555109096,7.035737239224448,2019,6
24,宏兴钢铁,118.871477,39.700721,0.073329108487985,0.0001495587801001,0.0003720626778293,0.1526808920526684,0.9173661396478836,63.017949969434994,307.46395617591224,291.9702620774597,2.2854387066519952,2019,6
26,宝武鄂钢,114.861313,30.39574,0.0491270118890994,8.488774251867316e-05,6.880573271243463e-05,0.1315505532129972,0.6026666847926446,60.31666556437237,304.25507182183355,294.20251701153745,7.529617944841106,2019,6
27,宝钢八钢,87.304639,43.852147,0.0319133032878224,7.496968219024129e-05,9.51888074709266e-05,0.1508447779618675,0.2085955617436339,38.82510093144548,310.48992700220737,290.60704743540634,6.6176968456734935,2019,6
28,宝钢股份,121.440087,31.41623,0.0432270691306174,0.000241532257229,9.226083758910052e-05,0.1364596612477317,0.6562240919213745,40.06243427749953,308.4752331911674,293.74838854387946,18.589091145897,2019,6
29,山西中阳,111.161118,37.370796,0.0425737837206401,7.943393121847212e-05,0.0001917568378215,0.1374312645780344,0.3946734524410301,68.44791755611368,302.9013869352969,289.55780586685125,1.9095717339362253,2019,6
30,山西建邦,111.37916,35.668163,0.0660181114954527,0.0001328312688993,0.0002100359434766,0.136492666494516,0.6065650581924158,78.30823310521515,310.52556149985946,293.360849147656,3.516997569385428,2019,6
32,山西晋南,111.51465,35.678541,0.0603746686805965,0.0001079026819081,0.0001313257165973,0.1364193706772584,0.5718116188757704,69.3977852961325,311.4300808983209,292.86277498857646,2.0346361572498752,2019,6
33,山西高义,111.258436,35.586841,0.0635114913041013,0.0001153340547899,0.0001373633051244,0.1362833305983623,0.5698323746813493,77.03047077430759,311.3688908166149,293.51025072177816,1.7027299416828925,2019,6
34,广东韶钢,113.654289,24.704815,0.0376256979630282,4.972685938259108e-05,1.3469993745007689e-06,0.1271393407950631,0.4518500516962026,24.89074712944385,303.5390674165022,295.487044894702,3.543694736310819,2019,6
35,建龙西林,129.287919,47.495036,0.0359718079593279,1.2182662176091972e-05,0.0001093631017718,0.1633520877197586,0.2382905596488789,15.701744434796126,294.3837161225775,284.1370252281122,0.3970565254796032,2019,6
36,德龙控股,114.384832,37.086116,0.0649626299050918,0.0001417452952956,0.0002848495030024,0.141796500363251,0.6997183230645767,82.44064986229205,313.4124253172594,296.12319188744084,5.263251071963541,2019,6
38,攀钢集团,101.693628,26.551896,0.0388429582793307,4.9779303752416177e-05,4.992633560835051e-05,0.1236256732018381,0.2404333269030844,32.44966961801765,311.44100739337426,297.87274041184537,4.361695165469812,2019,6
39,新兴铸管,114.128189,36.621504,0.0673576579276155,0.0001378553122716,0.0002062048729944,0.1398980344317533,0.571973543962243,74.12588601879742,311.9873684506748,294.655109929016,3.7260052863453113,2019,6
40,新金钢铁,114.216151,36.715444,0.0716445304093685,0.0001530492247564,0.0001672582597272,0.1404176282761509,0.5812406779334975,74.61604749329175,313.9483859264586,294.84599495069114,3.6648549905273216,2019,6
41,新钢集团,114.932403,27.790574,0.0425915014574055,5.0060476144668064e-05,7.830304854376616e-05,0.1289760018122355,0.4487780080413204,44.839958364336766,305.1410625478691,294.8450394330798,4.363809224111342,2019,6
42,方大特钢,115.99204,28.645441,0.0422943518158529,5.774648076717701e-05,5.2287132467411466e-05,0.1300396123993429,0.685910978981591,51.99444075287829,305.68548537923874,296.8434796031287,13.815745854141204,2019,6
43,日照钢铁,119.36115,35.158382,0.0696737080462475,0.0001146770708781,0.0001598115251932,0.1428792936533154,0.6226910638730053,64.14836051453716,306.0032606935309,292.1662176654212,9.71461038420876,2019,6
44,日钢营口,122.395441,40.671136,0.055492309916581,0.0001027339765796,0.0002837876238623,0.1571250500209356,0.5659410580228297,38.87820554382415,302.20939391622426,293.4832930175939,4.16113644190672,2019,6
45,普阳钢铁,113.925994,36.733675,0.0703128468084432,0.000133004895141,0.0002617665800166,0.139448203502747,0.5723789864938702,74.23353640420764,311.61783687039394,293.2031399115198,1.2234726893790997,2019,6
46,本钢集团,123.722099,41.274132,0.0515513367789028,0.0001047687708217,0.0003317966230378,0.1578515402831008,0.3573468856692636,38.39292411966608,301.5197878899,290.92758027649194,6.216665722812378,2019,6
47,柳钢集团,109.373148,24.379047,0.0401778016195273,7.573662999455492e-05,-8.27010060536396e-06,0.1262264592413492,0.434594279788669,29.968423507746405,303.5336500281328,296.9299686290718,13.72339012745154,2019,6
48,桂万钢,108.412344,21.687637,0.0352870901241877,2.8166174114269312e-05,-3.8856205558994775e-05,0.1243755651753858,0.5322508528667328,16.84550099412263,304.5941402013124,299.53685700825633,6.225493886295634,2019,6
49,武安文安,114.177621,36.684389,0.0721223706913563,0.0001530186477679,0.0001659534061068,0.140182115190715,0.5672656679787118,74.22311086161218,313.21924465729103,294.8500207108215,4.457980101179924,2019,6
50,武汉武钢,114.444975,30.616222,0.0523420316345766,0.0001355397517538,2.7918979600518496e-05,0.1315189093926782,0.6626599298869189,61.368147896700975,303.5264848310736,295.93353958402133,14.845034226753024,2019,6
51,永钢集团,120.739658,31.839485,0.0478510322063299,0.0002152597948698,-3.656778570438144e-05,0.1366593198690424,0.7002984213892622,44.2610712525493,307.96440766741864,293.34591938852805,6.21651847224983,2019,6
52,汉冶特钢,111.534635,33.269324,0.047920147943987,5.03847227893153e-05,0.0001312142089166,0.1323760009567097,0.5301968017847557,61.59414311923683,308.18493305577505,295.3559538333401,1.2580792417678517,2019,6
53,江苏镔鑫,119.279989,35.09556,0.0632704624216098,9.801274275416256e-05,0.0001405355496093,0.1428874210067296,0.6431145759919895,57.21081663680221,306.9106873562228,292.4067740626296,7.0097393395182825,2019,6
55,沙钢股份,120.647295,31.967456,0.0511807674518045,0.0002253300116901,-4.2564968910963466e-05,0.1368557903077724,0.8009328538518391,43.80561173398039,307.62208917022286,293.8964591622369,9.025925436201264,2019,6
57,河北新华,117.784839,38.288605,0.0565639781273888,7.941405199952225e-05,0.0002076264325483,0.1486482960510155,0.7387353759024807,54.38252218877727,306.40454288978844,296.71059749476484,9.022195158550945,2019,6
58,河北津西,118.220547,40.209844,0.0682016091738962,0.000110247754936,0.0002825551946232,0.1528761738301391,0.6457017281477238,70.60975288686697,306.7012880767773,293.77342400256765,1.9631729171875507,2019,6
59,河北烘熔,113.981172,36.640411,0.0679960703242456,0.000134030695394,0.0003094510534702,0.1395158840540977,0.5407810019196512,74.08382174389772,311.89502988348744,293.80616098962827,1.447295994307696,2019,6
60,河北荣钢,118.558755,39.880661,0.0892260060879459,0.0002025171875439,0.0003461220839894,0.1526956848608,0.9253120273854506,67.15652851992861,307.53812632553,293.23728066485774,3.4787774987751665,2019,6
61,河钢承钢,117.734527,40.952513,0.0495619189467874,7.417148510349042e-05,0.0003439162001531,0.1528752679051431,0.4472899198162863,56.82864912654569,304.6422680792008,293.3451653306741,2.7700375497837766,2019,6
62,河钢舞钢,113.492311,33.28384,0.0482808534456456,5.626785220859167e-05,9.33051716054559e-05,0.1341185260762073,0.618898560406932,62.83033613295046,306.8088572383065,294.6703999381628,1.9925223711120656,2019,6
63,泰山钢铁,117.627728,36.22141,0.0575705941957231,0.0001062389959524,0.0001092127425209,0.143056822748747,0.7262465728644812,54.64285379730427,310.28880556297,294.0726806474472,5.885143155210534,2019,6
64,济源钢厂,112.553774,35.086396,0.0521356947262536,9.929890851076928e-05,-1.6070940256521748e-05,0.1364643326529842,0.7617260102175775,86.31751594606072,311.78237926709755,294.26947243260355,4.3248737739725,2019,6
67,海城恒盛,122.83646,41.056042,0.0578953904195742,0.0001551374057826,0.0002957144232205,0.1574713814396899,0.5374065608259246,39.70509609985129,305.3538399118859,292.16305934072653,3.1158445251861004,2019,6
68,涟钢,111.967343,27.747782,0.0436449848664372,6.244923361326445e-05,0.0001392641512187,0.1281457030421724,0.4793465289477503,59.06983346903871,304.9727790254529,295.6756023184976,4.298217901080703,2019,6
69,淮钢特钢,118.988442,33.566039,0.0484357842922146,8.188524863807202e-05,7.482484812342479e-05,0.1397927653347395,0.682086020130615,47.721784357829456,307.77712387190644,294.49881352831727,12.841738941559548,2019,6
70,港陆钢铁,118.073913,40.183913,0.062944623716003,0.0001149959882699,0.000277399537383,0.1528317950868885,0.6824449009607669,72.3600805940805,307.80043340663923,293.9090851540756,1.945386050756452,2019,6
71,湖北新冶,115.125838,30.204603,0.047120839915571,8.039562097919701e-05,6.485117158016095e-05,0.1312652629626106,0.5262399329999361,54.88329080094445,303.6348313171076,294.598205971994,4.31439551245681,2019,6
72,潍坊特钢,119.238427,36.644469,0.0518337303052706,7.739549529588541e-05,7.40292657533578e-05,0.1460140774489698,0.688296056312305,50.237733972835485,309.04844410228003,292.13309545719136,8.177179429156183,2019,6
73,玉溪仙福,102.186364,24.012309,0.0328059059148511,1.951925389613656e-05,-1.6655850167766624e-06,0.1231878385616,0.4082744246588212,9.93793734414578,304.2385931250756,294.1769487665594,0.8568418306379011,2019,6
74,玉溪玉昆集团,102.543682,24.465884,0.0310729088068758,2.3329110101147064e-05,-9.459403180117116e-06,0.122526799535731,0.4474818420113655,12.675959246880804,300.5921757136161,290.0269721381649,2.0646049073798696,2019,6
75,瑞丰钢铁,118.272056,39.497472,0.0702999657097195,0.0001381363000831,0.0002847164074095,0.1519649726627061,0.8520803258541091,110.49170744689866,307.7335294145775,292.6388989101117,2.8782337826975,2019,6
76,甘肃兰鑫钢铁,103.933888,36.510351,0.029201131330262,4.14257601041256e-05,5.203561369201053e-05,0.1306522332380797,0.3659544642275455,92.9482908418322,308.5027629339095,284.4513125301602,0.7400464880974438,2019,6
77,石横特钢,116.533981,36.229201,0.051892254912465,8.836570418917417e-05,0.0001618562553989,0.1423541475877008,0.6802102162684807,59.36364462397727,308.03136887226503,295.0218713887447,3.2944834761153863,2019,6
78,联鑫钢铁,120.774892,33.211332,0.0450277128204849,3.53908254962539e-05,6.30165699347154e-05,0.1399540414733674,0.7876647427256818,28.50408387497133,302.385913557965,292.41637713145343,2.249249264907541,2019,6
79,荣程钢铁,117.495794,38.970638,0.0590062898082047,0.0001463977070356,0.00012107552254,0.1497510750860326,0.781338480505607,59.71756645697166,308.6887655040903,296.2188784922191,10.993351146119853,2019,6
80,萍钢股份,116.27527,29.778431,0.0477414144642184,5.210514465854968e-05,6.048066183439881e-05,0.1315488864880964,0.5877948239187739,47.16497882917381,302.6206250492151,295.9580401027745,1.736765705475834,2019,6
81,衢州元立,118.848341,28.902581,0.0444598428693313,4.471496744900426e-05,-1.957768417463377e-05,0.1314264559249454,0.4631465579713002,37.6958197989552,304.85399733209704,294.49019948555497,5.872377945585924,2019,6
82,裕华钢铁,114.098377,36.731752,0.077016708900282,0.0001640282004541,0.0002221133429079,0.1400371349996068,0.5633272489721417,74.22634360230424,313.1582939402979,294.4693134055012,3.237431072069231,2019,6
83,西宁特钢,101.671414,36.66856,0.0335168620502513,5.155691368512872e-05,-2.424101175776848e-05,0.1302429995032452,0.3264632776858901,49.46553744389348,302.4192215721543,278.1021959087428,8.484853666916745,2019,6
84,贵港桂宝,109.63938,23.089502,0.0376305585477519,4.3492686153029695e-05,1.4940699655600387e-05,0.1254632059716486,0.7682219010875272,30.454112133106577,303.1222464287512,298.3696253962732,5.218369834887214,2019,6
85,辛集澳森,115.184798,37.752351,0.0582759420219769,8.703986140187586e-05,0.0001608326708418,0.1431746027777148,0.6674376293532908,77.12122851444292,309.4192918846848,293.7162369721097,1.5361678531476135,2019,6
86,达州钢铁,107.453099,31.18945,0.0437879245055216,5.641499413366567e-05,0.000148716251365,0.128711348283329,0.4444320898032842,70.57027588413887,306.0185444753626,293.7818212074706,6.01841974472784,2019,6
87,迁安九江线材,118.563418,39.95945,0.091258681383485,0.0002064739383637,0.0003203310970499,0.1526916906674549,0.9616148406287968,67.30349359655555,307.7605160941737,293.54757765710133,4.394822749673492,2019,6
88,通钢,126.022349,41.779125,0.043771404387331,3.2379774998752574e-05,9.592072058567348e-05,0.1586093821929339,0.3138939355139006,34.20845828827623,298.24597307321187,287.1602677229289,2.091008133805567,2019,6
89,邢台钢铁,114.452352,37.041601,0.0627971045899129,0.0001470792911027,0.000285322985255,0.141896403618317,0.7322508931676945,82.44064986229205,312.95125384587715,296.3524699757016,8.513347897344609,2019,6
90,邯郸中普,113.928977,36.711757,0.0702853419478369,0.000136692269368,0.0002674299654732,0.1394450520956547,0.5602130371317672,74.12463572350293,312.23890571453376,293.2726994919378,1.48038926783719,2019,6
91,酒泉钢铁,98.286265,39.807065,0.0295444944408287,4.300464784587139e-05,8.914777302635904e-05,0.1356322927721694,0.3444564866932437,77.72448678470856,310.20225659429946,289.37611413410696,5.257576728319812,2019,6
92,重钢集团,107.040368,29.790253,0.0460629610423342,8.303771534795532e-05,-4.748494656344343e-05,0.1279901657790772,0.4409568125940729,67.89900199814657,305.31118010043826,295.66343973233,4.917652068556437,2019,6
93,金鼎重工,114.111677,36.718952,0.0767532801940529,0.0001639877699903,0.0002163341039883,0.1400485739054656,0.5599215971914848,74.17350930307488,313.25748077277893,294.592620204306,3.736229891285965,2019,6
94,铜陵富鑫,117.772866,30.907561,0.0484971737672242,8.924564702543024e-05,4.477095047792256e-05,0.1334947474358975,0.6234567536115351,56.65841303990544,303.6834111474291,295.8235133017467,5.931843973610153,2019,6
95,陕西略钢,106.167206,33.323678,0.0362178424663887,2.0297306997207816e-05,-1.450800365140084e-05,0.1286945537211441,0.247059463318077,41.26134740805004,298.2693972944784,291.1034446411078,0.8785274513668268,2019,6
96,青钢控股,120.390032,36.216949,0.0477939922477198,7.324931434613139e-05,0.0001923335098194,0.145859343611754,0.6770858447681121,51.37850678238465,305.8375192820963,291.6831697645389,17.07190064848734,2019,6
97,鞍钢股份,122.983054,41.148267,0.0604594903243376,0.0002078147693833,0.0002639029577255,0.1575061504626503,0.5153090915598126,39.036473779434026,306.07666744478337,294.24316435727644,13.018250512628745,2019,6
98,首钢水城,104.877413,26.595229,0.0342772611500824,5.092072077993841e-05,8.616372166544518e-05,0.1238028170371789,0.2585645922823396,25.036648310106106,300.9107155559564,288.42859958059466,6.099799374176303,2019,6
100,首钢长治,113.060809,36.356404,0.0489827959130245,0.0001069554987538,0.000185151569569,0.1376014063747505,0.6104228755274886,63.89356880941631,311.0810668285813,291.1938589876196,4.738098693492949,2019,6
101,马长江,118.465162,31.502272,0.0523469820126291,0.0001002153520137,-8.221657390145414e-06,0.1351341044619926,0.8205627793148663,49.481596765277295,305.5733369599951,295.9690707761402,6.21030999372261,2019,6
102,龙腾特钢,120.835685,31.723833,0.0460002176803899,0.0001978367830296,-6.828232017497304e-05,0.1365260569368023,0.654097272874363,44.2610712525493,308.44062998935976,293.5068492604667,9.54235906663442,2019,6
103,龙门钢铁,110.575788,35.618466,0.0534850576495802,0.0001150090065123,0.0001710343283992,0.1354498932733039,0.5486625056671336,70.1674937726262,310.5882122496363,293.66784242724174,3.799014587988236,2019,6
1,东华钢铁,118.256774,39.468366,0.0629917910489843,0.000104810701925,7.019366201742975e-05,0.1428380399926743,0.8153405773291166,80.27155546857082,306.66090413542213,296.0442080073204,1.9744430571607416,2019,7
2,东海钢铁,118.624794,39.748373,0.0703718609098234,0.0001206773510034,0.0002315255447538,0.1427897110691202,0.832078768400775,54.35860425134385,306.7721359052682,295.62712868311576,2.63235306842772,2019,7
3,东特,121.759531,39.05443,0.0480396853196914,5.009138124650805e-05,7.377529299442366e-05,0.1441894092376447,0.5673608813104616,43.249515563938026,307.8267405098025,295.79099565166194,15.822788957079556,2019,7
4,中天钢铁,120.081591,31.702681,0.0457181114172804,9.622645689953764e-05,-3.272699583897532e-05,0.1331286779305649,0.9937236551325926,41.218662261144345,307.35613558437274,298.3908181595536,11.878698902935875,2019,7
6,佰工钢铁,118.819472,39.748773,0.0703769662017975,0.000128853239762,0.0002810153861721,0.142941789651309,0.8320079394612191,50.83496290581024,305.5050066133402,296.2616634557428,2.016235404789929,2019,7
8,兴澄特钢,120.320504,31.938905,0.0492225753169476,0.0001573736951007,-9.571168587410376e-05,0.1340334380629881,1.110498537489674,41.06465928904056,306.7387615286544,299.18329496289084,14.843551467177637,2019,7
9,冷钢,111.437288,27.690401,0.039597066049328,2.851893873187308e-05,-2.257160024901853e-05,0.1270827490184487,0.4704369564619323,42.1050066019163,304.4246787969058,296.5988457738022,2.32177537078745,2019,7
10,凌钢集团,119.41374,41.271048,0.0447203792749393,4.286051158867126e-05,0.0002599871843789,0.1433867003488825,0.4078411727093606,35.68649566622276,306.2412185276719,294.9276823365963,2.5299646326424594,2019,7
11,凤宝特钢,113.872158,36.131666,0.0599011027830877,9.87436587374458e-05,4.209582326964554e-05,0.1370516421939987,0.600237702498623,57.21563339899308,312.6300688562815,297.0925685509501,3.15394701131102,2019,7
13,南钢股份,118.746315,32.200797,0.0492213574517297,8.667787981237112e-05,-7.159626719203652e-05,0.1338071598973036,1.1109254541268978,46.64711639179586,305.9542825522312,297.2931388787703,13.945109950537574,2019,7
17,太钢,112.57052,37.970033,0.0462467046321762,0.0001294927630748,6.264545947782937e-05,0.1380741365421589,0.457923932753031,52.21431010788532,307.451142211051,293.7228954031245,12.74355273686861,2019,7
19,宁波钢铁,121.876423,29.918776,0.0359885879389662,6.687989445110245e-05,2.75207343738045e-05,0.1306265654579191,0.424608879617081,33.555453193567296,307.9239270984743,298.1500477342728,18.468663171142836,2019,7
20,安徽富鑫,118.067833,31.194505,0.0466015854847901,7.109185245937552e-05,7.584770921193971e-05,0.1323514921834802,0.651353733986806,37.15001255539367,303.1687484381852,297.2595479054877,2.307881701658129,2019,7
21,安徽贵航,117.251147,30.531068,0.042603479345186,5.191649977277254e-05,0.0002202779250682,0.131216600908014,0.5470895032946727,36.13045151951155,303.0187124063849,298.38608709189504,2.885228468122937,2019,7
22,安钢信阳,114.038243,32.488704,0.0443552023620948,4.3055558017416725e-05,-3.0049641249303186e-05,0.1325803969545031,0.4627584763003027,45.39445086493288,306.52163044430216,297.23348300742464,1.2594364357516292,2019,7
23,安钢股份,114.283145,36.122129,0.0582436238379168,9.398164767101883e-05,2.008948716373049e-05,0.1380481833466021,0.7132864596740375,61.49095736266493,312.21613230939096,298.0749989562161,6.827860672230477,2019,7
24,宏兴钢铁,118.871477,39.700721,0.0719010215074031,0.000139963609876,0.0003100952663278,0.1429241940083402,0.829305544556297,50.83496290581024,305.5608812366444,295.93491495911866,1.880309956209066,2019,7
26,宝武鄂钢,114.861313,30.39574,0.0430422723278425,6.0241812750035074e-05,-3.432596890475218e-05,0.1307410175317454,0.4676440847439254,60.863667123813634,305.49679508324056,299.3135175125699,6.437914783181466,2019,7
27,宝钢八钢,87.304639,43.852147,0.0329252764503693,7.385573606153519e-05,5.963592382948601e-05,0.1403648112602429,0.250995933662756,33.49784471058301,313.0847848428215,293.6897053638108,6.392632917223921,2019,7
28,宝钢股份,121.440087,31.41623,0.0418053060908593,0.0001885704381078,-8.651004984650222e-05,0.1330551542849326,0.6664383077415228,53.74942696361294,309.52556218816324,298.99312938044875,19.323793771293897,2019,7
29,山西中阳,111.161118,37.370796,0.0375050096326699,5.38698556291818e-05,5.673331310804237e-05,0.1353393900804716,0.3357423145764028,36.620388499386536,305.09436681180006,292.4781691079983,1.7064067098144085,2019,7
30,山西建邦,111.37916,35.668163,0.0654630619162679,9.236226400745744e-05,0.0001416246220072,0.1348424418503754,0.4512766871321078,50.86365865908994,313.1136939280316,297.23214829946284,3.654479362362008,2019,7
32,山西晋南,111.51465,35.678541,0.0617361713866909,7.784599751586927e-05,0.0001079067402143,0.134663783430752,0.451264136802246,46.76742193510108,313.1942822825514,296.61665325006464,1.962711136927113,2019,7
33,山西高义,111.258436,35.586841,0.058560975931806,7.912824719959205e-05,0.0001050805921964,0.1346945186882586,0.4420796996939292,52.29288819328249,312.6196928181727,297.46464904870214,1.6523076423129877,2019,7
34,广东韶钢,113.654289,24.704815,0.0326619069123266,4.0638363658053045e-05,-4.685310383502057e-05,0.1263116723709489,0.4600506825056515,21.412564530321788,304.9661627088665,296.8135903637961,3.0972975549304844,2019,7
35,建龙西林,129.287919,47.495036,0.0422052861785354,1.5404372947708022e-05,3.546815279948085e-05,0.1435455320444915,0.4158813535201711,13.21552114264618,297.86997007998696,289.96736924289337,0.3809546863169425,2019,7
36,德龙控股,114.384832,37.086116,0.0597776487323276,0.0001190526146927,8.181641515327157e-05,0.1401354202042413,0.7366123682545719,70.94042331345918,313.4219004433209,298.4485565257006,4.627190560251448,2019,7
38,攀钢集团,101.693628,26.551896,0.0394024965830519,5.4486597724511264e-05,6.523721604007843e-05,0.1234681268998255,0.4611564548530407,25.226411182188716,307.1882296894443,292.68384383340964,0.6794253021159685,2019,7
39,新兴铸管,114.128189,36.621504,0.065223549081834,0.0001367220071994,9.983086222393357e-05,0.1386577393545638,0.6090940620136183,63.96165678966143,314.4139199639501,297.6580682043561,3.102238936749406,2019,7
40,新金钢铁,114.216151,36.715444,0.0669887135251817,0.0001446909217869,4.906325017038519e-05,0.1389381823991692,0.6165878194115954,65.76296169024211,315.7035532759775,297.94647366473737,3.115707823108571,2019,7
41,新钢集团,114.932403,27.790574,0.0398665768713869,4.025702406974429e-05,-4.194251909383228e-05,0.1284202596367598,0.4145838701324778,27.66703437247399,307.21013674528666,298.7391542485556,4.525977569141732,2019,7
42,方大特钢,115.99204,28.645441,0.039635125592343,4.9792612427088094e-05,5.624423890281344e-05,0.1294351673782962,0.5045699346415579,35.492352168375874,308.2650843017271,300.67505166142854,13.729675552141837,2019,7
43,日照钢铁,119.36115,35.158382,0.0653954578395486,0.0001295719028088,5.482710243266332e-05,0.1390232693714209,0.7739977712188398,63.41011255923668,307.92630334292346,295.48489735972936,8.908308588086774,2019,7
44,日钢营口,122.395441,40.671136,0.0562172683092528,6.26062164392541e-05,9.820678754062776e-05,0.1445750126538904,0.5362486816271483,81.29652684374378,305.48406435662014,298.07700829604994,4.619424890941926,2019,7
45,普阳钢铁,113.925994,36.733675,0.0716158643099388,0.0001428685341373,0.0001795829513134,0.1381866797682017,0.5060639346081002,62.77413905107092,312.2731855763188,295.9370181925362,0.9558896471308298,2019,7
46,本钢集团,123.722099,41.274132,0.0516474984630292,8.504780169897507e-05,0.0001419290118707,0.1438703420718051,0.3637452281840555,37.06596267010332,303.17707844665324,294.9850705919516,5.598466085304426,2019,7
47,柳钢集团,109.373148,24.379047,0.0353762758925682,5.767408656344847e-05,-4.367426891161524e-05,0.125594594242894,0.5460743593177961,24.544946697771124,305.0932318669488,297.53912147239726,14.952447788617926,2019,7
48,桂万钢,108.412344,21.687637,0.0329359210517281,3.069312664623494e-05,-5.917947432377258e-05,0.1239861802316846,0.3986250111481258,13.787357033834269,302.50239429240787,298.5854380275126,5.194680339905499,2019,7
49,武安文安,114.177621,36.684389,0.0682312189170825,0.0001431913029751,6.015695262553575e-05,0.1388381164963066,0.6190335369614832,64.90796866926307,315.2805407528018,297.98742046818,3.7395956692162433,2019,7
50,武汉武钢,114.444975,30.616222,0.0473896067581175,0.0001266488732179,-5.264999419094271e-06,0.1309688049752127,0.5900607022289768,58.8750523888848,305.9440227909256,299.50653234876097,13.869646998264322,2019,7
51,永钢集团,120.739658,31.839485,0.0457759313480336,0.0001345943859921,-8.219394043543491e-05,0.1340266011749752,0.9077998773231022,42.97371702932651,304.0696430876026,298.2745491815949,5.765664927599413,2019,7
52,汉冶特钢,111.534635,33.269324,0.0469441774496768,3.802762539350717e-05,-3.222056832995545e-06,0.1315942696871706,0.4025415851574691,41.81983825901625,306.1913847874131,295.6449319046919,1.3205797943157656,2019,7
53,江苏镔鑫,119.279989,35.09556,0.0609700880941443,0.0001040587046926,2.255673438226716e-05,0.1388751860280287,0.8214228034655456,57.290271992770464,307.99549560368825,295.602832888622,6.397420425742882,2019,7
55,沙钢股份,120.647295,31.967456,0.049218531184937,0.0001931466227798,-6.386415173089355e-05,0.1342662519230183,1.0016583416308362,41.71288848939919,306.0533212071744,298.3578881709297,8.3927648717577,2019,7
57,河北新华,117.784839,38.288605,0.0597994608219334,6.723754000034302e-05,2.1440997086555754e-05,0.1421180901244092,0.7490028946135896,51.136066461304885,306.94898870332395,299.6403686876343,8.213267681631965,2019,7
58,河北津西,118.220547,40.209844,0.0616625741427184,7.585511313087111e-05,0.0002342227621164,0.142929096658087,0.5448357409650716,61.89712228549649,305.50830900266294,296.25007746784,1.4455636830214469,2019,7
59,河北烘熔,113.981172,36.640411,0.069441343287033,0.0001461753247442,0.0001456269168739,0.1381763409484881,0.5356073950975717,63.55223547416245,313.7346201011215,296.8593551209708,1.2853435726421067,2019,7
60,河北荣钢,118.558755,39.880661,0.0698274175194177,0.0001203175603098,0.000239873974321,0.1428011121771112,0.8060638515238495,58.03046274819826,306.7646490881283,296.0659988341962,2.7152087406542225,2019,7
61,河钢承钢,117.734527,40.952513,0.0484388919079721,7.156678156364555e-05,0.0002806477184729,0.1423612682598569,0.4276386713583917,47.70258082696803,304.8376699543852,294.85163325096,2.406017610994584,2019,7
62,河钢舞钢,113.492311,33.28384,0.0451963409530772,5.325057443470944e-05,-3.787820357813239e-05,0.1331221273284109,0.5510088573272804,44.5622050118989,305.78122613757165,296.0563691521448,1.7952292021418352,2019,7
63,泰山钢铁,117.627728,36.22141,0.0609339697507513,0.0001069806729508,1.1419737643680095e-06,0.1396048795785193,0.7834961207556423,50.01179559371849,310.47258273090307,296.97325299527114,5.052343194130196,2019,7
64,济源钢厂,112.553774,35.086396,0.0511425206411328,7.05800826419815e-05,4.437532669638993e-06,0.1349594342969355,0.5710530500332126,71.09109034097165,311.99072294909826,297.67709507914213,4.0733258091470645,2019,7
67,海城恒盛,122.83646,41.056042,0.0574811649147933,7.918655297450365e-05,5.683000608320726e-05,0.1441060172155325,0.6165648521793031,53.154639800823134,305.5039234238723,295.7162205886236,3.226104102210172,2019,7
68,涟钢,111.967343,27.747782,0.0400889754371673,4.098409584125294e-05,-1.99270743414095e-05,0.1274337681355865,0.5204576942528182,42.20376581542951,306.744865099492,298.6558512966705,5.263282263392149,2019,7
69,淮钢特钢,118.988442,33.566039,0.0484532937193986,6.554473021403984e-05,-3.6246652280545344e-05,0.1361680463338449,1.2404230876615865,39.65692364054858,306.2015548121415,297.255517920176,12.43085930397799,2019,7
70,港陆钢铁,118.073913,40.183913,0.059602634323118,7.387547405370362e-05,0.0001803654360837,0.1429454246426357,0.6138924723589946,63.83366013551495,306.322614104001,296.43209186236373,1.5508252151259994,2019,7
71,湖北新冶,115.125838,30.204603,0.0441843787733332,5.998236905114379e-05,3.0508495844100577e-05,0.1306056600360555,0.5303278419368138,110.8690028672754,304.60841800541624,298.65285233223125,3.894635133136121,2019,7
72,潍坊特钢,119.238427,36.644469,0.0541520029153218,8.054002869230839e-05,5.161689421817357e-05,0.1407549297706405,0.7357317280215802,50.84515564135472,312.44377968011526,296.7438701080546,7.52157011987298,2019,7
73,玉溪仙福,102.186364,24.012309,0.0298510042627528,1.6785244589736403e-05,-5.296974188959679e-05,0.1231557795023945,0.1819738303096043,8.652629618558656,303.62568666227224,292.8252550218844,0.5988150139326074,2019,7
74,玉溪玉昆集团,102.543682,24.465884,0.0292134109602142,2.8933099991078337e-05,1.0143045271217176e-05,0.1228126275121762,0.587146167112967,12.893438795778952,294.70683007553265,289.1722675011683,1.7000105601229698,2019,7
75,瑞丰钢铁,118.272056,39.497472,0.063663454900871,0.0001101153834911,8.793273965443888e-05,0.1428023303894435,0.8024136375436774,80.25715510603155,307.5906606345982,295.98724322109945,2.180705661384366,2019,7
76,甘肃兰鑫钢铁,103.933888,36.510351,0.0286050146011272,3.777113923026052e-05,0.0001042414753709,0.1303164731873463,0.3040499072307333,55.62900540212468,308.8582082726785,288.4293278214556,0.6844695218520509,2019,7
77,石横特钢,116.533981,36.229201,0.0504958164016833,7.224281458808784e-05,-3.0406057057197247e-05,0.1389432335904923,0.6391376973423446,52.77538221118532,309.8015945582283,297.653313223046,3.2399829999795275,2019,7
78,联鑫钢铁,120.774892,33.211332,0.046628882437083,4.6257844525785554e-05,-0.0001093340276971,0.1360676499870513,1.2463471349071944,34.22593574251183,303.8335080443484,296.75042602681367,2.093787142110473,2019,7
79,荣程钢铁,117.495794,38.970638,0.0605213754556898,0.0001369792565471,4.333636292378653e-05,0.1429429515581837,0.8393402131509076,46.30230372910143,308.5982699038249,298.3828961267722,8.9614993104087,2019,7
80,萍钢股份,116.27527,29.778431,0.0432844743036996,4.580810968138739e-05,8.088731719956647e-05,0.1303227942212866,0.4826519824451408,32.30661396063645,303.48609524052733,300.0296322060489,1.837526968487168,2019,7
81,衢州元立,118.848341,28.902581,0.0382926237782022,4.1702289678523513e-05,0.0002780958947683,0.1293207664634822,0.5493688152740948,24.08013521915109,306.83994206418447,298.0884298809355,5.760644596117553,2019,7
82,裕华钢铁,114.098377,36.731752,0.0722139403163408,0.0001565873492253,4.931401044584044e-05,0.1386329210136716,0.5830261444284862,62.86651263359886,314.61863740899065,297.4824938566809,2.676344696055238,2019,7
83,西宁特钢,101.671414,36.66856,0.0352140379056713,5.174087228688763e-05,0.0001306265307845,0.1289382589794635,0.2969584502144778,39.347945346435154,301.26392509836575,284.8133219820991,8.309505613246582,2019,7
84,贵港桂宝,109.63938,23.089502,0.0331446471621961,3.390054819658576e-05,-6.476222632519176e-05,0.1253698997238593,0.5924575708777924,22.989052361963463,305.0150693571994,298.3732204438261,4.971204082792957,2019,7
85,辛集澳森,115.184798,37.752351,0.0581620398671944,8.121662804789624e-05,0.0001032348231626,0.1417082599750762,0.6641290839305386,66.24915727115877,309.0902064869399,296.87073535505647,1.33058260549299,2019,7
86,达州钢铁,107.453099,31.18945,0.0417862678404678,4.973848169195391e-05,-4.286700648411122e-05,0.1290970757797848,0.4377083928616735,48.64592638447657,303.8907040899232,296.1407385890548,5.90411707324491,2019,7
87,迁安九江线材,118.563418,39.95945,0.0684691061333787,0.0001199632710659,0.0002398237428731,0.1428456557462547,0.7317800661314424,57.96080801207807,306.8294325874808,296.6969661527262,3.473426088308007,2019,7
88,通钢,126.022349,41.779125,0.0471791281315622,3.59837026308741e-05,8.335900753310395e-05,0.1436796658866277,0.3733717287069456,22.326940296579775,299.80195797200577,292.7712973939935,1.9623507433104996,2019,7
89,邢台钢铁,114.452352,37.041601,0.0593060467170211,0.0001214243019006,8.206550484112959e-05,0.1401674765029264,0.7772859496169345,70.94042331345918,312.490304949952,298.64410399519625,7.407603231139458,2019,7
90,邯郸中普,113.928977,36.711757,0.0722800358117874,0.000148698683248,0.0001837062870627,0.1381731128726948,0.5073081888498645,63.34011722550724,313.08138151724694,296.215822419224,1.2008529166590598,2019,7
91,酒泉钢铁,98.286265,39.807065,0.0292755494682251,4.008696073434242e-05,6.037306775308034e-05,0.1341154845147914,0.241485617351341,41.57750773978426,314.9863060244868,292.41278804042696,5.670945964969909,2019,7
92,重钢集团,107.040368,29.790253,0.04234588304034,7.673723204084512e-05,-9.48140272888422e-06,0.1283216189224736,0.4039687155470293,48.637560400746544,304.848999939303,297.82308302424866,6.601375584640552,2019,7
93,金鼎重工,114.111677,36.718952,0.0721371780915334,0.0001559847731615,4.201157068312328e-05,0.1386881357747734,0.5901782624165478,63.350785821303866,314.8691437072389,297.6447455188003,3.0750877203118137,2019,7
94,铜陵富鑫,117.772866,30.907561,0.0434230858408246,6.207089274363883e-05,0.0002136344489964,0.1317177545571311,0.5805041598293232,37.290540628946026,304.0936333592835,297.13819811891256,5.948744068987464,2019,7
95,陕西略钢,106.167206,33.323678,0.0348938316115678,2.069725703728089e-05,4.411220517980095e-05,0.1293055690769104,0.2146678209624252,27.9559544786526,298.0288667527571,292.4493770233844,0.608877096797272,2019,7
96,青钢控股,120.390032,36.216949,0.0495066698422036,7.679010780202317e-05,-5.920787205181334e-05,0.140534516109493,0.9614856037682372,62.66233754104178,309.51008442712094,295.8457752549284,19.231091334159053,2019,7
97,鞍钢股份,122.983054,41.148267,0.0609879798812048,0.0001443485448865,9.133759027108433e-05,0.143975122270293,0.5304783998892805,47.27125620027996,307.92227936785895,297.5209099170768,13.71851831131018,2019,7
98,首钢水城,104.877413,26.595229,0.0319107450357609,3.424705562033712e-05,-6.893192051634631e-06,0.1241135406534175,0.3770933793970821,20.393295940834832,299.88615443588856,289.10601220769263,5.525552361011801,2019,7
100,首钢长治,113.060809,36.356404,0.0494185884132962,0.0001065879875106,0.0001820622157061,0.1360945272876547,0.5509414330558315,47.20002157074951,308.08985167096813,294.30893002039363,3.905882442173778,2019,7
101,马长江,118.465162,31.502272,0.0452645375364873,6.527153331695323e-05,-1.625647426779308e-05,0.1325657930295783,0.7308491004227035,39.060180293990754,304.3193119954367,297.43729799579927,5.689147948123694,2019,7
102,龙腾特钢,120.835685,31.723833,0.0432844154295475,0.0001290732989791,2.2775908715734287e-05,0.1337507456736138,0.8441417141442589,42.97371702932651,305.7269866535878,297.4451882248943,8.969622018981653,2019,7
103,龙门钢铁,110.575788,35.618466,0.0551016215233706,0.0001049226448141,0.0001576837200972,0.1341106070878638,0.5061725638641459,45.59813639219891,309.94874195307574,297.51446902556364,3.5375067151074573,2019,7
1,东华钢铁,118.256774,39.468366,0.0619716620457474,0.0001583591799717,0.0003494883918844,0.135131754655488,0.3914635416137383,40.02099223390592,302.8999414860449,292.8917377909895,2.4623373487708218,2019,8
2,东海钢铁,118.624794,39.748373,0.0682084084678576,0.0001433785376762,0.000237507423095,0.1351876476927776,0.4580525633030289,38.23945424467338,303.1281343868704,292.42275082373413,3.045909515465572,2019,8
3,东特,121.759531,39.05443,0.049408826222917,6.973691191531974e-05,0.000142028279741,0.1339097177292465,0.4719211176433778,28.656790672831825,304.89410075753915,294.4379408880018,15.512705146438284,2019,8
4,中天钢铁,120.081591,31.702681,0.0458865399375494,0.0001090673331865,5.275759853197104e-06,0.1294536762611508,0.6195127707368798,45.969887452201874,307.5917201945738,296.9395366503238,12.384419249981432,2019,8
6,佰工钢铁,118.819472,39.748773,0.0680293023423755,0.0001369696373542,0.0003131495677096,0.1352335614214612,0.4519852319826888,35.26860226088502,303.2222016418619,293.120234256825,2.257504252716501,2019,8
8,兴澄特钢,120.320504,31.938905,0.0453154646592008,0.0001180225904112,-1.048916956459051e-05,0.129474194274071,0.8713412701755388,44.85597095908771,307.2686674624829,297.17791186762605,16.591388438508044,2019,8
9,冷钢,111.437288,27.690401,0.043131841330434,4.561369291638733e-05,5.598723015081828e-05,0.12752428749724,0.5475840814325499,46.01367052257002,306.05111291293235,297.6420050859449,1.8544714456121008,2019,8
10,凌钢集团,119.41374,41.271048,0.0485492582727295,3.7942519160860254e-05,0.0001625017182309,0.1342935233190384,0.345677570875078,18.117028836622964,300.1514118756138,290.003718861124,2.4876854809697906,2019,8
11,凤宝特钢,113.872158,36.131666,0.0596377424667071,7.919126879751659e-05,5.985763986359032e-05,0.1302344962173022,0.5065817389045381,62.03310419529156,304.4862526506187,293.9613062814429,3.089781885700068,2019,8
13,南钢股份,118.746315,32.200797,0.0462165388178241,9.21431866107852e-05,-1.0081915853854854e-05,0.129869929216037,0.6509368461157454,48.25772492722536,306.5325632618295,297.2766474833282,13.828197851533355,2019,8
17,太钢,112.57052,37.970033,0.0423528946494564,8.643394538778687e-05,0.0001110705459591,0.13091037888331,0.404591026866872,46.67868030204775,303.9314985891247,290.11475535877094,12.763803748190254,2019,8
19,宁波钢铁,121.876423,29.918776,0.0383217289666219,9.256159420091216e-05,2.404939477748093e-05,0.1283976633628793,0.7148463939046125,19.144179946166428,307.012173066238,297.3456362123038,17.43552700597602,2019,8
20,安徽富鑫,118.067833,31.194505,0.0451189310216316,7.45737529194429e-05,2.2097470554397837e-05,0.1305152735667835,0.7213685418310628,38.21450142674985,303.37748193617546,297.8974586729456,1.9347262961196745,2019,8
21,安徽贵航,117.251147,30.531068,0.0418669757587308,5.3114162736763816e-05,-8.178815395839302e-06,0.129948696229875,0.6270301780183168,37.58596989200669,304.2232453371409,298.1409649772428,2.8343339863377937,2019,8
22,安钢信阳,114.038243,32.488704,0.0465276588290315,4.2227699640408e-05,-5.6677017276620496e-05,0.1293732256151563,0.6328676457127949,44.69691461395087,306.54381225544535,296.2932111857482,0.9754642934633956,2019,8
23,安钢股份,114.283145,36.122129,0.0564355869651095,9.803590874502684e-05,0.0001482827268579,0.1306691340727875,0.562199667681671,69.35972777930354,305.72664524503057,295.5093835547563,6.448515252711224,2019,8
24,宏兴钢铁,118.871477,39.700721,0.0679539442648682,0.0001404758989575,0.0003778436948445,0.1351912208231214,0.4518491056916411,35.26860226088502,303.569276427544,292.90216459644404,2.169664066333426,2019,8
26,宝武鄂钢,114.861313,30.39574,0.0459423916039243,6.617372508348709e-05,-3.3266341414626886e-05,0.1297391034538911,0.6258284650823366,73.97067071186952,307.01535000766074,299.53611749685354,6.989091277797285,2019,8
27,宝钢八钢,87.304639,43.852147,0.0342480760435994,9.031846619074378e-05,6.053920459433872e-05,0.1277607211288259,0.1805987298282921,29.187686338422385,313.0955273657441,293.10859449914705,6.137118720381915,2019,8
28,宝钢股份,121.440087,31.41623,0.0421734194026207,0.0001656128703877,-7.047196145970218e-06,0.1297089665673249,0.8210836976142666,82.12854227397209,308.67527162699014,297.75744266309954,18.123199762813908,2019,8
29,山西中阳,111.161118,37.370796,0.0402157241830343,7.971733109913362e-05,5.327735637223629e-05,0.1294807672167904,0.3185995673866029,31.147962431532505,299.8172595941492,289.6224980859922,1.669486972536024,2019,8
30,山西建邦,111.37916,35.668163,0.0668827056100613,9.23077716347995e-05,8.590961082709746e-05,0.1292557153058816,0.5478465366295443,48.5344562831756,305.81075495704584,295.26789869446776,3.2485088179398645,2019,8
32,山西晋南,111.51465,35.678541,0.0648254613860705,8.718308338644637e-05,0.0001199700752911,0.1291725844809911,0.5204200263466151,45.29909602979387,306.4881220365451,294.6984599082057,1.852519068519072,2019,8
33,山西高义,111.258436,35.586841,0.06077044775305,7.928239953154857e-05,0.00011784886727,0.1290384486979155,0.5616493516445319,49.03743646357837,305.8232097121586,295.39316767927244,1.3871001908939995,2019,8
34,广东韶钢,113.654289,24.704815,0.0372795306270107,5.031222925941744e-05,-8.109378505126784e-05,0.1261125457823094,0.5780472961215827,26.872447073886224,303.85106267397583,298.2021611817059,3.099374662905026,2019,8
35,建龙西林,129.287919,47.495036,0.0524435159907304,1.5607829288579774e-05,0.0001243306253018,0.1356886983500517,0.3840896865879717,8.45798387840559,292.8599114486176,288.6731301496846,0.4357914812349761,2019,8
36,德龙控股,114.384832,37.086116,0.0512911243525797,8.550720626109389e-05,0.0001158076645749,0.1317778959262819,0.4792165304869681,68.2540530760889,308.00345426513053,295.4738064826797,4.902369653912659,2019,8
38,攀钢集团,101.693628,26.551896,0.0468338379181812,7.12632354256326e-05,0.000212528176101,0.1239975189338256,0.376644351612724,43.59189631486515,303.8077325226768,295.5057715406487,3.187917742767409,2019,8
39,新兴铸管,114.128189,36.621504,0.0641650866915373,0.0001144727098603,6.506708881337097e-05,0.1308376504985952,0.49532084037384,67.9100912663618,306.47912337809083,294.5771998122691,3.0078436937714086,2019,8
40,新金钢铁,114.216151,36.715444,0.0597544703454751,0.0001002901633472,0.0002066985094378,0.1311729872571934,0.48486191080357,70.26851869816792,308.5872471928282,295.0616488025253,3.074715487389023,2019,8
41,新钢集团,114.932403,27.790574,0.0411833813299151,5.946047437153256e-05,-4.306439515200989e-06,0.1279893508747294,0.7723938071118582,30.025456066588596,307.1764351100111,299.07025470525645,4.663574752559741,2019,8
42,方大特钢,115.99204,28.645441,0.0380887700432619,4.87771036663141e-05,1.0832710528580924e-05,0.1285880239739352,0.7009001909688934,38.06012927043412,307.557790433154,300.6111363502966,14.654748501520032,2019,8
43,日照钢铁,119.36115,35.158382,0.0578732541758616,0.0001045698990294,0.0001194574944584,0.1310396864572291,0.3661994672871357,37.62665713400226,306.2001331095525,295.01973366828264,9.215464507602428,2019,8
44,日钢营口,122.395441,40.671136,0.0533840484355516,7.024100605060059e-05,0.0001565469108303,0.1346889092733706,0.4750234537160571,30.960244146172045,301.75520976950264,294.7947305380166,4.608127096128732,2019,8
45,普阳钢铁,113.925994,36.733675,0.0613692269309729,8.99640427627832e-05,8.928374831666966e-05,0.1305582087900942,0.491622061222877,65.08891328780365,305.4155439351325,292.8792442737427,0.8703245214976009,2019,8
46,本钢集团,123.722099,41.274132,0.0520147872261347,0.0001091438621323,0.0001939879099923,0.1341915161093261,0.4989012911263619,32.89035344425572,298.74200736852947,291.9579648657588,5.172165474376658,2019,8
47,柳钢集团,109.373148,24.379047,0.0445662791744749,0.000101043889249,5.435379296219576e-05,0.1259929897172209,0.8526278912279671,34.183670020739605,308.0040321484755,299.5741963737276,13.725478959845733,2019,8
48,桂万钢,108.412344,21.687637,0.0360018768329125,5.0806701677769214e-05,-3.806407135647112e-06,0.1245023735615259,0.5128264643070027,14.309102347453972,304.5872655354363,299.02366315415054,5.862169774837607,2019,8
49,武安文安,114.177621,36.684389,0.0622055569882337,0.0001061305933802,0.0001588408265576,0.1310356763235591,0.4910236438008123,69.41908589859243,308.10920905272366,295.10826540379986,3.664694175388571,2019,8
50,武汉武钢,114.444975,30.616222,0.0530630315470874,0.0001577266567156,-5.161675002383063e-05,0.129489480741533,0.7555690682657717,72.414295004819,306.8834728078642,300.05393783068115,14.335901484915112,2019,8
51,永钢集团,120.739658,31.839485,0.0456872976956841,0.0001194893542828,-2.7903812342396e-05,0.1291717715250594,0.7228997173326736,48.74021186651589,304.37593606781184,296.3013534237023,5.915769524844292,2019,8
52,汉冶特钢,111.534635,33.269324,0.0494012107034706,4.200241785557469e-05,-7.71598930723084e-05,0.1286983919397722,0.5211872056046916,44.610729332816845,304.6267824682012,296.42706364589924,1.1317897935285244,2019,8
53,江苏镔鑫,119.279989,35.09556,0.0531406805654221,8.923097793094327e-05,0.0001013180582084,0.1310223987598803,0.3719682586120297,40.099622989444725,306.30947411897506,294.9117787520197,6.911935751897629,2019,8
55,沙钢股份,120.647295,31.967456,0.0462401752828067,0.0001597628897064,1.41276251804576e-06,0.1292390357459848,0.824448687614695,44.37781538569746,305.4044838103589,296.5153465247803,8.696985390260949,2019,8
57,河北新华,117.784839,38.288605,0.0557495395257591,9.75409570891484e-05,0.0001736563542646,0.1341780057556181,0.4969892659194772,38.13327565397776,304.84988021177213,296.7226820999076,9.0788350975003,2019,8
58,河北津西,118.220547,40.209844,0.0603071851602719,6.604010969430436e-05,0.0003062777112523,0.1349777207853671,0.2908612921412823,41.50781568225401,302.0502900626969,292.65456705723096,1.7287303802120104,2019,8
59,河北烘熔,113.981172,36.640411,0.0659655456053387,0.0001071383582843,5.975044736868166e-05,0.1306658358567242,0.4903298920430052,67.25722556666369,306.09306678926794,293.5744664083501,0.9369740702627524,2019,8
60,河北荣钢,118.558755,39.880661,0.0707757630615422,0.0001284349359716,0.0003001661429341,0.1350846944238863,0.4196543887749494,41.33527105173792,303.08179743087084,292.682826421178,3.167454166281644,2019,8
61,河钢承钢,117.734527,40.952513,0.0506621139825193,6.541949765337423e-05,0.000288468305349,0.1344486481475698,0.3537529216295492,25.11693266419616,301.0027222689874,289.9842362301702,2.619476277090452,2019,8
62,河钢舞钢,113.492311,33.28384,0.0481914373254716,4.369421457942554e-05,5.697650647816646e-05,0.1296677149672685,0.6667788449095814,54.28131701313653,303.2688763989656,296.08844649668697,1.4226002921538337,2019,8
63,泰山钢铁,117.627728,36.22141,0.0537316709081598,9.833525864629886e-05,0.0002850368707159,0.1310298848402403,0.4434869583804632,45.80904899853522,305.4113871874408,293.26277473290514,5.647233152440395,2019,8
64,济源钢厂,112.553774,35.086396,0.0526254279378483,7.571163063737725e-05,-4.9167401233917e-05,0.1298569865180328,0.7470517270129456,72.43601247585772,305.14506128813366,295.64894002291703,3.621799280399753,2019,8
67,海城恒盛,122.83646,41.056042,0.0534648119643622,6.05689308801368e-05,0.0001494495868162,0.1345920336847969,0.4706174895710027,53.33498620530008,300.84809856769084,293.10282693315327,2.9605994430487432,2019,8
68,涟钢,111.967343,27.747782,0.0424638222457543,5.412787803184431e-05,2.70729502789944e-05,0.1278014785116073,0.6416104709714812,43.47899462686655,307.8512780734773,298.91500751275026,5.0175017291734205,2019,8
69,淮钢特钢,118.988442,33.566039,0.0456845355235843,5.671226180581953e-05,5.653446590767467e-06,0.1300519667811588,0.5731961097795346,34.8515657855791,304.84596813538235,295.9637280004164,12.615057148304212,2019,8
70,港陆钢铁,118.073913,40.183913,0.0587606716396281,7.291954714276092e-05,0.0003198161731066,0.1349299124688911,0.311438674295502,41.84273194596244,303.0580815993764,292.2222550854965,1.6744931950323168,2019,8
71,湖北新冶,115.125838,30.204603,0.0446612883153839,6.294374549037067e-05,-3.339182693875105e-05,0.1294263435328289,0.59330908965019,166.36947464121477,306.11061673136254,299.16881730607764,3.858836438540611,2019,8
72,潍坊特钢,119.238427,36.644469,0.0491231552018872,8.09285928807459e-05,0.0001437876432534,0.1318065611538866,0.490455718621836,40.68021652869902,304.76383273544224,292.7601997281797,7.915728352063948,2019,8
73,玉溪仙福,102.186364,24.012309,0.0345130520876633,2.878630868250505e-05,3.179501827475938e-05,0.1239868089915935,0.4865772942226366,14.023098527170188,300.86686351501027,292.69911222258946,0.5879816856908925,2019,8
74,玉溪玉昆集团,102.543682,24.465884,0.0293538341792117,3.1948267076352495e-05,1.9095770171734167e-05,0.1236591372481601,0.5231046200430446,22.88495750171176,297.2813312397522,288.51310989968385,1.630301635912769,2019,8
75,瑞丰钢铁,118.272056,39.497472,0.0622679308145416,0.0001617106736462,0.0003249900192564,0.1351533209818617,0.3979620495929428,40.07862597187125,303.51293953773774,292.7082889648264,2.661343051406463,2019,8
76,甘肃兰鑫钢铁,103.933888,36.510351,0.0313073826746764,3.946308892153696e-05,0.0001532006113119,0.1243970718772053,0.2493778843486063,30.01566639682096,311.09324901720925,288.56802468968993,0.7428105697303067,2019,8
77,石横特钢,116.533981,36.229201,0.0492099665159873,7.427380363360104e-05,0.0001380398734915,0.1310778144839217,0.4168205186674671,53.11527213122692,304.04036100213705,293.1192622839122,3.2811477579355337,2019,8
78,联鑫钢铁,120.774892,33.211332,0.0415973593861961,3.384006858067296e-05,7.236711268122837e-05,0.1299847064386538,0.4878618697220934,24.091684899485877,302.5074520691798,296.2795510822664,2.3800578035068574,2019,8
79,荣程钢铁,117.495794,38.970638,0.0566293372893714,0.0001326884355454,0.000207402380725,0.134401153095082,0.4060520552177155,38.413497304260346,305.65045386387607,295.18800172525914,9.898367140016132,2019,8
80,萍钢股份,116.27527,29.778431,0.0431183169696797,4.750776460132861e-05,-5.811893452365471e-05,0.1298162836056981,0.7033474859000408,32.73890271982576,304.36900670949257,298.9820220671874,1.7603585252865117,2019,8
81,衢州元立,118.848341,28.902581,0.0389564776236008,4.608294666716591e-05,3.247980158396314e-05,0.1284483226093893,0.5685565273447916,21.66698109817844,307.1538305778893,298.5718357446992,5.491836891075235,2019,8
82,裕华钢铁,114.098377,36.731752,0.0623607792002606,0.00010169173114,0.0001223699522181,0.130988755944848,0.5075622979913861,65.30359463786272,307.06471464942484,294.4690692162425,2.555491972845285,2019,8
83,西宁特钢,101.671414,36.66856,0.0355855558594913,5.31803519894949e-05,8.990923910492123e-05,0.1235698967889617,0.2572322909316749,24.63758264070748,303.31782015779464,284.83439977447904,9.094876706490773,2019,8
84,贵港桂宝,109.63938,23.089502,0.0382139275038358,4.0031183730360926e-05,-5.792219371605441e-05,0.1255399958384437,0.8482771962939711,30.89880118104096,306.14025966547393,299.34017275408434,5.702074574732193,2019,8
85,辛集澳森,115.184798,37.752351,0.0505690613355356,6.47518994335251e-05,9.52531651212312e-06,0.1323008245262061,0.4032669794161365,55.33586033834581,303.659404322747,292.41661165468287,1.4147309172722693,2019,8
86,达州钢铁,107.453099,31.18945,0.0444590862157489,6.444647342949324e-05,0.0001508627895427,0.127244616977235,0.4252293843588285,41.73845111454197,306.377092915777,298.49441198115386,6.690111839829639,2019,8
87,迁安九江线材,118.563418,39.95945,0.0685821491948577,0.0001126488573131,0.0002874432353592,0.1350064659560182,0.3807819020163234,40.635533162127295,303.40158463376605,293.1245135442169,3.843743033319493,2019,8
88,通钢,126.022349,41.779125,0.0454169168848183,2.994544946155821e-05,1.526180304350447e-05,0.1333260087889506,0.4263341527403936,15.460710045545056,297.89074764722363,289.5691199432575,1.862334624099836,2019,8
89,邢台钢铁,114.452352,37.041601,0.0515872764936685,9.657746859069852e-05,0.0001289216281112,0.1317392889821768,0.485121634743151,68.2540530760889,308.5309122825176,295.805639392872,7.9028360904513795,2019,8
90,邯郸中普,113.928977,36.711757,0.0628009158656913,9.537926012175844e-05,8.809158528363661e-05,0.1305658859881924,0.4873399364816366,66.66611810301285,305.8814778814544,293.0341236835677,1.013442951147059,2019,8
91,酒泉钢铁,98.286265,39.807065,0.0315759204933794,3.605612016206084e-05,8.825097388744904e-05,0.1248830483474563,0.217184268425971,22.91177490573987,314.4788932200862,292.5076009476648,5.786956014040168,2019,8
92,重钢集团,107.040368,29.790253,0.0448192669410223,9.351103104508616e-05,9.522438611489744e-05,0.1273572018564536,0.5559014274355982,44.5289448421452,306.45924955404416,299.22541234184024,5.253684610261434,2019,8
93,金鼎重工,114.111677,36.718952,0.0629082078818225,0.0001045338305442,0.0001223477724045,0.1309961305940735,0.5060125704714692,66.4901631535078,307.38001844774857,294.64744939842467,3.0004850797803413,2019,8
94,铜陵富鑫,117.772866,30.907561,0.0439094799976306,7.118839633275268e-05,1.5828360573217763e-05,0.130070377557052,0.6504687825950165,38.10224797246209,304.2836176990824,298.0995875319158,5.499708885505017,2019,8
95,陕西略钢,106.167206,33.323678,0.0364965557527111,2.0320796820491305e-05,0.0001789228427276,0.1262832838331371,0.1895616234298917,19.757947075760992,299.8814387020453,293.2990024035864,0.5769885253938185,2019,8
96,青钢控股,120.390032,36.216949,0.0423911663287103,8.166036070564661e-05,0.0001021935545814,0.131133127587152,0.5402588832674032,33.21191144323166,307.5704579949931,295.52978127379845,18.466762767946875,2019,8
97,鞍钢股份,122.983054,41.148267,0.0549314557666855,0.0001334823287723,0.0001730321402892,0.1346451671063663,0.4285117473257567,44.92206122389631,302.6795337006991,294.6697762587875,12.154541313169515,2019,8
98,首钢水城,104.877413,26.595229,0.0316499346128539,3.894909675378778e-05,9.97806079123843e-05,0.1243980980735637,0.3554444429205192,23.722799724623652,300.6105282479902,290.012799279319,5.862049782478227,2019,8
100,首钢长治,113.060809,36.356404,0.0435966288958908,8.65180969842594e-05,3.883937100381864e-05,0.1296600006422677,0.4408402968999422,45.85266980837863,305.155654664006,291.8294244340545,3.611080481600859,2019,8
101,马长江,118.465162,31.502272,0.0464675010971768,7.81607846311037e-05,1.3755910955545356e-05,0.1301460724228789,0.7372376954533021,42.5027050467784,304.46240471946703,297.699120333031,5.148629357431307,2019,8
102,龙腾特钢,120.835685,31.723833,0.0446560295266847,0.0001012305562098,-2.0171827798707935e-05,0.129319326017358,0.8317010960106793,48.74021186651589,306.5604445592073,296.80779176519286,9.426923075453502,2019,8
103,龙门钢铁,110.575788,35.618466,0.0483762821991141,8.093969660314308e-05,7.285419661999052e-05,0.128974639818495,0.4716085838276863,40.18215141447661,307.6219754834017,295.4171866785962,3.0142417520405007,2019,8
1,东华钢铁,118.256774,39.468366,0.067962277127843,0.0001768458286177,0.000219894758665,0.1310830438836482,0.6228633396274937,46.70424496197861,302.5004931575385,290.2364362339523,2.402977170244124,2019,9
2,东海钢铁,118.624794,39.748373,0.0749464159386121,0.0002163804907411,0.0003218568313887,0.131181263990917,0.6032775626573851,54.21104937190848,304.435201821338,290.0907365158384,2.8761565857943503,2019,9
3,东特,121.759531,39.05443,0.0448015174929917,9.400235542520955e-05,0.0001677859029472,0.129592816663198,0.4762411509381188,36.82494053967193,302.22240110620857,290.5951100088491,15.879108161269626,2019,9
4,中天钢铁,120.081591,31.702681,0.0469828157332677,0.0001126332867864,6.506615025550468e-05,0.1247085037905805,0.6336270865128029,44.57624314113673,304.5293196958468,293.81961291128385,12.199888553583172,2019,9
6,佰工钢铁,118.819472,39.748773,0.0730857776945227,0.0001993828119438,0.0002979014127349,0.1311694976058601,0.6327631957741753,50.43981587959934,302.9087586094201,290.6731563892811,2.243546407417365,2019,9
8,兴澄特钢,120.320504,31.938905,0.0452989807441263,9.21678368530403e-05,5.589139463429296e-05,0.1250295774345909,0.6332806194680867,39.74513002771033,304.09614117134106,293.80771307118385,16.11023863227729,2019,9
9,冷钢,111.437288,27.690401,0.0531546757738417,4.910711316408058e-05,0.0001314963681086,0.1235942168863412,0.574050540864627,59.73393183484229,303.8479584618101,294.3181889173564,2.254597707178413,2019,9
10,凌钢集团,119.41374,41.271048,0.0451470654969711,5.9037102987010125e-05,0.0001251250542907,0.1314987404399881,0.2633322217387214,33.0538649629116,300.68220920014886,287.7549603299432,2.7045667318051287,2019,9
11,凤宝特钢,113.872158,36.131666,0.058657994911094,8.594956418717e-05,0.0001084250097353,0.1282963477581018,0.5514847056671277,78.24805041790029,304.39162115282403,291.2652021197199,2.7901665493455923,2019,9
13,南钢股份,118.746315,32.200797,0.0491095230789873,0.0001022473476911,3.215938521467047e-05,0.1256105267043153,0.5475188634897776,50.34540961901257,303.39748985575903,293.3401369373963,15.416712630622118,2019,9
17,太钢,112.57052,37.970033,0.0435267040376033,0.0001557857089208,0.0001630666219267,0.1276865707930368,0.4531815565931231,66.55404200839997,301.6096343541074,286.8857761612582,12.665595005602984,2019,9
19,宁波钢铁,121.876423,29.918776,0.0410634730122516,8.238154081979533e-05,5.6108461088227975e-05,0.1230593260688643,0.689432312870861,15.93780657226998,302.407823626128,293.67663198340534,16.959837757510567,2019,9
20,安徽富鑫,118.067833,31.194505,0.0525562807367032,8.793870472347559e-05,6.476714652873768e-05,0.125626753471008,0.6137634506419404,44.02798097472215,301.59695442359964,294.3848779670268,2.231578720476844,2019,9
21,安徽贵航,117.251147,30.531068,0.050476911471611,7.353873113105618e-05,6.369927130851254e-05,0.1254354118307944,0.5488098840832267,41.472578260481896,303.19156407876693,294.3909912816088,3.14333548103552,2019,9
22,安钢信阳,114.038243,32.488704,0.0525805917696403,5.405127407789919e-05,2.585235584338745e-06,0.1261961540447773,0.7134086881123756,57.208076498227456,306.8119817492668,291.1815036659324,1.1225017548833929,2019,9
23,安钢股份,114.283145,36.122129,0.0657040212440351,0.000122703591874,0.0002033044144283,0.1286027158536159,0.7501646431281908,91.63445461414716,305.95239118806444,292.74337319320364,6.524545909764867,2019,9
24,宏兴钢铁,118.871477,39.700721,0.0712890070741285,0.0002036419129219,0.0002837342202953,0.1311840090032109,0.6482102297921911,50.43981587959934,303.56504820661195,290.19040719638474,2.2335540711844466,2019,9
26,宝武鄂钢,114.861313,30.39574,0.0544265586636447,8.209703914293852e-05,8.381257423398589e-05,0.1252857508898857,0.5739442015352081,89.45870943930153,305.68281353338784,296.19457210824555,7.284187255948098,2019,9
27,宝钢八钢,87.304639,43.852147,0.0352433039323257,0.000153210790707,0.0002498305783613,0.1294222446219445,0.224471238874142,33.12213938447385,304.58340964111,287.0284067398946,6.755769153753221,2019,9
28,宝钢股份,121.440087,31.41623,0.0441658373668762,0.0001394841523674,0.0001371524551656,0.1243637049385565,0.5708822745718737,82.61228705530739,305.20522271925245,294.8178971830184,17.279930353968812,2019,9
29,山西中阳,111.161118,37.370796,0.0389877229498762,8.663788126827777e-05,0.0001548048815575,0.1269224031998648,0.3869040837556918,46.20242677333408,297.42726114380923,285.9006463949285,1.811257897280741,2019,9
30,山西建邦,111.37916,35.668163,0.0717850111319638,0.0001058315496776,0.0002689473874579,0.1277094290007279,0.6343801646330979,71.11020091701013,302.5592543779228,290.62507843467495,3.7258692818564634,2019,9
32,山西晋南,111.51465,35.678541,0.0678261689141986,9.919800891664103e-05,0.0002384242461101,0.1276048753218062,0.6034853035265832,67.00444998841704,303.1443767476622,290.0180691087164,1.9429303744633355,2019,9
33,山西高义,111.258436,35.586841,0.0691324643469603,9.974918013921708e-05,0.0003048351107437,0.1276520920334498,0.6439423413344345,72.50622599113511,302.57310856004005,290.7729630444635,1.5045777547332218,2019,9
34,广东韶钢,113.654289,24.704815,0.0453977008029016,4.5290979958621765e-05,6.583062605936686e-05,0.1224874092614405,0.4227173101220191,38.53838656158758,303.0819180092197,295.2354278636394,3.823421464351697,2019,9
35,建龙西林,129.287919,47.495036,0.0379927281367038,1.7822251250238225e-05,0.0003902135920058,0.1387558636529921,0.1360143658450631,10.25873231863665,290.5123881426331,282.8153659973244,0.4501717667735537,2019,9
36,德龙控股,114.384832,37.086116,0.0564024410321402,0.0001085786371972,0.0001999135582536,0.1289234572915056,0.6478651194966962,90.02417300507659,305.7978314860749,292.64495957399345,5.28101052664993,2019,9
38,攀钢集团,101.693628,26.551896,0.0378752362112924,5.8303527480920095e-05,0.0001829978782755,0.1189379504024292,0.4406211886547831,37.78145085675533,300.2966194948861,290.2547801737046,3.6675540228653607,2019,9
39,新兴铸管,114.128189,36.621504,0.0697855664055743,0.0001263097059673,0.000175755045475,0.1282993121473251,0.6292508530327128,84.1281248376858,304.61140633907246,292.1320359864325,3.1710277339943853,2019,9
40,新金钢铁,114.216151,36.715444,0.0681389477192014,0.00011883565521,0.0002743566944748,0.1285982398434346,0.6253399187585468,89.59218698397906,306.52429525954926,292.4306483824821,3.082300424732433,2019,9
41,新钢集团,114.932403,27.790574,0.0501477646777304,6.850615442697999e-05,0.0001468141449534,0.1235261426228549,0.5359730146474974,36.87093391553378,305.9556000282739,295.87468240686053,4.845568796134407,2019,9
42,方大特钢,115.99204,28.645441,0.0458440721282001,5.114701447284331e-05,9.259864147328386e-05,0.1245961837649139,0.5358391779560074,40.11845433637973,305.39822392555595,296.4473646715043,15.529155430871963,2019,9
43,日照钢铁,119.36115,35.158382,0.0640981085171927,0.0001231917984677,0.0001752216757473,0.12788608123265,0.4848244220191589,39.96598027221011,304.755271515339,292.5726170822267,8.931203649411044,2019,9
44,日钢营口,122.395441,40.671136,0.0507786397135018,9.146929931104524e-05,0.0002064322619072,0.1318354692132402,0.3610342310608354,63.02699517846122,298.54666649903004,289.2237481683957,4.6637397298776015,2019,9
45,普阳钢铁,113.925994,36.733675,0.0703731656506172,0.0001059792901831,0.0001849260069219,0.1279461895525732,0.5113603143408418,80.34089044639865,303.9638577216188,290.6065806083011,0.8983467233309899,2019,9
46,本钢集团,123.722099,41.274132,0.0543246499361011,0.0001354030866571,0.0004350292106756,0.131651200072833,0.2032666900174392,40.111784664755305,297.13234393153255,287.72382815507746,5.187506555686942,2019,9
47,柳钢集团,109.373148,24.379047,0.0499249111087259,8.912356326498438e-05,3.8666309235788464e-05,0.122352121433691,0.6306580107193422,44.826756214959545,305.83739969337563,297.2759305503135,14.720530439040775,2019,9
48,桂万钢,108.412344,21.687637,0.0461097334001833,4.8050692213702735e-05,1.6205029393963786e-05,0.1210201443118771,0.47585608518812,27.39454174616185,303.49310183064927,297.03124670124726,6.320361324973406,2019,9
49,武安文安,114.177621,36.684389,0.0714139713496928,0.0001253945467942,0.0002425808537585,0.1284889494353172,0.6313470868523586,87.31764690845179,306.049864565439,292.4563433056638,3.64677903584925,2019,9
50,武汉武钢,114.444975,30.616222,0.0584294284865817,0.0001630293083849,7.026919040505018e-05,0.1252201738729299,0.5869923824980374,98.35391523438376,305.74991060899566,296.30484510852256,14.664766123575818,2019,9
51,永钢集团,120.739658,31.839485,0.0449973508812896,0.0001040504473314,0.0001192878147868,0.124631466295261,0.543212958102097,39.89304531160087,301.8097188526678,292.71664282746445,5.61139599735617,2019,9
52,汉冶特钢,111.534635,33.269324,0.0489902382782253,4.630699826686543e-05,9.064243504557573e-05,0.125670353546677,0.5738158583273222,52.24998744779441,302.4324376340392,290.7068354842881,1.2106604511763055,2019,9
53,江苏镔鑫,119.279989,35.09556,0.0615901784965708,0.0001259000051671,0.0001289288080542,0.1278956301765582,0.4884065432694069,42.58154842081148,305.37588072769404,292.21754627600967,6.954955581840173,2019,9
55,沙钢股份,120.647295,31.967456,0.0457499050827039,0.0001159312395718,9.212288294060395e-05,0.1247983143172747,0.5830881191930822,36.84494674421977,302.735166065213,292.89989720813,8.763205808902779,2019,9
57,河北新华,117.784839,38.288605,0.0599450232673154,0.0001020887916553,0.0001727407160726,0.1304298856797269,0.6823568840783466,48.40905723422368,303.07515886885176,294.9520873334223,8.255764541087997,2019,9
58,河北津西,118.220547,40.209844,0.060397483520853,9.609517998495326e-05,0.0001621849840896,0.1313811528746748,0.4320713251007956,67.57246148455474,301.7412472501858,291.5217525233926,1.6791396488874186,2019,9
59,河北烘熔,113.981172,36.640411,0.0701455240919353,0.0001207512044011,0.0001779694152851,0.1280887234679225,0.5572227500615885,82.74817986375638,304.0444843033162,291.28086397203566,1.0640858383582965,2019,9
60,河北荣钢,118.558755,39.880661,0.0768731382839535,0.0002079781534199,0.0003042849951027,0.1312396450331818,0.5484119724323613,58.14091464037851,302.9165451243745,291.0487093307308,3.0038217733095425,2019,9
61,河钢承钢,117.734527,40.952513,0.0538473187301967,0.0001121366487965,0.0003645474522169,0.131240657566768,0.3296723148351615,51.22551473713033,301.8439845801898,289.73164258367024,2.4455658403638307,2019,9
62,河钢舞钢,113.492311,33.28384,0.0524425372792725,5.725368250760203e-05,3.0837739741479806e-05,0.1262209452421856,0.6704063842406559,65.94764128452158,304.9792876104709,292.3211241802508,1.6912255669235596,2019,9
63,泰山钢铁,117.627728,36.22141,0.0632200473703035,0.0001061545067339,0.0001288428695467,0.1284152378778482,0.742719409746854,62.11843128767214,304.2512185787574,290.5649209245725,5.380593804870624,2019,9
64,济源钢厂,112.553774,35.086396,0.0554634488634726,8.709591131693858e-05,0.0001583257691802,0.1277563009451577,0.6881886562325208,97.27253214764632,303.0537613635581,292.27649753838693,3.938049654947087,2019,9
67,海城恒盛,122.83646,41.056042,0.0542948842370774,0.000129146297403,0.0003453384459821,0.1319162182805249,0.3425511976101046,64.52457768091335,299.10701495980976,287.0961582528912,3.027317308272167,2019,9
68,涟钢,111.967343,27.747782,0.052800948799023,6.348663972732406e-05,9.27898625240487e-05,0.1238497590994137,0.6268728053991698,59.22492718468675,306.1153899644607,295.35768399128136,5.439995640325886,2019,9
69,淮钢特钢,118.988442,33.566039,0.0481950760601523,7.737064026558086e-05,7.004315457447845e-05,0.1259698021314706,0.5737304958147054,38.12923498132973,302.73283753124537,292.23020319935034,13.014412956145964,2019,9
70,港陆钢铁,118.073913,40.183913,0.0590257573597972,0.0001103057643733,0.0001776263117941,0.1313435221498453,0.4757716651499036,69.24155826482092,302.5025344565674,291.2049730704946,1.6772358381315462,2019,9
71,湖北新冶,115.125838,30.204603,0.0535052301131531,8.177101829987861e-05,0.0001614964757951,0.1251166301759247,0.5429713790122546,194.26131814270772,304.33396505775585,296.4793080168147,4.148589014069201,2019,9
72,潍坊特钢,119.238427,36.644469,0.0524468397140208,6.750442325489792e-05,6.494090731895311e-05,0.1284232147282181,0.6991536888913333,53.03756367425194,303.9031354703033,290.9858925914555,7.927568318504265,2019,9
73,玉溪仙福,102.186364,24.012309,0.0342485587548977,2.7053637554837347e-05,1.2654501208343711e-05,0.1191285005787421,0.3348576275294847,14.783515779129164,299.744480533051,291.84944017288484,0.6660928045105781,2019,9
74,玉溪玉昆集团,102.543682,24.465884,0.0303643825012284,3.2427455828651314e-05,4.268294229220952e-05,0.1185236766604233,0.3270401308049718,23.598585535512267,296.86390973548635,287.3817148492909,2.0548706260266574,2019,9
75,瑞丰钢铁,118.272056,39.497472,0.0680388515979337,0.0001901467611893,0.0002270492229105,0.1311059202320017,0.6109540460455584,46.25983109676236,303.2975189945363,290.2215411208377,2.660107689670449,2019,9
76,甘肃兰鑫钢铁,103.933888,36.510351,0.031257738367536,6.411346378900682e-05,0.0002068748536126,0.1241149140121495,0.3237792835794451,30.219364788308667,302.34963196452543,283.45928141286345,0.7519027410186055,2019,9
77,石横特钢,116.533981,36.229201,0.0543444569906377,9.652190161914716e-05,7.558369117650176e-05,0.1288971176695218,0.7658831062652427,74.7418916424577,303.7307369633024,291.5773122844506,3.4911380742359506,2019,9
78,联鑫钢铁,120.774892,33.211332,0.0425795912416164,3.260375630402977e-05,5.953632125198682e-05,0.1251987722996089,0.4228836657658844,16.251967520937566,299.6083818328395,293.49589189575744,2.980503126612327,2019,9
79,荣程钢铁,117.495794,38.970638,0.0597328551467017,0.0001651763032922,0.0001926330687774,0.130603297877055,0.69044857399233,45.6078981748034,304.4860674038517,292.7124940229859,10.4055167862055,2019,9
80,萍钢股份,116.27527,29.778431,0.0507600147674774,5.499487237009752e-05,0.0001362921006575,0.1251564424102144,0.5457895680119039,35.124564485999734,303.3806128697324,295.07973433327066,1.985400385611088,2019,9
81,衢州元立,118.848341,28.902581,0.0465125013114682,5.762305211711559e-05,4.647360160909674e-05,0.1238378966359565,0.5545064809965174,25.557158167544003,305.81188347610134,295.48505565613834,6.038813189600684,2019,9
82,裕华钢铁,114.098377,36.731752,0.0722838904605411,0.0001220918019129,0.0002639388822938,0.1283272312610995,0.5882479708573387,80.63659550313822,305.2801349439586,292.0637634863416,2.4748561882490394,2019,9
83,西宁特钢,101.671414,36.66856,0.0350746542853514,6.238866078714622e-05,0.0001444701774169,0.1228133782853684,0.2515517924205462,24.26700085322864,295.0798662243088,280.6911489980846,9.2082891473698,2019,9
84,贵港桂宝,109.63938,23.089502,0.045951718703716,4.337363404221696e-05,3.2287931021343763e-06,0.1217495999888767,0.6351518168062456,54.61114298802235,305.0912883711261,297.67859328413425,5.524656554896879,2019,9
85,辛集澳森,115.184798,37.752351,0.0547784865386047,6.680949161251895e-05,0.0001780917928239,0.1296958939941591,0.6368999905599325,77.78454147455705,302.66537820348555,290.3227993467278,1.4385346925318645,2019,9
86,达州钢铁,107.453099,31.18945,0.0439912910980365,5.3677563385096565e-05,0.0001372531326399,0.1232671049004298,0.6218060124267893,45.04184898924374,301.33488427993126,292.20474371628205,6.563875455628261,2019,9
87,迁安九江线材,118.563418,39.95945,0.0756830693031031,0.00019098843294,0.0002945148449565,0.1312271966330183,0.551866218172829,59.36576138525265,302.55527668012905,291.65476070186173,3.6082260865555407,2019,9
88,通钢,126.022349,41.779125,0.0459961062757611,4.591151596539402e-05,0.0002251433475561,0.1314794149587022,0.1822384913301055,20.92504480799562,294.46263449161506,285.01690616304177,2.2814808728934497,2019,9
89,邢台钢铁,114.452352,37.041601,0.0564361491882209,0.0001154743792717,0.0002329356492979,0.1289649858191494,0.6971334464933371,90.02417300507659,306.36114303599845,292.9357105805593,8.474890649609026,2019,9
90,邯郸中普,113.928977,36.711757,0.0714077308791224,0.0001116541563823,0.000178954054831,0.1280014088583854,0.5182205462053784,82.09192441769311,304.2510081530004,290.7311669585904,1.0555533969671458,2019,9
91,酒泉钢铁,98.286265,39.807065,0.0300154873035117,4.656951211445589e-05,0.0001698153280151,0.1239313822067286,0.2029398859609867,24.854412522779825,307.5829733302484,287.3277305203067,6.884249501960921,2019,9
92,重钢集团,107.040368,29.790253,0.0466253553289173,8.584719088296481e-05,0.0001090518950346,0.12270900209583,0.6383552178156502,46.27892471635938,304.2162290252034,293.4072348517411,5.490544045020958,2019,9
93,金鼎重工,114.111677,36.718952,0.0730671298022205,0.0001252752930968,0.0002515557262351,0.1283606131269113,0.5988454645204394,82.17266636714518,305.476123907881,292.20227780339445,2.911074315441234,2019,9
94,铜陵富鑫,117.772866,30.907561,0.0506366859552159,9.173848764207396e-05,0.0001473774871078,0.1254797537653286,0.5937860534113906,44.70097909279918,302.6465988484613,294.89467275854764,6.018061174230246,2019,9
95,陕西略钢,106.167206,33.323678,0.0378349235305168,1.6640705663334312e-05,-2.3537832513177358e-06,0.1229885532579407,0.2709752908681622,20.239316858345685,294.0969205727109,286.15661816664897,0.6769876264898609,2019,9
96,青钢控股,120.390032,36.216949,0.045581995054821,9.023616509950793e-05,3.856688945880764e-05,0.1278398274892869,0.5641507248335432,35.86228558560833,304.6909159963856,292.75573616714905,18.79976449180783,2019,9
97,鞍钢股份,122.983054,41.148267,0.0554902542479777,0.0001618971059986,0.0003056549983736,0.1320571263765193,0.3089503492696747,56.1969732203662,300.9017553922759,289.0709004488063,12.6681440665434,2019,9
98,首钢水城,104.877413,26.595229,0.032623033339242,3.280742088901765e-05,-1.5499865864736778e-05,0.1197233311547864,0.4331446297955347,21.02452967278623,295.985037435904,287.0368539649661,6.091794416795775,2019,9
100,首钢长治,113.060809,36.356404,0.0473674442697001,0.0001203188535852,0.000187229431551,0.127103984274695,0.5007591716177769,62.16869188917664,302.0938439460466,287.197800022732,3.5937522440506853,2019,9
101,马长江,118.465162,31.502272,0.0506107601312168,9.19403266919756e-05,9.75365592821888e-05,0.1255063401713504,0.5429875439246337,47.190856783827485,302.5216803999287,294.5466960971905,5.776186939003964,2019,9
102,龙腾特钢,120.835685,31.723833,0.0435118816614604,0.0001175811108164,0.00016479118528,0.1245566607033501,0.6174584327588823,39.89304531160087,302.90618536086555,293.03862451733653,8.81078319427624,2019,9
103,龙门钢铁,110.575788,35.618466,0.0574631514727619,0.000119840885023,0.0002706460535734,0.1272209847858143,0.6708449215426786,60.41685277607145,302.12925359659056,291.06532556516777,3.360838094188052,2019,9
1,东华钢铁,118.256774,39.468366,0.0519322709559789,0.0002213181791199,0.0003791982589629,0.13713012516755,0.5093165486475685,41.69860782471799,294.67639498788907,279.6687288099236,2.74233271134521,2019,10
2,东海钢铁,118.624794,39.748373,0.0667626820582405,0.0002611870519705,0.0004964819618085,0.137522669422781,0.4896296751043387,51.99554895550514,297.3708634421112,279.3873456597261,3.3166449606555544,2019,10
3,东特,121.759531,39.05443,0.0454834944883464,0.0001175707703552,0.0004128716677381,0.135862631838349,0.5423218473476941,33.78659663327941,293.9776656147198,283.32137769810413,17.61276386764926,2019,10
4,中天钢铁,120.081591,31.702681,0.0492101750086724,0.0002204796859925,6.982961857838681e-05,0.1214606909093309,0.6721867347057067,55.20191592722768,298.1719929134665,287.7850974253531,12.15152483902676,2019,10
6,佰工钢铁,118.819472,39.748773,0.0659716467530313,0.0002464452716807,0.0006575674450632,0.1376070476857227,0.5333422361959823,48.6672604438354,294.8262425597516,280.5902001639214,2.644627364220719,2019,10
8,兴澄特钢,120.320504,31.938905,0.0489221022085953,0.0002379585370369,4.938344373450799e-05,0.1217303982753205,0.7024591437536857,50.6185881239899,298.8794611803287,287.48653810811567,15.175877142072922,2019,10
9,冷钢,111.437288,27.690401,0.0505890551081982,6.224190555299891e-05,0.0001225126163708,0.1198865238012096,0.4901314332248115,59.05844576102201,300.47000281634894,289.8199130491119,2.259472723220006,2019,10
10,凌钢集团,119.41374,41.271048,0.0391131730609964,5.3468163166387686e-05,0.0006002948123113,0.1400346946291675,0.2594099972231681,30.16434376027116,292.4965327162028,277.68364453167464,2.92596574017718,2019,10
11,凤宝特钢,113.872158,36.131666,0.0462889296168463,0.0001257918963007,0.0002871047456874,0.129138939237302,0.5369353973103432,73.27387288381821,295.4743368048964,282.41499528663746,3.587960670836553,2019,10
13,南钢股份,118.746315,32.200797,0.0520328851169013,0.0001751406657403,6.001100695777012e-05,0.1219247611970775,0.6407065527046216,66.14690306605553,298.5734867732129,287.82248784391186,15.320053711114316,2019,10
17,太钢,112.57052,37.970033,0.0444821223261115,0.0002332449207288,0.0005294790439039,0.1320909851494617,0.4133034365635045,61.64011393010403,292.0549635623036,278.23883049188123,15.452480956503695,2019,10
19,宁波钢铁,121.876423,29.918776,0.0442708158714523,0.0001121728657418,6.358143372909011e-06,0.1208116587504199,0.6523158538514896,21.093559078773524,298.3038503620143,290.2344793921293,17.30391773080565,2019,10
20,安徽富鑫,118.067833,31.194505,0.0510864986179649,0.0001346396528771,0.000114750928005,0.1212941591330271,0.5731757156407601,53.56964929375429,297.674857437312,288.6465706233755,2.2629236503644017,2019,10
21,安徽贵航,117.251147,30.531068,0.0483742835740892,9.827570254404216e-05,0.0001699329548539,0.1213521384840297,0.5007178406786581,48.55310820062186,300.23407701778893,288.01287327507595,3.058584196752204,2019,10
22,安钢信阳,114.038243,32.488704,0.0474958430018026,8.072029097641484e-05,0.0001352061155752,0.1223657995801503,0.4429368930572909,57.37410191386516,301.3407544001803,283.9976430063611,1.1601800677358889,2019,10
23,安钢股份,114.283145,36.122129,0.0529438237179616,0.0001922095489286,0.0002953628243321,0.1296428521093312,0.7040778631227633,85.02207596400176,296.7724370178445,284.0098673969783,7.313554958939562,2019,10
24,宏兴钢铁,118.871477,39.700721,0.0654975315056826,0.0002440374930192,0.0006036086324988,0.1374824428178369,0.5482204665988668,48.6672604438354,295.8148852416576,279.76460674317985,2.6796661943283686,2019,10
26,宝武鄂钢,114.861313,30.39574,0.0480939729299233,0.0001060213178673,9.337367698775416e-05,0.1211200625840643,0.5193923870763336,99.69092048476185,299.17758572524707,289.38176981940205,7.34509999435421,2019,10
27,宝钢八钢,87.304639,43.852147,0.0360069006575912,0.0002168627664781,0.0005489485148107,0.1302468263491927,0.1935142604281772,33.37617167471064,291.7270757474876,276.82403500763337,7.033355055551497,2019,10
28,宝钢股份,121.440087,31.41623,0.0490111923960569,0.0002483532303271,-3.689260790175744e-06,0.1215349091522351,0.6933410590942017,94.38344436104823,298.65241935508743,289.77581842921774,17.628684636165882,2019,10
29,山西中阳,111.161118,37.370796,0.0370555839888102,0.000101348135066,0.0005737960605521,0.1303421756199236,0.2381731883433888,32.723573184512134,288.03084124875494,278.4237329794788,2.050262222260095,2019,10
30,山西建邦,111.37916,35.668163,0.0675969191786971,0.0002033006843284,0.0003645788713093,0.1276631455782341,0.6312563857056229,65.31530022963666,293.11092855112776,282.6466312152769,4.298867073063502,2019,10
32,山西晋南,111.51465,35.678541,0.0597183498594781,0.0001844239956597,0.0003005010681724,0.1276784381269829,0.595588548644469,57.05247474452335,293.61017541348946,282.6465913782104,2.3060495186719683,2019,10
33,山西高义,111.258436,35.586841,0.0624089475215878,0.000189241695522,0.00029924763253,0.1276618897867653,0.6256243973343228,66.44899072274751,292.88017520358534,282.40466445966354,1.7649718582497542,2019,10
34,广东韶钢,113.654289,24.704815,0.0496566245201095,6.336288493176587e-05,0.0001179432967757,0.1201494446292304,0.508706491283402,39.95454706452336,301.28286778023977,293.2026304572188,3.5746597105781985,2019,10
35,建龙西林,129.287919,47.495036,0.0389302765337224,2.2141541017761556e-05,0.000636765306399,0.1459183009479768,0.1642809204812541,13.290474398026818,284.2844810927029,274.3022416780302,0.5146650661591308,2019,10
36,德龙控股,114.384832,37.086116,0.0546339532474852,0.0002244151855417,0.0003501648606612,0.131793124850812,0.6280152383116124,87.17263710877887,296.32416045945087,283.09983033183454,5.738221950087384,2019,10
38,攀钢集团,101.693628,26.551896,0.0413568004864292,7.416685520110907e-05,0.0001866761153612,0.1173022005697951,0.3148234261367679,42.1473238532144,299.50039197999547,290.9822979588073,4.3291684350072135,2019,10
39,新兴铸管,114.128189,36.621504,0.0598037202975801,0.0002006540341096,0.0003979270550244,0.1304262581030758,0.5563654315159925,80.64813334937413,296.842410924246,283.76318009435965,3.626877623559021,2019,10
40,新金钢铁,114.216151,36.715444,0.0626632537588727,0.0002054895640119,0.0003444667685588,0.13076101723776,0.626998038937917,85.18115948614216,297.397007746221,283.8100016886498,3.412249787032128,2019,10
41,新钢集团,114.932403,27.790574,0.0558864196161843,9.75549192454857e-05,8.325174731962009e-05,0.1207784249698386,0.6206525079629457,47.66388799968539,303.2768883189692,290.8163270313688,4.716539939664983,2019,10
42,方大特钢,115.99204,28.645441,0.0511412961274387,8.350182692946777e-05,7.546676690379105e-05,0.1207150458819003,0.6160220554434529,57.61791044278653,303.74845084510065,291.41352519778087,15.319271824314352,2019,10
43,日照钢铁,119.36115,35.158382,0.0662015844180658,0.0002214668238907,0.0003025515827976,0.12659833410389,0.6020858325745079,51.52345289803569,295.5171734039946,284.90966187479194,9.490237596269358,2019,10
44,日钢营口,122.395441,40.671136,0.055643911835236,0.0001343603709399,0.0004890541977532,0.1392890478178676,0.3867500384703156,42.20578730951274,291.3678898597245,280.7874555282056,5.258776111578912,2019,10
45,普阳钢铁,113.925994,36.733675,0.0603665295441811,0.0001803010447122,0.0003990814584055,0.1301926537909751,0.4729224640438245,77.14072493131107,295.1542823377094,282.91811097714947,0.9532277014427072,2019,10
46,本钢集团,123.722099,41.274132,0.0539291922777952,0.0001409722498959,0.0005443667571452,0.1400124887275473,0.2964491660875404,44.27777290506277,291.15724912082703,281.0726580486083,6.155092767169018,2019,10
47,柳钢集团,109.373148,24.379047,0.0528993548217105,9.818960343832156e-05,0.0001781209839903,0.1199453894961681,0.5876987916443763,36.13057453151386,303.9178608121988,294.58707591704984,14.038630460971284,2019,10
48,桂万钢,108.412344,21.687637,0.0510639524985949,5.043605086789919e-05,4.820144621230989e-05,0.1201725205320493,0.4554955128080585,29.80211810665878,301.7452121794043,294.452331576134,6.647698000282923,2019,10
49,武安文安,114.177621,36.684389,0.0630339799645473,0.0002044156034766,0.0003664344260112,0.1306313296672283,0.6024685890547835,83.28875965491812,297.53024139501287,283.95118513339264,4.076213087108079,2019,10
50,武汉武钢,114.444975,30.616222,0.0543808418100022,0.0001824622946447,0.0001072764590093,0.1210860522981388,0.5598538768801156,110.2516549167376,298.23861805126785,290.2376565381222,14.057034691689218,2019,10
51,永钢集团,120.739658,31.839485,0.0490139665932951,0.0001523222640799,7.880918882373544e-07,0.1216309611244659,0.6670910918087933,48.80947557239779,298.355770762728,286.4256525284748,5.63859011998938,2019,10
52,汉冶特钢,111.534635,33.269324,0.0455312810398188,5.696406880367181e-05,0.0001878190851813,0.1230504699042546,0.4530679602104983,45.592692288209946,296.2655356925308,284.55970079903966,1.4040195276717304,2019,10
53,江苏镔鑫,119.279989,35.09556,0.0615224978024552,0.0002025103229738,0.0001569856160337,0.1264882549634109,0.6263927128666984,55.98535141839567,296.64945388073403,284.11012473036726,7.2263360585973535,2019,10
55,沙钢股份,120.647295,31.967456,0.0513899935084073,0.0002112640127141,4.359833919985189e-05,0.1216510763827642,0.6992104895335656,47.01298487256744,298.71679272438394,286.83809214913424,8.964449688277263,2019,10
57,河北新华,117.784839,38.288605,0.0505593582440849,0.0001315863978675,0.0003946150381509,0.1349235943427857,0.719362950835277,47.71142942470266,294.29590554107386,285.01047161080925,8.938642625731488,2019,10
58,河北津西,118.220547,40.209844,0.0528371898772614,0.0001586555023994,0.0005329611869035,0.1383273244083041,0.4145543459849201,59.621153078254814,293.0901183008727,281.4159083306646,1.9761033718919132,2019,10
59,河北烘熔,113.981172,36.640411,0.0586452243756704,0.000190631895361,0.0003476821381945,0.130149336983035,0.5152624847135385,79.50566782710666,295.6070892584536,283.4789783490673,1.1386875883361431,2019,10
60,河北荣钢,118.558755,39.880661,0.0665154807138387,0.000239117965429,0.0006432835991935,0.1377624830282124,0.4630915885408497,55.46383736886719,295.3777884211443,280.39568680922315,3.530198340901168,2019,10
61,河钢承钢,117.734527,40.952513,0.0501447115126679,0.000141940893343,0.0006453622710234,0.1394003333749725,0.303642447882568,42.09215425477476,290.1955321559079,278.8006415980387,2.770124589142016,2019,10
62,河钢舞钢,113.492311,33.28384,0.0476471945413834,9.172557952870872e-05,0.000194760089492,0.1234579195534649,0.4924790982593423,63.89570333679267,297.44855628725446,284.8610271476313,2.063241619504407,2019,10
63,泰山钢铁,117.627728,36.22141,0.05603652628666,0.0001614779705382,0.0002557180030344,0.1287945216628992,0.6961105798283657,68.330017199969,295.8179129595545,282.62879974430246,5.8806117096256605,2019,10
64,济源钢厂,112.553774,35.086396,0.0526560006204366,0.0001744740280708,0.0004236296336871,0.1268741387577673,0.6171494895785583,88.13085518032884,295.96129647164,283.48442230077325,4.575706415224782,2019,10
67,海城恒盛,122.83646,41.056042,0.0544813803609619,0.000153970507384,0.0005465379451142,0.1400027855492182,0.3590054008619507,65.4470397876139,293.67216872540826,278.72046146136904,3.2943872050467604,2019,10
68,涟钢,111.967343,27.747782,0.0527731635625588,0.0001129701731909,0.000208999508732,0.1202833356779266,0.6365838225545181,61.49887354922612,301.892905446665,290.6442888179938,5.485250149597085,2019,10
69,淮钢特钢,118.988442,33.566039,0.0502632783430364,0.0001527122906341,0.0001617819113963,0.1236766067869455,0.6390267708415595,51.91714780132921,298.38182218523923,285.81266501883016,13.488341999873237,2019,10
70,港陆钢铁,118.073913,40.183913,0.0520662034308298,0.0001728631107174,0.0005222368218169,0.138211540370234,0.4584653171532601,60.84223258540078,293.7638730901156,280.5079911924604,1.9654512774271256,2019,10
71,湖北新冶,115.125838,30.204603,0.0498362715446378,0.0001164262604272,0.0002578800079469,0.1210290275303771,0.5243741888356764,243.2751387004828,298.41178764881056,290.02207560004626,4.012682643934638,2019,10
72,潍坊特钢,119.238427,36.644469,0.0478388402283061,0.000132894507907,0.0001605667193271,0.129855399488868,0.6982127471173252,60.27364207739083,297.0097354940367,282.56747201814443,9.438119579249058,2019,10
73,玉溪仙福,102.186364,24.012309,0.0354110430625448,2.3287800408294808e-05,6.359248468950018e-05,0.1176390736094631,0.2475869074189012,9.630002465924798,298.0864893874108,290.6374424617139,0.7892004712921804,2019,10
74,玉溪玉昆集团,102.543682,24.465884,0.0327014183490061,3.15355190248081e-05,7.896502363478673e-05,0.1170407486775366,0.2667426603715142,16.143321042525596,293.33636299060305,286.1376322691311,2.779195805680027,2019,10
75,瑞丰钢铁,118.272056,39.497472,0.0525082282407069,0.0002263183504673,0.0003720783888544,0.1371948717578268,0.5011113279925115,41.32349874672682,295.3850841930399,279.63327944305144,2.958564699292826,2019,10
76,甘肃兰鑫钢铁,103.933888,36.510351,0.0292833943287487,8.932863002741943e-05,0.0005401043902461,0.1276729408699116,0.2398508154762191,37.534118035864594,292.9267644319623,276.7858667265277,0.9250845127743922,2019,10
77,石横特钢,116.533981,36.229201,0.0490159021018917,0.0001657816932563,0.0002698960249004,0.1293816509233536,0.6647093903782634,75.64865015156441,295.23425444401124,283.06695611855247,4.038625077273824,2019,10
78,联鑫钢铁,120.774892,33.211332,0.0472488637232448,7.018973032970851e-05,8.884288036211749e-05,0.1228100568692125,0.5943152632771532,23.76543765400321,294.9803286098055,286.3293352134607,2.928798972240319,2019,10
79,荣程钢铁,117.495794,38.970638,0.0512792780665557,0.000209949538903,0.0004070070553539,0.1364464073609436,0.5691634308684936,44.02171065338547,295.2928542366343,282.60398199715394,11.014151429269509,2019,10
80,萍钢股份,116.27527,29.778431,0.0526947097570263,9.228843146926656e-05,3.7109511574093234e-05,0.1208186259464119,0.549129689339858,46.005268538124255,300.5649922920303,289.3889943450429,2.056184471733816,2019,10
81,衢州元立,118.848341,28.902581,0.0498731658194641,7.414768310835041e-05,7.957763976472785e-05,0.1209423101606032,0.6156653859067307,30.525971084216508,301.81303379073137,289.97929490334,6.335608370746321,2019,10
82,裕华钢铁,114.098377,36.731752,0.0656474014669031,0.0001896070634012,0.0003057455385856,0.1305110669679805,0.5416630087101548,77.41255996107618,296.8827995241109,283.9785955572005,2.727954492074412,2019,10
83,西宁特钢,101.671414,36.66856,0.0335958227563166,8.9590234671605e-05,0.0002977598108076,0.1275497207290059,0.2336117681886447,27.437863536761142,289.84890322059647,273.91162764823525,9.678755069393764,2019,10
84,贵港桂宝,109.63938,23.089502,0.0511373986947674,4.633337613223315e-05,6.32920511260689e-05,0.1201471024393049,0.6139319062274113,39.70759645144591,304.31509693042534,294.82868150314624,5.481614451131448,2019,10
85,辛集澳森,115.184798,37.752351,0.0492222013556315,0.0001773168725598,0.0004310054749318,0.1335661538102473,0.5976247611336147,73.03970761540768,297.0938802694383,280.7960033795777,1.6032273846704566,2019,10
86,达州钢铁,107.453099,31.18945,0.0423342452450707,8.495309863520375e-05,8.695817068697884e-05,0.1202510694720157,0.2663538088997976,44.43553731533903,294.37643603902853,286.74304671153374,6.650558939106991,2019,10
87,迁安九江线材,118.563418,39.95945,0.0664115374796955,0.0002477498934799,0.0006236120480244,0.1378020233489296,0.456019353871154,55.65208198138403,294.4388853001974,281.01054485705833,4.310066950673136,2019,10
88,通钢,126.022349,41.779125,0.0437773344170646,4.607282391490494e-05,0.0004276917369599,0.139856459647088,0.2824918758884279,24.190502045939866,288.3905092206988,277.87079943089725,2.640343130596213,2019,10
89,邢台钢铁,114.452352,37.041601,0.0537217747523091,0.0002185718444438,0.0003433616151846,0.1318106342820015,0.6708621731261588,87.17263710877887,296.6851134400625,282.96187398568713,9.131371707611656,2019,10
90,邯郸中普,113.928977,36.711757,0.0603628031140292,0.0001852418562826,0.0003681896019871,0.1301858422976975,0.48685670159893,78.86095654154056,295.313358809446,283.0058828132774,1.1552012094546162,2019,10
91,酒泉钢铁,98.286265,39.807065,0.0328003462328586,6.97054662311857e-05,0.0003167600515197,0.1323048381076745,0.2076551401190554,21.977653443181147,296.0377605280652,277.4565159883286,6.47712905859975,2019,10
92,重钢集团,107.040368,29.790253,0.0477219982367099,0.0001088039907766,0.0001037833333126,0.1199205647756427,0.5075866331395659,51.40124673737453,296.1143323960508,287.0232186644742,4.997707370942257,2019,10
93,金鼎重工,114.111677,36.718952,0.0658033858015853,0.0001936911687219,0.0003147451216682,0.1305239050307208,0.5604495096604265,78.85042712607873,297.112047117696,284.0792319643067,3.2278862882568475,2019,10
94,铜陵富鑫,117.772866,30.907561,0.0485151271897331,0.000149115481185,0.0001504680880334,0.1212584674658387,0.5754919783647442,54.020480985062406,298.5577244541457,289.61462803728995,5.832881090197269,2019,10
95,陕西略钢,106.167206,33.323678,0.0339753017543707,1.9841892477998323e-05,0.0002003917853772,0.1216111967676976,0.2001698790263037,19.512021517820084,289.2313856140981,282.00163920407675,0.7498285031451043,2019,10
96,青钢控股,120.390032,36.216949,0.0471566717127186,0.0001505499736677,0.0001284778745959,0.1282123482226789,0.6336746393616417,41.4062313325303,296.3303800154237,285.30321707593475,19.98915258332062,2019,10
97,鞍钢股份,122.983054,41.148267,0.0637270653442266,0.0001968615693687,0.0005993085462931,0.1400453105507426,0.3626908577267079,57.60299370572584,293.3430161527837,280.9670937140592,14.108294233655435,2019,10
98,首钢水城,104.877413,26.595229,0.0351220042713036,3.4770647366058547e-05,0.000139113738159,0.1178264078163248,0.4213455488819754,15.8455613075148,293.63416492416485,283.13668592797893,5.439197204887879,2019,10
100,首钢长治,113.060809,36.356404,0.0431635585504451,0.0001454467416421,0.0003170944650791,0.12824034659605,0.4120431031849353,54.29570006404116,292.28492436090494,279.2423477973945,3.943008356525452,2019,10
101,马长江,118.465162,31.502272,0.0500301257780347,0.000127414074528,6.878909208533675e-05,0.1214235262625432,0.6207408269381638,58.40447138546678,298.4568242930044,288.1579980909114,5.752950420007691,2019,10
102,龙腾特钢,120.835685,31.723833,0.0474778862119981,0.0001579546092523,5.502547836335857e-05,0.1216383624393152,0.6693786210202982,48.80947557239779,298.6999226165502,287.44578197988,9.200814146413196,2019,10
103,龙门钢铁,110.575788,35.618466,0.0599637972464279,0.0001934075899744,0.0002932812640612,0.1274709600134148,0.6608513801059297,52.43434921186598,292.5761894029946,283.1829750316927,4.157522190106389,2019,10
1,东华钢铁,118.256774,39.468366,0.0579310480276817,0.0002398998634184,0.0005364195964235,0.1398110711702421,0.3022367745922601,40.10183204125074,284.46025152741225,271.44603049423006,2.575852818332791,2019,11
2,东海钢铁,118.624794,39.748373,0.0702166276261456,0.0002648337552733,0.001041149900491,0.1405134850658438,0.2959598569083286,54.33579215086565,285.5793633160665,270.81433161572187,3.138732671900032,2019,11
3,东特,121.759531,39.05443,0.0400224965188819,0.0001201917502075,0.0006039925365821,0.1389098628028492,0.2598604327142205,23.319194113009942,282.91438982991707,273.03642608298856,18.73506111907745,2019,11
4,中天钢铁,120.081591,31.702681,0.050335328499829,0.0002983496819351,0.0002054551583486,0.1168206637730608,0.4883015460947778,53.36119102139492,294.1723803835691,282.8734991263911,12.710871876351856,2019,11
6,佰工钢铁,118.819472,39.748773,0.0678880368902176,0.0002248053805404,0.0008306332614966,0.1405312814871791,0.2880779105175746,49.04249095716296,285.02378095240863,272.0102591538076,2.428331072489627,2019,11
8,兴澄特钢,120.320504,31.938905,0.0469469555708615,0.0003172695992585,9.633414985990322e-05,0.1174354366141057,0.4869589785075984,47.95262358765566,293.81416183228475,283.8409556635217,15.735663712844888,2019,11
9,冷钢,111.437288,27.690401,0.0533227534905887,7.384243925369044e-05,0.000368316310783,0.1120470665171832,0.5561303615066683,69.33423135887267,294.046524091708,285.33443323353634,2.0489638203301923,2019,11
10,凌钢集团,119.41374,41.271048,0.0398089375187929,9.136032340387892e-05,0.0008887493220072,0.1456781666127464,0.1854314541694727,27.95378486639349,280.71576189797906,267.896119456538,2.786797491184749,2019,11
11,凤宝特钢,113.872158,36.131666,0.059816693114704,0.0002253567693503,0.0005747647862415,0.1299432066763687,0.5069164190204573,83.52754827473143,289.31854533939475,277.04097158668725,3.2887151695870296,2019,11
13,南钢股份,118.746315,32.200797,0.0511644112882054,0.0002748212383152,0.000290177182461,0.1181890864770578,0.4766051435142079,62.86528275722958,292.38958183181586,283.3839547371589,15.829683123619462,2019,11
17,太钢,112.57052,37.970033,0.0441046129935029,0.0003250681916163,0.0008719185972636,0.1347398724231749,0.3417955706893711,78.84121196528419,284.2523131935384,272.3254911414354,15.134262998044711,2019,11
19,宁波钢铁,121.876423,29.918776,0.0415101852168171,0.0001104154662216,8.169802169301188e-05,0.1132797538227039,0.3349056366092265,19.084353387032877,295.126962642078,286.21630012383304,17.380141096558077,2019,11
20,安徽富鑫,118.067833,31.194505,0.0519887546989205,0.0001573820013001,0.0001592135767788,0.1162209316242356,0.4873764134183734,51.029004599418926,293.0174885194879,284.18550971348486,2.417541800483697,2019,11
21,安徽贵航,117.251147,30.531068,0.0496804973085517,0.0001304022944969,0.0003874721310241,0.1155195386488304,0.4531551166352416,46.7014587002268,294.50102882232227,282.877764280327,2.6437917461096605,2019,11
22,安钢信阳,114.038243,32.488704,0.0495712957403213,9.467513011384498e-05,0.0002405473705276,0.1195152174131999,0.9257707037601663,67.13128897217757,297.94607877124446,279.56254828091625,1.2249921324569124,2019,11
23,安钢股份,114.283145,36.122129,0.0583512484724492,0.0002306483881002,0.000597360861744,0.1300988526320999,0.7020264377132492,95.92112371612006,289.6592571327287,277.47922050936376,7.3739108918290945,2019,11
24,宏兴钢铁,118.871477,39.700721,0.0685597717587648,0.0002231916966396,0.0009391762437434,0.1404396853429895,0.2986657525671836,49.04249095716296,285.47780412991506,271.49524416389056,2.319727573959677,2019,11
26,宝武鄂钢,114.861313,30.39574,0.0513640593894107,0.0001614159838138,0.0002733606762215,0.1150989858811805,0.5133192857981547,103.87335678955216,295.4927148680928,284.22202317150897,7.427243141961118,2019,11
27,宝钢八钢,87.304639,43.852147,0.0370817138012845,0.0002919880366298,0.0017921903384855,0.1394309792621209,0.2603979032693792,49.13099757119497,277.5517364978374,268.0066562302404,10.848370179244444,2019,11
28,宝钢股份,121.440087,31.41623,0.0442980251182966,0.0002245061379621,0.0001633340502384,0.1163992543189288,0.4025195190275644,83.6330595840853,294.794021419008,285.4399589888324,18.28331292449058,2019,11
29,山西中阳,111.161118,37.370796,0.0383736010461429,0.0001329046488374,0.0007626081768014,0.1324784350523201,0.2343656038940308,39.09394408196931,282.5325247061256,273.1780831471395,2.0197712949553543,2019,11
30,山西建邦,111.37916,35.668163,0.0579561834512609,0.0001675282547393,0.0003127848159391,0.1285130363761352,0.6479547336348336,77.11416360466602,288.75115167145503,276.77413342310325,3.370489288463621,2019,11
32,山西晋南,111.51465,35.678541,0.0563524173212045,0.0001748690453389,0.0003530756267562,0.128301235994778,0.6072869022960631,64.98450488834351,288.3215189540432,276.6139969222865,2.082908899148384,2019,11
33,山西高义,111.258436,35.586841,0.0537495291273141,0.0001544060745993,0.0004018458873924,0.1282713044019921,0.6272599641505963,78.59458124812545,287.9506812717753,277.6818109484737,1.5419374434992004,2019,11
34,广东韶钢,113.654289,24.704815,0.0503731613177213,7.911633986060703e-05,0.0001608600801608,0.1120963468533814,0.3528134545964684,37.78876044820143,296.884971046718,287.8704603248753,3.676055972936165,2019,11
35,建龙西林,129.287919,47.495036,0.036277266755023,2.306462916004943e-05,,0.1637815387682421,0.0817173798287829,10.443258752208523,268.6964775347591,260.59609244709503,0.4889995899293768,2019,11
36,德龙控股,114.384832,37.086116,0.0563599358779264,0.0003385751557143,0.0006976387879948,0.1326278008152202,0.6743774898351931,101.19448035084132,288.90726817691063,275.8022505579355,5.581774327250475,2019,11
38,攀钢集团,101.693628,26.551896,0.0462099025858285,0.0001024524936387,0.0002461488992025,0.1094352176200205,0.2072255358298243,47.241162093314415,297.7987882549241,288.793587508989,4.516623078420066,2019,11
39,新兴铸管,114.128189,36.621504,0.0676515574031568,0.0003092255249193,0.0007898608051935,0.1313678080013606,0.6322132367782249,91.0757592618431,289.07831550036707,276.33526736042427,3.145749606418203,2019,11
40,新金钢铁,114.216151,36.715444,0.0664597266777664,0.0003222597988459,0.0006921997848296,0.131780338675244,0.610869696280966,95.97945624902248,290.64181593940026,275.83306269118737,3.164423977080626,2019,11
41,新钢集团,114.932403,27.790574,0.0549639484760537,0.0001526205277674,0.0002431178867388,0.1125427945311349,0.4367091883867256,44.27537428642202,296.2493595073188,284.9432742166213,4.808462197422479,2019,11
42,方大特钢,115.99204,28.645441,0.0471738432459685,0.0001351312236639,0.0001726937664316,0.1129628102483831,0.467839464700701,65.03977800775829,297.2216588799064,285.3807400044916,16.70511000057514,2019,11
43,日照钢铁,119.36115,35.158382,0.0620666336872753,0.0002517447554514,0.0005592818508828,0.1272528614076098,0.4723866827554244,51.57886126834524,290.4241948520778,278.77633876149736,8.343058162445574,2019,11
44,日钢营口,122.395441,40.671136,0.0467218647644463,0.0001588889052544,0.0013363212731952,0.1435964500727541,0.1768858089878116,39.02805900679596,279.78529623635416,271.62823701654,5.0463062158210334,2019,11
45,普阳钢铁,113.925994,36.733675,0.0689907141597472,0.0002978725961877,0.0009338974582942,0.1314748593343103,0.4870651805221924,87.43743689675266,288.15618083439125,275.504166585777,1.1246799996164412,2019,11
46,本钢集团,123.722099,41.274132,0.0502978890192984,0.0002040809317778,0.0005579416246798,0.1452076275659507,0.137709005425983,40.37415145643806,278.0011943896921,269.4452326884123,6.494852204965624,2019,11
47,柳钢集团,109.373148,24.379047,0.0535775334148311,0.0001206614589564,0.000216880308525,0.1126044737450302,0.5699915255616476,42.58780022727311,298.1068073156877,287.6815143746033,15.952562496437562,2019,11
48,桂万钢,108.412344,21.687637,0.0511897188681669,6.187338747193337e-05,7.993172073400852e-05,0.1127379444052038,0.4772436368580797,31.48121763274503,297.7830805170197,289.87704517107164,6.5550514194951806,2019,11
49,武安文安,114.177621,36.684389,0.0681831385035097,0.0003250796617082,0.0007631061780124,0.1316343208950494,0.6221206520006163,93.8595434068074,290.21380833189266,276.0798620809378,3.729073024418478,2019,11
50,武汉武钢,114.444975,30.616222,0.0544056885255015,0.0002172212356193,0.0004062583280413,0.1151819337727633,0.5751202193481477,116.46067576975838,294.4857407029362,284.6259940666053,14.171518505462338,2019,11
51,永钢集团,120.739658,31.839485,0.0492888078919284,0.0002427821168247,0.000200885688157,0.1170223293200476,0.3913578829151964,48.69369618631936,292.97211357010843,282.1867587079944,6.04622761480328,2019,11
52,汉冶特钢,111.534635,33.269324,0.0460302983125593,7.058509102563712e-05,0.0004709759910403,0.1216269375583546,0.5548045233012716,55.075471294685485,291.63073795231725,282.4762883605137,1.3011083321176369,2019,11
53,江苏镔鑫,119.279989,35.09556,0.0574537425704415,0.0002339650501362,0.0005096893475343,0.127163774092175,0.484068618229212,57.04489159415822,290.9789178075494,278.1216526061189,6.409136939178505,2019,11
55,沙钢股份,120.647295,31.967456,0.0523182725770687,0.0002973708345172,0.0001085617205627,0.1174952004224395,0.4572935504998318,46.35440837335914,292.9011844163724,282.48536722668894,8.813028347675445,2019,11
57,河北新华,117.784839,38.288605,0.0515741755274452,0.0002075566801291,0.0007501870357672,0.1365907480502872,0.5312673907124129,44.33162012620932,284.4093566347591,276.94682134745227,8.437131258467552,2019,11
58,河北津西,118.220547,40.209844,0.0605828602414825,0.0001994095664919,0.0012236662399173,0.1416103078974373,0.2248245377764567,60.669767713936885,282.7474703999935,272.3613591704555,1.690215036277307,2019,11
59,河北烘熔,113.981172,36.640411,0.0710067701538796,0.0003046281143237,0.000750718441332,0.1312943575380082,0.541702520487597,89.87135657889667,288.1453287629631,276.05697940821483,1.0960254335162454,2019,11
60,河北荣钢,118.558755,39.880661,0.0723385649401489,0.0002571903768598,0.0012215399573074,0.1408189571451956,0.2741982962005052,59.85174881573554,284.0384973376151,271.76331399412715,3.1398960174425685,2019,11
61,河钢承钢,117.734527,40.952513,0.0449113880541088,0.0001424090581529,0.0022601164652007,0.1437717107234391,0.1863244745713151,39.14577546809373,279.8815141986962,269.0081433494277,2.3981932210442096,2019,11
62,河钢舞钢,113.492311,33.28384,0.0481372279208917,9.798909489304438e-05,0.0004283747367139,0.1216822255238545,0.7893402495987718,74.28596004729968,292.9686104714353,281.1096522814932,1.9609919888645568,2019,11
63,泰山钢铁,117.627728,36.22141,0.0514105704996379,0.0002202157641875,0.0005598317351108,0.1306178122017769,0.5593185773264306,65.20685502664492,287.5643750243894,276.93911225411983,6.290002438195654,2019,11
64,济源钢厂,112.553774,35.086396,0.0492813242854696,0.0001750369016227,0.0006026785928814,0.1268616210044356,0.6990419855408391,108.77193091815111,290.3574828313889,280.343031753599,3.841672631938475,2019,11
67,海城恒盛,122.83646,41.056042,0.0544182683107931,0.0001879598376973,0.0009228556234819,0.1448979260663128,0.2246445795935232,61.15257633609872,280.4512068409245,267.4512891946017,3.328962640464066,2019,11
68,涟钢,111.967343,27.747782,0.0531469811107306,0.0001000317618978,0.0002814147927981,0.112637637059672,0.546039188855736,71.99142260105873,295.1997508147078,286.2180701510544,4.942719247579982,2019,11
69,淮钢特钢,118.988442,33.566039,0.0460959228665221,0.0001699929740217,0.0002700336648846,0.122004210231986,0.5446469635028556,49.17487268697022,291.64258818298885,280.51150019700884,14.279834784513817,2019,11
70,港陆钢铁,118.073913,40.183913,0.0594115789837446,0.0002129199607175,0.001421366860089,0.141485620215583,0.2506641296262996,62.654237353854114,283.3290871155685,271.55731446510475,1.898222268088412,2019,11
71,湖北新冶,115.125838,30.204603,0.0500365087382688,0.0001431130455018,0.0001403473525645,0.1147603542644151,0.4696375420228399,246.0880637045193,294.49624817298275,285.46155831292793,4.09297943758425,2019,11
72,潍坊特钢,119.238427,36.644469,0.0473077559794025,0.0001906877889553,0.0002835322969853,0.1317804020577004,0.5015410622042608,56.5466784507862,289.3958079799929,275.80459121501303,9.61039210025593,2019,11
73,玉溪仙福,102.186364,24.012309,0.0333881761203192,2.4125352544405697e-05,0.0001518158337803,0.110113771557296,0.1262821819433344,11.579146385236369,296.74630458045715,288.43789341706173,0.747092091694536,2019,11
74,玉溪玉昆集团,102.543682,24.465884,0.0312108707809437,3.917622117862478e-05,0.0001750320826325,0.1096249045266465,0.1293147638678728,16.517841559734194,292.3525991414789,283.5582649201628,3.316310070658665,2019,11
75,瑞丰钢铁,118.272056,39.497472,0.0584328923187018,0.0002432706316221,0.0005408685671374,0.1398960141283772,0.2973043274515262,39.6263729515378,284.82881979952424,271.30753559575106,2.8237101278834467,2019,11
76,甘肃兰鑫钢铁,103.933888,36.510351,0.0313609960711001,0.0001044398451621,0.0007768470418478,0.1292096895267956,0.2949421904710676,42.03076287012664,286.2786590115178,269.4722379272693,0.7667687694925284,2019,11
77,石横特钢,116.533981,36.229201,0.0494718571685812,0.0002445170696473,0.0006503755545312,0.1304903612546145,0.5496707877116743,74.9782198154584,287.1248404270035,277.482396264977,3.932983765024586,2019,11
78,联鑫钢铁,120.774892,33.211332,0.0465083956427593,0.000101599173211,0.0001907765940429,0.1206766521241309,0.403072730503172,23.820320376309063,291.8537614221212,282.80941100784315,2.741648851013172,2019,11
79,荣程钢铁,117.495794,38.970638,0.057641030677417,0.0003027463910745,0.0005403733089999,0.1382633078161046,0.3774784801975014,44.905818422555285,285.02767327524145,274.1687358265823,10.533063411364424,2019,11
80,萍钢股份,116.27527,29.778431,0.0505217847376618,0.0001117283974559,0.0002775443667009,0.1140890892124005,0.4531436529712777,49.007003736203885,295.2861493750979,284.1415503010981,2.013628904967832,2019,11
81,衢州元立,118.848341,28.902581,0.0471693613417858,0.0001158098241953,0.0002349537901089,0.1125055000913926,0.3826409244074941,27.59072437186205,295.7952103850025,284.17559541016107,6.764871743130365,2019,11
82,裕华钢铁,114.098377,36.731752,0.0722517419750782,0.0003231308536123,0.0007610487492508,0.131743233844669,0.5965982119581372,87.71970595712082,289.41988503162094,275.8876354361124,2.4268690890068227,2019,11
83,西宁特钢,101.671414,36.66856,0.0340224095695808,0.0001013995858825,0.0006521982316918,0.1282383773178075,0.181347257811274,36.01575215839148,283.6312494105724,267.8778415932804,10.667691818117165,2019,11
84,贵港桂宝,109.63938,23.089502,0.0477744832054402,5.91490976699331e-05,0.0001393010048759,0.1127765986446861,0.5267095062849029,50.69036771760458,300.647231402026,289.25381237625163,6.303152052691408,2019,11
85,辛集澳森,115.184798,37.752351,0.0539932940205648,0.0002633858011694,0.0007335051286167,0.1351886455835845,0.5796515027086763,84.84862945579152,287.1232293542214,272.9799472754609,1.559608496816839,2019,11
86,达州钢铁,107.453099,31.18945,0.0419535463808632,9.428765758452744e-05,0.0001818229941854,0.1162039788157023,0.3993755024651329,64.65146890778101,289.4706549249697,285.0304040711259,5.840617025857706,2019,11
87,迁安九江线材,118.563418,39.95945,0.0697034400045624,0.000244011415896,0.0015660803481954,0.1409784674194719,0.2702364544246136,58.69426937646155,283.76200224332246,272.3138670450538,3.917606937022723,2019,11
88,通钢,126.022349,41.779125,0.0442763675011119,8.728092985360434e-05,0.0014913312174579,0.1452803686652645,0.1280348684405803,21.84348701916861,274.8186466209522,264.96880777380704,2.985742797381626,2019,11
89,邢台钢铁,114.452352,37.041601,0.0595068639245766,0.0003329201222837,0.0007471485043217,0.1326380398553591,0.7512589497857983,101.19448035084132,288.5820295065734,275.9761449321068,8.984425731333433,2019,11
90,邯郸中普,113.928977,36.711757,0.070138530605763,0.0003040379377192,0.0008958552087543,0.1314391826578168,0.4963082641168252,89.20784140902526,288.30984201668304,275.5122018041527,1.2705394674396586,2019,11
91,酒泉钢铁,98.286265,39.807065,0.0323473758550464,8.509604104565148e-05,0.0002702669308513,0.1360483759614573,0.1544734459641024,25.13382908912857,286.87736562659256,270.0403155004152,6.968021051621308,2019,11
92,重钢集团,107.040368,29.790253,0.0460573995775953,0.0002316928412511,0.0001255384279323,0.1136047515200808,0.3813809735265043,63.07838508818659,292.1101668172164,286.1088473980383,4.483605095357347,2019,11
93,金鼎重工,114.111677,36.718952,0.0722150668722846,0.0003258440305669,0.0007756555283783,0.1317161889650954,0.6086227201663785,89.20906437178209,289.6186566050587,276.01117209257023,2.8688469427149985,2019,11
94,铜陵富鑫,117.772866,30.907561,0.0490164113220774,0.0001550532515471,0.0002315999120993,0.115897776559681,0.435107853070642,52.13951846038793,293.23081240702714,283.718990275666,5.736894612705609,2019,11
95,陕西略钢,106.167206,33.323678,0.0345521399226486,2.5782312169228728e-05,0.0003704069036888,0.1206837319579335,0.2026068432804533,22.01942636266984,285.9317916179399,279.1794984986884,0.4436308575873441,2019,11
96,青钢控股,120.390032,36.216949,0.0443882283770068,0.0001769407796511,0.0004730544050898,0.1302230215500598,0.4873347318860002,35.58393757430167,287.73735358375734,277.753703883884,19.67625563122345,2019,11
97,鞍钢股份,122.983054,41.148267,0.0505935302834388,0.0002018808071552,0.0008865730749164,0.145210744923585,0.2221093943299684,53.1331291606641,280.8281113683042,269.6478399896265,15.451995535749628,2019,11
98,首钢水城,104.877413,26.595229,0.0326108041779318,4.853471117034591e-05,0.0001426902745149,0.1101213669043979,0.3247916407714798,17.640561011944556,291.3522840966864,281.4362029109608,3.681589186139564,2019,11
100,首钢长治,113.060809,36.356404,0.0445217453672293,0.000194872544958,0.000665240921618,0.129972094135647,0.3234171321579867,61.7002196056393,287.08282563969914,272.9049832871207,3.4781829457029176,2019,11
101,马长江,118.465162,31.502272,0.0491779435071707,0.0001937885022863,0.0002593841736468,0.1165802009587072,0.4900492099827059,53.77371311223438,293.1590481430782,282.6832122411812,6.1786161115561375,2019,11
102,龙腾特钢,120.835685,31.723833,0.0480999228232983,0.0002405920087451,0.0001611767564897,0.1168100140705377,0.404456042957398,48.69369618631936,292.9689258452189,282.9416083590203,9.806399266012876,2019,11
103,龙门钢铁,110.575788,35.618466,0.0560616350270305,0.000201743322763,0.000798788644523,0.1283626389386393,0.6283468616563815,61.60890180878106,288.05194747894404,278.62479284086555,3.073239674302568,2019,11
1,东华钢铁,118.256774,39.468366,0.0598345987504846,0.000260772136037,,0.154635781056384,0.4032188672016433,54.95802902747231,277.2875403904028,265.62716331491623,2.4840137402177924,2019,12
2,东海钢铁,118.624794,39.748373,0.0703194799118382,0.0002687836872881,,0.1553381897571149,0.3551083569402202,72.53779696092406,276.60425236388306,265.406756544435,3.054804937227634,2019,12
3,东特,121.759531,39.05443,0.0472976806918925,0.0001288387533426,,0.1541030190751842,0.4275786596906569,32.61574924841046,275.447305222365,268.42272362069605,17.493877074948063,2019,12
4,中天钢铁,120.081591,31.702681,0.0565956928836352,0.000290389948512,0.0004005171323657,0.1260127290635209,0.6040587238166737,78.31937409719103,286.49725683968546,276.1034611397368,12.817723120636362,2019,12
6,佰工钢铁,118.819472,39.748773,0.0692928778870843,0.0002483564884926,,0.1555154236629452,0.3396728595916634,66.69743157772245,276.0411717433525,266.54030072159856,2.3347757386560013,2019,12
8,兴澄特钢,120.320504,31.938905,0.0538640282438746,0.0003082723220518,0.0005714732196819,0.126835284006258,0.6142377171043438,70.76598860758874,285.8852948958062,275.9415217821804,16.139650005260197,2019,12
9,冷钢,111.437288,27.690401,0.0583089475127946,9.018724082637902e-05,0.0003064400074903,0.1159567130019566,0.5754487897123707,68.19243838579997,288.74112944954004,279.29944728907776,1.6221228490856476,2019,12
10,凌钢集团,119.41374,41.271048,0.0430597862713869,0.0001040987878767,,0.1596359205721707,0.198399754842537,32.44701713954347,273.07771058823164,262.14028412600027,3.364914610309385,2019,12
11,凤宝特钢,113.872158,36.131666,0.0591356073397689,0.0002332747559971,0.0009920199771318,0.1456330173392993,0.4468348626112916,93.70786391624564,284.21145203728173,270.1378564991554,3.3240651214021035,2019,12
13,南钢股份,118.746315,32.200797,0.0566647045681541,0.0003231505711495,0.0004671893519469,0.1283518807636759,0.6174660554468178,89.82846111393883,286.21614430113,276.32376267166586,15.847315913654173,2019,12
17,太钢,112.57052,37.970033,0.0441209342042881,0.0002615352605287,,0.1495717066204791,0.3013703436200987,75.25650772754946,276.9596034723056,266.04177213680737,15.635184944795135,2019,12
19,宁波钢铁,121.876423,29.918776,0.0461389994453679,0.0001963204338871,0.0002890355044329,0.1170963819613611,0.6085457656043372,28.06393680119098,288.10894605115544,280.4955251257711,17.25282996847591,2019,12
20,安徽富鑫,118.067833,31.194505,0.0541136338663031,0.0001998031476781,0.000414230147422,0.1246414982108714,0.568911706299787,61.89841108374932,286.2964883521218,277.318472781385,2.197601820068176,2019,12
21,安徽贵航,117.251147,30.531068,0.0501104622575812,0.000145419510682,0.0005598751462856,0.1223269099055708,0.5360239869713329,52.2416101489398,286.84986911194267,276.7552729989007,3.013841473902839,2019,12
22,安钢信阳,114.038243,32.488704,0.0500831782035924,0.0001007255425993,0.0005332357135949,0.131692984754848,0.5516710327265987,67.23074363890191,286.4246795137107,272.7108718322883,1.3313943256508218,2019,12
23,安钢股份,114.283145,36.122129,0.0638873298903627,0.0003065667622263,0.0009170664134649,0.1456925468032726,0.648467816820686,109.8062431349532,283.0318379680178,270.3501155777618,7.231779770741174,2019,12
24,宏兴钢铁,118.871477,39.700721,0.0687487512585678,0.0002389414878959,,0.1553694082233969,0.3431928659308732,66.69743157772245,276.30532482774584,265.989896750997,2.2517807118578688,2019,12
26,宝武鄂钢,114.861313,30.39574,0.0557179542558151,0.0002151862203631,0.0003159178947875,0.1228972963712762,0.6219203678881049,122.6185704133023,286.6939237128732,277.95548936334853,7.915672534503137,2019,12
27,宝钢八钢,87.304639,43.852147,0.0421404287579493,5.157881436520504e-05,,0.1421049527600046,0.308,47.13494033992051,265.20831989187275,257.63990552718667,16.210696442513854,2019,12
28,宝钢股份,121.440087,31.41623,0.0514998598367612,0.0002948350392282,0.0003646055921115,0.1234657290654579,0.6826895159530985,129.3627698954837,287.7892842225649,277.89721525271364,20.44648155493047,2019,12
29,山西中阳,111.161118,37.370796,0.038998277462737,0.0001414718491677,0.001173137216382,0.1480030287940585,0.2257293483881172,33.27543751652229,275.9385095377097,266.1797246781281,2.055325608542103,2019,12
30,山西建邦,111.37916,35.668163,0.0736903773074659,0.000258943407444,0.0006444100792056,0.1434970288177798,0.6409917852074573,85.81672571660512,280.6421166917054,268.8112902503415,3.9013634639173302,2019,12
32,山西晋南,111.51465,35.678541,0.0679520470806027,0.0002299881263168,0.0008606130386904,0.1433682787524596,0.5764369339364733,69.27669460310426,280.80336805260976,268.33882143082866,2.3075157256000995,2019,12
33,山西高义,111.258436,35.586841,0.0677780297817264,0.0002456728756443,0.0011362434570735,0.1433559652289181,0.622805244251071,86.8992523383307,280.78654878580875,269.09888766572607,1.5516571407784343,2019,12
34,广东韶钢,113.654289,24.704815,0.049166565863498,9.721914411348912e-05,0.0002447950056336,0.1087016146783236,0.2708585730240324,37.939677120354986,290.99847912059334,282.8058982480671,4.157628774577748,2019,12
35,建龙西林,129.287919,47.495036,0.0482835818923916,4.9882028578517565e-05,,0.1728367218790645,0.280965673318356,17.579934370349296,255.15114971830448,250.86333381558916,0.6429913904141322,2019,12
36,德龙控股,114.384832,37.086116,0.0660054025530292,0.0003519875382127,0.0030169668175506,0.1482836398548246,0.5979647988110451,120.36331042963866,281.6506786294337,268.7919115016735,5.544071555003035,2019,12
38,攀钢集团,101.693628,26.551896,0.0466796563297329,0.0001064737649568,0.000451157640229,0.1151077016759211,0.2090736564413638,43.547313310909885,292.1293348188226,283.0854722345534,4.503771081236837,2019,12
39,新兴铸管,114.128189,36.621504,0.0766493487536535,0.0003621407243909,0.0020239122458861,0.1467593603505183,0.5291204460793004,103.94078839793202,282.00026601511377,269.82725173568423,3.185366149659327,2019,12
40,新金钢铁,114.216151,36.715444,0.0805106602226222,0.0003904706223604,0.0028684074488113,0.1469791023930497,0.5598554217758751,110.6149122097434,282.22971864920265,268.938745017362,3.2170039668945662,2019,12
41,新钢集团,114.932403,27.790574,0.0540666426286996,0.0001475934251803,0.0003255565219273,0.1138687093195654,0.4911438711954125,45.96929693740677,288.8903573366335,279.02702188573085,4.37460187383294,2019,12
42,方大特钢,115.99204,28.645441,0.0510205024419595,0.0001608765271269,0.000248012116682,0.1165179843684538,0.5507301906810079,71.23914969042744,288.8035885816095,278.7444999638842,14.112152500338532,2019,12
43,日照钢铁,119.36115,35.158382,0.0645642441675438,0.0002721227786012,0.0006553139851038,0.1406961221874794,0.4481880313539892,53.55893083650274,281.5474309672938,273.51191973786433,9.315570901766543,2019,12
44,日钢营口,122.395441,40.671136,0.0519110370728273,0.0001364731718612,,0.1577819641483463,0.2302448781857839,95.47451185198952,271.52634710240164,265.61116298894143,6.582908338459428,2019,12
45,普阳钢铁,113.925994,36.733675,0.0696645309936797,0.0002994483239529,0.0016641631217068,0.1469654863573683,0.431570743160698,99.32921418871857,282.8806869160372,269.9855916427849,0.9020000491979652,2019,12
46,本钢集团,123.722099,41.274132,0.0517775668671415,0.0001833187787815,,0.1611292962650454,0.232456590655731,52.0597316160873,269.1496881173203,261.89095732214105,7.477469388080275,2019,12
47,柳钢集团,109.373148,24.379047,0.0501901216551082,0.0001179424428308,0.0001931364834815,0.1100606609164654,0.3756310392930131,38.66402189126669,292.8012807643056,284.28524357911823,15.568534109590567,2019,12
48,桂万钢,108.412344,21.687637,0.0502176278481717,7.43396780925235e-05,0.0001090035089982,0.1081799147688473,0.3796636319469721,30.130333783517926,293.8940402328854,286.3164383749577,7.344848513663617,2019,12
49,武安文安,114.177621,36.684389,0.0806106652963764,0.0003877384559508,0.0022814516372918,0.1469032725990147,0.5536696187014003,107.651323912601,282.24852307556523,269.2590954309415,3.7991563953013374,2019,12
50,武汉武钢,114.444975,30.616222,0.0590906925009529,0.0002900742537052,0.000434695860179,0.1241895313127943,0.6365878143815743,138.7737853519866,286.1687697269671,278.0086738201287,15.705114787932851,2019,12
51,永钢集团,120.739658,31.839485,0.056638141319438,0.0003092710207629,0.0002930969023535,0.1261115991086706,0.6364094755598096,68.40846822342428,286.356223158706,275.2502243042326,6.1836794296362445,2019,12
52,汉冶特钢,111.534635,33.269324,0.0491127252190776,8.697803660688731e-05,0.0007677999329943,0.1358937628621153,0.354336413647781,58.60399099333336,285.0592051925814,274.1027539582583,1.3498998685693469,2019,12
53,江苏镔鑫,119.279989,35.09556,0.0602563313231289,0.000250958216026,0.0008283596528617,0.1406110278951777,0.4593681824886618,59.41490183053509,281.62968680866567,272.8339271339813,7.196772266126598,2019,12
55,沙钢股份,120.647295,31.967456,0.0579907785282858,0.0003200698158223,0.0003652204373213,0.1267093348549808,0.6488102952511986,66.65596528314587,286.16329294661244,275.42160554890006,9.115911207165636,2019,12
57,河北新华,117.784839,38.288605,0.0551055100231037,0.0002262842139275,,0.1510752569351633,0.4311147624064782,63.96595237431004,278.0151519917212,271.4080953932259,8.638240952270454,2019,12
58,河北津西,118.220547,40.209844,0.0656897394877726,0.000214724687208,,0.1556106264874597,0.3966971358812016,76.92565443750757,273.81292857517906,266.41227325863224,1.928024441795804,2019,12
59,河北烘熔,113.981172,36.640411,0.0722541168867787,0.0003244384629966,0.0018451176336952,0.1467238468889882,0.4548725796280097,102.33542724336075,282.33967062933044,270.0901489932092,0.9900311610313186,2019,12
60,河北荣钢,118.558755,39.880661,0.0726300717598409,0.000280358997712,,0.1554984397031881,0.3397454049888895,78.62382932180164,275.7046930265166,266.64370115882787,3.2171763553805293,2019,12
61,河钢承钢,117.734527,40.952513,0.0536513467772221,0.0001630838649789,,0.1578223512821106,0.2691276171882574,39.69983587579572,271.5877471077822,262.3450453412276,2.896442152361397,2019,12
62,河钢舞钢,113.492311,33.28384,0.0487518458231664,0.0001140532431611,0.0005147347322663,0.1353869966913734,0.567686850875002,72.38131331112095,284.5187848745857,274.23949419523245,1.9470768670758296,2019,12
63,泰山钢铁,117.627728,36.22141,0.0570331451470694,0.0002376727386382,0.0008194899925819,0.1451980919121412,0.6671804210871588,71.77623473353378,280.0909390291444,269.9426709873436,6.882949310443421,2019,12
64,济源钢厂,112.553774,35.086396,0.0504424818446444,0.000199544506942,0.0012744861371042,0.1419962784288953,0.4716397857668917,103.0842476160324,285.842154890167,273.0150136354103,4.840051323686515,2019,12
67,海城恒盛,122.83646,41.056042,0.0569520368104296,0.0001651814205856,,0.1598341388120293,0.2740983655279926,74.10972102661617,273.1795263960828,262.1980369164758,4.145874697879978,2019,12
68,涟钢,111.967343,27.747782,0.0569886722607273,0.0001205145609653,0.0001017343626265,0.1162208240746813,0.5971857171438449,74.16610969812609,288.6153681413146,279.31920608959354,5.314365557930472,2019,12
69,淮钢特钢,118.988442,33.566039,0.0500586582357931,0.0001778483926917,0.0005136686230452,0.1345498570982367,0.5558930731227789,59.66031028674625,284.41102133655096,273.70321495333417,16.496993142750004,2019,12
70,港陆钢铁,118.073913,40.183913,0.0643687477481084,0.0002497092698085,,0.1555495705598721,0.4345336863900047,79.56122516361575,273.7758863936055,265.6587094771003,2.1351000946483527,2019,12
71,湖北新冶,115.125838,30.204603,0.0562023042535222,0.0002228352741773,0.0004245860342814,0.1219944178953247,0.6226613622979572,291.5144250437152,286.62216792506587,278.3969783670467,4.004260128189912,2019,12
72,潍坊特钢,119.238427,36.644469,0.0529205010194841,0.0002386698042396,0.0010107481119714,0.1459792627908729,0.5659596287755086,65.45961639403686,279.8998209583849,269.28151587569613,9.650467868442393,2019,12
73,玉溪仙福,102.186364,24.012309,0.0347568612326987,2.8085557625187764e-05,0.000148780447579,0.1100427403168087,0.1382189278629402,11.744865401753913,293.0714689770723,283.9019110438191,0.7291051046312972,2019,12
74,玉溪玉昆集团,102.543682,24.465884,0.0328843097671307,4.733992459554269e-05,0.0002097098481436,0.1101757430057313,0.1427665620853767,16.931280817358754,289.3285274689388,278.76806663869473,3.112255387771974,2019,12
75,瑞丰钢铁,118.272056,39.497472,0.0604020103138633,0.0002609686005027,,0.1546923934663886,0.3915771563749735,54.41554317959962,277.390075623807,265.6244796992587,2.7054286407000667,2019,12
76,甘肃兰鑫钢铁,103.933888,36.510351,0.0355367690619603,0.0001460419374753,0.0018378686278114,0.1458056929055596,0.2490053838281277,58.41951633556164,278.9202827540656,262.10917238914067,0.7152294284731668,2019,12
77,石横特钢,116.533981,36.229201,0.0523521444542482,0.0002378779325436,0.0005854580191329,0.1455937386970365,0.639850429863785,78.90821546528645,281.1229168038984,270.333354815871,3.885791909585797,2019,12
78,联鑫钢铁,120.774892,33.211332,0.0485759866534163,0.0001459752752089,0.000345702405341,0.1319913657203621,0.5790855682552577,34.895669116179924,283.8606165650036,275.2518395691889,2.8138862190818146,2019,12
79,荣程钢铁,117.495794,38.970638,0.0551177743429854,0.0002971378958253,,0.1528031505407031,0.3832505916774277,66.66485634816779,277.8645507604209,268.78861135561226,10.74126706876645,2019,12
80,萍钢股份,116.27527,29.778431,0.0518740523841357,0.0001124656036835,0.0002946577694625,0.1201494694245952,0.5474619416319274,55.926196326725,287.45879654744954,277.9185510992472,1.846969245020144,2019,12
81,衢州元立,118.848341,28.902581,0.0519933414649002,0.0001430538015007,0.0003075284744014,0.1146454812023969,0.4456923330640566,31.991884696935813,289.1771150056933,277.9867964738156,7.129671697072475,2019,12
82,裕华钢铁,114.098377,36.731752,0.0813635292158328,0.0003624366535014,0.0018170473838388,0.1469661280988881,0.5213169691426478,99.6881653387657,282.64283037168263,269.6776284069085,2.562290883469194,2019,12
83,西宁特钢,101.671414,36.66856,0.0390994399494652,0.0001059152186937,,0.1458407214155066,0.2114697425187975,31.977521075532422,274.6092813934424,261.52868710350594,12.286804245453292,2019,12
84,贵港桂宝,109.63938,23.089502,0.0482685251040689,7.624186602513262e-05,6.474119848093057e-05,0.1090313858153343,0.3723546367675638,50.24624114286512,295.8268339970747,284.8320472541763,6.335856897736664,2019,12
85,辛集澳森,115.184798,37.752351,0.063311765544959,0.000293242815391,0.0011473357367198,0.1498002032395278,0.6215636688664056,112.91606227814556,279.84477431250787,266.6735849478313,1.5388809957601357,2019,12
86,达州钢铁,107.453099,31.18945,0.0517178421900495,0.0001388020584257,0.0004325351863524,0.1289235407693703,0.6582534322642675,69.97559842254996,285.4985958128027,278.4306027454988,7.233066663166746,2019,12
87,迁安九江线材,118.563418,39.95945,0.0752999235599098,0.0002834527930419,,0.155432938235649,0.3164837992653879,76.56313289643062,274.2203961044635,266.9251511997166,4.4039159037432,2019,12
88,通钢,126.022349,41.779125,0.0433108152462305,9.30956160611316e-05,,0.161585782728484,,29.28643816346721,260.6617309394959,255.86839988656644,3.6551230394300136,2019,12
89,邢台钢铁,114.452352,37.041601,0.0682994431761525,0.0003550638232083,0.0025326498028254,0.1481142230743934,0.641286995257311,120.36331042963866,281.47939728873865,268.8773589270324,9.133229751197732,2019,12
90,邯郸中普,113.928977,36.711757,0.0706897123643179,0.0003081410671339,0.0017430599440427,0.1468896897970484,0.4382047890599355,101.51589816018976,282.8557426158338,269.95620344260635,1.0323857970477923,2019,12
91,酒泉钢铁,98.286265,39.807065,0.0329158273736326,8.306306757345555e-05,,0.1487987398524707,0.1262818357021535,28.758589721809773,278.8022155599339,263.7192810707824,7.257219964542136,2019,12
92,重钢集团,107.040368,29.790253,0.0493561188167227,9.326864623092273e-05,4.419054980783874e-05,0.1252059647777497,0.921774792165961,76.09829827645105,285.2022639178664,279.91126141059124,5.463312851392581,2019,12
93,金鼎重工,114.111677,36.718952,0.0819395916773158,0.0003690137469106,0.0018795491909122,0.1469508005210735,0.5294886533227705,101.56703817658564,282.5532142373579,269.65637791749737,3.0606528794002994,2019,12
94,铜陵富鑫,117.772866,30.907561,0.0512375387740929,0.0001962018143727,0.000461416408558,0.1234466671065335,0.6299141243417019,60.24932964618852,286.1898927074997,277.5875348788334,5.95038662347521,2019,12
95,陕西略钢,106.167206,33.323678,0.0367068035389474,2.235983078663305e-05,0.0003307301711407,0.1360378345152037,0.2371673233690874,27.02209587947503,279.03477404628853,273.6059244588937,0.582358241125274,2019,12
96,青钢控股,120.390032,36.216949,0.0518025987486847,0.0002459430572677,0.0003879449085051,0.1442216280707331,0.5486843066698798,41.63312539162689,279.8933823069825,272.10231735900373,20.201390290890163,2019,12
97,鞍钢股份,122.983054,41.148267,0.0555609861908264,0.0001725420033594,,0.1602110796319137,0.27438256357397,65.19974225587913,272.4324228636912,264.4117277025349,17.38245232530029,2019,12
98,首钢水城,104.877413,26.595229,0.033934877536643,7.229380346432165e-05,0.000232707159959,0.1134351907652684,0.3243187366201233,22.117008668942617,286.83452956776534,276.89139716402593,6.574074165665397,2019,12
100,首钢长治,113.060809,36.356404,0.0426838556410938,0.0002007245812266,0.001976784415054,0.1454106028227697,0.3085752807317112,65.47781514379115,280.46788287953893,266.3020301782806,4.043801987162217,2019,12
101,马长江,118.465162,31.502272,0.0539780626436777,0.0002338718190913,0.000248209054996,0.1252319775584702,0.5886894058760981,72.00873194548761,286.42633566488564,276.8233036300516,5.898636910523028,2019,12
102,龙腾特钢,120.835685,31.723833,0.0547022388935853,0.0003042349409538,0.000284431157618,0.1255276943114152,0.6583541620698213,68.40846822342428,286.37929704072127,276.26946500295264,10.044927144370972,2019,12
103,龙门钢铁,110.575788,35.618466,0.0596390346074173,0.0002084195010171,0.001207602752951,0.1435796205870783,0.4800606584551769,60.4883279820569,280.83536101314104,270.50017802431546,2.956856516022363,2019,12
1,东华钢铁,118.256774,39.468366,0.0762883653629293,0.0003031137504342,0.0008238887051692,0.1597953168930833,0.443275270146489,58.48816746079806,278.8197990170476,264.0731257195938,2.710383558128866,2020,1
2,东海钢铁,118.624794,39.748373,0.0800942300317616,0.0002916670306464,0.0014922739149391,0.1601234547064852,0.4693320753204267,59.85906277816097,277.834654250658,264.41852330592224,3.407787573541868,2020,1
3,东特,121.759531,39.05443,0.0555625721216891,0.0001792002751485,0.0005398660211214,0.1576070385462063,0.3974531401173235,27.560272786469643,275.2399260843731,266.2275384231658,17.88125776564457,2020,1
4,中天钢铁,120.081591,31.702681,0.0600892475938647,0.0001191234843363,5.498396624556497e-05,0.1294992518653257,1.1707369308491815,39.83408092267382,283.34918177195897,273.7088260449849,13.373429725667554,2020,1
6,佰工钢铁,118.819472,39.748773,0.0805484139934628,0.000276908182095,0.0010141971999494,0.1601670309223735,0.4657334747642633,56.48529466384389,277.09472921018227,265.4592165458325,2.532887404548574,2020,1
8,兴澄特钢,120.320504,31.938905,0.0591652587657963,0.0001708493216771,0.0001171392950299,0.1303963694543374,1.040671037186586,37.70776158614901,280.31614473853625,274.1148894348015,16.32630726335789,2020,1
9,冷钢,111.437288,27.690401,0.0623284153285892,5.298228238314217e-05,0.0001139994760885,0.1173205484294046,0.4794260698944992,34.6629496155735,284.5481287217084,275.6901323598911,1.4564570596380988,2020,1
10,凌钢集团,119.41374,41.271048,0.0503362269810794,0.0001140575471731,0.0006752921292976,0.1645931271192574,0.3377565075020217,28.32315937267204,272.372144950258,261.08638248373086,3.4327834632000345,2020,1
11,凤宝特钢,113.872158,36.131666,0.0732170374679757,0.0001973686417025,0.0006043881838795,0.1482936314469829,0.8940565809728604,89.89494715164831,279.71421509963795,268.4243102975892,3.307196779429754,2020,1
13,南钢股份,118.746315,32.200797,0.0613901545229988,0.0001100747058042,0.0002161101135268,0.1307611829212347,0.9901668975247284,43.65040240372764,282.8428473429845,273.85413604016065,16.179329410446368,2020,1
17,太钢,112.57052,37.970033,0.0527013796689934,0.0002789086607175,0.0006603931891537,0.1539458167325013,0.4465522775884025,74.54784294712182,274.7303462677376,263.29465615246005,15.822843915696437,2020,1
19,宁波钢铁,121.876423,29.918776,0.0518455808969619,0.0001555348590366,-7.94393672883898e-05,0.1207164233304926,0.6443923685609126,20.31919737606689,289.4556375221226,278.0875598592622,15.984945506873682,2020,1
20,安徽富鑫,118.067833,31.194505,0.0622202546248101,9.165543682070273e-05,0.0002218481871054,0.1270866850119,1.1026924983822983,39.18349721585358,282.092884784492,274.32312472287646,1.821182849000424,2020,1
21,安徽贵航,117.251147,30.531068,0.0656287444119076,6.226250383772993e-05,0.0002437869701226,0.1241494412570796,1.1663833573093692,30.643750648096105,282.95060535360784,273.89574770744224,2.2977470269925613,2020,1
22,安钢信阳,114.038243,32.488704,0.063439492132009,4.826808339828162e-05,0.0003511891976563,0.1334163479669232,0.8509115674870608,49.8135079851636,283.64373725233366,271.9703857590866,1.0387898950551375,2020,1
23,安钢股份,114.283145,36.122129,0.0836137226741603,0.0002141789641867,0.0005807280920423,0.1484592494614511,1.290231749602875,100.6944736285558,278.28946662491387,269.0191155472013,7.621846746412989,2020,1
24,宏兴钢铁,118.871477,39.700721,0.0836347160530264,0.000283363611246,0.0007900010706493,0.1600979509004837,0.4524072699300756,56.48529466384389,277.8135750569618,264.8044746828227,2.41966260476788,2020,1
26,宝武鄂钢,114.861313,30.39574,0.0712720928205316,9.85056379700002e-05,0.0001859445396294,0.1244763668110252,0.8939147740054739,44.29493815275885,283.67993523710123,274.9456755414012,7.766204113071085,2020,1
27,宝钢八钢,87.304639,43.852147,0.0433630902853949,,,0.1649447028309965,,80.14463383685741,263.8509413827988,256.11893083944807,12.751122774587587,2020,1
28,宝钢股份,121.440087,31.41623,0.0585579052199722,0.0002346268924782,0.0002422819255051,0.1266875692413344,0.935410720242273,37.07013577436573,285.7718847454156,275.5327552866318,19.103096192385888,2020,1
29,山西中阳,111.161118,37.370796,0.0507014665902126,0.000191959695221,0.0006383646508354,0.1519840270988017,0.5422772678139636,38.89055122385798,273.58983412338847,264.7278286310433,3.3329662368944337,2020,1
30,山西建邦,111.37916,35.668163,0.0739152126173156,0.0001430856425012,0.0007744915616837,0.1463303201082433,0.7614111023670762,68.51161400987968,278.27044773744194,268.77010199637016,3.74811754058156,2020,1
32,山西晋南,111.51465,35.678541,0.0728658339578513,0.0001472543411071,0.0001178531013831,0.1458946754238927,0.6150193551436173,59.36964342367901,278.1333913208756,267.9238525033816,2.025769334941383,2020,1
33,山西高义,111.258436,35.586841,0.0686660716229671,0.0001436343169457,0.0006050783439665,0.1461985899376722,0.7875525916107339,66.66974885222623,278.1256515221428,268.8932401477066,1.720924183685287,2020,1
34,广东韶钢,113.654289,24.704815,0.0575193771246221,0.0001005374632082,0.0001554322389515,0.1103689571714189,0.3992875259895626,22.74037883148515,292.7651873899626,283.5961508415361,4.039566556295307,2020,1
35,建龙西林,129.287919,47.495036,0.04477857849078,5.265148071766654e-05,,0.18616116706551,0.1825265505337464,17.708052695226918,258.0862885345136,252.81919131110428,0.5717206777132933,2020,1
36,德龙控股,114.384832,37.086116,0.0820558905380914,0.0003305319632568,0.0012914335257717,0.1525577411808404,1.049784038976795,108.91048418670836,278.22318275618176,267.5839123705601,5.4440385861004685,2020,1
38,攀钢集团,101.693628,26.551896,0.045394602501449,8.781282856719763e-05,0.0002745946825824,0.1163698407093335,0.1747587506582739,22.3957048461898,293.1753704956644,284.3577123151766,5.229677981283582,2020,1
39,新兴铸管,114.128189,36.621504,0.087561185022751,0.0003186363421302,0.0009039153303803,0.1504518529871296,0.9537147618157412,100.36695925228608,276.9778188748688,268.5293255271687,3.1303757917348585,2020,1
40,新金钢铁,114.216151,36.715444,0.0916508685317966,0.0003065477495882,0.0009793147184899,0.1509807625164377,0.904987062128174,103.2558079797742,278.8506920267868,268.58837033468296,3.319303703939979,2020,1
41,新钢集团,114.932403,27.790574,0.0640733143755687,8.709261522335887e-05,0.0001737178009426,0.1167343769508753,0.4641911247590829,28.24214579601258,287.5167798324138,277.3989793744982,3.913208833487751,2020,1
42,方大特钢,115.99204,28.645441,0.0623923970187252,0.0001005041840344,9.507243546103396e-05,0.1196379782192842,0.6335698237525056,35.36719361818541,285.5748153715873,276.90088930203274,10.901602464177405,2020,1
43,日照钢铁,119.36115,35.158382,0.0674005870894583,0.0002346990646738,0.0006058538072769,0.1443815046137869,0.3942088851171262,42.35676147926278,279.174430394275,272.08190080009,9.135370417020267,2020,1
44,日钢营口,122.395441,40.671136,0.0613248051605157,0.0002117726544439,0.0012881601410124,0.1617007082543511,0.2465078486647952,41.45804410882192,272.79139913705995,262.0703928816731,5.24975997804233,2020,1
45,普阳钢铁,113.925994,36.733675,0.0918413569889844,0.0002978978770216,0.0003430843876609,0.1507613782653403,0.7432890187090747,97.70139801976364,276.72758414057483,267.5324442724087,0.6338494783429917,2020,1
46,本钢集团,123.722099,41.274132,0.0694361058731073,0.0002963177804886,0.0008073429427738,0.1653804050183847,0.3382503675569713,44.39564216876864,268.5757105981117,260.0903804957401,7.463691959578543,2020,1
47,柳钢集团,109.373148,24.379047,0.0539049971435435,0.0001156479813265,9.989640857304e-05,0.1101446697942759,0.4672011011703132,23.85229898797066,290.46483007414014,285.36388129721195,14.74857973528706,2020,1
48,桂万钢,108.412344,21.687637,0.0511709921487688,3.877283542114736e-05,0.0001406092211905,0.1077701560108441,0.470005342475412,18.1105868080067,289.5159819443205,287.6340358462018,5.406261511687162,2020,1
49,武安文安,114.177621,36.684389,0.0913872543572554,0.0003181280073792,0.0009391300173671,0.150770418485299,0.9089340151416132,101.99420122496753,278.37745403786465,268.6390278247665,3.913244274617995,2020,1
50,武汉武钢,114.444975,30.616222,0.0689775624906328,0.0001465632356393,0.000838870257018,0.1254729116403246,0.8845643400507893,48.70899772413395,282.825096212688,274.6593153415975,11.372663214403858,2020,1
51,永钢集团,120.739658,31.839485,0.0626333216938846,0.0001590407592505,4.87860356385628e-05,0.1292427218803883,0.8527729436430561,36.164031769203575,281.96546957416706,273.94556824507447,6.18595591258434,2020,1
52,汉冶特钢,111.534635,33.269324,0.0598436168006226,3.8779918257435736e-05,0.0006642199407005,0.1370111058122355,0.4644404321889593,45.63231215115593,283.28393844545803,273.0813715339484,1.0862882225344856,2020,1
53,江苏镔鑫,119.279989,35.09556,0.0661704448052121,0.0002390370973292,0.0005095252451646,0.1440903634794341,0.3775718973301417,44.915466121887576,279.5855510122036,271.65899731505834,7.1895809890997855,2020,1
55,沙钢股份,120.647295,31.967456,0.0635205329008925,0.0001289179460235,4.878787350748583e-05,0.1299758494538265,0.8940939995492907,36.19643095954515,282.2260091568206,274.1098469040233,9.157356128741284,2020,1
57,河北新华,117.784839,38.288605,0.0655515789031654,0.0002409963941904,0.00100519479266,0.1564859042461683,0.5225797279461531,60.09959903925304,276.531259732034,269.1134156059422,8.734437631796743,2020,1
58,河北津西,118.220547,40.209844,0.0612956436122947,0.0001706944716934,0.001050150544921,0.1605638091028635,0.551023646974091,62.54419698292043,274.97975949509623,265.5852769805447,1.6188336159507952,2020,1
59,河北烘熔,113.981172,36.640411,0.0895555409680218,0.0003088137138544,0.0009064626577307,0.1504290167874495,0.8456616714934595,99.66293390561988,276.3261932916521,267.7566171490532,0.7961265834892961,2020,1
60,河北荣钢,118.558755,39.880661,0.0837300445141368,0.0002959254871272,0.0007401693069983,0.1604306325166909,0.461532128520483,63.374743831420325,276.9930964078645,265.57354297499745,3.278801431053048,2020,1
61,河钢承钢,117.734527,40.952513,0.0537343651581601,0.000139425363886,,0.1622747973064005,0.5720502485405677,36.20598163087129,270.1532742696549,262.02187488638015,2.8293582022238315,2020,1
62,河钢舞钢,113.492311,33.28384,0.0612274420798249,7.006384223424255e-05,0.0002750671925695,0.1362512157671802,0.8442638055491554,65.24686412505584,282.46739781753325,271.7987127534295,1.7317363472044571,2020,1
63,泰山钢铁,117.627728,36.22141,0.068647254836465,0.0002244826334827,0.0008563864388953,0.1494773891879578,0.61450225230145,61.64383137274854,277.3984793999211,268.5272295047985,6.3024959398659055,2020,1
64,济源钢厂,112.553774,35.086396,0.0697313884086767,0.0001401426138555,0.0006812816483142,0.1436918735263663,0.8618040142636392,74.68988768743388,282.1389205363222,271.19503924970627,4.851487041286652,2020,1
67,海城恒盛,122.83646,41.056042,0.064446231252267,0.0002263642312874,0.0007457217598508,0.1632453732538271,0.3110128157575279,49.84562806953363,272.89092255261573,259.2095339559908,3.880307140497116,2020,1
68,涟钢,111.967343,27.747782,0.0670099757112548,8.509763383175641e-05,7.914184273949815e-05,0.1175908389097116,0.5790928170126145,38.70924558668776,285.5101092751071,276.3461900458354,5.448447557483376,2020,1
69,淮钢特钢,118.988442,33.566039,0.0640820047534079,0.0001221274592514,0.0002125262327265,0.1374869733623373,1.004821891957536,43.70397922056309,280.8613650805325,272.97507444350555,13.831992749093915,2020,1
70,港陆钢铁,118.073913,40.183913,0.0679541550952343,0.0002103978424393,0.0003744045306442,0.1605856014019075,0.6872041881352723,67.06939359446551,275.6818093864478,265.04945520951526,1.9762949119403932,2020,1
71,湖北新冶,115.125838,30.204603,0.0653371100880095,8.660262191941127e-05,0.0005453628765158,0.1239275855057281,0.8757482540930083,56.813561855051375,283.0004301927061,275.28080957806515,4.246062478802336,2020,1
72,潍坊特钢,119.238427,36.644469,0.0605831295853574,0.0002432043399916,0.0003782312972021,0.1504864713815687,0.6617120661505586,55.61231475326167,276.3837390589442,267.94630793698406,9.856641405109064,2020,1
73,玉溪仙福,102.186364,24.012309,0.0334937932038695,1.8551236084372167e-05,0.0001099123592487,0.1102569300516166,0.1288028591062155,8.370624001829698,293.63527297981904,285.3357593671277,0.7428264503014326,2020,1
74,玉溪玉昆集团,102.543682,24.465884,0.0317189070223169,2.9596801278654423e-05,7.142042936202651e-05,0.1105458269859598,0.1128446959375097,9.130037184261084,290.22046304919803,280.67244005843025,2.5360052200718086,2020,1
75,瑞丰钢铁,118.272056,39.497472,0.0781920696501474,0.0003114832826043,0.0008436271796672,0.1598597556741018,0.442728418324318,57.72787948248408,278.73211731968314,264.25848282801866,2.887847613870357,2020,1
76,甘肃兰鑫钢铁,103.933888,36.510351,0.0392027526431044,7.887484755878874e-05,0.0008903815227377,0.1502069867561423,0.5816607539704671,45.51625210069688,277.0523660197985,261.6910558143247,0.5194320788192491,2020,1
77,石横特钢,116.533981,36.229201,0.066074261022772,0.0002021258966045,0.0007969437013513,0.1496280230974771,0.9735208318052088,73.61300830126191,278.1050131277718,268.9752622443309,3.5831942820505844,2020,1
78,联鑫钢铁,120.774892,33.211332,0.0566917506256613,7.823194688840697e-05,0.0002796191648205,0.1353636193546771,0.9921549228020335,26.53919096717743,281.532105519287,272.87181269472933,2.63980606830025,2020,1
79,荣程钢铁,117.495794,38.970638,0.0683460719819404,0.0004131353029363,0.0010601413951917,0.1587776125687062,0.5262350022389856,58.85416184131002,276.96494960684487,266.39727069600195,11.508805314424038,2020,1
80,萍钢股份,116.27527,29.778431,0.0676100238509245,5.605582337607247e-05,0.0001549532643103,0.1227704152925527,0.8655202591061726,31.71236249217841,283.62712380848154,275.94219864713693,1.68110205742331,2020,1
81,衢州元立,118.848341,28.902581,0.0594015045944824,0.0001158908166469,0.0002489522913304,0.1183107983652545,0.5441793851015815,21.008785822118625,287.37987088905624,278.9437762566183,6.501637869910169,2020,1
82,裕华钢铁,114.098377,36.731752,0.1005916536829717,0.0003295767471533,0.0011755157994976,0.1509357752123108,0.9079123435576694,97.90553773412766,278.3729094920279,268.39980827131376,2.471431252534769,2020,1
83,西宁特钢,101.671414,36.66856,0.0452571573454472,8.409572431438665e-05,,0.1510963891102767,0.291121057089803,35.4595854901163,273.74975514363626,260.1168760708077,11.17725503520659,2020,1
84,贵港桂宝,109.63938,23.089502,0.0502295822472673,6.0354653537686416e-05,2.9597418415951055e-05,0.1084661269127936,0.4421516371141747,25.38312396843511,297.38417862444925,288.995268943102,4.678884852414367,2020,1
85,辛集澳森,115.184798,37.752351,0.0750264191731111,0.0001971193086311,0.0005518487003905,0.1545469644683089,1.023464255381235,104.9857232260365,276.41573287667654,266.813101127401,1.373888569832003,2020,1
86,达州钢铁,107.453099,31.18945,0.0627298777728878,8.687844873262817e-05,0.0001385810364166,0.1302300384995595,0.6307971932567702,43.05682501009159,283.50362684340325,276.9236667450748,7.158055879483371,2020,1
87,迁安九江线材,118.563418,39.95945,0.0802632128983551,0.0002708017659413,0.0006422638131183,0.1604911970256648,0.5571602747338704,61.76092337529431,276.2498728735201,265.9598409964326,4.321820058561876,2020,1
88,通钢,126.022349,41.779125,0.0506270669492379,0.0001544583248623,,0.1671616651086873,,30.25598971362342,261.913623529152,256.2931014187174,4.930244035851012,2020,1
89,邢台钢铁,114.452352,37.041601,0.0797647423175125,0.0003070838610086,0.0012739847262912,0.1524381987188375,1.0631947803269377,108.91048418670836,277.6453893146541,267.6817310638596,9.111045654368723,2020,1
90,邯郸中普,113.928977,36.711757,0.0925339487477437,0.0003053041354834,0.0003463588676381,0.1506592892787748,0.7605619524861865,99.12819612192884,276.6376620471021,267.5203858699069,0.7593316202386144,2020,1
91,酒泉钢铁,98.286265,39.807065,0.0397539423593584,8.032176130388492e-05,0.000877866813169,0.159624509350433,0.1752178546731708,20.13253877348007,277.8061894287039,261.9790835473804,7.0645636103957,2020,1
92,重钢集团,107.040368,29.790253,0.0589771028379598,0.0001028893223237,0.0009794551625878,0.1268346116219083,0.5515481547069965,42.60184736405372,284.5998257710557,277.36276360010163,4.4370320965895855,2020,1
93,金鼎重工,114.111677,36.718952,0.0997460669586611,0.0003336966700912,0.0011804112615351,0.1508829150209032,0.8951850248350176,99.01681885599596,278.4461076672536,268.5097906711173,3.025922104955177,2020,1
94,铜陵富鑫,117.772866,30.907561,0.0609868487420841,9.106010937871884e-05,0.0003093030515967,0.1253853025106839,1.16117042255728,38.81499926295707,281.92376954844406,274.1048256447658,5.100390455210161,2020,1
95,陕西略钢,106.167206,33.323678,0.0471818040062983,1.2908987549776698e-05,0.0006200247735598,0.1395227986976192,0.4102210926532162,24.35839328251994,278.44637111906144,272.839396688937,0.5001623225192016,2020,1
96,青钢控股,120.390032,36.216949,0.0569016084038206,0.0002188373770753,0.0004863184536327,0.1486623414790442,0.6468851414632847,38.55161878618674,277.35253525055145,270.1108600272951,20.614297826474484,2020,1
97,鞍钢股份,122.983054,41.148267,0.0757079342177355,0.0002417162151477,0.0009953454296921,0.1636201418957722,0.268812964386133,47.93026076189145,271.49101022520694,261.26140356728206,18.43783173998805,2020,1
98,首钢水城,104.877413,26.595229,0.032624513413822,4.7266957012436655e-05,0.0002767612359926,0.1143274176316524,0.1701226623703429,12.061331489121583,289.76213605363733,280.0669151951936,6.898865132925523,2020,1
100,首钢长治,113.060809,36.356404,0.0550544427602277,0.0002389970157844,0.0019935966417337,0.1479823753043942,0.5276007384649718,68.59257636652487,273.04966958967583,262.62441584338035,4.2970079022444905,2020,1
101,马长江,118.465162,31.502272,0.0674371861331307,0.0001568716114876,0.0001673557642126,0.1280607364348873,0.991667216459804,40.95995369497513,283.26758945912457,274.03322565100666,5.465657944371223,2020,1
102,龙腾特钢,120.835685,31.723833,0.0585626919092047,0.0002041875816285,5.6092014114945857e-05,0.1285995007954784,0.9186299353618264,36.164031769203575,282.07371916000415,274.52870716876004,10.010328921471231,2020,1
103,龙门钢铁,110.575788,35.618466,0.0662851272362927,0.000134561956947,0.0005131423952467,0.1465267206631653,0.6572782863943942,52.40944952172252,278.5135295462917,269.81509474142274,2.5668347932283453,2020,1
1,东华钢铁,118.256774,39.468366,0.0648045629141628,0.0001533340185146,0.0006162383339836,0.1633616877627934,0.7112243939146745,49.66834682885391,281.1592073305468,268.26003240897313,2.0106153602599868,2020,2
2,东海钢铁,118.624794,39.748373,0.0755686064088506,0.0001545672736391,0.0008059968896185,0.1642370175938635,0.6707864199841159,45.74122764808543,281.40599208435566,267.50132472995364,3.164602981410318,2020,2
3,东特,121.759531,39.05443,0.052000578641833,6.83480621798847e-05,0.0006943070958486,0.1635874050518551,0.4784865127563679,30.0048152774282,277.0404912885949,267.9650137971752,15.18349579834766,2020,2
4,中天钢铁,120.081591,31.702681,0.0561884259218581,0.0001021226418381,0.0001266718938468,0.1332611908548744,0.544797069776601,39.513388117029535,286.9370743215055,276.54404448627605,13.4101080692649,2020,2
6,佰工钢铁,118.819472,39.748773,0.0725727036672943,0.000148465267412,0.0006981531364775,0.1643472100736199,0.663560827226708,44.14033227817527,280.5227394216378,268.2378799429412,2.3618460500684737,2020,2
8,兴澄特钢,120.320504,31.938905,0.0561467838272154,0.000115280796256,0.0001887798214979,0.1340070880117056,0.4988931987530619,35.441778000732064,286.24920785624795,276.7786887078506,15.773125836227583,2020,2
9,冷钢,111.437288,27.690401,0.0580509969337072,3.813831613265779e-05,8.17079728821572e-05,0.1240163333403507,0.509880488765251,43.6992300024257,289.97601830786215,279.7089081683154,1.478644772167202,2020,2
10,凌钢集团,119.41374,41.271048,0.0508980980179301,5.76940133291263e-05,0.000689121934902,0.1685152793978943,0.4841880949970582,29.24650408664825,278.78992024213136,263.65437412806915,3.092185647346107,2020,2
11,凤宝特钢,113.872158,36.131666,0.0632737013839181,9.790536825656452e-05,0.0008387308802352,0.1539756425024815,0.4479965434571593,56.54847757250485,288.55839515887084,271.9055050682262,2.7371531933725723,2020,2
13,南钢股份,118.746315,32.200797,0.0590840088468682,9.07998222071946e-05,0.0002604901225549,0.1346164494140626,0.5130062695221914,41.121488436601794,286.6386229656151,277.2498718248275,15.482359576479388,2020,2
17,太钢,112.57052,37.970033,0.0479118507984485,0.0001553605908583,0.0007264847020316,0.1587059826308545,0.4679043651985881,43.79130550842254,282.8035592634658,268.1974666879755,13.709665593290053,2020,2
19,宁波钢铁,121.876423,29.918776,0.0525881310717516,7.248124820554103e-05,0.0001937871854711,0.1256864989858575,0.4835408047228026,21.682069175307348,288.8970580437249,278.75197320779034,16.27736984486918,2020,2
20,安徽富鑫,118.067833,31.194505,0.0565716483932206,8.514942127776332e-05,0.0001121762907791,0.1313546062246032,0.4525512042620202,41.36395993248526,285.5948806669069,278.42635394518084,2.3462177103424264,2020,2
21,安徽贵航,117.251147,30.531068,0.0572342382207879,5.2860713024494535e-05,0.000201190409227,0.1290004697868139,0.4046407075424618,35.31893710828626,286.53525705408475,277.98150584102774,2.5634047658256263,2020,2
22,安钢信阳,114.038243,32.488704,0.0576612356199504,3.346405339745823e-05,0.0003982050595432,0.1380058669174031,0.593780406500552,45.56045496428851,288.7436993562217,275.47043755094575,1.1144994922274265,2020,2
23,安钢股份,114.283145,36.122129,0.062933036422793,0.0001039081046335,0.000636191627474,0.1539711114088671,0.5638525072567729,58.6851689164872,287.31504682881854,273.26506754581067,6.593248318252602,2020,2
24,宏兴钢铁,118.871477,39.700721,0.0721989605587936,0.000150120107278,0.0007175408874689,0.1640188272846211,0.672039221423997,44.14033227817527,280.938308240784,267.7567511263546,2.1650119276703377,2020,2
26,宝武鄂钢,114.861313,30.39574,0.0607770243196021,7.544657000675593e-05,0.0002153969670506,0.1307805755987552,0.5573322901184115,47.94067024840342,286.7791881588405,278.83768651252274,8.41020103997524,2020,2
27,宝钢八钢,87.304639,43.852147,0.0405405464678142,,,0.1596418322554355,0.2682359514687101,53.52884364388388,271.02356027568135,261.12159677060083,9.703303269286454,2020,2
28,宝钢股份,121.440087,31.41623,0.0571706223072486,0.0001591660067809,0.0002868854280921,0.1313490453111431,0.5104872688466452,30.05622708977872,288.1057138532876,277.1260918817921,16.221836379450234,2020,2
29,山西中阳,111.161118,37.370796,0.0459663902353002,8.891996464467595e-05,0.0007207861306187,0.1582020593825834,0.3330985108573257,30.45108698529475,280.4457863138324,268.5640351811464,2.213179286136525,2020,2
30,山西建邦,111.37916,35.668163,0.0700482592172059,0.0001150219847439,0.0006163292365922,0.1529984627480075,0.565753191726496,53.87531342305415,286.776676629701,271.62474670243324,3.516850908313722,2020,2
32,山西晋南,111.51465,35.678541,0.0667198278547063,0.0001161975085861,0.0005248766960795,0.152974939963631,0.5222927940552688,50.546567820219934,286.50528191377583,271.4797067627003,2.083541217860887,2020,2
33,山西高义,111.258436,35.586841,0.0693688627695998,0.0001083651312672,0.0005716407047526,0.1527601327666602,0.5381185800344555,52.95069446650156,286.49951759324404,272.23325010876533,2.2627196719597764,2020,2
34,广东韶钢,113.654289,24.704815,0.0596141381642421,6.214399928055233e-05,7.969651259969582e-05,0.1167772499865026,0.5719104971954619,25.71328613564948,293.6089535348674,285.2238137828557,4.131269416824522,2020,2
35,建龙西林,129.287919,47.495036,0.0412746995728119,2.167177714794031e-05,,0.189646174890631,0.1728647619948812,12.007404838514764,263.1242178639665,257.6148294398433,0.5081118793187772,2020,2
36,德龙控股,114.384832,37.086116,0.0730864229498321,0.000171605945954,0.0007405582628653,0.1572897593773521,0.6391239002746699,60.10323261307349,287.36993379030474,271.78120797881706,4.214774487479122,2020,2
38,攀钢集团,101.693628,26.551896,0.0491256371051375,6.662315511296333e-05,0.0002334052572181,0.1240106956660519,0.2121779119834284,24.8802081159738,296.9703734611309,285.62689895848627,4.896650231551122,2020,2
39,新兴铸管,114.128189,36.621504,0.0758839045273554,0.0002052821208475,0.0008305184093989,0.1559279182026565,0.5650911557807856,56.079062244896434,287.2365759803433,272.73909963843846,2.5471444536535723,2020,2
40,新金钢铁,114.216151,36.715444,0.0752223690847708,0.0002094169560986,0.0007449541656377,0.1563451113518849,0.5965818882333254,57.41329085299743,288.8631766606071,272.305683727917,2.7764051098933327,2020,2
41,新钢集团,114.932403,27.790574,0.0569134763920855,4.606361866436489e-05,4.974685795947631e-05,0.1223787886668398,0.5169198365586402,40.693483023900335,291.8346242990249,280.3654861052245,3.827974316142503,2020,2
42,方大特钢,115.99204,28.645441,0.0573714832841655,4.594998611122179e-05,0.0001236046504577,0.1246639469559432,0.4973421194106851,46.34510730738839,289.4918515070329,280.2344288576607,10.516606309079512,2020,2
43,日照钢铁,119.36115,35.158382,0.0643500568612519,0.0001133811123898,0.0007079031411131,0.1496789322865611,0.4416539461869767,61.55873193899683,285.50028965709333,274.5373597980951,6.740020505666024,2020,2
44,日钢营口,122.395441,40.671136,0.0596097194863424,0.0001099721424406,0.0008124395992679,0.1691681521012857,0.3247937006857596,30.97287404330018,275.64413162651255,267.0660494296299,4.187792505812859,2020,2
45,普阳钢铁,113.925994,36.733675,0.0780067863808649,0.000190558700796,0.0010030114355547,0.1562435782472043,0.5095671569714597,55.14624940233356,285.8214110158662,271.5681665063886,0.7419313042520197,2020,2
46,本钢集团,123.722099,41.274132,0.058744892923423,0.0001340528772739,0.000827466424678,0.1708622151420539,0.3858325596861524,27.01105138046996,271.976145732099,265.7104659987993,7.659178922470371,2020,2
47,柳钢集团,109.373148,24.379047,0.0627586155790378,7.594340807066373e-05,0.0001306245354666,0.1178055846057769,0.6521653358136112,30.851796066928397,294.746116469737,285.76396119889927,13.90883464904644,2020,2
48,桂万钢,108.412344,21.687637,0.0556333795443636,4.079316573987055e-05,-6.977617380996316e-06,0.1138809055157783,0.7404776662296516,23.744005872572416,295.35365206656434,289.3786444168924,5.111131786763462,2020,2
49,武安文安,114.177621,36.684389,0.0767917230536316,0.0002156761406485,0.0008413506718692,0.1562408553356783,0.5963439845201938,56.80683974145861,288.2175261345979,272.5504862564028,3.213104688771235,2020,2
50,武汉武钢,114.444975,30.616222,0.0636439910883465,0.0001021108345438,0.0002304603656114,0.1317117386681883,0.6525214078986786,49.829143478064,286.33523607208645,279.2473865253692,15.034209836699842,2020,2
51,永钢集团,120.739658,31.839485,0.0577992083120658,0.0001231468070361,0.00025718206294,0.1337050278753515,0.4530564075847497,32.96342754310899,286.2703810692737,275.6550798975277,6.3200843672609,2020,2
52,汉冶特钢,111.534635,33.269324,0.0532247903969427,2.8893903810516777e-05,0.0004326433440101,0.1425454187602692,0.4459072049156028,46.13328385971727,287.16494839313896,276.0429786317292,1.1124413560643749,2020,2
53,江苏镔鑫,119.279989,35.09556,0.060371302636062,0.0001063998819476,0.0007748543313617,0.1494438564502974,0.4409104847027024,58.890848242352696,286.2786402307182,273.8932555019627,5.263477646325675,2020,2
55,沙钢股份,120.647295,31.967456,0.062563624369219,0.0001386168734035,0.0003223707443632,0.1341544757971586,0.4978717026355159,33.570346131479795,286.07097682830727,276.1581119526128,9.313010151635178,2020,2
57,河北新华,117.784839,38.288605,0.0587229188853141,8.310415601988041e-05,0.0005897545940177,0.1614744550856083,0.5937517702995855,43.27665117123357,280.50114307574563,273.66445477590446,7.430958637215689,2020,2
58,河北津西,118.220547,40.209844,0.0681804236791357,0.0001025760072415,0.0006964722175175,0.1648346446015015,0.712808839266002,48.089301381689495,279.09664871901583,268.4816504066614,1.333540866903282,2020,2
59,河北烘熔,113.981172,36.640411,0.0767602166927583,0.0001848397043582,0.0008978932583076,0.1558875140839078,0.5453839500326191,55.76418971031672,286.3782904511966,272.2201736740943,0.844381992922331,2020,2
60,河北荣钢,118.558755,39.880661,0.0801429131094858,0.0001697310178458,0.000785256967716,0.1644673719278606,0.6754172097580492,47.40946249100713,280.52733111227,268.3893548361418,2.8440797538959783,2020,2
61,河钢承钢,117.734527,40.952513,0.0588795889108422,0.0001085409313919,0.0003872116724328,0.1670224550577133,1.0448664485187535,38.023341328943545,275.1379066715183,265.21935147002813,2.360822463699339,2020,2
62,河钢舞钢,113.492311,33.28384,0.0571009827466924,3.64302023356801e-05,0.000264414590938,0.1419385083825066,0.53991147972194,51.65360076147806,286.8437686747791,275.7397190729725,1.9002863295483023,2020,2
63,泰山钢铁,117.627728,36.22141,0.0567595667998043,8.884971679150805e-05,0.0006418254926584,0.1529479888700713,0.5672719294366001,45.427960060351325,286.08520271081693,271.1391574362812,5.527842424490796,2020,2
64,济源钢厂,112.553774,35.086396,0.0578118481140714,7.391596478686654e-05,0.0004804807767924,0.1509647738105955,0.6328341087600242,59.604014422132245,287.80395037593684,274.3466822013352,4.726180259859082,2020,2
67,海城恒盛,122.83646,41.056042,0.0628820808755185,0.0001392752509924,0.0006943855875649,0.1703339282233363,0.4246010929365204,31.247029852465857,275.9682499634888,264.65825895758866,3.470418056513352,2020,2
68,涟钢,111.967343,27.747782,0.0604676539239958,4.260499526533959e-05,0.0001491620761855,0.1241243431306953,0.5515545130149988,49.46296883190371,289.29411050826,280.3643729754054,4.853306806276232,2020,2
69,淮钢特钢,118.988442,33.566039,0.0530451258089704,7.471467815668064e-05,0.0001518595457877,0.1402296411905452,0.5553871689117507,42.39365922760718,286.11802181449315,275.0002360725143,13.321348464563616,2020,2
70,港陆钢铁,118.073913,40.183913,0.0704813885711583,0.0001123973527294,0.000884618460669,0.1648169508100589,0.773266043150392,50.66082664484384,279.6054541745119,268.5452450548865,1.6297220394295318,2020,2
71,湖北新冶,115.125838,30.204603,0.0585613342650419,6.35964231538397e-05,0.000214298569683,0.1297577995083456,0.4572403903357878,51.07388290070958,286.77006039392484,279.3073580099694,4.327541709770065,2020,2
72,潍坊特钢,119.238427,36.644469,0.0553128766512521,7.313327402045317e-05,0.000482097571348,0.1539109463334414,0.6157615484771357,44.69904624215815,284.8687269003906,271.45743344950216,9.311290226538109,2020,2
73,玉溪仙福,102.186364,24.012309,0.040172381432709,1.4986242677088004e-05,4.881089878529575e-05,0.1180468799520507,0.3585608576891497,15.901355455449252,294.1128477945006,284.6949707289656,0.8615890256356838,2020,2
74,玉溪玉昆集团,102.543682,24.465884,0.036439112383916,1.982546949881777e-05,8.362942165966435e-05,0.1184816539310866,0.3045114218783193,15.304030128046277,290.59178097441134,280.4921937215028,2.1663966064226843,2020,2
75,瑞丰钢铁,118.272056,39.497472,0.0663982528764191,0.0001615084891784,0.0007142377728936,0.16338807035476,0.6887954536081583,49.16146276034415,281.3431907343301,268.24190851992233,2.209801906084534,2020,2
76,甘肃兰鑫钢铁,103.933888,36.510351,0.0356142545935569,5.5871857007421545e-05,0.0006298787284896,0.1525333972753691,0.325980611341422,40.15538834778454,286.3842221147042,265.5554823002155,0.7383472057939009,2020,2
77,石横特钢,116.533981,36.229201,0.0548403059093363,7.448418279012792e-05,0.0006953874791369,0.1532307604679045,0.5783970149622861,48.84452270061449,286.25764706486353,272.9686873284673,3.387443539204193,2020,2
78,联鑫钢铁,120.774892,33.211332,0.0520828696690347,4.544494061222821e-05,0.0002180278034795,0.1391592146632924,0.5009291913506948,31.66407834038326,283.60929318886684,275.7199401920848,2.6458913991097086,2020,2
79,荣程钢铁,117.495794,38.970638,0.0595179529768867,0.0001345134545383,0.0005781227491085,0.1626901169846979,0.6383864606643841,41.96762397510252,282.0075830752798,270.5655557121835,8.855788868803227,2020,2
80,萍钢股份,116.27527,29.778431,0.0594454578976903,5.1729093805327e-05,0.0001661617109191,0.1276862404922355,0.4736594635599056,42.09857132312879,286.92156127171745,278.53458350488427,2.125017221717054,2020,2
81,衢州元立,118.848341,28.902581,0.0528745331057047,4.15594269478593e-05,0.0002725085269404,0.122997897164959,0.3793082597166794,26.46636509950895,288.47345733782004,278.53831185106213,6.541995200854558,2020,2
82,裕华钢铁,114.098377,36.731752,0.0820351745301873,0.0002181850789939,0.0009294745084293,0.156250762086219,0.5943241245447994,55.21870978263504,287.9148326629116,272.2249728366516,1.9743159015125171,2020,2
83,西宁特钢,101.671414,36.66856,0.0348705150731864,5.102013323000849e-05,0.0010223972219064,0.1511691139522562,0.1923424633593136,27.37397863938895,280.9443095256232,263.36495136544886,9.29373251420277,2020,2
84,贵港桂宝,109.63938,23.089502,0.0542031933718819,3.873879972124314e-05,7.85988491516594e-05,0.1154431956599008,0.7915362293763093,32.19014541645048,295.49779576571893,288.1388276528581,5.514647782399189,2020,2
85,辛集澳森,115.184798,37.752351,0.0641394377331068,9.982464606664116e-05,0.0005013188854317,0.1591021600879771,0.509050642194955,57.76130507229027,284.5662786397451,269.98034913537475,1.2986486728491555,2020,2
86,达州钢铁,107.453099,31.18945,0.0592592222242181,7.076204204937361e-05,7.130328008236253e-05,0.1352421927731263,0.5179848443572701,46.70641619167871,286.74569889701394,279.9337096884835,6.519203851012207,2020,2
87,迁安九江线材,118.563418,39.95945,0.0811673674070993,0.0001779005790572,0.0006979207526523,0.1646093264202543,0.6776152178701064,46.862740001095474,278.8559818099828,268.5256507959738,3.8467294934527927,2020,2
88,通钢,126.022349,41.779125,0.0464444542270509,6.492143557206656e-05,,0.1722023020328462,,21.26431830618003,266.31121587151983,261.9827505128366,4.72491967407652,2020,2
89,邢台钢铁,114.452352,37.041601,0.07187970222542,0.0001724798522702,0.0006895220377826,0.1569582679615037,0.6634362883861414,60.10323261307349,287.01975169768133,272.139803181221,7.0611810605737,2020,2
90,邯郸中普,113.928977,36.711757,0.0781130109466106,0.0001912921618363,0.001006000633532,0.1561661122798868,0.5182124766823969,55.59573190481482,285.95510877073207,271.6667435773025,0.8327303708359245,2020,2
91,酒泉钢铁,98.286265,39.807065,0.0366403131705408,5.738840875613872e-05,0.0006377507299639,0.1565207778124642,0.2059171383248463,20.940633197269207,285.77524959680244,265.4861859064381,5.873545560665921,2020,2
92,重钢集团,107.040368,29.790253,0.054514476982425,0.0001017823923381,0.0001054120884645,0.1323663458631176,0.453919712322187,43.58760063460814,285.0373983130543,281.4029689024416,5.142162196313637,2020,2
93,金鼎重工,114.111677,36.718952,0.0815530206999402,0.0002203701113897,0.0009208315253111,0.156233440436158,0.596699445903796,55.59987340344173,288.0775888539778,272.3728366412509,2.4065106757915387,2020,2
94,铜陵富鑫,117.772866,30.907561,0.0555302380900195,8.573237390865915e-05,0.0001454764016233,0.1297921787552597,0.4743749849529492,42.02180752095998,285.5164140072364,278.5508253384392,5.676336745661696,2020,2
95,陕西略钢,106.167206,33.323678,0.0414445420964525,1.5392206549883426e-05,0.0006583920551227,0.1442903114428157,0.3253408990946426,23.438772005862557,282.03937917145487,275.7769714969017,0.6565927857167917,2020,2
96,青钢控股,120.390032,36.216949,0.0522759209055989,8.258794779505006e-05,0.0003851601077428,0.1540256189403485,0.5790956726384927,44.6765149320072,282.8027789877093,273.4616373200128,17.79956550176886,2020,2
97,鞍钢股份,122.983054,41.148267,0.0638977074230074,0.0001535453825806,0.0007852157613959,0.1707751331390034,0.4232289941209227,30.38198254814448,275.47937441288053,266.91459291616934,16.153000097667217,2020,2
98,首钢水城,104.877413,26.595229,0.039791133634756,2.68215170713758e-05,0.0002786397765023,0.1214301600556193,0.3276516339200822,17.137026020463964,291.67095581210924,280.83827158807645,5.483457571807567,2020,2
100,首钢长治,113.060809,36.356404,0.0446677595516437,0.000122981262337,0.0005653338799745,0.1543235310872086,0.2971687134586374,46.31106148423178,283.6249379814144,269.8980694375732,4.6436186819620655,2020,2
101,马长江,118.465162,31.502272,0.0569055974791324,7.141244971180112e-05,0.0001100914184543,0.1322691474986585,0.5137171700831049,42.276159969254685,285.76492443003,277.627384860552,5.884172908568188,2020,2
102,龙腾特钢,120.835685,31.723833,0.0551651654304007,0.0001142377657881,0.0002519516686365,0.133228311921071,0.4811168400652529,32.96342754310899,285.97409613748505,275.84994736394685,10.280284992465756,2020,2
103,龙门钢铁,110.575788,35.618466,0.0643922218199029,0.0001400670162988,0.0005727795064116,0.1527365975565778,0.5026977996426981,44.82714010393457,285.5432909726536,272.7602879443098,2.9749113009333583,2020,2
1,东华钢铁,118.256774,39.468366,0.0533252563490799,0.0001683421625975,0.0004055217123183,0.167117595612085,0.4241124310119994,37.69535436147867,291.3022912294474,273.5113110022161,2.871571323984621,2020,3
2,东海钢铁,118.624794,39.748373,0.0633772605140007,0.0002058084473968,0.0006129941025353,0.1682730292236349,0.372842173578595,30.71803278537463,290.7738244450688,272.4173732083121,3.5697058209582995,2020,3
3,东特,121.759531,39.05443,0.047896488714061,8.342250961900745e-05,0.0006264371013402,0.169081952564015,0.3754787113644413,26.612233570786717,287.83353589182474,273.7859383837321,16.31547510023071,2020,3
4,中天钢铁,120.081591,31.702681,0.0590228223236924,0.0001827942634441,0.0003821597785508,0.140083744526216,0.599805470338471,33.82876556656811,294.26276805950334,281.8409425070002,13.04298643379174,2020,3
6,佰工钢铁,118.819472,39.748773,0.0635121509303219,0.0001948999353732,0.0005846665315968,0.1684552413736622,0.3993848668479623,29.87358627137837,290.10521164285007,273.1360832334044,2.612522126743471,2020,3
8,兴澄特钢,120.320504,31.938905,0.0568986652341567,0.0002024967780657,0.0002904417290445,0.1409878553921127,0.5973212873719961,30.30081020273025,292.9225965993866,281.96007549758434,16.170921086907835,2020,3
9,冷钢,111.437288,27.690401,0.0620106141296672,4.788130110573941e-05,0.0001901074191607,0.1291534628032132,0.7613311992234577,41.94135068833611,294.2986075233408,285.50281861067214,1.4547702576776922,2020,3
10,凌钢集团,119.41374,41.271048,0.0422102679438837,5.191214387074055e-05,0.0005042237859696,0.1736688346104047,0.3436790854873686,22.419711917594032,288.3912841067552,270.3406013476182,3.017673275018631,2020,3
11,凤宝特钢,113.872158,36.131666,0.0570554398405631,0.0001457205348378,0.0002714644283045,0.15231086408537,0.5393226626417921,44.51564498718111,297.40827265105287,278.51201705832875,3.331008797202679,2020,3
13,南钢股份,118.746315,32.200797,0.0569039581439985,0.0001686285951458,0.0003840290514171,0.1425881134347547,0.5559398908094253,37.35171461016762,292.6063071895333,281.34881715898695,16.109681741049727,2020,3
17,太钢,112.57052,37.970033,0.0457778295074128,0.0001714619778973,0.0004411473536003,0.1576129927636078,0.3571800685173592,36.576771142515945,291.6163202102245,273.4842800070607,15.687446123271714,2020,3
19,宁波钢铁,121.876423,29.918776,0.0554189537729919,0.0001433453862799,0.0002307403516328,0.134083279861971,0.6125170733106426,19.93094350406613,293.28219580209816,280.94616458193707,16.861475215234385,2020,3
20,安徽富鑫,118.067833,31.194505,0.0549960463462107,0.00010147765904,0.0001659252771783,0.1388667232258909,0.5770382749619011,39.44979885989154,291.143811765863,282.1013819745856,2.2386972034927246,2020,3
21,安徽贵航,117.251147,30.531068,0.055631626061603,6.437847620167134e-05,0.0001574008368296,0.1365478606217738,0.5851791390508759,36.30700362577954,291.28499616468906,282.41197020087225,2.780015852051371,2020,3
22,安钢信阳,114.038243,32.488704,0.052313229598595,4.552820186310568e-05,0.0002272943234881,0.1431614510584365,0.570797237841339,51.361723762966,293.5402429826214,278.2731808785727,1.203653522902029,2020,3
23,安钢股份,114.283145,36.122129,0.0573827594581308,0.0001469347986881,0.0002193043487242,0.1527203643785672,0.6125182980552406,46.89969242741076,295.11515465580607,279.554803862473,7.632189072294572,2020,3
24,宏兴钢铁,118.871477,39.700721,0.0635706900148892,0.0001927699051242,0.0005715956357672,0.1684025854506588,0.4185382889791209,29.87358627137837,290.2448067113943,272.5495027639157,2.6905589078501864,2020,3
26,宝武鄂钢,114.861313,30.39574,0.0627947281957436,6.164951685130957e-05,0.0002917993704396,0.1368592265143285,0.6500141372980139,51.61029196327825,292.54155096193904,283.8601521531551,7.385771053742051,2020,3
27,宝钢八钢,87.304639,43.852147,0.0410333727782036,0.0001642844617156,0.0007016511358948,0.162718069769977,0.250597266553004,35.11880221003424,286.7673932654953,270.4646147996438,5.914790145660431,2020,3
28,宝钢股份,121.440087,31.41623,0.0564458437644014,0.0001972317674198,0.0001493067602446,0.1393612313747217,0.5490103932691599,25.57677788653409,295.2549910974449,281.37925189783346,19.528466310076222,2020,3
29,山西中阳,111.161118,37.370796,0.0401395697882134,0.0001064165106267,0.0004771841556314,0.1539738859233397,0.284253723434411,26.243050399443742,288.6302281237381,273.4501187121204,1.770335540359382,2020,3
30,山西建邦,111.37916,35.668163,0.0611257420871816,0.000148644970364,0.0004244015839795,0.1507697132114035,0.5754035136351549,45.2415263691759,294.5795187553544,277.19247424515424,3.700514156207391,2020,3
32,山西晋南,111.51465,35.678541,0.0602508443942986,0.0001360437618691,0.0003420462674567,0.1508064338665304,0.5420094962511272,44.83435844804262,294.797346606947,276.6175347940933,2.172168371532353,2020,3
33,山西高义,111.258436,35.586841,0.056226143940728,0.0001354865881455,0.0003922796841888,0.1505734635037961,0.558000311842829,44.81854456357728,294.7032799512794,277.89194686197243,1.586594456684337,2020,3
34,广东韶钢,113.654289,24.704815,0.0598811120195292,4.402722690001203e-05,0.0001549127651627,0.1223159584458434,0.7521134812006537,20.11318326928278,296.8173134573385,287.19809513947934,2.396482769837658,2020,3
35,建龙西林,129.287919,47.495036,0.0444901091626298,2.369066234874357e-05,0.000188304806934,0.1882570746391126,0.2154134606211575,15.772585791251748,274.01254666975456,266.41307935860453,0.3934680196776735,2020,3
36,德龙控股,114.384832,37.086116,0.0585357351537336,0.0001832012143122,0.0003941822623129,0.1556893131909507,0.6373878091782235,46.40579476244966,297.9178753550186,277.95508297707715,5.79081635932925,2020,3
38,攀钢集团,101.693628,26.551896,0.0444359505424955,5.567469803762341e-05,9.0762426145415e-05,0.1275335510681361,0.2281573607071303,19.18765946129497,304.66256785602553,291.8158942053361,4.969519997240597,2020,3
39,新兴铸管,114.128189,36.621504,0.0676854001567562,0.0002125296983443,0.0003934037980734,0.1535845905989946,0.5564372949551872,43.3660952709643,297.72463261939816,278.1961163844443,3.5553699242367776,2020,3
40,新金钢铁,114.216151,36.715444,0.0704183082063411,0.0002123131247212,0.0003793125398203,0.153992563638609,0.557969771780793,44.905290241740055,298.39321885646365,278.5293253512375,3.5339250547002763,2020,3
41,新钢集团,114.932403,27.790574,0.0644424016031899,6.795596846942444e-05,0.000355427512621,0.1292866161866002,0.5432008999146986,32.389170592701745,293.2230892096282,284.4274750872933,3.949153511398269,2020,3
42,方大特钢,115.99204,28.645441,0.0643858767984372,8.936417608900821e-05,0.0003762347147022,0.13215197558375,0.733291097353339,40.36741430013535,295.22483293494446,284.7180662962423,12.147070865349104,2020,3
43,日照钢铁,119.36115,35.158382,0.0650237235391923,0.0001666350259292,0.0003179249086774,0.154581326366838,0.4246602900697515,50.92994146962808,293.9485637220097,278.2885751326817,8.67390390486923,2020,3
44,日钢营口,122.395441,40.671136,0.0502159380148351,0.0001007615653293,0.0004843341580665,0.173705633050089,0.267614453998552,21.69968560394864,284.2306047369786,272.86254639710324,4.656837520839974,2020,3
45,普阳钢铁,113.925994,36.733675,0.0693615004205612,0.0002097128806669,0.0003598095201138,0.153520675398886,0.5281187584594105,42.88047404054177,297.1533607988398,276.8494695557053,1.0544663657043,2020,3
46,本钢集团,123.722099,41.274132,0.050936331191586,0.0001222537084768,0.0004859521131358,0.1751225124462195,0.2160236150522721,20.460591994793617,282.5596683604786,270.7494620675929,5.381482708289792,2020,3
47,柳钢集团,109.373148,24.379047,0.0654030822320991,5.4271074831482525e-05,7.311652008543084e-05,0.1226221208723254,1.103407656522316,25.85446366368885,295.6070871648364,289.8514758151446,6.517556450377361,2020,3
48,桂万钢,108.412344,21.687637,0.0695811273863695,6.184353952139537e-05,-1.104181737896241e-07,0.1203291827223108,0.6945383732371266,23.09247548737403,299.2602971290209,293.015786867716,4.698975464054603,2020,3
49,武安文安,114.177621,36.684389,0.0715631741291742,0.0002192698087302,0.0004046301501083,0.1538389875231945,0.5536487713665562,44.19374070696305,298.30280602909096,278.55934437252466,4.262879053870948,2020,3
50,武汉武钢,114.444975,30.616222,0.0623941437825277,0.0001051895044732,0.0003022087294651,0.1375946487201992,0.6679049225471717,54.81344800273291,293.277931206712,284.2974884082124,13.42231662437503,2020,3
51,永钢集团,120.739658,31.839485,0.0576286253809884,0.0001895369317379,0.0002313369401418,0.1407160299797979,0.5884297037948002,28.46889657348584,292.4527035945366,280.932494409508,7.0359906518121065,2020,3
52,汉冶特钢,111.534635,33.269324,0.0507365537351848,4.071785269776591e-05,0.0002457030940419,0.1441853773442635,0.5312014717389184,44.434386836655904,294.12886859816086,278.7064009672808,1.0353505455447003,2020,3
53,江苏镔鑫,119.279989,35.09556,0.0610863873124868,0.0001659608059322,0.0002367169665904,0.1543278167457045,0.4342566129507083,47.44678808294236,294.49519136127856,277.7626496615237,6.707994552308661,2020,3
55,沙钢股份,120.647295,31.967456,0.0614310839039789,0.0002134387549101,0.0002435664945987,0.1413243676944329,0.6037327555123929,28.7537059807379,292.74373375660934,280.9927787586116,10.005318377197067,2020,3
57,河北新华,117.784839,38.288605,0.0564375357161293,0.0001322658805019,0.000368771985203,0.1632980081197336,0.6228352064969823,34.28988848725235,287.7533077027321,278.71998093861265,8.761600498470715,2020,3
58,河北津西,118.220547,40.209844,0.0558775401387121,0.0001297394524872,0.0006604670480466,0.1692355680035175,0.3590876647536092,31.031655670258225,289.1411878089463,273.7625383374846,1.7318757405081897,2020,3
59,河北烘熔,113.981172,36.640411,0.066315814308715,0.0002070682344204,0.0003724563249098,0.1533195301379319,0.5288105178835933,43.00801492718165,297.7921091068469,277.3295360464628,1.297221298560153,2020,3
60,河北荣钢,118.558755,39.880661,0.0656312978611285,0.0001974816134401,0.00059244028667,0.1687747814760668,0.3639318702350586,31.59799978641083,290.50767362827605,273.4866826058401,3.750330085184992,2020,3
61,河钢承钢,117.734527,40.952513,0.0454328593499111,6.62286475181324e-05,0.0005840776141837,0.1705388930709106,0.3223920244489556,25.17904305097636,287.5721798487322,272.1904776317778,2.7140549536981005,2020,3
62,河钢舞钢,113.492311,33.28384,0.0526583767248995,6.278482532050497e-05,0.0003117887268785,0.1454974557554073,0.5447388900731197,52.6011742565676,292.1923517475788,278.5824058318127,2.0067300233313907,2020,3
63,泰山钢铁,117.627728,36.22141,0.055412422206778,0.0001423842803072,0.0003803481237994,0.1552731542686251,0.525406721120584,38.22591665425534,294.0943770485268,276.3264288890858,6.409063778517004,2020,3
64,济源钢厂,112.553774,35.086396,0.0549792940056415,0.0001452785809885,0.0002232855147837,0.1499543295213195,0.6558035291074721,52.651026539043166,295.5159647413613,280.0924746684407,4.528817276122199,2020,3
67,海城恒盛,122.83646,41.056042,0.0528271538340465,0.0001203585440191,0.0003516956195016,0.1746703219077909,0.2714583880130806,22.781804887017643,285.823341954377,270.40171003561846,4.229138268450711,2020,3
68,涟钢,111.967343,27.747782,0.0641341388682755,6.393347180652839e-05,0.0003291243268149,0.129556422350451,0.62074685773584,47.319595353201294,293.8750319063079,284.3918064967134,4.556771690578253,2020,3
69,淮钢特钢,118.988442,33.566039,0.0490746892544874,9.186109374172668e-05,0.0002509244654092,0.1481229890231677,0.5530317782755036,37.06232613831291,291.7566323676478,280.04089852959515,16.32879932433831,2020,3
70,港陆钢铁,118.073913,40.183913,0.0561046205031788,0.0001468725837626,0.0006427442817279,0.1691859467921938,0.3585363165077995,32.27180656040218,290.8364668063812,273.4535682444937,1.952101571134262,2020,3
71,湖北新冶,115.125838,30.204603,0.0602526497368306,6.665240769569544e-05,0.0005052587582583,0.1359182265970777,0.6210053069189326,51.804985190528896,291.717418184911,284.8778787594018,3.9965548070730215,2020,3
72,潍坊特钢,119.238427,36.644469,0.0521578521525927,0.0001361877168242,0.0002954443622495,0.157648416925424,0.5862609032902494,34.09590831893183,294.0290507974364,274.59828264550293,10.34725813217973,2020,3
73,玉溪仙福,102.186364,24.012309,0.0477340481269747,3.129265111769388e-05,4.4652602840849493e-07,0.1214969532111974,0.4676106411376701,18.17823149326293,300.5902130883144,290.7806179381792,0.9600979415506328,2020,3
74,玉溪玉昆集团,102.543682,24.465884,0.041586924649436,3.172881196159794e-05,1.916836227573553e-05,0.1219354614434265,0.365243976604713,18.542605882214527,297.0944319631348,285.1941038920168,2.2008607904106063,2020,3
75,瑞丰钢铁,118.272056,39.497472,0.0537757453555884,0.0001721195797045,0.000468407413447,0.1672294452754486,0.4193975953212966,37.353791571295154,291.6170785081475,273.2426706448733,3.075802519690033,2020,3
76,甘肃兰鑫钢铁,103.933888,36.510351,0.0345576144889308,7.20770485332028e-05,0.0003051429584468,0.1485875494590807,0.3840380410004114,31.79534857622457,294.8511088344057,271.8188471522332,0.6784423903458309,2020,3
77,石横特钢,116.533981,36.229201,0.0510423134751949,0.0001363667696278,0.0004237984172116,0.1545595607860339,0.5253917565116366,43.27907074363964,294.6856888705473,277.0252759150878,4.190060833597266,2020,3
78,联鑫钢铁,120.774892,33.211332,0.0490786486936959,5.232271744726196e-05,0.0002025453153316,0.1469112301027098,0.5346495229185227,26.158188852261212,288.34494700433964,280.1225860098338,3.2104680972379995,2020,3
79,荣程钢铁,117.495794,38.970638,0.0528931917876947,0.0001802695008379,0.0003186145185846,0.1653674285102993,0.4523532020516841,32.12020869209964,290.4250142669585,276.4516989977187,10.89084585886075,2020,3
80,萍钢股份,116.27527,29.778431,0.0597767787626478,5.903251199411566e-05,0.0003513753386683,0.1346932917834946,0.6273548857426855,40.68588005355711,292.31303369337314,284.2406180715756,1.9794935449082087,2020,3
81,衢州元立,118.848341,28.902581,0.0633278513559757,7.654903313140692e-05,0.0001843728038459,0.1319968340055458,0.5570403649047865,24.297429845887564,294.97643582602194,283.89427408260303,6.689283482468748,2020,3
82,裕华钢铁,114.098377,36.731752,0.0761180677570004,0.0002222837803567,0.0004276233002187,0.1537735002075443,0.5399617785791402,42.92109283382995,298.3217507663682,278.0873684430998,2.8916059162590675,2020,3
83,西宁特钢,101.671414,36.66856,0.0376917314864265,8.245626911942019e-05,0.0001799658195053,0.1479376854448214,0.2625745184682881,26.54816455560649,289.5413281714583,268.2704415950701,9.074124811800903,2020,3
84,贵港桂宝,109.63938,23.089502,0.0677712212450131,4.33878305917727e-05,8.456006398821554e-05,0.1213198966851228,1.2113355437640148,25.59781110457761,299.8402567478605,290.4948889570842,2.834405794791225,2020,3
85,辛集澳森,115.184798,37.752351,0.0552634963164447,0.0001140513428387,0.0002617940133694,0.1599598912455991,0.684005018765104,43.96284936092343,292.8691874300445,276.20032553951063,1.6494361710656538,2020,3
86,达州钢铁,107.453099,31.18945,0.0571495465103456,0.0001073927667089,0.0001220735010045,0.1391742281338239,0.6938641887309046,42.616924414033626,296.4234930714123,284.4076036469267,6.200309615362288,2020,3
87,迁安九江线材,118.563418,39.95945,0.0666583384150485,0.0001849627411124,0.0005807371669176,0.1690372185316992,0.3888209778094443,31.07417573386842,290.2661818160524,273.9785578917509,4.512147369634638,2020,3
88,通钢,126.022349,41.779125,0.0436653890133854,3.796192979504052e-05,-0.0001440439442987,0.1768479579640215,0.2893134341874455,17.723612799613875,279.8809945723117,267.0406134183478,3.064983523249837,2020,3
89,邢台钢铁,114.452352,37.041601,0.0566270488762141,0.0001820987283369,0.000356209390026,0.1555608486884587,0.6579673359686276,46.40579476244966,297.3705108250636,278.25785389502835,9.52056873770033,2020,3
90,邯郸中普,113.928977,36.711757,0.0688014042570609,0.0002134006849779,0.0003672420630714,0.1534621716029416,0.531541638664593,42.97324577942166,297.49358864504285,276.8773287872364,1.224262938750958,2020,3
91,酒泉钢铁,98.286265,39.807065,0.0353464465418427,5.810578941451561e-05,0.0003912743530809,0.1548714847168612,0.2195043243678135,19.430661039520352,293.15938844431685,272.0962889842997,6.3221641263532975,2020,3
92,重钢集团,107.040368,29.790253,0.060069015137165,0.0001061167391118,9.639656549159072e-05,0.1364694468595398,0.9310229895347932,44.6314249635568,297.0684043430191,285.17644317574934,4.734858820756401,2020,3
93,金鼎重工,114.111677,36.718952,0.0758095763923568,0.0002241950103411,0.0004233947999912,0.1537607202109684,0.5438125606604567,43.09761832443329,298.43655202551804,278.2538256308266,3.4033887008144963,2020,3
94,铜陵富鑫,117.772866,30.907561,0.0566166581516863,8.491058258387025e-05,0.0002827809070501,0.1374529047737515,0.6530824734775543,40.0082836966784,292.0334002795136,282.8640878796993,5.61299348196274,2020,3
95,陕西略钢,106.167206,33.323678,0.0384590913822795,1.9753844203198977e-05,0.00011376342297,0.1419410667526445,0.3949924742080866,23.486219410701644,289.5348786799697,281.09349606874565,0.5607802363580937,2020,3
96,青钢控股,120.390032,36.216949,0.0504150215153624,0.0001658644899624,0.0003796632714986,0.1583908762912609,0.558645699384706,43.77927353971245,292.02475394239866,276.92428314473835,19.83129317020033,2020,3
97,鞍钢股份,122.983054,41.148267,0.0570673104307188,0.0001561541408872,0.0005187209828482,0.1749576113375371,0.2836835345854217,22.0435132929845,286.15629757687645,272.25623706374694,14.564568283615923,2020,3
98,首钢水城,104.877413,26.595229,0.0397691868256567,4.262269032486228e-05,6.820036385367468e-05,0.1270623393507772,0.3956274347455619,19.501619874517928,296.8475356847454,283.6239989469842,6.36101276563109,2020,3
100,首钢长治,113.060809,36.356404,0.0461796349150356,0.0001330991290266,0.0003536678208448,0.1525920392208463,0.4102967897191877,38.92351926926649,296.197984130978,274.48030702838247,4.3460658325919885,2020,3
101,马长江,118.465162,31.502272,0.0594159220762561,0.0001299840449163,0.0003598953331631,0.1396137863939749,0.6051573114590351,39.60194495992912,292.5961070658066,281.5120819100167,6.132534702248987,2020,3
102,龙腾特钢,120.835685,31.723833,0.0564709069056243,0.0001958290409756,0.0003580971517242,0.140285959949407,0.5999162424148975,28.46889657348584,292.71074476047505,280.829044731075,10.98506252518306,2020,3
103,龙门钢铁,110.575788,35.618466,0.054593098788427,0.000136585430088,0.0003516420586119,0.1501326181101791,0.5696361692683772,37.90717063232714,294.22490195457266,278.994687837663,2.961664730016522,2020,3
1,东华钢铁,118.256774,39.468366,0.0622522408044968,0.0001802569863805,0.0003980162304194,0.1682414298898348,0.5404120872743355,39.93625258562945,299.66725820453047,278.31354155924686,2.7581583088149397,2020,4
2,东海钢铁,118.624794,39.748373,0.0695390962349918,0.0002133549445161,0.0004392025936543,0.1690533463142175,0.5256097137443024,32.554124832168455,301.4396496339831,278.0413084092805,3.4294844734429164,2020,4
3,东特,121.759531,39.05443,0.0510039502751377,0.0001048819623353,0.0003702793618999,0.1712442483382725,0.5265410249856243,34.21611269082333,295.7704443081929,278.8671369746653,15.420382386015604,2020,4
4,中天钢铁,120.081591,31.702681,0.0584701694829453,0.000244714671361,0.0002448418535551,0.1496053301584433,0.7851247952297893,38.06474424550288,298.63826070486243,284.535799498526,13.565590760845208,2020,4
6,佰工钢铁,118.819472,39.748773,0.0690603889212697,0.0001915573227837,0.0004818436858011,0.1692675787637473,0.4942795088878154,32.106349578953086,299.1575233444178,278.9840154388104,2.4350076432285257,2020,4
8,兴澄特钢,120.320504,31.938905,0.0571777706489688,0.0002414791951836,0.0002618231131642,0.1499468639070475,0.7939045001881269,35.9997868546423,297.01182656300927,283.76320861972937,16.408215181917406,2020,4
9,冷钢,111.437288,27.690401,0.0557473379049125,5.752916091170594e-05,0.000234753688181,0.1368397541928345,0.4663250305327509,45.042732229332216,298.7735080951364,285.51117512687625,1.643638573703966,2020,4
10,凌钢集团,119.41374,41.271048,0.0448743128700778,5.868044020581604e-05,0.0002064077514535,0.1709880905331846,0.3253726511758172,21.28049015394345,297.7134334941878,276.13899638647445,2.83812761146778,2020,4
11,凤宝特钢,113.872158,36.131666,0.0619468269511568,0.0001915712333758,0.000308529135873,0.1569354844736561,0.6293016456567203,45.42062221451833,301.5263278793475,282.7656167606869,3.4466585150502547,2020,4
13,南钢股份,118.746315,32.200797,0.0565553463207257,0.0001834530005515,0.0002314248796878,0.1503223456628644,0.7186891555917422,39.37665127295986,296.27482638558195,284.7652884412571,17.208017183992293,2020,4
17,太钢,112.57052,37.970033,0.0460117210746405,0.0001537118017839,0.0003076609933063,0.1578636913629366,0.385245693339156,33.318746262683575,299.09724884553253,277.4689466655961,17.04735333271183,2020,4
19,宁波钢铁,121.876423,29.918776,0.0538531884218839,0.0001247130844572,0.0001606847589348,0.1460815659016525,0.7377332332532617,23.406676746589813,296.8489465372696,285.19445983563065,16.389263651111733,2020,4
20,安徽富鑫,118.067833,31.194505,0.0584229437897862,0.0001162628963156,0.0001997972719034,0.1483021340304632,0.6374165171504471,39.63411941535947,294.49853829643814,285.6779841391261,2.4615153852148235,2020,4
21,安徽贵航,117.251147,30.531068,0.0531387928224209,6.681413878421288e-05,0.000174967976925,0.1466051256250355,0.5925927683255925,37.21122254773945,295.05353731493045,285.3501326957156,3.0823960734231206,2020,4
22,安钢信阳,114.038243,32.488704,0.0521687965858552,5.243845254579001e-05,0.0003496458657189,0.149552306650223,0.6033079600701079,46.51192497817647,298.62264045681684,281.8225858391756,1.4513661141850551,2020,4
23,安钢股份,114.283145,36.122129,0.0620226016492931,0.0002114802397593,0.0004128556214442,0.1573523167872075,0.7596642274259493,47.89447473153565,300.1019123470468,282.6685312000828,7.6989508638586175,2020,4
24,宏兴钢铁,118.871477,39.700721,0.0698447797768504,0.0001949196980652,0.0004334339740982,0.1691392480845738,0.5167743343497688,32.106349578953086,299.3455450722265,278.2227996454323,2.512709691957074,2020,4
26,宝武鄂钢,114.861313,30.39574,0.0579210862611197,0.0001208141995583,0.0003050577297727,0.1450274195084528,0.6465952979966421,51.22081194617838,296.9357633167857,286.60357870159254,7.432888964881322,2020,4
27,宝钢八钢,87.304639,43.852147,0.0383966979192275,0.000116152914146,0.0002092600663144,0.1494620857396457,0.2386583016348215,33.977304404708896,304.6922120808519,282.88354678446376,6.676397259188931,2020,4
28,宝钢股份,121.440087,31.41623,0.0574560341337932,0.0002996943968943,0.0003408627680401,0.1494517457168116,0.8108918651265663,33.15857051020267,298.91158011778407,285.0826512921967,19.568479435164477,2020,4
29,山西中阳,111.161118,37.370796,0.0429443347000846,0.0001142012584055,0.0002846053489434,0.1543397111047698,0.4003154015051779,27.25669467906755,295.6918427741958,277.19882201514736,2.1438922010229877,2020,4
30,山西建邦,111.37916,35.668163,0.064692137645567,0.0001390954032825,0.0002777977546965,0.1530378482291663,0.8170146544471292,44.094678405662535,299.8917464829603,281.3126251368178,3.8220206971063697,2020,4
32,山西晋南,111.51465,35.678541,0.0644727027222902,0.000133057106144,0.0001679699008894,0.1533583279732319,0.799336969549832,43.40924419921066,299.8138567893154,281.39154820655034,2.172980685948834,2020,4
33,山西高义,111.258436,35.586841,0.0610548997406191,0.0001239279278259,0.000326793707154,0.1527526709023602,0.7406113468774493,43.51489443354585,300.7929809039641,281.9942302691261,1.838856985443603,2020,4
34,广东韶钢,113.654289,24.704815,0.0612158520112596,6.73963037736215e-05,0.0001646795699799,0.1308480416724785,0.5072429329336572,26.161481905055787,297.66938140598387,289.1772082033042,3.41919382809043,2020,4
35,建龙西林,129.287919,47.495036,0.0410691698551512,1.6172661207823926e-05,0.0004183117118787,0.1785056313903626,0.1764344406742712,12.043900021689677,287.3593615575281,273.9745112259418,0.2914579596639041,2020,4
36,德龙控股,114.384832,37.086116,0.0622306588499586,0.0002018182498399,0.0004468309488063,0.1593013743699422,0.7097927551357848,46.12424220340472,302.66424801907226,282.27878133901163,5.809986763477378,2020,4
38,攀钢集团,101.693628,26.551896,0.0479840611214089,5.442883459635665e-05,9.669934731677624e-05,0.1323033533050677,0.3409380579042979,22.158959112061893,307.79728681476274,292.4531548020186,4.5158977143612775,2020,4
39,新兴铸管,114.128189,36.621504,0.0734367599481986,0.0002438073278193,0.000470801897795,0.1578357281987706,0.6919962008949102,44.31525104028138,302.8421097480832,281.5446161806017,3.608291529859711,2020,4
40,新金钢铁,114.216151,36.715444,0.0731286918352841,0.0002398091314026,0.0004819660624544,0.1581383583286318,0.7219543552736492,45.62747901979759,303.19714626416663,281.74723221543974,3.4799566623429468,2020,4
41,新钢集团,114.932403,27.790574,0.0606106521684318,9.14315134184658e-05,0.0002459045541344,0.1375150365414241,0.5692755086354075,41.41090190689051,298.6368272480489,287.32033476715253,4.569771583916197,2020,4
42,方大特钢,115.99204,28.645441,0.0559893278079787,9.935409927638526e-05,0.0002453187213045,0.1402189435104735,0.7519484493409401,46.13211146420326,299.4563725194892,287.5879279888084,14.55249274080163,2020,4
43,日照钢铁,119.36115,35.158382,0.0681420018150482,0.0001733401682798,0.0002928646674433,0.1588511578305508,0.5877238953758741,38.984947448012136,297.56115729302746,282.20815714524696,9.43864897316879,2020,4
44,日钢营口,122.395441,40.671136,0.0567338738605562,0.0001183852220671,0.0004266832109131,0.173086199388056,0.5158097484580818,25.970800621166745,294.5444998566375,277.3242194371733,4.389314352157431,2020,4
45,普阳钢铁,113.925994,36.733675,0.0704271332569204,0.0002299876125577,0.0004473754996325,0.1575656535082353,0.5723686512123178,43.5477581066414,302.17264731742586,280.20560851540824,1.0673285350627415,2020,4
46,本钢集团,123.722099,41.274132,0.0578340440243832,0.0001685661696703,0.000553763496796,0.1728382570207888,0.4786570699969648,25.544463127687365,293.99171840459275,276.0487449245842,5.628209697070143,2020,4
47,柳钢集团,109.373148,24.379047,0.0738265268553404,0.0001192936083836,0.000330155670231,0.130291739781775,0.815173070947995,32.37954739579729,300.30500824544896,288.90963901560923,13.361567037765097,2020,4
48,桂万钢,108.412344,21.687637,0.0664829835522628,5.8338069980328345e-05,7.733095808010201e-05,0.12671803639892,0.483467621583589,32.57467184880625,303.20084389311256,292.2539251333886,4.814945241545909,2020,4
49,武安文安,114.177621,36.684389,0.0750127726520646,0.000250156277708,0.000502689767755,0.1579998383247249,0.7118542633617908,45.06280612976852,303.27818094474225,281.7347302324188,4.195585219206,2020,4
50,武汉武钢,114.444975,30.616222,0.0594653792149224,0.0001581314862669,0.0003613893405797,0.1451388465986448,0.6668341673339698,53.85536994140239,296.745080257749,287.38912480666545,15.52612410519748,2020,4
51,永钢集团,120.739658,31.839485,0.0609503056741531,0.000231158841581,0.0002998858867443,0.1499772589230522,0.7540264407017687,34.66594478140905,295.9626386584464,282.21546155735257,6.729714017552401,2020,4
52,汉冶特钢,111.534635,33.269324,0.0542078171738739,4.018925389606776e-05,0.0001349809681202,0.1493211923097009,0.6507039098206988,39.748201174916176,296.13883600143987,284.609439613093,1.2658621885989367,2020,4
53,江苏镔鑫,119.279989,35.09556,0.0640145175566103,0.0001650131772231,0.0002660356294271,0.1586611877454991,0.5898272344061976,36.97071904333889,298.2072959801928,281.62743585797136,7.35222495194007,2020,4
55,沙钢股份,120.647295,31.967456,0.0635577557457854,0.0002602467569375,0.0002589238459216,0.1501956162467315,0.8071938466438495,34.77366387117964,296.47940285698394,282.52936291165486,10.080472092704827,2020,4
57,河北新华,117.784839,38.288605,0.0573948577755932,0.000144344252068,0.0003823592560934,0.1672665058046255,0.8108914352665032,32.3610433312644,294.97909814342336,283.79427003030173,8.429334586067805,2020,4
58,河北津西,118.220547,40.209844,0.0520995512126856,0.0001136493743176,0.0004559787151093,0.1695016807267461,0.3876954524912024,31.08400430644257,298.8092984661685,279.4010752126172,1.64338856004982,2020,4
59,河北烘熔,113.981172,36.640411,0.0725292461054606,0.0002318565585029,0.000488990220972,0.1575513632438094,0.6343071317508616,43.991821740974046,302.4524667666764,280.69284322723416,1.4327510270138804,2020,4
60,河北荣钢,118.558755,39.880661,0.0702337624521254,0.0002267553584045,0.0004508034403364,0.1691597376760002,0.492871991808177,33.02073513865837,300.5630589072001,278.9792889877078,4.239054604602075,2020,4
61,河钢承钢,117.734527,40.952513,0.0439574288564203,7.194189726261784e-05,0.0003691604328789,0.1701956927409143,0.3264704379990248,22.840192848996026,298.8744911569136,278.1319111434112,2.322556700103852,2020,4
62,河钢舞钢,113.492311,33.28384,0.0510375501517904,6.035216354197544e-05,0.0002481296079043,0.1502870652635112,0.7226593243296848,46.77468972993304,295.8236087847771,284.2988530003888,2.1244599339977026,2020,4
63,泰山钢铁,117.627728,36.22141,0.0575104923315089,0.0001124063185046,0.0003678583248365,0.1594351827544359,0.6578976108059675,37.00953499219395,297.8527850930612,280.7091117282974,6.485862182875315,2020,4
64,济源钢厂,112.553774,35.086396,0.0551438925529156,0.0001155137385461,0.0004495162862082,0.1532152317307676,0.7589902216522574,52.30299833797147,299.2315558707718,284.7678814482555,5.349116653162142,2020,4
67,海城恒盛,122.83646,41.056042,0.0596803696464224,0.0001404711088879,0.0004675946598827,0.1729786962593527,0.4685320572123258,28.450676481384107,299.69942023307993,274.6732614498616,3.2911868370780524,2020,4
68,涟钢,111.967343,27.747782,0.0569301671316446,9.102576257821896e-05,0.0002319877451624,0.1371338984804989,0.5670489596643713,50.61986740884095,299.29375085537424,286.5219128384996,5.376338682708225,2020,4
69,淮钢特钢,118.988442,33.566039,0.0557314211939966,8.675875198953467e-05,0.0002596669284372,0.154346378193072,0.781408020937032,36.77724371159686,297.052256579489,282.37633236955696,15.856581863841342,2020,4
70,港陆钢铁,118.073913,40.183913,0.0521299964128166,0.0001368329293789,0.0003424196775026,0.1693487771060425,0.40640441570944,31.49566296656303,300.48181292808346,279.1988185473968,1.890062384534072,2020,4
71,湖北新冶,115.125838,30.204603,0.0549334820944875,0.0001014796417095,0.0003173761896367,0.1449039543895722,0.5633233284755135,51.892627084271226,296.9880482986126,286.5993618168964,4.328012171392998,2020,4
72,潍坊特钢,119.238427,36.644469,0.052209985496175,9.936147002472862e-05,0.0001886899834684,0.1625088229877345,0.6556327516154651,34.47824070690331,298.3678840151329,278.91624700080854,10.231219789168582,2020,4
73,玉溪仙福,102.186364,24.012309,0.0487919140255877,2.486956384647069e-05,3.8113483623274734e-05,0.1280942454154879,0.6054425954441097,19.159075667548443,303.21812082453755,291.17330061459404,0.966714697920234,2020,4
74,玉溪玉昆集团,102.543682,24.465884,0.0419186877117139,2.535634378668237e-05,-2.8958294170139107e-05,0.1280602354534716,0.3889437179425672,18.71747181638388,299.4403942291291,286.0781164143176,2.283542864713389,2020,4
75,瑞丰钢铁,118.272056,39.497472,0.0627272686021177,0.0001870266290552,0.0003903585129172,0.1682360889519302,0.549077579774454,39.66010886911593,300.22485853792074,278.16549250206424,3.0046530518752226,2020,4
76,甘肃兰鑫钢铁,103.933888,36.510351,0.0351539363516919,7.315436453816952e-05,0.0002091337286787,0.1480216352006808,0.3628672808101734,28.398890350445072,306.37814900765073,276.3654969295848,0.8523817666183006,2020,4
77,石横特钢,116.533981,36.229201,0.0568438930067804,0.0001526913257549,0.0002111342044231,0.1586408930307459,0.5970667176146578,42.50000555128259,296.7008862959748,280.7489144016224,4.403609828518905,2020,4
78,联鑫钢铁,120.774892,33.211332,0.0551477922907318,4.999217297423543e-05,0.0001663141883899,0.1539465730324597,0.855964683120946,30.330790171737277,293.5247275122705,281.74351014901754,2.865451866853706,2020,4
79,荣程钢铁,117.495794,38.970638,0.0579962287283583,0.0001985339984919,0.0004044533711559,0.1675523509823886,0.5943895099609083,30.870616953902424,299.0902367891471,281.9573723128313,11.072124040010651,2020,4
80,萍钢股份,116.27527,29.778431,0.0587904418184479,7.151782131698864e-05,0.0001707351356795,0.1435785645377046,0.6592609217339158,42.55123263306962,295.5019176025866,286.649568043859,1.8750176171244308,2020,4
81,衢州元立,118.848341,28.902581,0.0530342582245956,6.717288790687393e-05,0.0003906813472817,0.1411205479694547,0.5937931489860697,27.783332967601385,299.3356370431252,285.87934527606853,7.323608840486253,2020,4
82,裕华钢铁,114.098377,36.731752,0.0779863519795109,0.0002589260124958,0.0005827352112229,0.1578085744959772,0.6761461763168894,43.60833651608167,303.58614514230925,281.30195771426423,2.9475634476193933,2020,4
83,西宁特钢,101.671414,36.66856,0.036783266825567,8.574879582611144e-05,0.0001419435954396,0.1462830964209028,0.236898625526722,25.0304310611682,299.60522976606035,273.57328781798367,10.489096772396092,2020,4
84,贵港桂宝,109.63938,23.089502,0.0620953590492212,5.7527175011621873e-05,1.2258383839839816e-06,0.128724364647403,0.8596170351286837,31.266946816546326,300.5655444820009,294.629789086059,3.4631073721294143,2020,4
85,辛集澳森,115.184798,37.752351,0.0561479649539768,0.0001070508361551,0.0003269434236923,0.1612091265932968,0.637617510585689,41.042877541030975,296.13317980578904,280.06481389455934,1.597539825186454,2020,4
86,达州钢铁,107.453099,31.18945,0.0554267340352133,7.862339722323718e-05,0.0002764760673037,0.1446599427586278,0.5695823375965944,39.28547441148111,297.51867721383843,286.5271742796984,6.663687989535819,2020,4
87,迁安九江线材,118.563418,39.95945,0.067615587398299,0.0002093986614856,0.0004178622198585,0.1694013291649164,0.5090146966366784,32.384753705798026,299.24065232239815,279.79831637785907,5.009354624000119,2020,4
88,通钢,126.022349,41.779125,0.047232640881681,4.6376123385405725e-05,0.0002128509362082,0.1738849049845258,0.3810056345708778,20.13415567603261,290.21371398993807,273.7723811053717,2.3159590561695707,2020,4
89,邢台钢铁,114.452352,37.041601,0.0616489886520648,0.0002027307688743,0.0004557294409257,0.1592743103423229,0.718761268122231,46.12424220340472,302.354815377307,282.8529630695785,9.523463489742014,2020,4
90,邯郸中普,113.928977,36.711757,0.0712408954606926,0.0002328759419152,0.0004681727301858,0.1575407096925449,0.5827563966717605,43.87076476447251,302.5637948079201,280.29252115821134,1.2887818626810978,2020,4
91,酒泉钢铁,98.286265,39.807065,0.0347100235662552,4.4913759729652935e-05,0.0001408821438822,0.1503927669255997,0.3906261088623747,21.7203106600673,302.90121644738184,279.2701605741997,6.85958498344666,2020,4
92,重钢集团,107.040368,29.790253,0.0564873352695512,0.0001086034310146,0.000200422175046,0.1413378079639513,0.6526199197863217,40.31320773647098,298.09424547757345,287.5866113888917,6.497040864090255,2020,4
93,金鼎重工,114.111677,36.718952,0.0781729087963286,0.0002595203565411,0.0005776741259316,0.1578248996779752,0.6854432234490359,43.91468538665455,303.65256687000124,281.4359984752183,3.413533897500078,2020,4
94,铜陵富鑫,117.772866,30.907561,0.0558319639205323,0.000147595959422,0.0003766115686002,0.1474756289470542,0.6510213889597011,39.78587332657534,295.7522741133847,286.3554160093987,6.501199779471009,2020,4
95,陕西略钢,106.167206,33.323678,0.0400982282040245,1.4133184018991932e-05,0.000142672583312,0.1465063583553177,0.3930098261997523,22.18559865975748,292.5988294748884,284.1151384884137,0.7863067201884224,2020,4
96,青钢控股,120.390032,36.216949,0.0536453584245817,0.0001301230236637,0.0002227379397219,0.1615084422856764,0.6505150777578949,46.65801611736242,296.5259053220579,281.2413504299544,19.560826738830247,2020,4
97,鞍钢股份,122.983054,41.148267,0.0626282222560711,0.0001573504153976,0.0004716894106655,0.173124275485937,0.4997116678556197,27.685560369148885,298.4159329497035,277.37433632132803,13.119496736593732,2020,4
98,首钢水城,104.877413,26.595229,0.0433979216133788,4.809170526857565e-05,5.714704794356663e-06,0.1318365009925604,0.4408720893731846,17.213935166182637,298.3370432263588,285.4215976241795,6.700988212914579,2020,4
100,首钢长治,113.060809,36.356404,0.0469517195543443,0.0001459158867737,0.0002935730604161,0.1550960147889966,0.501583809762716,38.63120850652477,301.99766185775144,279.1066147615796,4.445804020052496,2020,4
101,马长江,118.465162,31.502272,0.0576486676166458,0.0001252765144701,0.0002519787806299,0.1487221956862099,0.7447989619045163,40.01230409358634,294.8440051827081,285.5544453462622,6.3053123438799945,2020,4
102,龙腾特钢,120.835685,31.723833,0.057166943673978,0.000264114428025,0.0003615091225419,0.1497443048880212,0.7753889786688238,34.66594478140905,296.41987764903587,283.30262207427296,10.836983234554802,2020,4
103,龙门钢铁,110.575788,35.618466,0.056445089701737,0.0001206177172255,0.0003043099018644,0.1523850522651799,0.671074065447336,36.59444788361701,300.63795209661674,283.0688937604932,3.401518095509064,2020,4
1,东华钢铁,118.256774,39.468366,0.0540424832313901,0.0001288638711818,0.0003282625020866,0.1525213393575932,0.7720969285984022,35.453490685371506,301.9820912560658,286.9574064201835,2.601832474451633,2020,5
2,东海钢铁,118.624794,39.748373,0.0637455865716549,0.0001566579804877,0.00042109662944,0.1528750271915667,0.5804263044202036,30.04412878838233,305.19077208865,286.565319931499,3.0787330106866704,2020,5
3,东特,121.759531,39.05443,0.0495645955196882,6.82645586836886e-05,0.0002230696199402,0.1526162132456245,0.5162821370435817,27.79218164211393,299.7885775724984,283.4269639953509,14.796911419020972,2020,5
4,中天钢铁,120.081591,31.702681,0.055366350521454,0.0001491363848909,0.0002159860531508,0.1385505491323786,0.7326423656113493,30.836325493055483,305.5380710162715,292.60409760451205,12.695163574215783,2020,5
6,佰工钢铁,118.819472,39.748773,0.0649367782454362,0.0001397925061392,0.0004028626856943,0.1530372671313952,0.5965595773194512,29.19936292755665,302.287281204746,286.8816432429,2.111916497718359,2020,5
8,兴澄特钢,120.320504,31.938905,0.0538881558705011,0.000161885528408,0.0001645432168441,0.1392325118371851,0.7774319396051195,29.774487973571627,304.4951601066767,292.2740068194019,14.217846477302386,2020,5
9,冷钢,111.437288,27.690401,0.0544250888898453,5.045284813071567e-05,0.0002274735114191,0.1301739967256246,0.4328329062895291,32.776963472700004,302.9870874312057,292.80697540239794,1.6309484333905448,2020,5
10,凌钢集团,119.41374,41.271048,0.04563411616513,5.240075707399824e-05,0.0001248832356354,0.1521415777773235,0.3693340973609789,20.013923594775907,305.1180637079311,284.01020145242404,2.6027846213209083,2020,5
11,凤宝特钢,113.872158,36.131666,0.0603186498123487,0.000104835708702,0.0003287550697819,0.1453350473830878,0.5571756154469266,43.422201266339904,307.881181106336,290.80056718850784,3.370182310730957,2020,5
13,南钢股份,118.746315,32.200797,0.0528772329554186,0.0001134305419088,0.0002634778109006,0.1388366024553066,0.6208600310351625,31.017577839520527,304.45024572048493,292.272132634083,15.112101385310895,2020,5
17,太钢,112.57052,37.970033,0.0448335968314383,0.0001433096453927,0.0001677435474979,0.1460738625039138,0.475289608218756,25.29421055091349,306.19800638064834,286.7568425354571,16.035556942676244,2020,5
19,宁波钢铁,121.876423,29.918776,0.0510552447904684,0.0001286681036547,0.0001565483605391,0.1351914131128047,0.7811480982639148,18.536207687943435,303.5024487991685,291.9302979447669,17.79928138441075,2020,5
20,安徽富鑫,118.067833,31.194505,0.0541995561201925,7.701669507341061e-05,0.0001461223734819,0.1366953289993326,0.5839942243308003,29.683290975593703,302.1484495791071,292.53148831390456,2.2500726614224926,2020,5
21,安徽贵航,117.251147,30.531068,0.0521376248740368,5.2589046997493246e-05,0.0002280428871892,0.1351598094727207,0.5919826270061229,27.61717432520072,301.4147527654274,292.20944901626046,2.605981638681786,2020,5
22,安钢信阳,114.038243,32.488704,0.0505434599923646,4.93409757661414e-05,0.0001696019056439,0.1367347237995271,0.4753205863254409,35.41247295402172,309.55507033750416,291.05494974817475,1.469883345251557,2020,5
23,安钢股份,114.283145,36.122129,0.0569491626127087,0.0001167364012848,0.0004057187554539,0.1459089774622758,0.602821975925714,47.50163489186424,306.1089228166943,291.67654854101744,7.28728271926779,2020,5
24,宏兴钢铁,118.871477,39.700721,0.0646735446579446,0.000141993825529,0.000437616172597,0.1528975502039264,0.6049983942487762,29.19936292755665,303.0383683712747,286.3993666647201,2.0375654339212743,2020,5
26,宝武鄂钢,114.861313,30.39574,0.0544355101613473,9.136819500168668e-05,0.0001140756397632,0.134595295228846,0.5207442562011215,42.746672453520326,303.49641632172694,294.67804487748134,7.465888930160733,2020,5
27,宝钢八钢,87.304639,43.852147,0.0348468126769095,8.218344874620184e-05,0.0001568010126918,0.1417483499065248,0.1741561532250565,21.478846653888613,310.33792852202515,285.54811503560995,7.154619220885143,2020,5
28,宝钢股份,121.440087,31.41623,0.0522130350323719,0.0001991289613714,0.0001830188388176,0.137857417978409,0.861121744551389,26.59615523037653,304.15978858214464,292.9765829660258,18.312743698811005,2020,5
29,山西中阳,111.161118,37.370796,0.0395824867347335,7.762929371877167e-05,0.0002019100587768,0.1434938809003456,0.3456280375120246,20.54642322946165,302.55255706273823,285.02183630661733,2.3537210858771545,2020,5
30,山西建邦,111.37916,35.668163,0.0582796448893397,9.984415367170946e-05,0.0002834632675241,0.1413130971684982,0.5439934223598142,36.22251997499309,303.95427120115653,288.6290499069773,3.924848059202657,2020,5
32,山西晋南,111.51465,35.678541,0.0590837161671116,9.524607536205082e-05,0.0003102074363814,0.1415999514580627,0.5093575613912241,34.44311147404733,304.5370031074448,287.7888565180267,2.264460970171257,2020,5
33,山西高义,111.258436,35.586841,0.0544848122668543,8.8666240093117e-05,0.0002975994563809,0.1412143985786849,0.5180886899453495,35.888124627414,305.2970441058188,289.1783239616617,1.6954529252180728,2020,5
34,广东韶钢,113.654289,24.704815,0.0502394277394504,5.700083300997296e-05,-5.87215319514461e-05,0.1279506287091869,0.9530592137053449,16.25676518649281,302.10533835451514,296.7671681727375,4.186785621629917,2020,5
35,建龙西林,129.287919,47.495036,0.0406671709280786,1.8396881177459502e-05,0.0002532941532472,0.1584410691422406,0.1982618331375798,10.17796878430978,294.83822888163144,281.933030033292,0.8123167966212653,2020,5
36,德龙控股,114.384832,37.086116,0.0554962617152417,0.0001329604829465,0.0003886504280746,0.1479775546145435,0.6768549950984079,49.88310209341762,307.49232531067736,290.33869690590444,5.735921028598877,2020,5
38,攀钢集团,101.693628,26.551896,0.0420351311684493,5.350812587430939e-05,7.06740287645412e-05,0.126989464107002,0.1493500383179722,14.50124731405822,311.7160586153987,296.1200152145763,6.189458360960067,2020,5
39,新兴铸管,114.128189,36.621504,0.0641412238143344,0.0001579562011352,0.0005260053286994,0.1467863804270538,0.5688198327671564,44.52729835194417,307.83230931595585,289.52625867459415,3.5870283847514752,2020,5
40,新金钢铁,114.216151,36.715444,0.0640215237836115,0.0001607456102942,0.0005163908489653,0.1471992333164037,0.5903399877383274,46.73155790735424,308.43561559620264,289.5518174842786,3.518727935202199,2020,5
41,新钢集团,114.932403,27.790574,0.0539780725683507,7.817666178227384e-05,8.230620703916884e-05,0.130820994896195,0.5525486143699919,27.112439929315997,304.0136323644232,295.1409183564966,4.435242172625387,2020,5
42,方大特钢,115.99204,28.645441,0.05244411450991,6.331179113597205e-05,-1.1788467035731431e-05,0.1323334623104901,0.5490328866291008,32.50269742238743,303.9204767119999,295.49770830830204,15.84087210451892,2020,5
43,日照钢铁,119.36115,35.158382,0.0627491585158754,9.238786056499392e-05,0.0003245882030567,0.1462580866465465,0.6293542578085062,35.655884977333145,301.27880960282283,287.3332333999621,9.42058821153714,2020,5
44,日钢营口,122.395441,40.671136,0.0537210887075464,9.528721174809892e-05,0.0003784485117696,0.1539064843534406,0.4140236710399865,25.35270837711323,300.0464748345606,286.65783993334867,4.185986771689589,2020,5
45,普阳钢铁,113.925994,36.733675,0.0705828097039122,0.0001567926422343,0.000425872637671,0.1462872564275511,0.5198382186962832,43.761309515727575,307.3646920434387,287.8867531273178,1.254389571101204,2020,5
46,本钢集团,123.722099,41.274132,0.0512311894209846,0.0001240924509027,0.0002264505562904,0.1539368728966798,0.298358850729283,19.21938680954449,298.31198657408856,283.9934048031274,5.308401440222912,2020,5
47,柳钢集团,109.373148,24.379047,0.0489842861442017,8.172656657026664e-05,-5.485521512568119e-06,0.1270977573839082,0.6596507149163552,22.63775608330246,305.8946708461216,296.7359687901452,14.83278294886457,2020,5
48,桂万钢,108.412344,21.687637,0.0483398035946358,3.760655928838449e-05,-2.715973120882718e-05,0.1261943519952706,0.4185039645663906,20.652718646374524,304.7961445906637,297.16340146385085,6.502068984504466,2020,5
49,武安文安,114.177621,36.684389,0.0658871756856716,0.0001655109400615,0.0005039183199146,0.1470324692364664,0.5858939030069553,45.69777193830132,308.3575807053292,289.79428113632406,4.309402803511865,2020,5
50,武汉武钢,114.444975,30.616222,0.0542187537749882,0.0001453063991102,0.0001689080076742,0.1344197919479453,0.5493490334600802,44.08226317309527,302.6587668016649,294.16209208025043,14.286856462374976,2020,5
51,永钢集团,120.739658,31.839485,0.0558807993144573,0.0001657920469575,0.0001766898473636,0.1389672081762277,0.8684741718970979,28.86656425005185,302.68101726126724,290.27285727932,6.21156948186318,2020,5
52,汉冶特钢,111.534635,33.269324,0.0484124620282682,4.208143721595038e-05,0.0001902057608464,0.1372751858015395,0.3929236391445482,27.671724467381864,304.4556162895955,291.7443619849377,1.2938788058743274,2020,5
53,江苏镔鑫,119.279989,35.09556,0.0595176703167802,8.8303459597988e-05,0.0002490582232614,0.1461447443764202,0.652751350738555,33.324538895817426,301.99343680535605,287.183035264972,7.39674188522105,2020,5
55,沙钢股份,120.647295,31.967456,0.0576945226313326,0.0001784904485213,0.0002203611566545,0.1393295200702095,0.8416635471173828,28.84565049405281,303.036146558394,291.2051187563554,8.816720510719254,2020,5
57,河北新华,117.784839,38.288605,0.0538379260735009,0.0001025887368122,0.0002799906108497,0.1524753128566141,0.6645719580618658,31.270617712185103,301.9768406569446,291.6521959951685,7.838992509483027,2020,5
58,河北津西,118.220547,40.209844,0.0554407439166598,0.0001117240103683,0.0004206473363194,0.1527808350661852,0.4313120619002578,31.008714433542583,301.36367829063016,287.9630612716019,1.6882728975334522,2020,5
59,河北烘熔,113.981172,36.640411,0.0652813229903072,0.0001514168992471,0.0004677343841115,0.1463529961702288,0.5224242951346512,44.02089359700767,307.63517613869163,288.6267188099589,1.558721824433215,2020,5
60,河北荣钢,118.558755,39.880661,0.0664696725746599,0.0001809949258076,0.0004741993077454,0.1529460286638264,0.5441266414711138,30.92442856913532,303.61019265171944,287.1655979971883,3.554865972540619,2020,5
61,河钢承钢,117.734527,40.952513,0.0433157884705466,6.30815878911322e-05,0.0003194745268717,0.1517241533331502,0.3871290527514666,24.88180434454641,303.41019961256563,284.6896955218999,2.354733578314488,2020,5
62,河钢舞钢,113.492311,33.28384,0.0480798490113641,5.229294468651139e-05,0.0002032669531464,0.1379709921276705,0.5224724266186513,36.37981503421388,306.2270448767517,293.0461689493353,2.050624861207381,2020,5
63,泰山钢铁,117.627728,36.22141,0.0565959134422165,8.640037725267658e-05,0.0002776512758447,0.1469618739325416,0.6074925089230018,36.34202627722516,304.10989402956034,289.05822708825923,6.002889071565802,2020,5
64,济源钢厂,112.553774,35.086396,0.0511346900884319,7.80088764647307e-05,0.0002207002010149,0.1410563907498885,0.4997536086951656,44.4670629099391,306.1560093911411,291.6822654111861,5.094971083629996,2020,5
67,海城恒盛,122.83646,41.056042,0.0515901945054186,0.000110169392668,0.0001827541021526,0.1550145809877878,0.3534400836588868,23.86951081234656,305.0347640253837,284.5940735135685,2.815067071178113,2020,5
68,涟钢,111.967343,27.747782,0.0515812612938848,8.193165376457652e-05,0.0001002794350643,0.130387681941292,0.5032005678432131,35.85649110959821,304.8305903958042,295.1071441373162,4.911813140773687,2020,5
69,淮钢特钢,118.988442,33.566039,0.051456188803238,7.289585943547175e-05,0.0002326051409671,0.1415067424866563,0.6357754025329695,30.98841298183452,303.80765118030763,290.8216270733402,14.379955390594644,2020,5
70,港陆钢铁,118.073913,40.183913,0.0556661245437754,0.0001324387268818,0.0003789927101231,0.1526658276373864,0.4438035455950372,31.79614083137494,303.5618354423191,287.7971191658116,1.8940260907467728,2020,5
71,湖北新冶,115.125838,30.204603,0.0564177314531639,8.689467817559206e-05,0.0001095007624963,0.1343021952770393,0.5413900066178822,42.57809393948264,302.8477741609107,294.11508984945766,4.523135049114682,2020,5
72,潍坊特钢,119.238427,36.644469,0.0511097610096635,7.576652176197746e-05,0.0003056823328283,0.1490766940893095,0.6576872852981959,35.898917616350445,301.6598652308931,287.2944659259786,9.984172790946852,2020,5
73,玉溪仙福,102.186364,24.012309,0.0360871586832533,1.6309198241040783e-05,1.4239187858158071e-05,0.1244653669767928,0.2369007988486468,9.05580105403123,307.20124710677607,294.58455600316773,1.1045072472306945,2020,5
74,玉溪玉昆集团,102.543682,24.465884,0.0331166447402296,2.0835883741859456e-05,-4.954059992789832e-05,0.1243760881555473,0.2661485131201747,10.191822466402249,302.378204828136,289.3997305046008,2.332050584996705,2020,5
75,瑞丰钢铁,118.272056,39.497472,0.054512804333639,0.000136047873933,0.0003163602597662,0.1524388587956189,0.7848114072371443,35.230541133170526,302.51257092057506,286.5261229817249,2.7815093818566443,2020,5
76,甘肃兰鑫钢铁,103.933888,36.510351,0.0312013289020012,4.226176498934443e-05,4.5153356665369066e-05,0.1370970499387598,0.2773494285047824,27.40365978581849,308.787956990227,281.02104749070025,0.982643027162994,2020,5
77,石横特钢,116.533981,36.229201,0.0504103380821726,7.909696444481031e-05,0.0002210442751179,0.1466727671960712,0.5809950670777666,43.3007677924432,303.81762046229164,289.214046109578,4.040931622066859,2020,5
78,联鑫钢铁,120.774892,33.211332,0.0498498595703575,4.4765510157680913e-05,0.0001044512513685,0.141676387886325,0.6357940656734691,25.988555675669524,298.98783185469176,288.3916270149183,2.8058532672317864,2020,5
79,荣程钢铁,117.495794,38.970638,0.0516273911017614,0.0001293827062175,0.0002948612250065,0.1524567421213787,0.5897298398655081,27.61435028153189,303.32032711158035,289.6609594880696,9.81216410694654,2020,5
80,萍钢股份,116.27527,29.778431,0.0542237804047639,6.253101889843475e-05,8.424479685343267e-05,0.1338585496548827,0.575077474343198,30.98769243382879,302.34592275012704,293.44489185754435,1.7807412673203369,2020,5
81,衢州元立,118.848341,28.902581,0.0496205216978189,5.527148986263549e-05,5.351103226018829e-05,0.1327692615606934,0.6323924774990378,19.003795870276008,304.50486027515626,292.81329526301295,6.805149314143833,2020,5
82,裕华钢铁,114.098377,36.731752,0.0705406051269819,0.0001760954028303,0.0004886327469573,0.1468056236988413,0.5726204100593365,43.824507871122286,308.4640848519941,289.2290199424524,3.1196187773681,2020,5
83,西宁特钢,101.671414,36.66856,0.0317614353498835,5.909001335453319e-05,0.0001034984895006,0.1364877176141584,0.2332542079236583,19.613858981415436,303.1005510087245,277.45532428224533,10.956424209419673,2020,5
84,贵港桂宝,109.63938,23.089502,0.0471311483069141,4.020594926397182e-05,-5.809242034088026e-05,0.1264292202338536,0.5663905109299575,23.77540714176522,306.5059424268513,297.47190047039845,5.845186354377876,2020,5
85,辛集澳森,115.184798,37.752351,0.0511892820935304,7.218672957316369e-05,0.0003182473393187,0.149007600322555,0.747926469413169,45.96754976660122,301.69127830329927,287.886427104396,1.6851246348087143,2020,5
86,达州钢铁,107.453099,31.18945,0.0502468929964085,7.377810370594909e-05,0.0001722128093068,0.1340219095477888,0.5213084370197534,36.61405790268167,302.47544938064453,292.93801882324874,6.443108638727109,2020,5
87,迁安九江线材,118.563418,39.95945,0.0683281240064422,0.0001838628032369,0.0004882417664248,0.1529940073557428,0.5505873544765423,30.65452920937198,302.01432625180115,287.744168140437,4.339475218235159,2020,5
88,通钢,126.022349,41.779125,0.0442512672170395,3.7302393715733657e-05,0.0001225086903162,0.1527307080391846,0.3026088366064062,13.702215362343397,297.1253518519033,283.2630932172283,2.4681446083571337,2020,5
89,邢台钢铁,114.452352,37.041601,0.0537272510175127,0.0001327600550004,0.0003968930226384,0.14812289835001,0.6861150349594413,49.88310209341762,307.40600195706344,290.48454126841943,9.030523048049824,2020,5
90,邯郸中普,113.928977,36.711757,0.0698882516489203,0.0001584582742065,0.0004349168022595,0.1462522647560437,0.5165475466970533,43.95012791930269,307.8298717493823,288.05381796663363,1.470627048891929,2020,5
91,酒泉钢铁,98.286265,39.807065,0.0308291558404469,3.980892156784487e-05,0.0001220481611094,0.1401710398035646,0.2424616597310244,19.261359654747977,306.9978008654913,284.82599599475526,6.092131387685012,2020,5
92,重钢集团,107.040368,29.790253,0.0510770824240239,8.028537402456054e-05,0.0001928568953597,0.1327035585333277,0.5762764789537443,36.50639975400073,302.85397589182327,293.6524424485806,6.010700615605025,2020,5
93,金鼎重工,114.111677,36.718952,0.0702627210645701,0.0001762291020412,0.0004930491206795,0.1468389841137077,0.5760643036736081,44.10953881923597,308.6082606053651,289.4035296934149,3.595495529202928,2020,5
94,铜陵富鑫,117.772866,30.907561,0.0526238284168013,6.988471786899084e-05,0.0002436905356451,0.1356994207788099,0.5928538267063046,30.047606542799475,302.5916427091046,293.01281929495246,6.032241851473727,2020,5
95,陕西略钢,106.167206,33.323678,0.0400703137145195,1.428188066424874e-05,0.0001769040451668,0.1352838246899196,0.3892067791597876,22.6462895819952,296.98879981909494,289.4753188796865,0.772775398604114,2020,5
96,青钢控股,120.390032,36.216949,0.0495035351888607,9.4854168499025e-05,0.0002506424057787,0.1477699042136334,0.6647208456744863,40.27322830779667,300.46526989232564,287.60261580926226,18.96122282556641,2020,5
97,鞍钢股份,122.983054,41.148267,0.0561411876089278,0.0001457746815179,0.0003132222533705,0.1553319821990979,0.3666819964943508,22.69425706853381,304.6813900102682,286.1025611513781,12.343360830842204,2020,5
98,首钢水城,104.877413,26.595229,0.0353307440143545,3.609258842385588e-05,4.383352396467706e-05,0.1264632114408293,0.2831348700524579,15.774627826203869,303.9379641591896,289.49199264380366,7.0057471250439605,2020,5
100,首钢长治,113.060809,36.356404,0.0441421867621937,0.0001158150331852,0.0002112071434029,0.1434461095114037,0.4314235717897528,29.82258491772576,309.91645688446846,286.9271065796071,4.765606465406189,2020,5
101,马长江,118.465162,31.502272,0.0525447684465027,8.234824847071524e-05,0.0002029514761046,0.1373278688772133,0.6362756091346242,30.17149608470905,303.8059183837121,293.01657863586115,5.588278128437436,2020,5
102,龙腾特钢,120.835685,31.723833,0.0549124885195847,0.0001660665198137,0.0001724640555915,0.1386865254566598,0.9444740801417476,28.86656425005185,303.2558706974069,291.4556273565962,10.321950475887084,2020,5
103,龙门钢铁,110.575788,35.618466,0.0516238340333442,0.0001034763609956,0.0003187978609704,0.1409611678718594,0.5463703036731699,30.418768266198946,305.66932547391605,289.66034299388974,3.3638849374370987,2020,5
1,东华钢铁,118.256774,39.468366,0.0596230369552723,0.0001374440640407,0.0002478909209949,0.1401629961023965,0.6800958125884825,54.07883936981571,305.742983597733,293.7241450152184,2.448972559804796,2020,6
2,东海钢铁,118.624794,39.748373,0.0744555896580222,0.0001913531906215,0.0003332960848714,0.1406669844655227,0.6033894483128682,39.40026260372976,309.7372669447804,293.6468017419038,3.2100643378034546,2020,6
3,东特,121.759531,39.05443,0.0466804759917133,7.664070263159902e-05,0.0002916135425869,0.1416723772113617,0.5794124370875846,32.826711015510774,304.88365408440933,291.688611464096,16.161144109044702,2020,6
4,中天钢铁,120.081591,31.702681,0.0478682085588931,0.0001172784916033,7.644845831950207e-05,0.1273616980019089,0.6878117327937597,26.989498635998643,303.6958062295646,295.04742074345825,11.096096303688256,2020,6
6,佰工钢铁,118.819472,39.748773,0.0721917343612615,0.000163386166118,0.0003183658070755,0.140716007701723,0.6084832293751021,38.22224314831146,306.78084567440624,293.98432037317,2.582253330528352,2020,6
8,兴澄特钢,120.320504,31.938905,0.0497201568077439,0.0001426579368097,-2.119002998210492e-05,0.1275021788047134,0.6984494730181083,26.506913814188582,304.27283265658986,294.5396302142001,13.788431204250328,2020,6
9,冷钢,111.437288,27.690401,0.0383121585044723,3.142617147724596e-05,-3.970687307731987e-05,0.1242830024450923,0.4818405032405053,18.167639959960574,301.44511067304296,296.1454414353067,1.584834223505663,2020,6
10,凌钢集团,119.41374,41.271048,0.0399262358548621,4.757653645355689e-05,0.000140463049801,0.1440097298929303,0.2757161049399705,27.20457788575593,305.5173119001593,291.33038065875263,2.8196854976538552,2020,6
11,凤宝特钢,113.872158,36.131666,0.0598363651571929,0.0001037647868691,0.0001726037919817,0.1304403377823718,0.7587625201837689,45.40124116285334,310.19769539422373,294.8879475438027,2.791697884285441,2020,6
13,南钢股份,118.746315,32.200797,0.0495054801778499,8.776798056766087e-05,-8.44874711718988e-06,0.127121292941633,0.6790134083921868,25.42621047041393,306.04001211597455,295.3169495979714,15.973639589803668,2020,6
17,太钢,112.57052,37.970033,0.0462257702028801,0.0001137904643362,0.000185697550856,0.1318703759616472,0.5736584575326025,34.8212648257565,309.5090925963877,291.9348500803877,15.504301367200169,2020,6
19,宁波钢铁,121.876423,29.918776,0.039551287166482,0.0001097430117087,2.552861439842101e-05,0.1259706231317711,0.4820082092555329,19.480499236582325,305.8627578369749,297.0586716517857,16.240253344950133,2020,6
20,安徽富鑫,118.067833,31.194505,0.0444348584784836,6.632015386029659e-05,2.7079953470172407e-05,0.126222444103241,0.6575997451409764,20.299576926690065,302.1035097948283,295.1016340412072,1.9559810234859687,2020,6
21,安徽贵航,117.251147,30.531068,0.0460005225036068,4.879876764608715e-05,-4.75646412247624e-05,0.125549070981092,0.5527156319537158,15.351416138287275,303.8911790316378,294.8280926319883,2.540934077009299,2020,6
22,安钢信阳,114.038243,32.488704,0.0467176869552854,3.9036523864438046e-05,-6.448729386909255e-05,0.1255790980652864,0.5771808716232817,26.58139308664431,313.5874142039315,295.03026956789967,1.207687244148684,2020,6
23,安钢股份,114.283145,36.122129,0.0567388465103169,0.0001114695027693,0.0001017058840049,0.1310421598835844,0.7962073325271289,50.03957725227731,310.1809829811739,295.19768606305007,6.607384346893594,2020,6
24,宏兴钢铁,118.871477,39.700721,0.0726465552168863,0.0001633362856924,0.0003447973415903,0.1406604857135283,0.6278868502175736,38.22224314831146,307.5905946663045,293.2770772684157,2.525957723367449,2020,6
26,宝武鄂钢,114.861313,30.39574,0.0466752244191978,5.11246036916464e-05,-7.71999888602858e-05,0.1244101284760696,0.6397110968846161,25.416277609115667,305.4067105659051,297.04737628643613,7.212329417921189,2020,6
27,宝钢八钢,87.304639,43.852147,0.031254788374418,7.028908606668492e-05,0.0001593923684217,0.1437566743018618,0.2101230808948367,20.39810048299609,314.3711294186539,289.5956259732612,9.414994060281677,2020,6
28,宝钢股份,121.440087,31.41623,0.0442937762574958,0.000132639894429,6.33402278939847e-05,0.1268650068893645,0.9090678803227656,32.096101114510375,302.7998448737392,292.37626491189945,17.319065102495994,2020,6
29,山西中阳,111.161118,37.370796,0.0384940601685557,6.288310610920275e-05,0.0001348397427047,0.1297539211651211,0.3703893278776112,26.03792736977084,304.84845227877395,290.09343073060484,2.3441046332954416,2020,6
30,山西建邦,111.37916,35.668163,0.0620683449765243,9.158989664494824e-05,0.0001385722675998,0.1286003946383961,0.660344583806371,41.31705480155819,308.2908689390601,293.524938669246,4.0900709028665485,2020,6
32,山西晋南,111.51465,35.678541,0.0615903228660928,8.402302561596022e-05,0.0001708659187329,0.1284236735281657,0.6518960356205906,39.51983984507024,308.25688418141203,293.0684446685858,2.4554783837773795,2020,6
33,山西高义,111.258436,35.586841,0.0554685527296216,7.858956075081472e-05,0.0001804860446066,0.1286128857673715,0.6114895061782099,41.43388631253009,308.8713760884452,293.9309553188445,1.690351434773542,2020,6
34,广东韶钢,113.654289,24.704815,0.0323187233609229,3.8960428420752826e-05,-3.1118174869469426e-05,0.1258549282193902,0.4917861941698288,8.668938439570281,303.44335453623,296.9184793680607,4.30516564153548,2020,6
35,建龙西林,129.287919,47.495036,0.0350197542981328,9.889353870574024e-06,0.0002843060598576,0.1544972659966482,0.323116880574599,8.046612808613842,293.1614254787479,282.2721612672018,1.1339118731292297,2020,6
36,德龙控股,114.384832,37.086116,0.0603872608908652,0.0001076356072191,0.000367515699152,0.1325920867986595,0.7359534319137896,50.41389883331249,310.18113971863045,296.21537994866213,5.410051227419296,2020,6
38,攀钢集团,101.693628,26.551896,0.0363270669374567,4.77687238324822e-05,0.0001042932722233,0.1219652500892273,0.2141167635292638,19.10481373101902,311.72444345028526,297.9531332370952,3.6517039272301446,2020,6
39,新兴铸管,114.128189,36.621504,0.0666445032942309,0.0001315344958974,0.000327535572327,0.1312911582118231,0.7124561217868409,47.261017765135634,310.25247522685805,295.5157922411923,3.424030511531877,2020,6
40,新金钢铁,114.216151,36.715444,0.0687929797662847,0.0001273075460399,0.000335023637881,0.1316007470631915,0.7532990200816909,49.04390875053141,311.23373445658655,295.7817848552054,3.62678795523712,2020,6
41,新钢集团,114.932403,27.790574,0.0375122684882205,3.685841952754406e-05,-8.038018420490777e-05,0.1248526839636367,0.3602227303175415,12.5899077810651,306.7804354890283,299.0515040042832,5.212365934084137,2020,6
42,方大特钢,115.99204,28.645441,0.0386980817637589,4.84969583233854e-05,9.300445435465943e-06,0.1255146679645249,0.4705774555468203,16.111012968167415,308.4175600349694,300.76347210541087,17.46930806414312,2020,6
43,日照钢铁,119.36115,35.158382,0.0613388600769707,0.0001104249743105,5.370079259741778e-05,0.1314760029884014,0.7552150393730755,38.298055463206055,304.4526833056934,293.1494012979511,8.704322456823252,2020,6
44,日钢营口,122.395441,40.671136,0.0509606834907981,9.385827462996326e-05,0.0002667649838922,0.143958287601685,0.4352469703472562,52.520537252576105,303.7152586591341,293.3070213446956,4.534954252602587,2020,6
45,普阳钢铁,113.925994,36.733675,0.07309531902012,0.0001272958691631,0.0003984309715851,0.1310224470423624,0.6558503100419527,46.47873250799927,308.87379839468656,293.5076903121459,1.0097451592059707,2020,6
46,本钢集团,123.722099,41.274132,0.0489008228801986,0.0001033417783666,0.0002487878080963,0.1453657276335667,0.3505990951394998,25.38905287036737,302.2535815222078,290.21789268708346,6.181137106754414,2020,6
47,柳钢集团,109.373148,24.379047,0.0340892019088316,4.153281068878257e-05,-2.4606686208989823e-05,0.1258045984147221,0.5216860607712223,14.411521872242568,299.9323003787879,296.73608126013494,14.620683747459404,2020,6
48,桂万钢,108.412344,21.687637,0.0326332920785517,3.138368048060611e-05,-4.176151590488652e-05,0.1246810129350352,0.435966284526171,11.77810737829077,305.9652837268127,297.75039481753885,7.584721095988841,2020,6
49,武安文安,114.177621,36.684389,0.0698467899694437,0.0001346502439882,0.0003400165906332,0.1314873723820025,0.7461432776312953,48.243419476618776,310.8729263290423,295.8186380648422,4.197950201625753,2020,6
50,武汉武钢,114.444975,30.616222,0.0499319019384584,0.0001318271561789,-5.365197603282226e-05,0.1247462073877525,0.7212201448383597,26.536982389302462,305.770481559045,297.5718145740877,12.761270776223038,2020,6
51,永钢集团,120.739658,31.839485,0.049407943829214,0.0001221337289042,3.05492760522919e-05,0.1275202458348482,0.8772925137577139,27.22605607630157,304.8857886341141,294.12531352579754,5.759031378036225,2020,6
52,汉冶特钢,111.534635,33.269324,0.0531648064656831,4.275432070971514e-05,5.429065857612454e-05,0.1257741316002647,0.4455628276767386,29.10967289437849,306.73735315932146,294.5939812053064,1.0322025620687996,2020,6
53,江苏镔鑫,119.279989,35.09556,0.0571329128309001,0.0001039507360777,4.834393564496817e-05,0.1313367886402117,0.8377896346568849,36.1598630245748,305.27640897540965,293.0835076771695,6.829078561285241,2020,6
55,沙钢股份,120.647295,31.967456,0.0519210917718713,0.000159461088958,7.649001568996865e-05,0.1277439485683285,0.7943651690306517,26.027787041455703,304.77988400526544,294.54843189894234,7.941043840879091,2020,6
57,河北新华,117.784839,38.288605,0.0570855165957225,8.492670028236635e-05,0.0002871613306994,0.1377974986671585,0.748156847414264,36.27217515805744,305.0537833277251,297.1676004644238,8.581200663110902,2020,6
58,河北津西,118.220547,40.209844,0.0565952064680197,0.0001014350690753,0.0002153585526667,0.1412689354401531,0.453710440813164,40.75657760744235,305.49007758800485,294.53248437270787,1.6588647899900433,2020,6
59,河北烘熔,113.981172,36.640411,0.0724166975945524,0.0001364055949758,0.0003406597877829,0.1310392679763828,0.667622776243284,46.835982203674575,308.9972463587547,294.2407443858885,1.2238148508264497,2020,6
60,河北荣钢,118.558755,39.880661,0.0738760675638487,0.0001906865319704,0.000299252708188,0.1408740452363258,0.537118628531835,40.6278338354955,308.59002078733914,294.6528006163111,3.789142577207556,2020,6
61,河钢承钢,117.734527,40.952513,0.0444881838101615,7.014564409444107e-05,0.0003290211687233,0.1418544665664814,0.3380715421783903,34.186835290438474,304.3670319138112,292.23451673574533,2.291888080245879,2020,6
62,河钢舞钢,113.492311,33.28384,0.0464075271491697,4.323072544111968e-05,-3.681315966245707e-05,0.1268905213465903,0.6762576785823926,33.10351348767029,309.0800856513444,296.1806356161343,1.7432876051121875,2020,6
63,泰山钢铁,117.627728,36.22141,0.0563755412242781,9.992386363527988e-05,0.0001768847362925,0.1328713647230038,0.700672216783161,36.46149338010218,307.7566166475976,294.87306672135304,5.964661352639329,2020,6
64,济源钢厂,112.553774,35.086396,0.0520692606246549,8.908554853011551e-05,0.0001664975348936,0.1285137812538051,0.7460098761418746,51.887476648892125,308.5886121532424,294.606718399818,4.770620078336765,2020,6
67,海城恒盛,122.83646,41.056042,0.0542284568734107,0.0001362701283509,0.0002380239143622,0.1444634952451169,0.4253897426508701,35.40955262337775,307.4203794252029,290.6840078076027,3.1816242285298704,2020,6
68,涟钢,111.967343,27.747782,0.0398910886323974,5.069265252799535e-05,-7.486553467829889e-05,0.12463092100707,0.6209858013188073,18.329934903249523,303.492396139098,297.0757272362126,4.372097967585128,2020,6
69,淮钢特钢,118.988442,33.566039,0.0478178026620818,6.953757725529372e-05,0.0001023693126024,0.1292755401610283,0.6787889307762768,24.724638423786303,309.9032280019288,295.3867935818406,14.60662011354917,2020,6
70,港陆钢铁,118.073913,40.183913,0.0581803533626319,0.0001193151974562,0.0002740421059482,0.1411977523595572,0.4810347833054481,41.25294239543109,306.9343261710274,294.8304905651343,1.6755425878924632,2020,6
71,湖北新冶,115.125838,30.204603,0.0458682676469097,7.332298987423422e-05,-0.0001126603587817,0.1246004618544,0.5363900175803955,24.18409117410647,303.8004379213156,296.2797015559623,4.109242300073339,2020,6
72,潍坊特钢,119.238427,36.644469,0.052000161874362,7.075649797983938e-05,8.988805058240836e-05,0.133844117722824,0.8021160864392212,38.3894693811726,307.8921814182711,293.0173573159503,9.837196307252016,2020,6
73,玉溪仙福,102.186364,24.012309,0.030248418117435,1.84820584823065e-05,9.694593880914995e-07,0.1230450559319613,0.2520964994320979,3.8433716392689536,306.4732601627889,294.4224284274458,0.808719542666161,2020,6
74,玉溪玉昆集团,102.543682,24.465884,0.0287011321155646,2.510324591429238e-05,1.214703972288224e-05,0.122491879509075,0.2656874402782821,4.454886208381268,303.15314102200495,289.6813273895849,1.906241975857316,2020,6
75,瑞丰钢铁,118.272056,39.497472,0.061625424444569,0.00014813550703,0.0002508279806117,0.1401372667995042,0.650801626172014,54.44944032465308,306.6921339591184,293.06138344333783,2.675149558518027,2020,6
76,甘肃兰鑫钢铁,103.933888,36.510351,0.0306751710983534,4.970219982428088e-05,0.0001067262327561,0.1251157302057328,0.2590660698258585,26.893564708529997,316.51824635510064,286.6346131239236,1.089493284508266,2020,6
77,石横特钢,116.533981,36.229201,0.0517372896500098,8.22731748272151e-05,6.774120928907812e-05,0.1321812328483559,0.641118260610842,45.37257116950865,309.4912794376892,294.52979717594235,4.037538905132608,2020,6
78,联鑫钢铁,120.774892,33.211332,0.044170595224828,4.674207366785312e-05,4.986089514967155e-05,0.1296761735928321,0.7326416624804414,18.742391536056427,303.00532581144444,293.6219278111516,2.601789967983547,2020,6
79,荣程钢铁,117.495794,38.970638,0.0551702296715103,0.000119841671203,0.0002307157292129,0.1385316608306415,0.724602669574386,31.012915631691392,306.70798646419274,296.2784797586889,9.32919904573352,2020,6
80,萍钢股份,116.27527,29.778431,0.0407667272587039,4.013237181415884e-05,-8.205886794865523e-05,0.1249304968299765,0.4882818175378949,17.059276385198018,303.92123442910946,296.5378061822444,1.763960620833329,2020,6
81,衢州元立,118.848341,28.902581,0.0364692999375025,3.192338872256017e-05,3.945742539807077e-06,0.1248890837237175,0.4503548664093973,11.840535663054652,305.72169286050934,298.4514340899729,7.007540330764398,2020,6
82,裕华钢铁,114.098377,36.731752,0.0748444316578771,0.000145861166255,0.0003836353958817,0.1313792093557906,0.7383641115432945,46.54190103057156,310.42595682477844,294.89166280876464,2.79058603220088,2020,6
83,西宁特钢,101.671414,36.66856,0.0320917882936745,5.869748361706126e-05,2.7170381338049797e-05,0.1243366372088451,0.3051669383409085,22.96327927808761,301.7298208037689,281.54979573241025,10.6260802157284,2020,6
84,贵港桂宝,109.63938,23.089502,0.0328591199282397,3.279530242486935e-05,-8.163627528804272e-05,0.1254045366168329,0.5847721271012254,17.89469651818143,306.02052167291976,298.3454935629786,6.225982325362154,2020,6
85,辛集澳森,115.184798,37.752351,0.0518046303937427,6.930092487307758e-05,0.0002516353575753,0.1347733588217358,0.6946182717289023,45.92711277950912,307.8018314596401,293.14481639209555,1.5927791672505631,2020,6
86,达州钢铁,107.453099,31.18945,0.0457194770617394,5.35488424674946e-05,5.972895149730341e-05,0.1230539084349305,0.4307382572218058,25.730040381640656,302.6643745083657,295.12277531151824,6.245250519263094,2020,6
87,迁安九江线材,118.563418,39.95945,0.0736047932870248,0.0001874715564651,0.0003220545252729,0.1410666808097092,0.5290380113154813,40.26284591364685,307.0171411907638,295.027911839452,4.412044177468757,2020,6
88,通钢,126.022349,41.779125,0.0413003008831025,3.907934223380313e-05,5.7593302198515305e-05,0.1467739004404784,0.2666362718290622,16.305317984688372,299.66723721851343,286.37420439728083,2.2038108421303715,2020,6
89,邢台钢铁,114.452352,37.041601,0.0587713191312952,0.0001135505642821,0.0003800541855909,0.132617763518644,0.7648386412263148,50.41389883331249,309.86556778228413,296.16712756186485,8.484556097025266,2020,6
90,邯郸中普,113.928977,36.711757,0.0744104210827336,0.0001337962367776,0.0004194852308472,0.1309999671467347,0.6500706578530943,46.738591729267526,309.06863708077765,293.6468259641938,1.1365647329951287,2020,6
91,酒泉钢铁,98.286265,39.807065,0.0296664796376283,4.787858640124513e-05,9.788066827372368e-05,0.1309494142097232,0.2271896674956218,21.258708172465077,313.88213859509915,289.0264150697517,6.337400796147479,2020,6
92,重钢集团,107.040368,29.790253,0.0466143923702549,7.672510438700144e-05,-6.89115563996836e-05,0.1230252743061762,0.5058566393189632,28.407834533920795,302.3930259594377,296.1033339533251,5.322353229021052,2020,6
93,金鼎重工,114.111677,36.718952,0.074674702482332,0.0001465917214226,0.0003880761562482,0.1313863293952892,0.7419435272660464,46.84339296561513,310.57075098125654,295.1074057111318,3.372001576544858,2020,6
94,铜陵富鑫,117.772866,30.907561,0.0465307550963826,6.351257658503125e-05,-1.4672648229463652e-05,0.125330055185366,0.605724951813249,19.08797574826356,304.80367670878184,295.2831580560484,5.438917731934181,2020,6
95,陕西略钢,106.167206,33.323678,0.037766485925639,2.151941986671932e-05,0.0001493789001617,0.1228428651471546,0.1975814515764902,16.63981208257282,299.8892376708074,292.1560981173024,0.5555649386753783,2020,6
96,青钢控股,120.390032,36.216949,0.0491854537707023,8.558651789317606e-05,0.0001567502215062,0.1335913920580818,0.7751218763973527,37.93820013697768,305.8487733789254,293.815943299602,16.47859009865318,2020,6
97,鞍钢股份,122.983054,41.148267,0.0560352802204743,0.0001557095948915,0.0002318739479423,0.1446257363445171,0.4005513772928515,32.499713566446474,308.6759050954352,292.4060606846196,13.662680898570452,2020,6
98,首钢水城,104.877413,26.595229,0.031396417721705,4.620232444677149e-05,1.3261563882492688e-05,0.1221127809887863,0.349468030549137,11.992769444191254,300.43501482951336,288.9461211113598,5.946433268115245,2020,6
100,首钢长治,113.060809,36.356404,0.050535774811817,0.0001165848861277,0.0001499192259409,0.1294378802705098,0.683961215937221,36.346849227338055,307.311068844504,291.2973982027226,3.6186824227352186,2020,6
101,马长江,118.465162,31.502272,0.0469315081944396,7.304826710463353e-05,-3.409907101590005e-05,0.1263776596091022,0.6848001223940464,21.768757981521677,304.1953839414334,295.41807180380266,5.484672394905624,2020,6
102,龙腾特钢,120.835685,31.723833,0.0488264614719207,0.0001357017333305,-4.2958730733784826e-05,0.1274305532202516,0.8842236073091544,27.22605607630157,304.66580963579275,295.11661718706995,9.436064919934555,2020,6
103,龙门钢铁,110.575788,35.618466,0.0550763370262449,0.0001172001127022,0.0003221736645853,0.1281823376454805,0.6769636645306415,36.15231058125039,307.6618177295898,293.8718458994883,3.242187071194053,2020,6
1,东华钢铁,118.256774,39.468366,0.0609757853235742,0.0001034785423759,0.0002041690723175,0.139246639431686,0.6950502786976515,44.31859067590449,307.31175404637656,295.8119460700314,2.477326359838296,2020,7
2,东海钢铁,118.624794,39.748373,0.0672389920999453,0.0001077148171406,0.0002263443336171,0.1395792490796571,0.6708636138696796,36.769508460283184,308.06631377958445,296.05249531412375,3.077491336835411,2020,7
3,东特,121.759531,39.05443,0.0458257398200666,6.045212610231157e-05,0.0001375862620495,0.1398895699552311,0.5958765674294056,23.17016534680221,305.6011623156876,293.63532611668614,15.04623570194059,2020,7
4,中天钢铁,120.081591,31.702681,0.0483569262676027,9.28984158461118e-05,-0.0001571112013323,0.1280379111843096,1.544585086633663,30.58682551682068,305.0020743034056,294.8298690349776,14.20949832519092,2020,7
6,佰工钢铁,118.819472,39.748773,0.0648186728760214,0.0001122084694137,0.0003165733335901,0.1397133913036914,0.6366569325451173,35.04825940581213,308.5464651347129,296.0272468057633,2.426190672046719,2020,7
8,兴澄特钢,120.320504,31.938905,0.0466463621016379,0.0001396439960404,-0.0001868422620206,0.1284639796898012,2.213231140649853,30.01404309045668,304.7843590974557,295.1696125686395,16.885388284858504,2020,7
9,冷钢,111.437288,27.690401,0.0334670259154593,3.074757593295811e-05,-4.350990165152584e-05,0.1238761360143655,0.5205024478112668,21.1554881275844,303.9168580284817,297.02713718298145,1.4408955444854212,2020,7
10,凌钢集团,119.41374,41.271048,0.0459698032832155,4.652869457344389e-05,0.0001729279647983,0.1409836268943649,0.4153140576082865,28.014785005202288,306.828118800083,293.80822810076853,3.04442392377651,2020,7
11,凤宝特钢,113.872158,36.131666,0.0540171046701863,6.72764148380687e-05,0.0002469117243159,0.1314438374171728,0.7049271481444317,43.33994497820389,306.4869314060338,294.5247277543546,2.771806139058791,2020,7
13,南钢股份,118.746315,32.200797,0.0453240694000939,0.0001039674653831,-4.506427422442475e-05,0.1282083276402758,1.4060134198989336,30.045782750676157,301.7571029922212,294.32396669262664,9.91395807589208,2020,7
17,太钢,112.57052,37.970033,0.0424097431413503,8.656710644767756e-05,9.2646960946808e-05,0.1324578976933999,0.5654226969142032,34.06261708717829,305.01148891751194,292.1561653373235,10.951985776750252,2020,7
19,宁波钢铁,121.876423,29.918776,0.0332113699531285,8.220161362960872e-05,-6.971327664945127e-05,0.1264806179922262,0.4159510630282481,12.405231127408442,305.6916259780075,295.9838644853243,14.465573824896849,2020,7
20,安徽富鑫,118.067833,31.194505,0.0420682621351578,8.182863183949596e-05,-1.264469530188094e-05,0.1271388330566089,0.4867422866882325,24.826587778782887,301.8428103939414,293.39316937916385,2.076905162658195,2020,7
21,安徽贵航,117.251147,30.531068,0.0403181797861685,4.559994737508356e-05,-1.1399146528292343e-05,0.1259265347707865,0.5607617714501342,20.75686289515488,303.94908964445494,296.7942835423793,0.6035376569585187,2020,7
22,安钢信阳,114.038243,32.488704,0.0453468917893464,3.456520884021856e-05,1.4244761565899976e-05,0.1270928452107673,0.7097059440633813,28.092353332453968,304.47403450133817,294.4672566952023,1.3702371720841249,2020,7
23,安钢股份,114.283145,36.122129,0.0537284517056828,8.224273454820623e-05,6.0606357681878414e-05,0.1321660549249599,0.81452935643063,47.99459257966877,307.8799294240377,296.0451463045377,6.841218814008131,2020,7
24,宏兴钢铁,118.871477,39.700721,0.0655052047296235,0.0001155318106667,0.0003257213566158,0.1398156227343186,0.6749784882753785,35.04825940581213,308.6064186314163,295.6461879660026,2.5095769697930823,2020,7
26,宝武鄂钢,114.861313,30.39574,0.0404040916535793,5.001792698373e-05,-0.0001081539114173,0.1255411898188441,0.4366780685910604,31.16325062189535,303.164417017785,295.77446582837393,7.285658368774921,2020,7
27,宝钢八钢,87.304639,43.852147,0.0312333354068613,6.106985400002466e-05,0.0001219334986774,0.1379784351773602,0.2790277257971851,22.488152498739147,313.25326879659764,292.2272366278696,7.158008918808723,2020,7
28,宝钢股份,121.440087,31.41623,0.0410383634348366,0.0001662624470327,-0.0001415919526617,0.128478023647481,1.021524651068534,32.55686265856762,305.9253517815745,296.9438685344828,18.339522952048423,2020,7
29,山西中阳,111.161118,37.370796,0.0381815322480103,4.62539676991828e-05,0.0001169102427599,0.1298728782428995,0.4060168642595538,26.3908592756934,302.1292859254221,291.64382689468783,2.203726972033864,2020,7
30,山西建邦,111.37916,35.668163,0.0608004808239301,7.314318541654685e-05,0.0001913409424517,0.1295166979135111,0.6204179795700094,37.64526861305573,307.9240879070933,294.7657592716893,4.091969063447854,2020,7
32,山西晋南,111.51465,35.678541,0.0574693967849604,6.735578787345308e-05,8.132696145130564e-05,0.1294796025635837,0.5771477529710787,35.09147816771474,308.73173212434006,293.5945530596183,2.505244912874502,2020,7
33,山西高义,111.258436,35.586841,0.0564097180381748,6.079212523406953e-05,0.0001893966567651,0.1295245816918539,0.6875243038533443,37.80127257669383,306.15684216684247,294.7175340780121,1.6494654567175655,2020,7
34,广东韶钢,113.654289,24.704815,0.0317601271432065,4.134444354556985e-05,3.999245226386739e-06,0.1246372611065652,0.4549436441181384,10.985776494583872,305.97075262208006,298.63063487881976,2.356330551654229,2020,7
35,建龙西林,129.287919,47.495036,0.0430962237499053,1.603356642471864e-05,0.0001368524264056,0.1446429610936714,0.4432710996415627,10.67547468986828,299.3335100755483,291.6461263369936,0.7428955997660311,2020,7
36,德龙控股,114.384832,37.086116,0.0575072966853211,8.29660493994347e-05,7.746993071461702e-05,0.1337458556146844,0.7900673027021536,54.37611960701361,307.6902839483157,297.0747241696268,5.522838157670977,2020,7
38,攀钢集团,101.693628,26.551896,0.0349129031565598,5.2638938749484695e-05,0.0001490668991951,0.1198252889108495,0.4052876464776483,15.79387820527245,303.14863180490704,294.4184217332624,3.7503594809725502,2020,7
39,新兴铸管,114.128189,36.621504,0.063568334534515,0.0001054613881732,0.0001744947184256,0.1322882870274071,0.7232856682374992,48.07936221871031,309.1874893639648,295.8693222243881,3.561020722699004,2020,7
40,新金钢铁,114.216151,36.715444,0.0619225484153624,9.992028594407397e-05,0.0001752171777984,0.1325660847645675,0.7522274054786906,49.862253439244185,308.0224274550975,296.2429356947083,3.3934918950955923,2020,7
41,新钢集团,114.932403,27.790574,0.0373243854675744,4.3331045218603786e-05,1.7613069101607346e-05,0.1248706578106408,0.6482595902156117,19.70253493453005,306.16803943128343,298.52726209650416,4.547923644347737,2020,7
42,方大特钢,115.99204,28.645441,0.036634251567906,5.315542330469283e-05,-1.8794790506164105e-05,0.1252343108295761,0.5550386178075326,24.221195715767863,307.59411380375246,299.8058015728977,15.741282302272314,2020,7
43,日照钢铁,119.36115,35.158382,0.0582370353579941,8.679453890671329e-05,0.000115653272823,0.1331459386932655,0.5469357104643173,43.97805999762171,304.2693462642039,293.992675074899,9.468642722055808,2020,7
44,日钢营口,122.395441,40.671136,0.0560933954482908,8.677456572000253e-05,0.0003360351106191,0.1418086192059173,0.5758504932763007,31.812216860771517,302.8055129727913,295.5534523292187,4.62033603631695,2020,7
45,普阳钢铁,113.925994,36.733675,0.0658649107476701,0.000101592764952,0.0002539222666916,0.1318480939914948,0.5906577933875646,47.45641749711693,305.7479965777399,293.662992177541,1.1622029190806524,2020,7
46,本钢集团,123.722099,41.274132,0.0539283929580805,0.0001221765059889,0.0002100887196955,0.1420880376207914,0.314742764894287,24.944106952327555,304.1168190083638,293.7845492090739,5.892656037468387,2020,7
47,柳钢集团,109.373148,24.379047,0.0322807799921211,4.8577430670917846e-05,-2.8869539204133e-06,0.12383387233438,0.7296403615985981,15.221547238359651,305.9632918850044,298.85128028949697,16.236775796318856,2020,7
48,桂万钢,108.412344,21.687637,0.0314443925541816,3.5687356568644035e-05,-2.71571060907221e-05,0.1240517871241822,0.2508707249750318,9.28258359067513,303.70277491557795,298.22657495755493,9.677911477938991,2020,7
49,武安文安,114.177621,36.684389,0.0636967961092581,0.0001064150050036,0.0001932307665159,0.1324254836659428,0.7556291775414521,48.98707584989134,308.74734566085027,296.15908463641034,4.138301597492263,2020,7
50,武汉武钢,114.444975,30.616222,0.0451249773108306,0.0001080952714322,-9.611011817983816e-05,0.1258954284289899,1.3679209334621425,32.41270363218973,302.9138416754136,295.80148048481425,13.329512104992087,2020,7
51,永钢集团,120.739658,31.839485,0.0510553737401453,0.0001019993025683,-9.180739708185538e-05,0.1287492259252795,1.3009605199547785,29.74624457863229,302.3823196296359,295.71644092531824,6.593543309741872,2020,7
52,汉冶特钢,111.534635,33.269324,0.0453911922317614,3.530330284217035e-05,6.163319404775693e-05,0.1269240062516391,0.5007965382135265,30.85529698410028,303.6812519805292,293.30073948467015,0.9341583715880822,2020,7
53,江苏镔鑫,119.279989,35.09556,0.0559790134208659,8.163785513658804e-05,4.056811695426487e-05,0.1330349343144536,0.5852259172084027,40.36628698435801,304.4233128146482,294.25321773979493,7.120534474349326,2020,7
55,沙钢股份,120.647295,31.967456,0.0526970953861012,0.0001037176073481,-5.747174602868448e-05,0.128888969056394,1.2178747935222232,29.15718687216586,301.9709106153766,296.12740888729326,9.484212065059763,2020,7
57,河北新华,117.784839,38.288605,0.0559814458622816,6.63899684041179e-05,0.0001201248383822,0.1383001079043443,0.7411895727337777,39.52288844351833,306.22807462222823,299.04489226150395,7.829010398289707,2020,7
58,河北津西,118.220547,40.209844,0.0587678823846241,6.869155178269322e-05,0.0001732784830469,0.1399402792165648,0.5104608845307097,42.56301197316608,305.07146192374864,295.7041326103541,1.6094848608465817,2020,7
59,河北烘熔,113.981172,36.640411,0.0659871762390033,9.740133668686476e-05,0.0002026809248698,0.1319959353897763,0.6628716711310819,47.68664041421289,306.64143936540023,294.73117609202086,1.3651585240332185,2020,7
60,河北荣钢,118.558755,39.880661,0.0689409117241791,0.0001433935437151,0.0002799667655438,0.1395386988716234,0.6595166517219185,38.56315950081072,307.1726763864788,296.2157329281273,2.901626217479896,2020,7
61,河钢承钢,117.734527,40.952513,0.0480606289087679,7.159006830879381e-05,0.000256282415844,0.1397041902226461,0.4283874642466502,35.95607886174826,304.01121258364293,294.07533886017166,2.19255189554586,2020,7
62,河钢舞钢,113.492311,33.28384,0.045003636202374,3.793731975641657e-05,-5.2019282101521306e-05,0.1285126831853068,0.5755594955462525,35.89811608054865,305.0111483966283,294.93882011390644,1.7328402674722243,2020,7
63,泰山钢铁,117.627728,36.22141,0.0592393353295327,8.522944438837252e-05,8.822595824949352e-05,0.1332929545527678,0.7157123606750253,36.81076776729242,305.66751123240016,294.7439483941708,5.693485423372171,2020,7
64,济源钢厂,112.553774,35.086396,0.049627592293316,6.6092654644089e-05,4.572813337854178e-05,0.1301147609152576,0.6859465340360034,51.75888488273253,308.5384413898624,294.7906320296737,4.439979717815955,2020,7
67,海城恒盛,122.83646,41.056042,0.0619430545585968,0.0001256658986699,0.000149975057558,0.1422513614324252,0.6144216490856006,27.753994658041847,304.4948786115761,294.3964748435586,3.115095131311368,2020,7
68,涟钢,111.967343,27.747782,0.0350581193025946,4.2668738329211895e-05,-4.7128727917500825e-05,0.1237590871200828,0.7395861812673925,21.82165026454186,305.89856815759657,298.1161224386572,5.023734385736929,2020,7
69,淮钢特钢,118.988442,33.566039,0.0449183941946671,4.68369502034683e-05,-8.645649447860693e-05,0.1302696203740605,0.7267201889693969,26.948638241821563,304.1013210453696,294.9020546357384,12.853213650663442,2020,7
70,港陆钢铁,118.073913,40.183913,0.0595267384479882,7.640830866824707e-05,0.0001716402523256,0.1399629408294665,0.5833118162282337,44.43047885160922,306.81436688803336,295.9392612284997,1.8632470353735588,2020,7
71,湖北新冶,115.125838,30.204603,0.0422133579614465,6.125962787822443e-05,-3.0558437499115706e-05,0.1255852152545263,0.618848340528196,29.735380380202518,302.80140209849384,299.31209950022696,3.881005166313445,2020,7
72,潍坊特钢,119.238427,36.644469,0.0514856176605935,6.166046659036933e-05,8.157752890235764e-05,0.1348961210916033,0.7157749176546285,40.13725174445426,305.8308618976897,294.8896693205739,9.851533455655389,2020,7
73,玉溪仙福,102.186364,24.012309,0.0296142033163534,2.316801345176341e-05,4.067094543326849e-05,0.1212927072358047,0.367614752075001,4.396040623620684,301.3804756930048,293.6362816555329,0.7375650439215742,2020,7
74,玉溪玉昆集团,102.543682,24.465884,0.0285469849128765,3.258417032412005e-05,9.856296927648406e-05,0.1205419926544376,0.4063689130167471,5.647121547460984,300.33094277844714,288.3820757076455,2.1309958110453087,2020,7
75,瑞丰钢铁,118.272056,39.497472,0.0620527547778321,0.0001104707777574,0.0001741301238706,0.1392766684119996,0.6960969198728432,44.05687588422225,308.4003948530043,295.6494825177599,2.6975504098495544,2020,7
76,甘肃兰鑫钢铁,103.933888,36.510351,0.0294865544037101,3.887399951028794e-05,5.6390639134948586e-05,0.1252697841980219,0.2689423631412649,23.30860482402386,309.94258106972063,288.8928456470176,0.9044055957101016,2020,7
77,石横特钢,116.533981,36.229201,0.0481799375484349,6.520938546933959e-05,6.917269974277617e-05,0.1330567597693217,0.6835787719158407,45.66290956440497,305.5672497231752,294.7445725990189,4.103658558919276,2020,7
78,联鑫钢铁,120.774892,33.211332,0.0432976003055479,2.9613561481918346e-05,3.416574000177317e-05,0.1310219397207094,0.7934298000087797,19.04409307699853,301.62096188228577,296.0421372857513,2.5803325705033604,2020,7
79,荣程钢铁,117.495794,38.970638,0.0564755160470615,0.0001114080653924,0.0001829591896535,0.1388754185388656,0.7466538397284824,34.71278438894128,307.94452089722705,297.81966247100127,10.228873873937616,2020,7
80,萍钢股份,116.27527,29.778431,0.038049355177558,3.8841519515851226e-05,-3.974384676680871e-05,0.1255023144587083,0.7685325692693562,23.479149306819664,301.00215197933966,299.100034584656,1.6044852464764097,2020,7
81,衢州元立,118.848341,28.902581,0.0363885214381834,3.98209309379829e-05,-6.22704614573941e-05,0.1250973120862048,0.8829296415318145,16.602003327648163,306.06989263043687,298.2940711281364,0.389113904712726,2020,7
82,裕华钢铁,114.098377,36.731752,0.0688439630800453,0.0001238104242072,0.0002516623665014,0.1323464960463034,0.6520729780053685,47.50752880487735,307.82746281899574,295.16423979916567,2.934987534753877,2020,7
83,西宁特钢,101.671414,36.66856,0.0354016962810202,5.114057967732132e-05,0.0001186678351511,0.1234965732986334,0.3007840407510783,23.67243645551298,300.51997503242814,284.5135171548033,9.991939907221168,2020,7
84,贵港桂宝,109.63938,23.089502,0.0309908121059173,3.380232628692913e-05,-6.176811203950325e-05,0.1241353783979841,0.5861440248162196,14.865840822420424,306.5919195640501,298.7622018982452,4.976600666328958,2020,7
85,辛集澳森,115.184798,37.752351,0.0500320181608506,5.181972923034526e-05,0.0001066922684621,0.1353714904730595,0.5904314600759464,51.66214833707272,307.9553554147291,295.29972733689726,1.5970833915356455,2020,7
86,达州钢铁,107.453099,31.18945,0.039826290942576,5.370679843955753e-05,4.235886956260952e-05,0.1237165244766018,0.3341406686963009,19.69236277578105,302.3538220298745,296.26823228139784,7.437570538483571,2020,7
87,迁安九江线材,118.563418,39.95945,0.0688985729065317,0.0001325026640504,0.0003406007686576,0.1396260984368574,0.6362081894654398,38.86449273799023,306.3636282457433,296.3246390027062,3.5243933216152064,2020,7
88,通钢,126.022349,41.779125,0.0478390237220786,3.656836201863768e-05,9.238604983045856e-05,0.1422245445915503,0.2730193483350435,15.475103865014717,300.45368489392365,291.31876012631943,2.1022261578181074,2020,7
89,邢台钢铁,114.452352,37.041601,0.0557044645322602,8.212891764578402e-05,7.287575023029756e-05,0.1336711712437401,0.821547589043731,54.37611960701361,308.3160279940393,297.44828530000285,8.818723323510381,2020,7
90,邯郸中普,113.928977,36.711757,0.0666004330507553,0.0001023265641404,0.0002717016230843,0.1318667177177079,0.625737906622603,47.6238789356539,305.87130370821006,293.8840177149323,1.3366242609410608,2020,7
91,酒泉钢铁,98.286265,39.807065,0.0289816547240595,4.211595568837358e-05,4.05915924905344e-05,0.1275020564276648,0.3976118906009188,18.696633466572614,316.9737052606083,291.89767445211027,11.441299189357654,2020,7
92,重钢集团,107.040368,29.790253,0.0398159055538877,6.723076843383876e-05,9.099545952736851e-05,0.1232183662600293,0.3671947884609578,22.990664444577597,302.69177999759256,295.9296421405044,6.067144026646293,2020,7
93,金鼎重工,114.111677,36.718952,0.0683297771086602,0.0001232589433601,0.0002582208219788,0.1323636495917432,0.6786559137264951,47.74148863139151,308.15748668225984,295.3893986575019,3.3756914182917863,2020,7
94,铜陵富鑫,117.772866,30.907561,0.0408599431771618,6.10728652812967e-05,-4.981266406224162e-05,0.1262233131299105,0.9860728741014704,23.92684883978743,301.9143725239226,294.303915289256,3.122491278186621,2020,7
95,陕西略钢,106.167206,33.323678,0.036047823365011,1.9523291102406102e-05,1.9087497170891755e-05,0.1239014879191681,0.227480333204515,13.45180932142596,299.18991741230565,292.6680113025234,0.6063362999871235,2020,7
96,青钢控股,120.390032,36.216949,0.0468525196089827,7.335382277394509e-05,7.306792209344908e-05,0.1343834100772846,0.6726813029082637,31.182704418597496,306.64951381159807,294.61761106726203,18.224425985335515,2020,7
97,鞍钢股份,122.983054,41.148267,0.0639340561644668,0.0001775294606779,0.0002650951126684,0.1424656510131019,0.5325423998403215,27.11239919679347,308.69460951267314,296.3836242068398,13.98787622976508,2020,7
98,首钢水城,104.877413,26.595229,0.028641633694205,2.8977459780207543e-05,7.174869806345406e-05,0.120685041322388,0.3434873011157326,11.48438233400384,300.100507194907,288.9412157629212,6.73907018746372,2020,7
100,首钢长治,113.060809,36.356404,0.0485928012756216,9.965751640053947e-05,0.0001788056260156,0.1305296446169434,0.7254285067162929,35.02695085192066,301.2291498454624,291.53997762677386,3.7740355536650494,2020,7
101,马长江,118.465162,31.502272,0.0449440137817808,0.0001694532319233,0.0002365115489719,0.1272565632419758,1.206049730312838,26.120184619428247,295.98889443436184,292.8443507100434,5.039875201024718,2020,7
102,龙腾特钢,120.835685,31.723833,0.0471226797306409,0.0001255874188748,-0.0002300314487232,0.1286640327832267,1.3520851168752417,29.74624457863229,302.37283903122926,296.0038676461194,10.18130059338872,2020,7
103,龙门钢铁,110.575788,35.618466,0.0519525867867221,9.698352420307436e-05,0.0002013132467634,0.1292642282763438,0.7862692789241177,34.1568878107062,305.8665043545034,294.75350459377,2.785256342568106,2020,7
1,东华钢铁,118.256774,39.468366,0.0543801142980405,0.0001100732114623,0.0001284877212443,0.128478099455004,0.5916853526177757,33.21520115723981,302.50565072010005,294.59641354498666,2.161519501840896,2020,8
2,东海钢铁,118.624794,39.748373,0.0632179433445912,0.0001333050400907,0.0002295606350944,0.1285578167529442,0.6032654624380216,35.19078126839365,303.9830829730588,294.6123032609475,3.12138700444205,2020,8
3,东特,121.759531,39.05443,0.042195002785475,5.637692950818419e-05,0.0003129573857032,0.1283516085489392,0.7696687644167961,21.218721510983904,304.57777709594654,295.189497141329,15.241131325427398,2020,8
4,中天钢铁,120.081591,31.702681,0.0387913653914787,9.494025776135032e-05,3.825125788705406e-05,0.1249437258527131,0.4222407823354484,33.70356083109982,309.9288318493082,300.4391956941315,12.405647077733144,2020,8
6,佰工钢铁,118.819472,39.748773,0.0663521324495116,0.0001213174100185,0.0002680706853684,0.1284804405529754,0.5294298535188033,33.59237510380808,303.65720891875105,294.76380708571423,2.534953317538893,2020,8
8,兴澄特钢,120.320504,31.938905,0.0406474951153384,0.0001504707740474,-2.306371063050071e-05,0.124905944937648,0.5584943474792208,33.77031853158189,309.4895650912595,300.47627398877216,15.100033121720571,2020,8
9,冷钢,111.437288,27.690401,0.0354760121462186,3.623366234392656e-05,1.1340922442270458e-05,0.1241541696434304,0.3203338206887087,23.89225718479991,304.149662872213,297.4414207154439,1.7214238327278313,2020,8
10,凌钢集团,119.41374,41.271048,0.0399391217997268,4.841015209738485e-05,7.305156570729077e-05,0.1280943128007516,0.316939964487174,23.017905380265944,305.06777078223274,293.23424774353526,2.4627712263765025,2020,8
11,凤宝特钢,113.872158,36.131666,0.0540466152936808,6.932683842767221e-05,0.0001904577272364,0.1261972397841602,0.5148448239769424,41.12673745459699,304.58794773673145,295.8486388841054,3.258973480013913,2020,8
13,南钢股份,118.746315,32.200797,0.0426123496230622,9.599045957377631e-05,6.627120198583713e-06,0.125048003307971,0.512070812604414,32.83955862798393,307.06822010900004,299.7332472686825,13.34764542874122,2020,8
17,太钢,112.57052,37.970033,0.0420438270333497,0.0001088413001657,0.0001354015906229,0.1265154718910448,0.4670609853476334,30.740593892925517,302.6895095018692,291.83580233861403,15.164372159447296,2020,8
19,宁波钢铁,121.876423,29.918776,0.0304757525980339,6.820371964094292e-05,5.210887166152064e-05,0.1246500976873588,0.3941685593306562,11.951241409293315,307.94796330890625,298.7501455927118,20.51565281946933,2020,8
20,安徽富鑫,118.067833,31.194505,0.0427081397956114,7.556918927790018e-05,7.772336885604247e-05,0.1252423427199627,0.5376660785913601,27.28156416267113,304.25043425731445,298.95295530080995,2.2681898592293512,2020,8
21,安徽贵航,117.251147,30.531068,0.0389770968932052,4.81417621083185e-05,2.1539256064252357e-05,0.12510081004268,0.4651165950492255,24.68648929720985,303.5661359544064,298.76966439850924,3.205768942018022,2020,8
22,安钢信阳,114.038243,32.488704,0.0408792057247682,3.619781280251098e-05,7.412033194786496e-05,0.1254925882210228,0.3734804175840387,30.478506829467733,304.79586670788154,297.2861561440635,1.4214028238216994,2020,8
23,安钢股份,114.283145,36.122129,0.0542616294706749,0.0001016574873149,0.0002071162542853,0.126618324902181,0.7877792691495473,46.66962515046207,306.6396940675811,297.9715134974795,6.615307653999894,2020,8
24,宏兴钢铁,118.871477,39.700721,0.064520963278117,0.0001198306092533,0.0002991977290857,0.1284949325288672,0.5630153066284959,33.59237510380808,303.7258650143124,294.45659889842455,2.8638971741108312,2020,8
26,宝武鄂钢,114.861313,30.39574,0.0399180896640123,6.574274405575948e-05,2.1186028240416912e-05,0.1250705567743477,0.4434191656291265,33.00872998663303,305.4423469654361,299.36627804101573,7.281386804523259,2020,8
27,宝钢八钢,87.304639,43.852147,0.0308651198867907,4.863859782702077e-05,0.0001186943177309,0.1318390359218121,0.2925298101950357,22.643982343534777,311.79310045742966,290.4726693186043,6.406615574499637,2020,8
28,宝钢股份,121.440087,31.41623,0.0343932036763346,0.0001691074660719,2.685070556436407e-05,0.12486626560031,0.3703397763921135,45.69953123035441,311.0605457290482,300.37757760993986,20.403570421882268,2020,8
29,山西中阳,111.161118,37.370796,0.0361394647243913,5.018332915569971e-05,0.0001931425842467,0.1255720259027366,0.3420475362395024,21.407085881719468,298.65883489904985,290.25631992960183,2.178081787323279,2020,8
30,山西建邦,111.37916,35.668163,0.0579190973517598,8.4606616221161e-05,0.0002700734067265,0.1255298738501412,0.6428228547438488,33.40972539844141,305.07329487600475,294.7460934726652,4.049493403388916,2020,8
32,山西晋南,111.51465,35.678541,0.0557258606694097,7.505611148225966e-05,0.0002436517871986,0.1254904747819523,0.5741937783307289,30.23091821319213,305.56916905480585,293.87977647668663,2.19220221005276,2020,8
33,山西高义,111.258436,35.586841,0.0533193421488517,7.351935764398879e-05,0.0002509314580329,0.1256179972734218,0.617563143139991,34.34626163803516,304.03487982501895,295.59268519844954,1.7836168126435,2020,8
34,广东韶钢,113.654289,24.704815,0.0329892749549547,4.536552502286895e-05,-3.315060817745569e-05,0.1240929655701196,0.6048623159212293,15.059235481969155,304.63642178459634,298.19937874199775,4.153613052938976,2020,8
35,建龙西林,129.287919,47.495036,0.0360236926335638,1.359740014921489e-05,0.0001016875798751,0.1299521299935787,0.2145386663592363,6.644571646387817,295.37656103511256,287.3064040688958,0.5301612475906853,2020,8
36,德龙控股,114.384832,37.086116,0.0593120129559546,8.551262807199967e-05,0.000195488165642,0.1272674274807512,0.6744758087311116,53.05515315967568,305.0272888088813,296.6214467012362,5.60858397633035,2020,8
38,攀钢集团,101.693628,26.551896,0.0382971658589759,6.242962064147392e-05,6.2144306871918e-05,0.1202212095489997,0.3904666523141982,40.52249735764235,303.18519898035254,294.5734759275044,4.286937727879554,2020,8
39,新兴铸管,114.128189,36.621504,0.0686834742064149,0.0001321479909929,0.0003766921804093,0.1266666459346184,0.6162743204883913,45.88195943284524,305.0969443841934,296.40712827982645,3.788755822969244,2020,8
40,新金钢铁,114.216151,36.715444,0.0699292712504843,0.0001202420364101,0.0003258203195485,0.1267811385338023,0.6738288184115299,48.0311738688947,305.3595056264923,296.83673123368567,3.697666992904354,2020,8
41,新钢集团,114.932403,27.790574,0.0369587970628071,4.60267646356468e-05,7.901732096850524e-05,0.1246226129451809,0.3961009084049995,18.046987003563448,306.75030428204366,298.6584657373063,5.19160717512543,2020,8
42,方大特钢,115.99204,28.645441,0.0352586124400211,5.764810435665728e-05,3.748233168283166e-05,0.1250089760787499,0.4660220590691361,22.640227470560603,307.9313584002792,300.3132793188213,16.549846320663658,2020,8
43,日照钢铁,119.36115,35.158382,0.0534053343176431,8.143058154355893e-05,-1.6651300185941836e-05,0.1260200061905091,0.7912180816831906,29.73431667896287,305.9069893502843,296.770692778118,8.075655189541573,2020,8
44,日钢营口,122.395441,40.671136,0.0495796746792134,8.546218469562867e-05,0.0001442845068267,0.1281663738019532,0.4931800105988768,29.43002996858013,302.46110690313776,296.42423934330657,4.06961047820368,2020,8
45,普阳钢铁,113.925994,36.733675,0.0643423990647019,0.0001151959282518,0.0002890288130078,0.1262714911934521,0.4988760208874134,45.12649679802802,303.726934572954,294.499273679632,1.004296297664068,2020,8
46,本钢集团,123.722099,41.274132,0.0449075099846393,8.338783948169712e-05,0.0002251133902649,0.1272843867494721,0.2745491264593377,17.640209589745346,300.66219644255364,294.3357064363143,4.244519914948163,2020,8
47,柳钢集团,109.373148,24.379047,0.0341600100530892,8.055848186121321e-05,2.0921777331728786e-05,0.1236055587237691,0.6697527835601732,22.35515284999221,306.5673616833812,299.4838264226195,16.56486308583369,2020,8
48,桂万钢,108.412344,21.687637,0.0357095222560076,6.086212651493229e-05,2.3523730097590012e-05,0.1233964478209474,0.3471000294720603,7.851113537071797,304.10591775220047,298.95854486979977,7.931409003653417,2020,8
49,武安文安,114.177621,36.684389,0.0717386862642619,0.0001333723886787,0.0004142670183714,0.1267459674787499,0.6615099860938253,46.98485374352538,305.69770655874777,296.8343150559569,4.6283011301123,2020,8
50,武汉武钢,114.444975,30.616222,0.0413592683466928,0.0001048278800715,1.8823969423647167e-05,0.124933307300956,0.4987614333042862,33.29550679609383,306.14034177211994,299.5969588990169,15.101039829823712,2020,8
51,永钢集团,120.739658,31.839485,0.0379180683370936,0.0001155602439258,8.381680886656455e-05,0.1250328425463687,0.4550160890767512,34.616295607747816,306.204506424882,299.2564948765207,6.619139377766724,2020,8
52,汉冶特钢,111.534635,33.269324,0.0437879411067409,3.539751421275913e-05,4.414375486168439e-05,0.1245193653957118,0.4198844598264473,25.7300314387976,303.8972373887145,296.2386170238314,1.23275663727402,2020,8
53,江苏镔鑫,119.279989,35.09556,0.050124522767048,7.110325341708217e-05,-6.012005437336754e-05,0.1259865916001258,0.7850910685874406,29.67035145416283,306.2905712945232,296.642278499302,6.261734652468807,2020,8
55,沙钢股份,120.647295,31.967456,0.0415663564846805,0.0001698129159601,0.0001191800188782,0.1251260579199541,0.4971020640059402,33.65256706841752,307.6045384041787,299.7465688330476,9.757134968139466,2020,8
57,河北新华,117.784839,38.288605,0.0497995135155885,6.0767718330377896e-05,0.0001236388173692,0.1282107552396188,0.7441354938482411,31.30711353674217,302.7094369784375,298.4609884115247,8.095327844679227,2020,8
58,河北津西,118.220547,40.209844,0.0520019954253712,7.088373328595555e-05,0.0002240716294092,0.1286591420653383,0.3647615973454278,41.21160969702783,302.8637310796212,294.2324903773353,1.6578455195301494,2020,8
59,河北烘熔,113.981172,36.640411,0.0675731064863391,0.0001223373709534,0.000336344646975,0.126452101542187,0.540376004308295,45.404792814451866,304.0318466055702,295.57761075057977,1.187033155736532,2020,8
60,河北荣钢,118.558755,39.880661,0.0612494108476443,0.0001074123293813,0.0002405446672603,0.12856952185305,0.4650320017044032,36.85642220097533,303.98496591214973,294.656278809938,2.9865824815142177,2020,8
61,河钢承钢,117.734527,40.952513,0.0415847572923218,6.561929490035076e-05,0.0002693417038376,0.1285828381077547,0.2553849409327505,32.51070563630633,302.42475197512084,293.1128809723251,2.2755794139978,2020,8
62,河钢舞钢,113.492311,33.28384,0.0416573135512366,3.512759451516992e-05,0.0001094699306115,0.1252154205224367,0.480607639641559,34.61033456775998,303.3126894435876,296.99522549414405,1.5479486483881513,2020,8
63,泰山钢铁,117.627728,36.22141,0.0460245640459609,5.8800082612766894e-05,-3.613835003568818e-05,0.1263789327589418,0.7556797674954996,33.700530366331805,304.55905428736446,296.16192011829907,5.242505681958066,2020,8
64,济源钢厂,112.553774,35.086396,0.0465199949839005,6.651936052156744e-05,9.460374865723218e-05,0.1254729282243229,0.5921144995322386,49.94571339678716,306.2505272734034,297.61710691216626,4.377999494499685,2020,8
67,海城恒盛,122.83646,41.056042,0.0527683233113758,0.0001169724486451,0.0001380258098042,0.1278123222523904,0.4890360955449302,22.673516397730964,302.4139002176169,294.6683139049718,2.6277488275247687,2020,8
68,涟钢,111.967343,27.747782,0.0353401513736295,5.105772816115835e-05,7.521292775891129e-05,0.1243819813256679,0.3830812181013422,24.585588676018236,306.80364950713994,298.8008437192122,5.729175893853768,2020,8
69,淮钢特钢,118.988442,33.566039,0.0396829820323942,5.748703123468081e-05,3.926956048076431e-05,0.1249278402744536,0.6551977002937635,30.03283979978576,306.0263957987744,298.32306095831444,14.483550077050715,2020,8
70,港陆钢铁,118.073913,40.183913,0.0509164385170468,6.75197247141177e-05,0.000237525452112,0.1286106451775306,0.4197503800708492,42.86952304255465,303.12151904338083,294.4209284294176,2.014512993458835,2020,8
71,湖北新冶,115.125838,30.204603,0.0395175263792084,5.995793957375112e-05,1.2185155462267416e-05,0.1251219771029183,0.4310796799237823,31.6093746732804,304.5781006972589,299.0324991794837,4.284547017904282,2020,8
72,潍坊特钢,119.238427,36.644469,0.0451161652765079,4.992777045960319e-05,2.731594115891635e-05,0.1263048112878113,0.982273978127594,31.6118544674282,304.8875449383533,296.50188080273097,8.962652789865688,2020,8
73,玉溪仙福,102.186364,24.012309,0.0300713525300605,2.576141362951024e-05,6.56268087790586e-05,0.1208940789826624,0.2496778162844875,5.760113544930081,302.32912023343306,293.7085706711204,1.169217541425102,2020,8
74,玉溪玉昆集团,102.543682,24.465884,0.0273246916306454,3.351526059327331e-05,-0.0001905209884857,0.1205349026407411,0.2526903970849833,7.544756138398779,299.87685580776395,288.99496013994,2.3598279611675954,2020,8
75,瑞丰钢铁,118.272056,39.497472,0.0550244005443645,0.0001144875961943,8.895820048186615e-05,0.1285176536147667,0.5904277500913687,33.11598544106332,302.9038073199645,294.49541664596745,2.354157511012484,2020,8
76,甘肃兰鑫钢铁,103.933888,36.510351,0.0290596172837134,4.357751968445967e-05,0.0001321022316185,0.1220325726739657,0.2911753660922486,24.170949686208587,307.7373067939023,287.2004462376074,0.7226089340323952,2020,8
77,石横特钢,116.533981,36.229201,0.0435793312720945,5.371284257862573e-05,0.0001158669077559,0.1264729504670023,0.6901845637096401,42.03810676231966,303.1113546664872,296.88228364552333,3.7367640411516847,2020,8
78,联鑫钢铁,120.774892,33.211332,0.0366748493444551,5.184206853863384e-05,9.334698274052982e-05,0.1253035796237139,0.6037373213009758,27.154554010639345,304.11736897137325,300.1300381187981,2.617613739335323,2020,8
79,荣程钢铁,117.495794,38.970638,0.052035488972275,0.0001425879036633,0.0001845719576165,0.1283544521398843,0.6464644112627191,34.65805203086918,304.1188557544267,296.9257824399268,9.981732397398094,2020,8
80,萍钢股份,116.27527,29.778431,0.0382618297118066,4.491804369214258e-05,3.721800111741469e-05,0.1251782266789481,0.5227227254643082,24.017364453099653,302.7068761146444,298.8575251816878,2.065538198985481,2020,8
81,衢州元立,118.848341,28.902581,0.0376598838187745,4.699724209536973e-05,4.824936515624856e-05,0.1244723776416067,0.43879985861223,14.863377195695191,309.00985668921624,299.66186786493665,6.893622599565422,2020,8
82,裕华钢铁,114.098377,36.731752,0.0766017543002189,0.0001439768845572,0.00037515153853,0.1265289451505237,0.585725053307129,45.18849437373584,304.8760992401126,296.2514045760289,3.349289699627604,2020,8
83,西宁特钢,101.671414,36.66856,0.0353944519216104,5.931621290622348e-05,2.3423008911807997e-05,0.1210135234143843,0.2507515419558105,22.428311652333832,300.4490849745217,284.399544589946,8.595563380441801,2020,8
84,贵港桂宝,109.63938,23.089502,0.0325673481186881,3.857269581046938e-05,-1.958327932175619e-05,0.1235914589039365,0.7044290985132166,17.64489408688829,305.7214066225933,297.9763516469496,6.53748145143758,2020,8
85,辛集澳森,115.184798,37.752351,0.0493316966569251,5.417082756462783e-05,4.962799700682629e-05,0.1277636814423988,0.7344920582329051,48.04388709089835,302.8259434134493,294.81009142494065,1.4201622258964437,2020,8
86,达州钢铁,107.453099,31.18945,0.0375199188193271,5.203113249309155e-05,-2.696249610884132e-05,0.123280675045264,0.3759260739468452,19.899843083838704,305.7224333231259,298.2537861322689,8.126140598163111,2020,8
87,迁安九江线材,118.563418,39.95945,0.0622241515021453,9.543566936911428e-05,0.0001691084953689,0.1285990555967155,0.4714497543908548,37.28592045092172,303.49832195716067,294.8367363388076,3.657013765614801,2020,8
88,通钢,126.022349,41.779125,0.0372809532287364,3.662151449463183e-05,5.994584822279968e-05,0.1262655848262137,0.3424703914853432,9.40111721803305,298.22848155207004,291.9596772482297,1.485626107882749,2020,8
89,邢台钢铁,114.452352,37.041601,0.0579285873846304,9.057390334196754e-05,0.0002563604241541,0.1272791614629779,0.7885678555199495,53.05515315967568,305.9841437436111,297.1194572621161,8.952085919532674,2020,8
90,邯郸中普,113.928977,36.711757,0.0658626726623911,0.0001183004956812,0.0002977033986523,0.1263183299811713,0.5097993498982499,45.32892604285428,303.89975718467383,294.77267206563545,1.1598667008385526,2020,8
91,酒泉钢铁,98.286265,39.807065,0.0300283623903199,4.693293678809567e-05,6.272726043852323e-05,0.124845483542221,0.2249137614986157,20.85333137260024,313.60960920746334,291.7977235078645,7.021598869587029,2020,8
92,重钢集团,107.040368,29.790253,0.0383388293064051,7.623592426897615e-05,3.332745823665299e-05,0.1237171941789463,0.3822703682252895,18.54806652639908,307.35310429530443,298.3386558177101,6.137558211679549,2020,8
93,金鼎重工,114.111677,36.718952,0.0766923604337851,0.0001450853834347,0.0003779667303291,0.1265749192563967,0.6048253881888161,45.472122298883136,305.1135935459353,296.4524655859197,3.8372429423907737,2020,8
94,铜陵富鑫,117.772866,30.907561,0.0395844975548972,6.73796289998462e-05,8.979197647373021e-06,0.1248836894090755,0.459728493138951,27.11468708118864,304.73496024979954,298.6890887396967,6.200247569499599,2020,8
95,陕西略钢,106.167206,33.323678,0.033890872506669,2.483238767303486e-05,0.0001992780414029,0.1222847749012483,0.1970551602283919,11.871779863253831,298.4160605004774,292.63478050014567,0.6232720178004066,2020,8
96,青钢控股,120.390032,36.216949,0.0424201867453135,6.953143357471786e-05,1.858389825774746e-05,0.1263958893248923,0.8244859266486001,28.187667311385667,307.0727510130421,297.2055617797223,14.068666499759688,2020,8
97,鞍钢股份,122.983054,41.148267,0.05067015742029,0.0001204276704656,0.0001582394594835,0.1277912379667118,0.4546029750685253,21.63044919663556,304.1578236220058,295.9952326432349,13.624569900251268,2020,8
98,首钢水城,104.877413,26.595229,0.0285426848527492,3.735260227473896e-05,-3.3702235000119154e-05,0.1211881002539616,0.2202508288249399,9.7685930455782,300.4406680377513,288.7290784561057,6.045703338849211,2020,8
100,首钢长治,113.060809,36.356404,0.0448295694614401,9.857100344928704e-05,8.324849715518589e-05,0.1255165299706462,0.5047509459779302,28.55017094521549,302.5053976995044,291.5746920189727,3.9204465635353514,2020,8
101,马长江,118.465162,31.502272,0.0407040313518612,8.965141322872062e-05,-5.254787971018917e-06,0.1250935333282129,0.5801618072697782,28.510775773280216,305.69488566545044,299.4595144909204,5.4357450249932695,2020,8
102,龙腾特钢,120.835685,31.723833,0.0364557245785915,0.000114471649697,6.669435747733787e-05,0.1250549337030145,0.4504713651483802,34.616295607747816,307.73670521539174,299.80368191686284,10.603971274387156,2020,8
103,龙门钢铁,110.575788,35.618466,0.0488192303443662,8.698522435140025e-05,0.0002611886991262,0.124695357188815,0.5890858403855382,32.737987310170574,303.662782374565,294.2964632998368,2.9570010306451784,2020,8
1,东华钢铁,118.256774,39.468366,0.0585600205808907,0.0001261453431666,0.0003083548504584,0.1356792362094422,0.4171382677269668,28.30120642933338,301.25312158648035,288.3460344275738,2.5306248040691,2020,9
2,东海钢铁,118.624794,39.748373,0.0632041434407495,0.0001491153406879,0.0002857802797452,0.1357734659462222,0.430358453887215,30.282697202593603,302.6796237466385,288.3812245120368,3.4000217488600226,2020,9
3,东特,121.759531,39.05443,0.0455431985010293,5.932914610673812e-05,0.0001854009005856,0.1350565216185485,0.3973569954103117,20.3115125052376,300.44532570754086,290.04500585899444,15.982481522082049,2020,9
4,中天钢铁,120.081591,31.702681,0.0492743912641364,0.0001471137486644,0.0001124400539503,0.1258007329029843,0.5646844978049335,39.00235157061616,306.65710507566706,295.29483265360693,14.3476902997308,2020,9
6,佰工钢铁,118.819472,39.748773,0.0641580966170842,0.0001458699209622,0.0004213535488185,0.1357710159186866,0.5079148051912066,29.216639774176656,301.3241845365303,288.65717813464727,2.563122633547275,2020,9
8,兴澄特钢,120.320504,31.938905,0.0492526547133438,0.0001469789146596,0.0001598656099745,0.126328888712479,0.6970985618968343,37.760346171030726,305.66519652862667,295.74723273704404,17.00473514653686,2020,9
9,冷钢,111.437288,27.690401,0.0405125491034053,3.680498368444396e-05,6.828521640418828e-06,0.1194225839750798,0.9145875515413308,33.42528486933738,303.3881266623535,294.8574594766476,0.9128616614128896,2020,9
10,凌钢集团,119.41374,41.271048,0.043168689019851,4.09351578923245e-05,0.000211099270648,0.1369683982265026,0.325546872957384,17.675745336741542,297.5960705896297,284.5981637354779,2.8927300702910577,2020,9
11,凤宝特钢,113.872158,36.131666,0.0586301844979633,8.95766018995902e-05,0.0003123677231516,0.129650992804782,0.3526223903209642,48.069381940613845,305.0502131793038,290.5581251719882,2.7961506798153506,2020,9
13,南钢股份,118.746315,32.200797,0.0489140776678662,0.0001097664962542,0.0001396706756973,0.1263123773256925,0.65656573926483,44.19717569703607,303.6045619756957,295.77392135623654,15.72476521258344,2020,9
17,太钢,112.57052,37.970033,0.0425727120975639,0.0001377371976941,0.00018304716011,0.1302542015056301,0.3410032497338761,36.56843264747173,299.7473094317915,286.37709051929824,14.39571041007985,2020,9
19,宁波钢铁,121.876423,29.918776,0.0389703204257114,9.164295954753808e-05,0.000125959349979,0.1231924687517108,0.6317541942304021,18.87069201958545,305.88950335447066,295.68383742949044,9.905963780780308,2020,9
20,安徽富鑫,118.067833,31.194505,0.0481394162535562,8.726515866753553e-05,0.0001866284392052,0.1253138054033597,0.5941908236770078,40.09311844314895,302.33001470486784,296.53170706471525,1.688204033565758,2020,9
21,安徽贵航,117.251147,30.531068,0.0491210254989073,6.355941628324639e-05,0.0001309767614001,0.1238974886451396,0.4725598028092333,35.97436659674713,303.435697997709,295.37592265427634,0.3793639839504623,2020,9
22,安钢信阳,114.038243,32.488704,0.0480682351407251,5.981043025737545e-05,2.519049510972156e-05,0.1248848606031138,0.4427102065811074,49.89795598930869,305.2474490503029,292.741652573383,1.4360864665080173,2020,9
23,安钢股份,114.283145,36.122129,0.0649232267518802,0.0001603150178376,0.0003335766263051,0.1303328907355293,0.5609739227175368,52.78570553969477,305.5820687274686,291.7870120997051,6.873777128653392,2020,9
24,宏兴钢铁,118.871477,39.700721,0.0666338645905162,0.00015601053177,0.0004045804301973,0.1356435111234682,0.4865366306435917,29.216639774176656,301.6075611362806,288.40189027340386,2.660888102835689,2020,9
26,宝武鄂钢,114.861313,30.39574,0.0505259607422593,9.11418201869993e-05,0.0001022762411283,0.1231447112178442,0.7134253705831091,51.9336618796047,304.6427524188082,297.7136551281632,4.8844235234146725,2020,9
27,宝钢八钢,87.304639,43.852147,0.033950733620367,0.0001238294668389,0.0002171059024096,0.1307632930025884,0.236535831147296,26.80074607418059,303.916463838395,284.2040718372144,7.124862059837439,2020,9
28,宝钢股份,121.440087,31.41623,0.043695475072416,0.0001411457310241,4.882083445028648e-05,0.1253462553926923,0.6396687371330468,32.86003898197264,306.9537298612317,295.3290553475676,18.4656744325235,2020,9
29,山西中阳,111.161118,37.370796,0.0376995730120643,7.176007878276494e-05,0.0001427818860673,0.1282155092572264,0.2567300564283662,29.01252749154537,295.5598657431225,285.5100601807781,2.2592747999457257,2020,9
30,山西建邦,111.37916,35.668163,0.0660678169638127,0.0001174778686897,0.0001393253705459,0.1275930741623415,0.5245730154412243,43.675107037572616,302.7214690164264,289.6986556884583,4.406890446639916,2020,9
32,山西晋南,111.51465,35.678541,0.062027966014061,0.0001135594232288,0.0001725697760068,0.1275884110891967,0.4406441986726341,41.53246635496544,303.3529505269821,288.8725224600581,2.508001371781841,2020,9
33,山西高义,111.258436,35.586841,0.0596350019530231,0.0001035671880465,0.0002492630492563,0.1272302706148335,0.5102470970250118,45.1874089967414,302.5176473642701,289.70877512997464,1.9253860200259545,2020,9
34,广东韶钢,113.654289,24.704815,0.0394066567471498,5.022503461348005e-05,-1.9648990375304043e-05,0.1205810727983831,0.7833325365560951,19.27846397149272,304.6779368251858,296.6004671202331,2.230168421886942,2020,9
35,建龙西林,129.287919,47.495036,0.0397695173349847,1.406930538992697e-05,8.040845059798065e-06,0.1318406960641515,0.1843371991907934,7.642218539950504,291.11349887317635,282.03927985618367,0.4086458773094623,2020,9
36,德龙控股,114.384832,37.086116,0.0545651973997218,0.0001323064446662,0.0003787650465078,0.1315839587230424,0.5234344180276306,60.676384805447015,304.0469311510992,291.2295169830581,5.599823474174464,2020,9
38,攀钢集团,101.693628,26.551896,0.0369352925718255,5.0488974422843095e-05,0.0001281309862351,0.1166800245225746,0.4551126367394597,30.265223216474624,302.2393552237349,293.0212409122067,3.8963253768865815,2020,9
39,新兴铸管,114.128189,36.621504,0.0733285307802314,0.0001714603400458,0.0005493399620734,0.1304700499855803,0.4450395014625007,52.63597242765089,302.6034299716689,290.7069522765561,3.7068250452541305,2020,9
40,新金钢铁,114.216151,36.715444,0.0681512313228037,0.000165753154133,0.0004414864386023,0.1308872326036238,0.4161208827713034,54.7768401645767,304.00500214758904,290.62008197835775,3.543249174669827,2020,9
41,新钢集团,114.932403,27.790574,0.0436227798630552,6.75478369859517e-05,0.0001122096947479,0.1207608737838162,0.7035603816816399,30.428308130325583,307.38747599624173,295.63930689093627,2.283269458531756,2020,9
42,方大特钢,115.99204,28.645441,0.0446986025485613,5.9811557878608646e-05,1.1286219323000342e-05,0.1217585180183272,0.6868461112612971,36.97060080298797,306.972178433889,297.4365953903892,2.409626476804373,2020,9
43,日照钢铁,119.36115,35.158382,0.0638768982911877,0.0001240608075426,0.0001662958615723,0.1311685964336498,0.4472616675849515,36.882550631019086,303.96533747034925,292.7769410248641,8.152287452973722,2020,9
44,日钢营口,122.395441,40.671136,0.0536960052530229,0.0001035160985417,0.000254321528118,0.1359803296847057,0.3429618123629253,24.21392686358104,297.7856011097212,289.2184572547289,4.224522707411107,2020,9
45,普阳钢铁,113.925994,36.733675,0.0652972687815746,0.0001423934278668,0.0005054977960957,0.1299202432038784,0.3232483624269872,51.9191246019675,302.0404520717508,289.12279996891,1.0443142861364274,2020,9
46,本钢集团,123.722099,41.274132,0.0517617064157119,0.0001193452683741,0.0002448799423587,0.1353459477106266,0.3619647270058604,25.695015396648294,295.83539507121657,286.8315599381241,5.157139018753191,2020,9
47,柳钢集团,109.373148,24.379047,0.0387986502507951,6.258655161542235e-05,7.419991884013766e-05,0.1199117696171001,0.9304338310377118,26.17133232281372,307.98954792334115,299.3494045418182,12.918624029975296,2020,9
48,桂万钢,108.412344,21.687637,0.0402342192627622,5.010197149470683e-05,7.482870574899732e-05,0.1214519259115626,0.4222983967798731,11.55386808449066,303.45479777448617,297.09203531289046,6.283666018425423,2020,9
49,武安文安,114.177621,36.684389,0.0723817496038295,0.0001746667249119,0.0005079204034918,0.1306793148024528,0.4344771048043755,53.71404041441349,303.8358907226679,290.743212407002,4.355020384049828,2020,9
50,武汉武钢,114.444975,30.616222,0.0544017956851936,0.0002056118084419,0.000147470471378,0.1230982919529328,0.8228662599580461,54.81729914436073,304.7247517498661,298.2069816295749,9.021184150330091,2020,9
51,永钢集团,120.739658,31.839485,0.0482657582689087,0.0001402357418156,0.0001243524569282,0.1261347530614083,0.6526169349382602,35.138292275860294,303.5331952875028,293.75884966353027,7.215208757643394,2020,9
52,汉冶特钢,111.534635,33.269324,0.0475891253731157,4.051083558197973e-05,4.688280562883484e-05,0.124461077102761,0.3221623505974077,38.626971843314095,302.5368885407024,292.6709724357545,0.9932124802615492,2020,9
53,江苏镔鑫,119.279989,35.09556,0.0598988457681115,0.0001152989006618,0.0002377617953323,0.1309764241573279,0.4563818211309768,38.80362172507082,304.41275881833235,292.50538119564453,6.413202350975707,2020,9
55,沙钢股份,120.647295,31.967456,0.0488712244317279,0.0001593189044217,0.0002002563351148,0.1263321630691577,0.6813735278338706,36.097201826432766,303.9213716059556,294.320351970484,9.548103171877768,2020,9
57,河北新华,117.784839,38.288605,0.0531132847283833,0.0001001992839712,0.0002800626527432,0.1349393314721681,0.5429835544615466,35.92954054852318,301.0028378257196,293.8437320237877,9.726246886357098,2020,9
58,河北津西,118.220547,40.209844,0.0531434730003765,7.649182872324076e-05,0.0003268631636061,0.1361738542978895,0.3202567458384992,31.588569633875988,299.4879220928545,288.3125028422684,2.0222208042591894,2020,9
59,河北烘熔,113.981172,36.640411,0.0716385695615497,0.0001555207101474,0.0005083924463348,0.1301393809238343,0.3867995748199752,52.16954690467901,301.94206835147,289.79879165497204,1.409549727114121,2020,9
60,河北荣钢,118.558755,39.880661,0.0615997232321936,0.0001335102871583,0.0003276409110633,0.135949810586771,0.4089550775524485,31.393596877905114,301.5753200504053,288.3281785167877,3.573183949940216,2020,9
61,河钢承钢,117.734527,40.952513,0.0480706812981523,9.247765315954316e-05,0.0002545195847585,0.1366001265024329,0.3521850031598206,22.602058722887342,296.85303880150906,285.26966014633217,2.360261778477838,2020,9
62,河钢舞钢,113.492311,33.28384,0.048419741942615,5.4107293983589055e-05,0.0002062628203166,0.1258690650604156,0.478147171539028,54.90754057727155,302.8237066700089,292.16371934667586,1.5595171431307306,2020,9
63,泰山钢铁,117.627728,36.22141,0.0564250082245681,9.945188476498772e-05,0.0003471594598639,0.131971148202337,0.4708304267045303,48.14603471459122,302.7612840263452,291.12923263753095,5.279171973549635,2020,9
64,济源钢厂,112.553774,35.086396,0.0542214324503238,9.354912060327412e-05,0.0001507495126285,0.1277736392266462,0.4941198681586695,55.45503201398538,305.79295615175533,292.60892845750885,5.331565390061703,2020,9
67,海城恒盛,122.83646,41.056042,0.0582151219110389,0.0001350831306158,0.000182950976206,0.1359836018101517,0.3867241968493758,27.240622202384657,298.51284653477944,287.07276418150246,2.845661086772844,2020,9
68,涟钢,111.967343,27.747782,0.0411147671314815,4.527432922619986e-05,0.0001126196160957,0.1201590785980752,0.8476034610059993,37.318226731031245,306.5919990848776,296.37680183798784,1.7796529261383602,2020,9
69,淮钢特钢,118.988442,33.566039,0.0481712997213199,6.823275500851898e-05,0.0002034513878482,0.1285873010891557,0.5989521364034494,42.63508119636959,304.0025795745247,295.21627549315923,15.190480510740883,2020,9
70,港陆钢铁,118.073913,40.183913,0.0523539616251176,8.549248260169194e-05,0.0002814415102039,0.1360695840967428,0.3767843362442594,32.76203131008515,300.14318446384755,287.94773213565145,2.178890208520093,2020,9
71,湖北新冶,115.125838,30.204603,0.0498859822476191,8.908893015961296e-05,7.228504813371464e-05,0.1228206371456658,0.6583192518027693,49.14164009051092,303.45747018015584,297.393728309507,1.6669686545939033,2020,9
72,潍坊特钢,119.238427,36.644469,0.0496859909482891,9.181127617383568e-05,0.0002219560303881,0.1324595429227985,0.5461245052766283,39.03161527318844,302.24636840650606,291.05216565416976,10.211963571489065,2020,9
73,玉溪仙福,102.186364,24.012309,0.0314283846391864,2.349003982618e-05,-1.4593224559148168e-05,0.1173637332895149,0.3725172066314177,7.185713728548781,300.5634991745373,291.8550242228033,0.6096631239923748,2020,9
74,玉溪玉昆集团,102.543682,24.465884,0.0291591620266101,2.679240727534805e-05,-9.259771115337362e-05,0.1164864819698296,0.4972757917280629,9.707763169937667,298.1069734473327,287.0372329984787,1.6855903197413584,2020,9
75,瑞丰钢铁,118.272056,39.497472,0.0590773567939919,0.0001283815902977,0.0003280829907768,0.1356876653277254,0.423141455422035,28.18759618725994,301.8596604532779,288.29460162667874,2.743870994025266,2020,9
76,甘肃兰鑫钢铁,103.933888,36.510351,0.0309761909480733,6.026320729523502e-05,0.0002068963120512,0.1219312975396515,0.265101301265978,24.30775936090868,300.27742662503573,283.29008937803127,0.8843027154878418,2020,9
77,石横特钢,116.533981,36.229201,0.0491530758217509,8.286521861555517e-05,0.0001867972989792,0.1318397721079875,0.4559989856103966,55.73190931954752,301.7897877618328,290.8355682506535,4.054330486643942,2020,9
78,联鑫钢铁,120.774892,33.211332,0.0436815711965553,4.029118633034328e-05,0.0001077265142455,0.1283408424915441,0.5994958519057422,27.8184406870563,300.5616012373336,295.03237773347774,2.278717237641416,2020,9
79,荣程钢铁,117.495794,38.970638,0.054995434216343,0.0001410881460074,0.0004746946026248,0.1353705013162862,0.4125863224416285,29.241637780555884,303.1662484049603,290.1472058956031,9.83477650840126,2020,9
80,萍钢股份,116.27527,29.778431,0.04859543439282,5.9879517829462985e-05,9.127229881495732e-05,0.1226979661841327,0.6303407962649513,34.32067361275546,303.1164243708212,296.6811674082873,0.0259262068021202,2020,9
81,衢州元立,118.848341,28.902581,0.0432382508899238,5.647093549668146e-05,6.152887991039083e-05,0.1219156696483514,0.4735338147562293,22.221588125148628,306.4922569903006,295.59879961287817,1.6908451666687396,2020,9
82,裕华钢铁,114.098377,36.731752,0.0698672714480915,0.0001668329327875,0.0003971843580798,0.1305103743727472,0.398377892919592,51.978156808562126,303.3503068939279,290.2744688771249,3.102839885739128,2020,9
83,西宁特钢,101.671414,36.66856,0.0336368573297187,6.663594915587524e-05,7.568355066648792e-06,0.1205259907339906,0.2971136353533093,21.56728839963762,293.5910354674192,280.6501412401951,7.294556233225885,2020,9
84,贵港桂宝,109.63938,23.089502,0.0382877967821,4.593653775811803e-05,-4.921891500146386e-05,0.1210151847066606,0.7548713318642234,24.623734205228875,308.0694734593677,298.464117172571,3.5350492697280864,2020,9
85,辛集澳森,115.184798,37.752351,0.0527980220672075,8.118622023328566e-05,0.000280867300469,0.1332054068025898,0.4016619105324129,57.67644495335844,302.11540447353383,289.02604302688843,1.3850798712653505,2020,9
86,达州钢铁,107.453099,31.18945,0.0418447281557603,6.221524397754628e-05,6.454758641213726e-05,0.1203257655225062,0.3001437660304311,28.25884219025693,304.7713755976903,293.903837884769,8.587196025071439,2020,9
87,迁安九江线材,118.563418,39.95945,0.0587315712748424,0.0001139140789007,0.0004024055441572,0.1360290158752349,0.3973974277045221,30.982621165380625,301.34362878961485,288.6704572050931,4.405065750100575,2020,9
88,通钢,126.022349,41.779125,0.0462808630279726,5.8612337261333296e-05,7.499059499688897e-05,0.134012249321466,0.3318685950088208,14.778670731629973,293.0591587664232,284.3013308669786,1.6304020016625589,2020,9
89,邢台钢铁,114.452352,37.041601,0.0551048909518542,0.0001354664927415,0.0003571858429595,0.1316118895012671,0.6050055003315536,60.676384805447015,304.9044424545332,291.67108159044403,8.837245385472743,2020,9
90,邯郸中普,113.928977,36.711757,0.0675041762629197,0.00014667982328,0.0005278691844693,0.1299711840916379,0.3385103362809868,52.101278835710986,302.1629939225023,289.22522264872464,1.303690605870025,2020,9
91,酒泉钢铁,98.286265,39.807065,0.0300840963887722,4.598394270060799e-05,0.0001435524919419,0.124292437521862,0.2685677602156078,22.98783101371344,307.9632317483153,285.4923230788682,6.464373459927148,2020,9
92,重钢集团,107.040368,29.790253,0.043884674104914,0.0001321460350522,-7.58735436888295e-05,0.119565552761241,0.469492024828673,27.278670373294982,299.0704898743193,293.63736213744096,1.968033615481514,2020,9
93,金鼎重工,114.111677,36.718952,0.0715570383235186,0.0001712632620627,0.0004301962566852,0.1305416310523942,0.4062199815848187,52.24574727267148,303.48297689662854,290.4626290301856,3.5625406940235465,2020,9
94,铜陵富鑫,117.772866,30.907561,0.0474752144498326,9.51056374831864e-05,0.0001726218536863,0.1244575875421197,0.5497395334871812,39.40816593947029,303.4843177349578,295.8233327368331,0.3892333772875515,2020,9
95,陕西略钢,106.167206,33.323678,0.036303385977786,1.988990715840649e-05,0.0001396449948703,0.1205711805183105,0.2396494669320736,17.453426048374897,296.1352690321254,288.62959279761725,0.6367493680993049,2020,9
96,青钢控股,120.390032,36.216949,0.0487346688114355,0.0001012705239589,0.0001914335838074,0.1322634626186709,0.5971287979802189,29.87812663945988,303.8477517215642,292.30042749258894,18.025189267567093,2020,9
97,鞍钢股份,122.983054,41.148267,0.0596061877389387,0.0001705643242104,0.0001590037175373,0.1359349588676047,0.3979572910727952,26.98988925603461,300.00632150761965,288.7069337692142,14.432310557134768,2020,9
98,首钢水城,104.877413,26.595229,0.0332110542771375,2.9303797601850174e-05,4.319639637220184e-05,0.1163456228749724,0.7116487509214998,12.036493579614673,297.2637809529455,286.5296781165627,2.089358287487165,2020,9
100,首钢长治,113.060809,36.356404,0.0456561786441048,0.0001023266477459,0.0002379054094589,0.1286243300204673,0.3300194495044614,38.90436447212864,301.45506146246294,286.17823681584656,4.602532035456956,2020,9
101,马长江,118.465162,31.502272,0.0480159441264447,0.0001139649561936,0.00015526631209,0.125591811488265,0.625516904941589,42.43772628688359,304.08935003214793,296.2798453847581,5.598879662313157,2020,9
102,龙腾特钢,120.835685,31.723833,0.0479544741824482,0.000131654049184,8.269381573392275e-05,0.1259166445747044,0.712744103871592,35.138292275860294,304.21222165311235,294.10685430749885,10.244408119313793,2020,9
103,龙门钢铁,110.575788,35.618466,0.0510799937332908,0.0001200113649686,0.0002237302832119,0.1266508328186141,0.4389691031981581,38.24849638598855,302.5832431556186,290.5892525619353,4.32859702570332,2020,9
1,东华钢铁,118.256774,39.468366,0.0566188741041697,0.0002733947668706,0.0003845748643755,0.1315759531500447,0.4611615733516404,44.90038746273587,294.2467541181384,279.7122092309187,3.0824195393507057,2020,10
2,东海钢铁,118.624794,39.748373,0.0725253083782435,0.0002983303765838,0.0007622256119379,0.1323680010628088,0.4599997929990954,51.24052692990878,296.3972873663868,279.33558981177254,3.912224373185024,2020,10
3,东特,121.759531,39.05443,0.0480462994343207,0.0001291759585053,0.0003178288197859,0.1302567055342074,0.4570230261613712,27.636835036959614,292.54077318002896,281.8452219935604,16.540693143755533,2020,10
4,中天钢铁,120.081591,31.702681,0.0505874263543577,0.0002247994583024,0.0002638012704776,0.1162716813046537,0.5124617697763796,37.58739453019189,298.74854701807175,284.9799402193397,13.240687070514458,2020,10
6,佰工钢铁,118.819472,39.748773,0.0720102926466303,0.0002917738544558,0.0008542730597285,0.132528634107676,0.4589749401908259,48.30906874531138,294.0193806789516,280.27764812547616,3.1012577839594813,2020,10
8,兴澄特钢,120.320504,31.938905,0.0502009760152651,0.0001499057078846,0.0001865214017289,0.1164641491271307,0.5842964360488888,32.688747558323804,297.9109337460034,286.0408349709941,17.532132480667336,2020,10
9,冷钢,111.437288,27.690401,0.0445873103779103,6.031456604298315e-05,-2.2967935037312912e-05,0.1121135265585346,0.2835946054341025,46.2092842350469,295.56296757052405,285.74378557713624,1.550569612193215,2020,10
10,凌钢集团,119.41374,41.271048,0.0411627889974473,6.810794086513173e-05,0.0006843036995494,0.1362322682467297,0.1836327601054305,27.085618107540625,292.104370455331,276.34627830572543,3.39517574817074,2020,10
11,凤宝特钢,113.872158,36.131666,0.0619624713335709,0.0002278347809101,0.0005474826190161,0.1221431322400533,0.499608005894505,67.90132362636407,295.3819246537733,281.3045270210471,3.309363459340469,2020,10
13,南钢股份,118.746315,32.200797,0.0511541556031923,0.0001798605904382,0.00017115634747,0.1170390112338874,0.4662056252053309,49.448793504325295,296.31542764963115,285.9684893039249,17.117291964153594,2020,10
17,太钢,112.57052,37.970033,0.0441732132100477,0.0002360587183279,0.0005762213105794,0.1244884069257611,0.4036604443565209,53.39769725894535,291.5014460452007,276.93652297430293,16.91643638478759,2020,10
19,宁波钢铁,121.876423,29.918776,0.0422456559374326,8.897084560279788e-05,-1.960842290851409e-05,0.1147723962280119,0.4837559638200133,14.733006481524356,296.78015878076553,288.8688557505871,20.09388748193569,2020,10
20,安徽富鑫,118.067833,31.194505,0.0512794327495942,0.0001183377923754,0.0002381902869666,0.1164298646699363,0.5087036868319641,39.76962559380119,294.91368798226256,287.1927979693388,2.492883304616893,2020,10
21,安徽贵航,117.251147,30.531068,0.0519304283355777,0.0001084652714609,0.0002222584154013,0.1156865508369786,0.4939858219162543,38.71824105772248,296.06182579572953,287.4649714001612,3.4490852459495684,2020,10
22,安钢信阳,114.038243,32.488704,0.048529667480876,0.0001040913571744,2.094884552042354e-05,0.1171641393489536,0.6263038093461868,61.83625345101973,295.5444745419007,282.4812613173415,1.5640408539820216,2020,10
23,安钢股份,114.283145,36.122129,0.062499938217731,0.0002881980115803,0.0006678166204047,0.1229310196952731,0.5913747884768951,73.80896817057884,297.01837219745903,282.1533659096554,7.519352175656437,2020,10
24,宏兴钢铁,118.871477,39.700721,0.0724404270915527,0.000297683509836,0.0008697942430573,0.1324147218337001,0.4559535008800253,48.30906874531138,294.71930612265874,279.5916113964521,3.3826450840902176,2020,10
26,宝武鄂钢,114.861313,30.39574,0.053940140103034,0.0001407747965463,6.24385205072409e-05,0.1154632182761728,0.6310923547769396,84.91573993189445,296.9039639601061,288.3403084092821,7.873086773681427,2020,10
27,宝钢八钢,87.304639,43.852147,0.0392918490521076,0.0002141045842408,0.0007363939122477,0.1301531953588035,0.206925312323296,28.445309684338888,292.3767306180428,275.6316369691533,8.089704575022935,2020,10
28,宝钢股份,121.440087,31.41623,0.0444460184674698,0.0001364480431641,0.0001487399681363,0.1163276255799183,0.4856058483763348,54.33337088194663,299.56067926036786,287.49617036498523,21.015915834804577,2020,10
29,山西中阳,111.161118,37.370796,0.040066334900192,0.0001055797508614,0.0003943717373257,0.1216661201130033,0.2444711718794299,30.17223093593202,288.1370123703832,276.67868530104573,2.3159164913265347,2020,10
30,山西建邦,111.37916,35.668163,0.0671920226282265,0.000198221676855,0.0004543731942317,0.1200166772362314,0.495525607383475,58.9266728212236,295.6468974170438,279.44184563175446,4.976480353691664,2020,10
32,山西晋南,111.51465,35.678541,0.0605876733629516,0.0002067163892749,0.0005736820838333,0.1200438515441514,0.4665205032260146,55.83221707183839,295.98918335091344,279.0004802359847,3.0422518645889856,2020,10
33,山西高义,111.258436,35.586841,0.0654945026781272,0.0001819074808553,0.0003561590952682,0.1198136043728745,0.5015568029694614,60.43007243246572,294.86239130482545,280.03528274587694,1.777154376182781,2020,10
34,广东韶钢,113.654289,24.704815,0.0438361572299323,4.633004603424311e-05,0.0001937500361309,0.1143517361624554,0.3028265341941084,25.169579403685947,299.5714866148923,292.2544509305134,3.917415075717173,2020,10
35,建龙西林,129.287919,47.495036,0.0404072988895155,2.4247807950815077e-05,0.0011766611029564,0.1523930013313695,0.1169451066819388,9.241056594169804,281.7327227820658,273.6649671403574,0.5650317523780884,2020,10
36,德龙控股,114.384832,37.086116,0.0591043576676805,0.0002636424366869,0.0005110175063242,0.1246157171867991,0.5748871662471746,78.31543769043492,294.62953368582004,282.1511061630603,6.552735418641861,2020,10
38,攀钢集团,101.693628,26.551896,0.0385716046983013,5.514634302090489e-05,0.0001979620114477,0.1112762903000738,0.4060971295065406,37.22409758211143,300.7050577741157,291.89891144851515,2.9550271761204434,2020,10
39,新兴铸管,114.128189,36.621504,0.0812889306242956,0.000348174088986,0.000797868561245,0.1231851693990283,0.5797311390863595,74.51821113297031,294.1103149515544,282.1910889866702,4.31758323983036,2020,10
40,新金钢铁,114.216151,36.715444,0.0834004613694901,0.0003821337869937,0.0009426352284395,0.123617900119777,0.5961022412677197,76.79967417876567,294.92076863417435,281.9725217274878,4.203092226580379,2020,10
41,新钢集团,114.932403,27.790574,0.0478952942752812,9.380485983669098e-05,0.0002882372221976,0.1131197246051901,0.4769897832878136,36.41908703981673,298.3483376007974,287.8921460248763,5.629572691109878,2020,10
42,方大特钢,115.99204,28.645441,0.0486862571716214,6.272460555491505e-05,0.0002787226942477,0.113689018140525,0.4841422974168628,39.85626406688425,298.65184178811535,288.7419345150267,17.69482015669385,2020,10
43,日照钢铁,119.36115,35.158382,0.0669232466306457,0.0002045187759085,0.0003694148169268,0.1215043787357576,0.4920104847893853,37.92592623495091,294.3906260893732,283.8503353527169,10.32596998897606,2020,10
44,日钢营口,122.395441,40.671136,0.0532596682090973,0.0001447982159808,0.000538070274251,0.1362894937889019,0.2690071408627485,38.88610677904581,291.49679334753347,280.0754392888637,4.831654983864536,2020,10
45,普阳钢铁,113.925994,36.733675,0.0819131109126767,0.0003246809280248,0.0009133180087789,0.1230872919218013,0.5230879483615667,72.15744152965057,293.8013551675254,280.9490381492803,1.2579290331367727,2020,10
46,本钢集团,123.722099,41.274132,0.0551901994197217,0.000188462821474,0.0007568360979993,0.1371384410008372,0.2228456276315854,36.62649931304187,289.44833212607017,277.7063126154752,7.040031734649959,2020,10
47,柳钢集团,109.373148,24.379047,0.043787165570596,6.818592248439516e-05,0.000194028999183,0.1138617654206246,0.3866362021645769,29.22361499323373,298.52750156056294,291.1927592916116,14.988864008600114,2020,10
48,桂万钢,108.412344,21.687637,0.0429403757620742,4.600514428092604e-05,0.0002124092936372,0.1160890621057631,0.3056828906797553,25.279275561729264,298.1193009168525,293.68608431202506,7.597658447990407,2020,10
49,武安文安,114.177621,36.684389,0.0861903509074673,0.0003881799636511,0.0009384304622599,0.1234577589570424,0.5976217316036918,75.88130647725646,294.7471119251477,282.1556714812144,5.174294365735728,2020,10
50,武汉武钢,114.444975,30.616222,0.0576129925207426,0.0002315892188335,0.0002959379338716,0.1154772698118343,0.7182228641454772,96.46785059658214,296.12627093411777,288.6138634475239,14.203334217056838,2020,10
51,永钢集团,120.739658,31.839485,0.0486377522170603,0.0001157804797471,0.000169360757529,0.1164972478678777,0.493780656481432,32.18429256435229,296.91858491252987,285.4494821335552,7.622821798040322,2020,10
52,汉冶特钢,111.534635,33.269324,0.0504211417013106,5.540571465941357e-05,0.0002019018208725,0.1173016723246968,0.5836570568208512,61.4814652522,293.2868533223687,283.8892711592795,1.4409777816295952,2020,10
53,江苏镔鑫,119.279989,35.09556,0.0603205529130906,0.0001930985977043,0.0004542885301781,0.1212435584370257,0.4781067035112837,41.17803974155144,294.6883202586625,283.2714475952963,8.169117980560605,2020,10
55,沙钢股份,120.647295,31.967456,0.0507432093907599,0.0001344904555917,0.0001067264106093,0.1166089032609191,0.543502283772583,30.758551731689145,297.46055707786803,285.57227073703257,10.7272818595177,2020,10
57,河北新华,117.784839,38.288605,0.0508154705579455,0.0001748174247824,0.0007045111882026,0.1287119029627444,0.5370529282635506,47.46693823384417,292.01505851542527,285.2681211772155,8.638683915945165,2020,10
58,河北津西,118.220547,40.209844,0.0547304280300662,0.0001910068370352,0.0007324733048531,0.1333940972046947,0.3705010137666678,55.548690188633294,291.8627799756982,281.1758373113068,2.367759500229175,2020,10
59,河北烘熔,113.981172,36.640411,0.082287016775316,0.0003059693636345,0.0007113435214799,0.1230867960345665,0.5356403551758852,73.92846868015113,293.6028401010756,281.62094877808204,1.4063865891199148,2020,10
60,河北荣钢,118.558755,39.880661,0.0646547937331412,0.0002562538974343,0.0007129177221496,0.1328076920931311,0.4126140840710471,54.295292891527225,294.83357654525383,280.4700014943709,4.170581664529697,2020,10
61,河钢承钢,117.734527,40.952513,0.0494379089380647,0.0001374956274298,0.0009505782074419,0.1354720744787989,0.2745979753314307,35.3278728007693,290.2012154365368,278.4035405013528,2.933635914658302,2020,10
62,河钢舞钢,113.492311,33.28384,0.0505659813630329,0.000117251092164,0.000358827510833,0.1181807263849461,0.7412593301726803,65.01867251084344,293.1296486915088,282.7351339993533,2.096253861943827,2020,10
63,泰山钢铁,117.627728,36.22141,0.064832298752798,0.0002099492004791,0.0007077808499988,0.1233702609986959,0.5742138728667603,56.49298273624481,293.99136634059147,280.1269258618878,6.140783395020884,2020,10
64,济源钢厂,112.553774,35.086396,0.0525005314475436,0.0001685613573692,0.0005839450282392,0.1204265676315392,0.6119554308313456,84.32806910780151,296.09875755333377,282.4122344969286,5.130898354072292,2020,10
67,海城恒盛,122.83646,41.056042,0.0560374323325139,0.0001746298848668,0.000606361927717,0.1373528532868676,0.2902495790575985,61.03886818209503,292.55011711698063,276.74469744954456,3.1191142638852303,2020,10
68,涟钢,111.967343,27.747782,0.0462366611007402,8.893901613381193e-05,0.0004036985920731,0.1126820193437682,0.3688424482464287,47.03644762571457,297.4873018818204,286.88809952730014,4.121507419572582,2020,10
69,淮钢特钢,118.988442,33.566039,0.0472556126445903,0.000160874755992,0.0002213561035617,0.1185034888854627,0.4232212618705127,38.62913081354743,296.1631827689447,284.2070000568703,15.92823092014645,2020,10
70,港陆钢铁,118.073913,40.183913,0.0553571691559774,0.0002074683825046,0.0007337423590343,0.1333399524782163,0.4576477373915291,55.77487272034887,292.49839639658785,280.2113922409058,2.5457239286190245,2020,10
71,湖北新冶,115.125838,30.204603,0.0520460787385327,0.0001300819339752,0.0002460753822508,0.1150472259733298,0.5287490173762883,202.28216612849792,296.08875344235327,288.1458529169885,4.1704060482257415,2020,10
72,潍坊特钢,119.238427,36.644469,0.051972072584323,0.000180971795913,0.000334197020941,0.1245895416376624,0.5920163441407531,46.98865296859367,294.531907713982,280.1971731358445,11.263690306159235,2020,10
73,玉溪仙福,102.186364,24.012309,0.034291674295373,3.30311326813138e-05,7.742387249700233e-05,0.1122881290739138,0.2221133338502664,11.62933235211364,296.5904867975757,289.07939159957465,0.9468778523112106,2020,10
74,玉溪玉昆集团,102.543682,24.465884,0.0322306895882651,6.139622702597061e-05,1.5061538072022697e-05,0.1112540523118552,0.2460233543472397,17.01621289377744,293.8454063445029,285.11812576297626,2.0877604843037623,2020,10
75,瑞丰钢铁,118.272056,39.497472,0.0568903137910923,0.0002767586753868,0.0004178401474263,0.1316758382108908,0.4489990314885366,44.52225574914449,294.86435303629213,279.66941501148074,3.3202513706136827,2020,10
76,甘肃兰鑫钢铁,103.933888,36.510351,0.0337126053827638,9.395173030620938e-05,0.0002393529329793,0.1182127568577044,0.347817744734203,30.75696852761212,296.8880652366642,274.5766030614124,0.849643643091976,2020,10
77,石横特钢,116.533981,36.229201,0.0487842016359914,0.0001899262179106,0.0002756466548141,0.1234322442738114,0.5204904730720666,62.64517793520171,294.5986187232621,280.80583607272274,5.656099490772485,2020,10
78,联鑫钢铁,120.774892,33.211332,0.0422601408345595,3.532757937000862e-05,6.843097175607003e-05,0.1182514570395358,0.4677627322292236,18.730294555836057,294.37974197997,285.327793384534,2.469560950978772,2020,10
79,荣程钢铁,117.495794,38.970638,0.051262823862242,0.0002669949908484,0.0007034617077387,0.1300041848312311,0.5324256633951038,47.077037641060784,292.93763728779885,282.2095705245411,11.438445029555952,2020,10
80,萍钢股份,116.27527,29.778431,0.0504279383725086,7.438645401263845e-05,3.939294619084971e-05,0.1143880911455782,0.5351311545504023,35.08264927956337,295.9779089538265,288.0337985461884,2.018441832940376,2020,10
81,衢州元立,118.848341,28.902581,0.0458231761472207,7.382770597495452e-05,9.743713602827895e-05,0.1137818796799893,0.4722723869800776,25.32110876529714,297.83925020820294,286.9292288835877,6.531524753726639,2020,10
82,裕华钢铁,114.098377,36.731752,0.0942410814042578,0.0003829232119667,0.0009821256353463,0.1233601325441547,0.5863228342837801,72.33773516184316,294.44270488768666,281.9529647637328,3.770638355331301,2020,10
83,西宁特钢,101.671414,36.66856,0.0339002931148422,9.994058886733686e-05,0.0002737795541138,0.1173161018901245,0.2418701229507542,26.167612077188096,289.1000482384502,273.46015034031365,9.263500846879516,2020,10
84,贵港桂宝,109.63938,23.089502,0.0426710792623714,4.666815753341818e-05,0.0003269604912347,0.1152130061307633,0.3980204693499108,33.47062166205594,300.2889799365309,292.62870150307646,7.592142811299367,2020,10
85,辛集澳森,115.184798,37.752351,0.0514855610179702,0.0002130967757144,0.0006168920674691,0.1264318504086488,0.4342980482477271,64.9448566036881,298.17044254494283,279.3311219737998,1.590246477513526,2020,10
86,达州钢铁,107.453099,31.18945,0.0443156095163079,0.000105681820049,0.0001499575172675,0.1146613392506023,0.5268065348686547,46.61198973724177,292.2870921830524,285.9813545462431,8.148622018800442,2020,10
87,迁安九江线材,118.563418,39.95945,0.06321758873096,0.0002570198280049,0.0006755199403928,0.1329686879369888,0.4118971555397682,54.026400822034304,293.84520646116624,281.0719706409994,5.093663421461007,2020,10
88,通钢,126.022349,41.779125,0.0433560087632607,5.336626807482809e-05,0.0006595939603542,0.138194384225127,0.1694528216146835,19.94734866173076,285.81309284868274,274.8172599767633,2.5279487571370938,2020,10
89,邢台钢铁,114.452352,37.041601,0.0605335582413672,0.0002800409084314,0.0005187269258719,0.1245756915556165,0.6077045953139124,78.31543769043492,294.66649736710804,282.1755832755751,10.395260569508578,2020,10
90,邯郸中普,113.928977,36.711757,0.0820933556753588,0.0003225574535006,0.0008410891547388,0.1230843855768654,0.5246605118885652,73.44566582135836,293.8804018216734,280.999369842196,1.4412304700687748,2020,10
91,酒泉钢铁,98.286265,39.807065,0.0334601806072769,6.112249499578546e-05,0.0003169907546776,0.1250518027398794,0.2299401758508273,24.38290180215677,294.84175162420894,276.11196237933154,7.243176585538573,2020,10
92,重钢集团,107.040368,29.790253,0.0488925008716987,0.0001271756805182,0.0001996184325792,0.1137798342791632,0.5292298378822077,44.50891048294385,292.30050048609024,285.859317498003,5.630589757077187,2020,10
93,金鼎重工,114.111677,36.718952,0.0940701970941143,0.0003873999787835,0.0009883601672792,0.1233776000219563,0.5917409375905691,73.32575941578683,294.53901424531483,282.0645579394021,4.253126343119847,2020,10
94,铜陵富鑫,117.772866,30.907561,0.0499855688269,0.0001268429960963,0.000226963602282,0.115903532750317,0.5358631390585149,40.14890785207867,295.3526294819669,287.1696378495015,6.312045654754825,2020,10
95,陕西略钢,106.167206,33.323678,0.0369014742708197,1.4757923931795576e-05,0.0004239065448805,0.1151243739962803,0.2017789521566947,20.96703278397765,287.4665273695267,280.9159889587746,0.5467468417161049,2020,10
96,青钢控股,120.390032,36.216949,0.049352017351748,0.0001882066346473,0.0003714158044585,0.1231942254089319,0.589908280497563,30.492515179503243,294.4162637141984,283.097754626436,21.71071209504244,2020,10
97,鞍钢股份,122.983054,41.148267,0.0595931661754146,0.0002026759137296,0.0006623622468206,0.1375314727595812,0.2836334227126227,51.54920939320361,292.8061817444168,279.1584121059586,14.648501531752942,2020,10
98,首钢水城,104.877413,26.595229,0.0342498702622182,3.623005816479418e-05,0.0001033625349352,0.1107046981014901,0.2493647781273924,15.893018456836217,291.14382776944746,282.20336990759347,5.149929534676352,2020,10
100,首钢长治,113.060809,36.356404,0.046754508178046,0.0002041813206432,0.0007178981532016,0.1212824806883639,0.3625628606207999,53.9396707985808,293.8185314620841,277.59431401244944,4.440472333741766,2020,10
101,马长江,118.465162,31.502272,0.0508286494276288,0.0001370582780529,0.0001296653532297,0.1164040208209213,0.5020347170399759,43.41661766117438,296.2411069647045,286.39154501764733,5.898708738468812,2020,10
102,龙腾特钢,120.835685,31.723833,0.0464869286650796,0.0001327053291945,0.0001120145312983,0.1164142472683949,0.5375618496897467,32.18429256435229,297.2931940477476,285.74443979167364,11.184554221274771,2020,10
103,龙门钢铁,110.575788,35.618466,0.0526308258476955,0.000147519965472,0.0004142835451177,0.1199159405431042,0.4310019585065111,47.9405232009359,293.2535939942968,280.2623870663384,4.266098099324012,2020,10
1,东华钢铁,118.256774,39.468366,0.0533778291563029,0.0002498729057633,0.0008221365271338,0.1326092917136613,0.3999131974770639,48.91104868866171,285.8769701201421,272.88329813634147,2.63323687965304,2020,11
2,东海钢铁,118.624794,39.748373,0.0668714692844753,0.0002651649800606,0.0009900548800444,0.1328851068138631,0.3466860857442764,60.895720319908605,286.60374885434715,271.9732844082244,3.765590172324305,2020,11
3,东特,121.759531,39.05443,0.0477632275768022,0.000160517647129,0.0005653536900815,0.1329319923941333,0.3812607471500603,29.18259336999557,284.65936575753284,276.05277203831673,15.486823310930015,2020,11
4,中天钢铁,120.081591,31.702681,0.0492424812682159,0.0002703251453686,0.0001704949237636,0.1172359904645951,0.48046451196685,48.44027401418316,295.12319456226453,285.2173487420254,12.77286991041091,2020,11
6,佰工钢铁,118.819472,39.748773,0.063822842599568,0.0002404152625881,0.0006907313692389,0.1329929586394778,0.34914525160106,55.92601581838608,285.54455151074666,273.64705741024574,2.72252077192362,2020,11
8,兴澄特钢,120.320504,31.938905,0.0486883933914784,0.0002328025972327,0.0002917879802536,0.1177245340383905,0.5001813129110636,42.41460344219227,294.6320450273775,285.7232853463031,16.372829822867693,2020,11
9,冷钢,111.437288,27.690401,0.0510893758001899,8.63930933892846e-05,0.0003925409805589,0.1137361921134563,0.3348249396651736,46.822022325402,295.30008818788787,285.06772864626305,1.6392703332267853,2020,11
10,凌钢集团,119.41374,41.271048,0.0389515504895976,7.374949294643747e-05,0.0009447424505866,0.1354777177464161,0.202014946401577,29.90936037058256,283.1232337799016,269.97743886723345,3.9260980003993047,2020,11
11,凤宝特钢,113.872158,36.131666,0.0611920915623044,0.000206040634377,0.0008776819662986,0.1263317433973557,0.5498895148677816,87.31297691726965,291.8189640103113,278.38600154803083,2.977732282841884,2020,11
13,南钢股份,118.746315,32.200797,0.0500849448933772,0.0002323821920782,0.0003608679426594,0.1178283477670947,0.4477518119268482,57.57204490919321,293.6789096631302,284.28986735443686,16.883261704478453,2020,11
17,太钢,112.57052,37.970033,0.0441685372730978,0.0002409993455734,0.0007637502098799,0.1295241681350183,0.453734415290986,76.37273894937098,284.96854013347485,273.0439044756462,16.32784883428345,2020,11
19,宁波钢铁,121.876423,29.918776,0.0430573584105768,0.0001400945163501,-1.36284038125002e-05,0.1143607965826613,0.5286597688072348,19.291642711652475,296.1420116145861,286.677875087792,18.171435638490266,2020,11
20,安徽富鑫,118.067833,31.194505,0.0496932199995754,0.0001640020826026,0.0003164158328334,0.11692575030359,0.3750945031560826,41.84958340810821,293.68131174251806,284.9268777600199,2.7282391114331555,2020,11
21,安徽贵航,117.251147,30.531068,0.0478497119852483,0.0001374894096742,0.0003288513923853,0.1160045373755612,0.3793079331515346,42.034645986177566,294.2834876352079,284.7142164812149,2.7235392706644186,2020,11
22,安钢信阳,114.038243,32.488704,0.0493353576852841,0.0001046916456267,0.0002999590557767,0.1194600655245393,0.4432174336640183,64.51619327663138,296.0500971804954,280.17730934093134,1.4550137889776955,2020,11
23,安钢股份,114.283145,36.122129,0.059457133570996,0.0002624982076236,0.0008894358338476,0.1267530168188085,0.7125657626928258,94.66315124146143,292.32321577987733,279.1600754534832,6.779734751164565,2020,11
24,宏兴钢铁,118.871477,39.700721,0.0633599840968926,0.0002447665587327,0.0006689058400003,0.1328784506188171,0.3686171897521718,55.92601581838608,285.8673360145098,272.9617717184232,2.9414805217219677,2020,11
26,宝武鄂钢,114.861313,30.39574,0.0496641486513457,0.0001811036300826,0.0003859358368799,0.1163362559682079,0.3915148528463234,84.23761713919019,295.1485480984084,285.9149341202519,8.136503934560759,2020,11
27,宝钢八钢,87.304639,43.852147,0.0406971003385082,0.0003294253825261,0.0014289576825737,0.1305023940666407,0.2044596682330842,38.90899171155071,280.23093383268105,268.162885284462,11.094234029918947,2020,11
28,宝钢股份,121.440087,31.41623,0.0425092068786751,0.0001768646114774,0.0001083986385142,0.116721191542795,0.4001587528810259,77.04404689012048,294.5964374616098,286.95588368020054,19.12320638009337,2020,11
29,山西中阳,111.161118,37.370796,0.0421470609447657,0.0001335029710254,0.0006587026047749,0.1276911867415565,0.3137627944733575,37.25615371763524,285.7125696032517,274.7540504240366,2.1427735133637595,2020,11
30,山西建邦,111.37916,35.668163,0.0635611691949246,0.0001931000711211,0.000593498210382,0.1251088568511356,0.6702047203684982,73.36645435396653,290.81421790374907,276.8645087221048,4.109323524083121,2020,11
32,山西晋南,111.51465,35.678541,0.0616981524744039,0.0001894572196285,0.0005828970291384,0.1250406582181124,0.6110193191114456,63.45850778188833,291.271628986761,276.14367175910854,2.536164557873866,2020,11
33,山西高义,111.258436,35.586841,0.0620919863391813,0.0001699227783272,0.0005676009765553,0.1249265500391596,0.6527304447075633,75.78803798257368,289.9451306886252,277.57372781062696,1.7242746667939832,2020,11
34,广东韶钢,113.654289,24.704815,0.0464550973378583,6.1282274260852e-05,0.0001031855702319,0.1115764926209589,0.2986778288609466,30.774497500687723,298.0518493500705,289.98770000299777,4.70899150669288,2020,11
35,建龙西林,129.287919,47.495036,0.0380903730828166,3.818915534894172e-05,,0.1477599288581109,0.1268947871826305,13.322712700588523,268.7711720110896,263.2266371744285,0.5988761637380261,2020,11
36,德龙控股,114.384832,37.086116,0.0625207275552606,0.0002796203588266,0.0008941395727765,0.1285278875908978,0.6422883252925716,107.39679368043652,291.82655736127253,277.7042611846725,5.821858641735649,2020,11
38,攀钢集团,101.693628,26.551896,0.0484574623526823,0.0001032236490122,0.0003779350375704,0.1133593568928309,0.2795441012341351,49.47809983946172,295.67510686423543,287.02689792252545,5.793949217609533,2020,11
39,新兴铸管,114.128189,36.621504,0.0744379123834418,0.0003563649100774,0.0008866828179018,0.1276398076910635,0.6733680888406507,98.8571310694389,292.2575705722353,278.2746418457593,3.717522064035397,2020,11
40,新金钢铁,114.216151,36.715444,0.0750555308883955,0.0004034209946054,0.0008735185496816,0.1279397745314778,0.6581499283022924,101.4003640058381,292.790486876159,278.12413047491566,3.645646744353431,2020,11
41,新钢集团,114.932403,27.790574,0.0498180099792837,0.0001308401553788,0.0002135474778978,0.1132776460792274,0.356125709955759,32.693787299047564,296.7893010401606,286.2730535566892,4.736075701927864,2020,11
42,方大特钢,115.99204,28.645441,0.0471197345653812,8.199251472604385e-05,0.0002847270382629,0.1145111414261391,0.360452883478509,37.70554357629408,296.9313673108001,287.69031636094775,19.54453245432885,2020,11
43,日照钢铁,119.36115,35.158382,0.0643120330389394,0.0002054108126177,0.0006149939208696,0.1245084367243849,0.5175862099979419,46.63253231786938,292.0626760592278,280.9628719393865,8.245874576489769,2020,11
44,日钢营口,122.395441,40.671136,0.050145352586986,0.000138543890786,0.000924189025806,0.1363790049125257,0.2916678024961872,53.08011097326926,280.81105593186896,274.1138306551559,4.837475614298594,2020,11
45,普阳钢铁,113.925994,36.733675,0.0779821054457693,0.0003013361973078,0.0010019233762846,0.127523705783648,0.5296247765600353,95.24256528419808,291.18306819094823,277.2939422805744,1.0183716287879634,2020,11
46,本钢集团,123.722099,41.274132,0.0504309445504907,0.0001802858913464,0.0011651485808005,0.1386144044590908,0.2797572724157946,46.49893955948578,280.3884802131173,271.60249356828143,5.613085783661959,2020,11
47,柳钢集团,109.373148,24.379047,0.0485782494663161,9.129025233446046e-05,0.0001599307201036,0.1128021020164986,0.3157704460468912,35.28121883159391,298.97725546822994,289.336154944959,16.39467802513153,2020,11
48,桂万钢,108.412344,21.687637,0.0450699601643022,5.680108472031223e-05,0.0001671652830627,0.112519229533988,0.3645993873164921,33.45184751424313,297.7835140291279,291.54515240794416,6.573550403686554,2020,11
49,武安文安,114.177621,36.684389,0.0768592311864941,0.0004045491039222,0.0008390422865653,0.1278451425462976,0.6724504818349994,100.36373867441516,292.63682553977526,278.19297413241543,4.346437816754524,2020,11
50,武汉武钢,114.444975,30.616222,0.0529684488277055,0.0002259603841224,0.000259530260595,0.1167026553143988,0.4290913291000869,99.40534795305211,294.34994125787506,285.7445907005228,14.32442296811574,2020,11
51,永钢集团,120.739658,31.839485,0.0494073779716998,0.0001906324839123,0.0003194095491903,0.1175719857385298,0.3955779754467121,42.308144543312665,294.93919049966587,284.2662597181008,7.558982824491971,2020,11
52,汉冶特钢,111.534635,33.269324,0.0475200661331722,6.069576441647316e-05,0.0004186298847679,0.1210404555898699,0.4980078709750611,58.798399038551,293.23821312192274,282.72764209715143,1.3075022971379238,2020,11
53,江苏镔鑫,119.279989,35.09556,0.0601629664597308,0.0001886659396763,0.0004916445943255,0.1243721459880767,0.5130669691521749,51.06687555742181,292.7915964266644,280.36146859377004,6.478016716401088,2020,11
55,沙钢股份,120.647295,31.967456,0.0483378559799778,0.0001880259458801,0.000145372307291,0.1177386985119024,0.432307175232289,40.02975502257174,294.90143206708547,284.5084790923417,9.976917203980085,2020,11
57,河北新华,117.784839,38.288605,0.0524374746475107,0.0002061576837567,0.0011573870698395,0.1312974579112779,0.5940522416213581,50.3218118803311,285.7081028357925,280.11475076534003,7.132969976134496,2020,11
58,河北津西,118.220547,40.209844,0.0501147411580861,0.0001682153453859,0.0010115639072298,0.1338823486402937,0.2657739006367586,63.79170562136125,284.1855597241592,274.2885090819468,2.0680791489129127,2020,11
59,河北烘熔,113.981172,36.640411,0.0781754352251372,0.0003031602718755,0.0010697890143917,0.1274727273301671,0.5893504672119027,98.20529811577217,292.0601928840815,277.63627130091453,1.2719018267649715,2020,11
60,河北荣钢,118.558755,39.880661,0.0645438654858857,0.00025480671857,0.000910297311315,0.1333698642145567,0.3157323344078162,66.07446864056324,286.1651664918461,273.6601972612599,3.7965729589476975,2020,11
61,河钢承钢,117.734527,40.952513,0.0484921733125455,0.0001177776540166,0.0011723715602853,0.1346718646307641,0.355884178291378,38.50977658710181,281.7019853910652,272.8150974427811,2.872275086084937,2020,11
62,河钢舞钢,113.492311,33.28384,0.0485447309602032,0.000112525806633,0.0005108708387628,0.1208669473459448,0.6107502086744747,68.25205717447834,293.4836399967901,281.0180181551152,1.92901870475422,2020,11
63,泰山钢铁,117.627728,36.22141,0.0567520959009506,0.0002607875203418,0.0007078305022485,0.1266889343087081,0.6071269907667834,66.93989007544587,290.1233481853196,277.0135186717668,5.441071640485816,2020,11
64,济源钢厂,112.553774,35.086396,0.0550842561773264,0.0001856073078848,0.0008116814479189,0.1240743912340122,0.7838960103428018,97.31440415942578,292.1717887353311,280.0975232308729,4.520975336211355,2020,11
67,海城恒盛,122.83646,41.056042,0.0532909919370071,0.0001451840826109,0.0012142508395688,0.1375532983366921,0.3507250682494381,87.96207140449042,281.9013196646848,270.6683179967357,3.0570393207324,2020,11
68,涟钢,111.967343,27.747782,0.0484690948505805,9.90951988265856e-05,0.0002321807719749,0.1139218889342288,0.2893394558846452,47.1941739021986,296.9168810710387,285.77410133860684,6.145539749569719,2020,11
69,淮钢特钢,118.988442,33.566039,0.0470780190884084,0.0001520501340965,0.0003648135261821,0.1207434684566434,0.4584591834184571,45.43341167325328,293.10552764136094,281.8022790369463,15.549796423608544,2020,11
70,港陆钢铁,118.073913,40.183913,0.0508052322774408,0.0001830319474266,0.0010245393213327,0.1337859148958219,0.3002871913266816,64.97282356576761,284.4671972543422,273.3977944732111,2.2518998719406307,2020,11
71,湖北新冶,115.125838,30.204603,0.0481801869017183,0.0001516538396038,0.0003203168041893,0.1161749501336647,0.4173604098516868,189.42979806979565,294.47056561193574,286.56009968582464,4.197221917150261,2020,11
72,潍坊特钢,119.238427,36.644469,0.0548513564071727,0.0002884548827081,0.0007464013759143,0.127420611288577,0.6446426530279595,56.73947711670735,291.4850928162527,277.1519901996334,10.148157104138186,2020,11
73,玉溪仙福,102.186364,24.012309,0.0372344589856921,3.0873521511564884e-05,4.99683207125886e-05,0.1130657187706511,0.1590429419860983,11.983359354396155,295.1891933679595,286.2349741732345,1.20645073313224,2020,11
74,玉溪玉昆集团,102.543682,24.465884,0.0345513682678456,4.4279277206100726e-05,0.0002174170804206,0.1125473750106065,0.1457210351102966,18.847396549597786,292.5602737668881,282.1765854501509,3.31622558187794,2020,11
75,瑞丰钢铁,118.272056,39.497472,0.0536365690627663,0.0002482076003318,0.0008624227167956,0.1325559115526644,0.3849884107739146,48.5588430917316,286.33215259596096,272.58408539375944,2.866290244924613,2020,11
76,甘肃兰鑫钢铁,103.933888,36.510351,0.0348222429326309,0.0001330175241254,0.0004670621691856,0.1253911201802465,0.3991802335033076,41.48482446453272,287.4430123876362,271.6019788176792,0.8313404484785997,2020,11
77,石横特钢,116.533981,36.229201,0.0506358736677734,0.0002105885296895,0.000611526053173,0.1266623351144515,0.5508765098672476,72.2768692086903,291.1225143220712,278.0407926486316,4.952434690401479,2020,11
78,联鑫钢铁,120.774892,33.211332,0.0453080847671475,6.980044401539119e-05,0.0001390157959743,0.1197402805149679,0.4444450795260756,24.293019485533595,292.6823171012122,284.48455863342133,2.5969902749025056,2020,11
79,荣程钢铁,117.495794,38.970638,0.0507260885681819,0.000299210709052,0.0010703839472674,0.1327156046380711,0.4729253003597999,52.78680122631695,285.37419918538785,276.7167448182871,10.83395557827594,2020,11
80,萍钢股份,116.27527,29.778431,0.0509904569062419,0.0001190195070593,0.0003183594287553,0.1156564531539125,0.3878950161786558,34.354692972336856,294.8973761646712,286.3855015956279,1.80691909134401,2020,11
81,衢州元立,118.848341,28.902581,0.0466497572474004,0.0001066574763207,0.000200799635792,0.1134316431115452,0.334908171037732,23.886055799948736,296.5124460804534,286.2143983069835,8.349641436990714,2020,11
82,裕华钢铁,114.098377,36.731752,0.0851312510588398,0.0003893083788043,0.0008949946634948,0.1277800143416351,0.6228462259470381,95.5148665819959,292.83104291639745,277.9003662746616,3.102629773525808,2020,11
83,西宁特钢,101.671414,36.66856,0.0423056023036735,0.0001491988503869,0.0005850770396543,0.1250037166744219,0.2024736946909668,32.39878054728251,283.33854817979034,269.4610144721265,9.437118836945915,2020,11
84,贵港桂宝,109.63938,23.089502,0.0461449890593694,5.575746120498847e-05,6.571544083185648e-05,0.1126177928309226,0.3976479996582883,40.10175571801601,300.8448248964444,291.15800347748905,5.7112684087510255,2020,11
85,辛集澳森,115.184798,37.752351,0.0572490988884126,0.0002111538429773,0.0005623108533813,0.1300904873899836,0.7024007821615207,85.27685224635206,289.8322577538545,275.6098191032789,1.5006752458460302,2020,11
86,达州钢铁,107.453099,31.18945,0.0475462810596657,0.0001205760537218,0.0002167421817637,0.1181919832452619,0.4305299004821389,60.21020063089846,293.4845788376145,285.7695574500099,8.702831147715573,2020,11
87,迁安九江线材,118.563418,39.95945,0.0627400294552635,0.0002204064558597,0.0008722733615581,0.1335302479871917,0.3101842737826309,64.2680305147715,285.40518662585725,274.2612076736734,4.635085476953056,2020,11
88,通钢,126.022349,41.779125,0.0423104947535954,6.22685676897459e-05,0.0013868049119324,0.1408945402521126,0.192195859779608,20.78573047015197,277.5837437250105,268.1147433473621,2.490433181975372,2020,11
89,邢台钢铁,114.452352,37.041601,0.0641256456283787,0.0002911275500924,0.0008930072208574,0.1285132767404057,0.6767803451237768,107.39679368043652,292.20977124222924,277.7658134899646,9.366271842506194,2020,11
90,邯郸中普,113.928977,36.711757,0.0783464209147413,0.0003030329321915,0.001024384532511,0.1275160859288793,0.5373315246264532,97.39762225348038,291.5803113131075,277.28528971180725,1.1616362863133196,2020,11
91,酒泉钢铁,98.286265,39.807065,0.0330612291651278,8.570446039238309e-05,0.0003517333751894,0.1290949282910762,0.1594199876924137,32.21353988254867,288.1116507404673,269.38813900614497,8.69947791502528,2020,11
92,重钢集团,107.040368,29.790253,0.047143410426485,0.0001309780890444,0.0003841717590106,0.1168450488728059,0.4513246636882611,55.10878333437671,294.3844320220236,287.1908808346945,6.404634303733027,2020,11
93,金鼎重工,114.111677,36.718952,0.08415926187455,0.0003951380210944,0.0008644089077337,0.1277941343224509,0.6390518882684262,97.0559620132415,292.98846097955766,278.0038629626521,3.5258644481076704,2020,11
94,铜陵富鑫,117.772866,30.907561,0.046943665922625,0.000159078074307,0.0003911342362557,0.1162450946954877,0.4047404771137929,42.4931199629258,294.1662680298178,285.42329483532995,5.362120230968669,2020,11
95,陕西略钢,106.167206,33.323678,0.0388566465652866,2.4351032254847577e-05,0.0004266334775672,0.1201725426106524,0.2728535533814495,28.441531428983904,287.4684390226648,279.83166241382827,0.6061410228406491,2020,11
96,青钢控股,120.390032,36.216949,0.0497020528814388,0.0002196974058784,0.000460424399224,0.1258963164582085,0.5312331401445253,32.52719338320276,289.01794073648244,279.5955033986509,18.426545103984804,2020,11
97,鞍钢股份,122.983054,41.148267,0.0559335494154184,0.0001785006555383,0.000854317860548,0.1377146103237078,0.3253532230326814,70.22700752759793,281.7534006061974,273.347036136309,14.60421159870148,2020,11
98,首钢水城,104.877413,26.595229,0.0346171567958549,6.176555504510512e-05,0.0002646262483495,0.1128635921701939,0.2398249467653007,21.8885354286158,293.358451340202,282.70045949603053,7.171304961134179,2020,11
100,首钢长治,113.060809,36.356404,0.0430790783359154,0.0001745427938453,0.0006287937223366,0.1262059344559135,0.4379867706475816,62.61913436635157,290.3111012158845,274.14384016422645,4.108174861034291,2020,11
101,马长江,118.465162,31.502272,0.0454818412523813,0.0001569282517024,0.000224362569866,0.1169647713789879,0.431527391661051,47.81806998312925,294.83826616773376,284.04190945196444,5.645538155759112,2020,11
102,龙腾特钢,120.835685,31.723833,0.0469873363975508,0.000221417561902,0.0002319483549987,0.1174006756472447,0.4065886661255884,42.308144543312665,294.18053700632896,284.94313479927865,11.348749422773391,2020,11
103,龙门钢铁,110.575788,35.618466,0.0529052956961179,0.0001588597248712,0.0007623600369806,0.1249152363432591,0.6156831331775778,59.59923163995596,289.50377648703113,277.84401642652296,3.0524903112124147,2020,11
1,东华钢铁,118.256774,39.468366,0.0597464102657372,0.0004520124084976,,0.1498406608351013,0.3586900451567471,68.3376969305035,277.0880237061665,263.53425890100806,2.929636663943059,2020,12
2,东海钢铁,118.624794,39.748373,0.0625924131375077,0.000454134940606,,0.1509167933790034,0.3132577081117809,80.8404269143488,277.27916598978265,262.5748902235974,4.650415187544438,2020,12
3,东特,121.759531,39.05443,0.0508689517959685,0.0002783064641321,,0.1494751404357293,0.3721691009838823,36.53187407293935,275.4488427713057,267.6362371452489,17.249864598246596,2020,12
4,中天钢铁,120.081591,31.702681,0.0598992949239414,0.000434209263002,0.0004645258731857,0.1201769361735614,0.5809370945796021,95.74588943905836,282.7974215185128,275.1515515731894,14.840557804512333,2020,12
6,佰工钢铁,118.819472,39.748773,0.0679754302068504,0.0004882919013794,,0.1508291985675519,0.32097783578032,75.181588954365,275.7093742744312,264.3717318799054,3.5857402895746797,2020,12
8,兴澄特钢,120.320504,31.938905,0.0573905619980809,0.0003690268107824,0.0005214282283035,0.1207166351075267,0.6278843963410967,81.065937281409,283.0778278478029,275.60379145580873,18.28880973530093,2020,12
9,冷钢,111.437288,27.690401,0.0579999298213282,0.0001202201265536,0.0005572231414002,0.1113120940572419,0.6197670862927235,77.24602912394128,283.6022967399353,274.8628281738688,1.6068164934248086,2020,12
10,凌钢集团,119.41374,41.271048,0.0461677053515925,0.0002243776011795,,0.1546257582786718,0.2766530135823429,32.65941742302954,266.83469279290927,257.0261176273355,4.699270753538007,2020,12
11,凤宝特钢,113.872158,36.131666,0.0692231088317727,0.000446657415578,0.0020497755271737,0.1371448287646807,0.383940103102362,121.36425344797426,279.93341645921527,267.8790401004624,3.8457752634021554,2020,12
13,南钢股份,118.746315,32.200797,0.0599749007925141,0.000510175074792,0.0007490249444571,0.1224651690123702,0.6010298989974177,116.97500923446567,281.7737402857458,275.0367257549998,18.723044733487704,2020,12
17,太钢,112.57052,37.970033,0.0445530076648912,0.0002678591413273,,0.1442251927411437,0.258723452272153,79.81796673416717,274.7354483963706,263.1529836228322,19.41451475547505,2020,12
19,宁波钢铁,121.876423,29.918776,0.0517190187860027,0.0003266375336536,0.0002009405468717,0.1143658173414844,0.6519491695599925,29.45610873041389,285.60777487441914,277.625608362014,22.780755126127136,2020,12
20,安徽富鑫,118.067833,31.194505,0.0629749295252062,0.0004007468692007,0.0008418820058989,0.1194830731789196,0.6797744199139572,77.44214463656735,282.13964077088787,275.18414240565096,2.5529966889168776,2020,12
21,安徽贵航,117.251147,30.531068,0.0608834428508596,0.000202724742175,0.0005895344432219,0.1178040338825486,0.7414600242886199,66.28279436426965,283.09802847324266,274.70429373642423,3.5093893687690905,2020,12
22,安钢信阳,114.038243,32.488704,0.0580472861195634,0.0001928263866985,0.0004423263329699,0.1248424418714863,0.5712562863224394,96.0628554480536,283.47004914810003,272.1911107394656,1.6226322856792177,2020,12
23,安钢股份,114.283145,36.122129,0.0739029449702442,0.0005830116843777,0.001643302426385,0.1374159131443921,0.5571384725258507,150.57775869785266,279.7611435560095,268.4791663450777,8.201662457916651,2020,12
24,宏兴钢铁,118.871477,39.700721,0.0690700017763071,0.0005065294095722,,0.1504276849001216,0.3277842201328908,75.181588954365,275.40456851750906,264.25736580564285,3.549093303890091,2020,12
26,宝武鄂钢,114.861313,30.39574,0.0637216927645052,0.0003174286246885,0.0003916807563815,0.1175347418323088,0.7954485345314105,156.0768614018147,283.06259738243216,275.84384302935115,8.122028124210823,2020,12
27,宝钢八钢,87.304639,43.852147,0.0510489837340952,,,0.1435928943309875,,79.1844954732687,260.021366189966,252.4544737053997,15.849756309704558,2020,12
28,宝钢股份,121.440087,31.41623,0.0532907344376931,0.0003799307183202,0.0004973197118949,0.1194935738829565,0.5439615908905598,121.31946010528266,284.2138547444489,277.0466776658472,19.572706601391022,2020,12
29,山西中阳,111.161118,37.370796,0.0412206024400412,0.0002025825751964,0.0001276884394413,0.1410228386276532,0.2813652127535529,32.73981263873793,270.6328485708875,259.7879226214938,2.4398960630505684,2020,12
30,山西建邦,111.37916,35.668163,0.080023636023204,0.0003217933293862,0.0017922386314137,0.1353664117517215,0.4869627906819813,92.14167560777727,277.4987128998682,265.85289637018576,4.755520084790706,2020,12
32,山西晋南,111.51465,35.678541,0.0762002025727792,0.0002571887561893,0.0015028744982048,0.1353544489078352,0.4525631297976713,76.40596777491737,278.21089326949846,265.34790591348883,2.6172476366235715,2020,12
33,山西高义,111.258436,35.586841,0.0741226829397893,0.0003138446275577,0.0015388361504232,0.1350350459558288,0.4611692211430058,97.41440933783478,277.02643194983665,266.6053988523718,1.8425595370871253,2020,12
34,广东韶钢,113.654289,24.704815,0.0539882113519986,8.871129632460422e-05,0.000179985582134,0.106610260993424,0.4391105105389886,41.15301139276473,290.1748039139489,279.7091479110697,2.6989309980962863,2020,12
35,建龙西林,129.287919,47.495036,0.0448078964182508,0.0001091656712071,,0.181030455746084,0.1766175237020384,12.89760324085058,258.9831532538793,253.9449257152309,0.8148422432351775,2020,12
36,德龙控股,114.384832,37.086116,0.0743515677191646,0.0007774702710281,0.0016142705324577,0.1415269234871419,0.4238594838218007,153.0342785827088,279.88336497214414,267.1329451167788,7.327711174229325,2020,12
38,攀钢集团,101.693628,26.551896,0.0497191179987413,0.0001079549814899,0.0004477070706819,0.1105096763799061,0.2577959160838741,53.82769430184453,293.2903017215035,284.3705626366795,5.504421043837842,2020,12
39,新兴铸管,114.128189,36.621504,0.088584113639332,0.0006752060634965,0.0034934380045666,0.1391969090153072,0.3859746664687832,131.62185827287578,279.88803673379124,268.5284779874472,4.446491488768911,2020,12
40,新金钢铁,114.216151,36.715444,0.0983643278579608,0.0007814221945393,0.0040465670515703,0.1396405251341715,0.4366257505159259,143.78279861005794,279.9569839970026,267.9248707463632,4.314540497483883,2020,12
41,新钢集团,114.932403,27.790574,0.0622706659056156,0.0001685439695119,0.0003904234006994,0.1110082819660883,0.8530967173823597,56.14903072349171,286.76160684023586,275.29210240037213,5.222732873901973,2020,12
42,方大特钢,115.99204,28.645441,0.0599106626994221,0.0001604563442388,0.0002564554419955,0.1126894069891403,0.7921198514367129,72.45108690767665,285.7902007401363,276.8013243354836,18.33784456543489,2020,12
43,日照钢铁,119.36115,35.158382,0.0728281000575445,0.0004098303200753,0.0006433944646403,0.1343619309942788,0.3718095553084472,75.35921052354283,280.2013946230978,271.23662312368947,11.34054800503086,2020,12
44,日钢营口,122.395441,40.671136,0.0576071142637268,0.0002942660447342,,0.1549126750016428,0.2432414333699439,64.21501552722475,274.03265770163887,263.72939729203136,5.033846298286267,2020,12
45,普阳钢铁,113.925994,36.733675,0.0760495686289531,0.0005536863917434,0.0015369382875102,0.1394614775877664,0.2995601911993109,123.24742131853556,279.5056874055264,267.65866851514363,1.1236661144140416,2020,12
46,本钢集团,123.722099,41.274132,0.0624148309661053,0.0003008449106961,,0.1564739038473102,0.1853212566618463,61.63274960174351,269.6220374511019,262.23973586422323,6.013465407382298,2020,12
47,柳钢集团,109.373148,24.379047,0.0549382035380911,0.0001137845335491,0.000225235047755,0.1074108341778431,0.6263238842080945,44.93029191905607,289.92072109903074,280.37017292409786,9.29943655090546,2020,12
48,桂万钢,108.412344,21.687637,0.0509973087866037,7.887020158202082e-05,0.0002015173027814,0.1050736288102483,0.358962695180314,40.82760440837774,291.5740028072516,284.18637075678686,4.614740994884295,2020,12
49,武安文安,114.177621,36.684389,0.0987940133384144,0.0007672749662854,0.0036557945653813,0.1394859673046981,0.4262909127341082,138.55080828024953,280.0044918572359,268.285029383761,5.342825486010555,2020,12
50,武汉武钢,114.444975,30.616222,0.0681919155364827,0.0004321062391579,0.0002498256477848,0.1181636736754636,0.7691525897085428,191.67939058206684,283.44023767857016,275.86942792128025,22.4613059022676,2020,12
51,永钢集团,120.739658,31.839485,0.0604782198243422,0.0003217667006961,0.0005071297022107,0.1207730028773777,0.6013395989411691,73.3648519712915,283.73276827821115,274.8829549270384,8.322719001344343,2020,12
52,汉冶特钢,111.534635,33.269324,0.054550336027346,9.621279694568862e-05,0.0005557742403358,0.1268959482062139,0.4069394564213405,79.93659778549045,281.5052168246136,273.5238528850888,1.3713994911696568,2020,12
53,江苏镔鑫,119.279989,35.09556,0.065879775046974,0.0004186469317445,0.0009876806098592,0.134177708684185,0.3615203736071569,84.95631305075317,280.5100468576387,270.64101928497774,8.863004944353762,2020,12
55,沙钢股份,120.647295,31.967456,0.0608693508360533,0.0003861132057858,0.0006047461700184,0.1210697035631576,0.6746920612482465,72.35865956507662,283.67627633697555,274.9744604111083,11.639338583542443,2020,12
57,河北新华,117.784839,38.288605,0.0605247095932617,0.0004902436107582,,0.1465815287125883,0.5510360174365179,88.45730062769728,274.8134229196037,270.47724010480505,7.434829146464475,2020,12
58,河北津西,118.220547,40.209844,0.0550158561880152,0.0002552049933899,,0.1520541737115998,0.2115017151599321,77.4829228865285,274.8416563049368,264.3682176115197,2.25892598953249,2020,12
59,河北烘熔,113.981172,36.640411,0.0774126900660176,0.0005656934218155,0.0016166722570632,0.1391818691353181,0.3183997675017552,128.62405185387615,279.8084070816733,268.1052880998707,1.2622879758547472,2020,12
60,河北荣钢,118.558755,39.880661,0.0650388307446403,0.0003974953897332,,0.1516545938472942,0.2738007766610889,86.7372961493595,276.8910092896775,263.8918984440201,4.086777565535646,2020,12
61,河钢承钢,117.734527,40.952513,0.0511853011023369,0.0001705344219442,,0.1537809978968825,0.2773741013564788,38.365023207468354,269.5127067500913,260.6255174547694,3.2003570171551594,2020,12
62,河钢舞钢,113.492311,33.28384,0.0613292461145457,0.0001822326134203,0.0006568311602652,0.127553778353323,0.5629451485009764,97.98344469195206,280.86120014233177,272.6358568380123,2.2056952809416206,2020,12
63,泰山钢铁,117.627728,36.22141,0.0622287414326437,0.0004590908845255,0.0008724758738,0.1378255063513378,0.5541597658066025,106.34174429924316,278.01363914589695,266.74931462087574,6.2111136916297705,2020,12
64,济源钢厂,112.553774,35.086396,0.0589679596626217,0.0002750222615521,0.0010418898025609,0.1336491473819489,0.3614131569322926,125.783297154097,281.4063067338748,270.6124704345176,5.95261604618921,2020,12
67,海城恒盛,122.83646,41.056042,0.0567522892988149,0.0002801016303158,,0.155863220962286,0.2188405269722649,110.12441802904505,274.1399954325947,260.7544734842453,3.0855298908785143,2020,12
68,涟钢,111.967343,27.747782,0.0594366952370696,0.0001571224329199,0.0002812550247628,0.1113888809890131,0.682982976054892,77.0087495993721,284.09944410255224,275.0672207163337,6.366258818718432,2020,12
69,淮钢特钢,118.988442,33.566039,0.0573997269091951,0.0003429504530138,0.000478837992465,0.1274886394380084,0.6167843716117308,89.70408377573239,280.5343735493128,270.8494566955396,16.955158322660676,2020,12
70,港陆钢铁,118.073913,40.183913,0.0555884067900691,0.0002980212592351,,0.1520380626140267,0.2297412310368925,78.39744853299635,275.41062248389943,263.0475947319523,2.4994245534334607,2020,12
71,湖北新冶,115.125838,30.204603,0.0672747044772778,0.0003061099763679,0.0003760678036402,0.1168026443384542,0.8402353480436228,383.16693462547846,282.8698114094784,276.23565882770293,4.1505008054555566,2020,12
72,潍坊特钢,119.238427,36.644469,0.0595582193942192,0.0004809980387805,0.0020428131164355,0.1396796015440032,0.5714981968879885,96.20548269140272,278.47064809483544,266.98801499969994,12.772734708145926,2020,12
73,玉溪仙福,102.186364,24.012309,0.035298987810076,2.146262605018434e-05,0.0001090920559006,0.1072090466178349,0.1155246360863188,11.321593279679451,294.2033600606607,285.1985742455237,1.2072818004573187,2020,12
74,玉溪玉昆集团,102.543682,24.465884,0.0328692610045424,3.331557917464357e-05,0.0001775718080572,0.107095588557485,0.1068778438595829,14.836811889013324,290.3866450860177,280.8650530699706,2.910591259880048,2020,12
75,瑞丰钢铁,118.272056,39.497472,0.0608263426000004,0.0004674075003282,,0.1498950149922017,0.3402804121757296,67.41586460234092,277.391273218156,263.53832284933776,3.160652369920395,2020,12
76,甘肃兰鑫钢铁,103.933888,36.510351,0.0358297620462069,0.0001200662282626,0.0019315207237782,0.1356987362063842,0.3336559059860863,53.248495390789685,277.092612125348,259.7658579614029,0.7484242726848234,2020,12
77,石横特钢,116.533981,36.229201,0.0587451862285567,0.0004762246015751,0.0011232798329362,0.1379009453765427,0.547111485703637,115.00341116956628,278.4763186990573,269.15569437821705,5.925859733022776,2020,12
78,联鑫钢铁,120.774892,33.211332,0.0512708737180861,0.0002170462578487,0.0005816441770613,0.1257365737170804,0.4867120886715089,37.59759494723083,280.6994859127815,274.83149937424014,2.337348071838678,2020,12
79,荣程钢铁,117.495794,38.970638,0.0612695975749346,0.0006692844846794,,0.1481665675145723,0.3912407154779081,89.40489770907422,276.5433396112422,266.22967366866123,12.021674290790187,2020,12
80,萍钢股份,116.27527,29.778431,0.0639163312224649,0.000143254872362,0.0003067000426415,0.1153042923816232,0.7731673594335545,61.642082180151576,284.01111368839065,275.91034981084124,1.8947734345798888,2020,12
81,衢州元立,118.848341,28.902581,0.05540965970536,0.0002229312437652,0.0006102053633065,0.1125892455414123,0.7277990194249624,38.58167119119571,284.3744819350105,276.67977968862687,7.094623149380296,2020,12
82,裕华钢铁,114.098377,36.731752,0.1049884908607584,0.0007577353847763,0.0036171791879616,0.1395739103312621,0.400266633898599,123.90049350729022,279.968615515324,268.21145793963217,3.780941434498651,2020,12
83,西宁特钢,101.671414,36.66856,0.0451907059606363,0.0001940746672568,0.0020455259962834,0.1349539554666144,0.2156802724203045,26.673768971363643,273.2080534479687,259.50959247767145,11.145061190127024,2020,12
84,贵港桂宝,109.63938,23.089502,0.0536349358511346,7.525432921415658e-05,6.235536172856486e-05,0.1062457634302977,0.4559955586832296,51.687346442588805,292.1453589829269,281.7810872666025,3.894887208801028,2020,12
85,辛集澳森,115.184798,37.752351,0.0657409259419321,0.0005387052102362,,0.1438503412544989,0.4498990837611306,130.14300748181995,278.66198505879635,264.820072416511,1.5856241767596484,2020,12
86,达州钢铁,107.453099,31.18945,0.0563395301900706,0.0001765574334097,0.0001363193968719,0.1213506199638641,1.348665222782524,76.23996873368984,281.6308061956719,275.0184051856166,7.555563977512887,2020,12
87,迁安九江线材,118.563418,39.95945,0.0630502319909833,0.0003510345914596,,0.1519201094219299,0.2659682722874094,83.06823904428937,276.3281576065077,264.581907046202,5.314594497723462,2020,12
88,通钢,126.022349,41.779125,0.0452731648665477,9.458410271056724e-05,,0.1592012042214047,0.2251032317332336,30.394154748591973,266.74549612205067,259.6729658961908,2.7235609159932426,2020,12
89,邢台钢铁,114.452352,37.041601,0.0751101554098394,0.0007660336388102,0.0016278930469545,0.141276549891751,0.4744434606555274,153.0342785827088,279.4827953915596,267.4004946690833,11.926987338909504,2020,12
90,邯郸中普,113.928977,36.711757,0.076489808696524,0.0005579962895975,0.0013542970643629,0.1393738466902441,0.3027349081162488,127.15831904881938,279.649822013122,267.68287293868366,1.2923355484676111,2020,12
91,酒泉钢铁,98.286265,39.807065,0.0367600758611123,0.0001433107538087,,0.1426005383960072,0.1998197800687286,40.33703529660559,270.62803794137886,259.88309255038405,10.43453037728754,2020,12
92,重钢集团,107.040368,29.790253,0.0533428021679904,0.0002314929926744,0.0002258194419506,0.1173665297655149,1.178,66.81683757578213,283.1905186269447,276.1871950064365,4.863803625179194,2020,12
93,金鼎重工,114.111677,36.718952,0.1046751903014878,0.0007651110758097,0.0035914051391516,0.1395457862790614,0.4070627146816497,127.30313980008712,280.04521191355644,268.3895903314762,4.320901073539515,2020,12
94,铜陵富鑫,117.772866,30.907561,0.0630465924638685,0.0003558457919044,0.0006154701749472,0.118619486244468,0.7319098558894922,76.00531361361456,282.5489337537944,276.1376455380673,6.925229572654309,2020,12
95,陕西略钢,106.167206,33.323678,0.0438971219402567,3.2103190253705e-05,0.000816639468838,0.1260284894705746,0.3311785005361487,35.65134853227085,274.94949099388595,272.0169724236446,0.6918519591679672,2020,12
96,青钢控股,120.390032,36.216949,0.0547203308907147,0.0004872007060951,0.0012999790101897,0.1380558210728598,0.5081017327819815,58.65055996423507,278.38879002400137,269.695298535588,21.748633306198613,2020,12
97,鞍钢股份,122.983054,41.148267,0.0613135231338375,0.0003068648107145,,0.1560688425401512,0.2098801636323644,88.54993511857069,273.1775811868702,263.66409115762497,15.464039726855466,2020,12
98,首钢水城,104.877413,26.595229,0.0336228617044467,6.481969493385677e-05,0.0002890100614942,0.1095526520488488,0.2859405682642406,17.01752161409331,283.40380535230446,272.90769091033246,1.277227157828923,2020,12
100,首钢长治,113.060809,36.356404,0.0439013109750126,0.0002411202517031,0.0016179878237783,0.1372741813724244,0.2809589901222931,71.37364420652102,278.1800664269109,262.9545008558512,3.8386634359608895,2020,12
101,马长江,118.465162,31.502272,0.0609406644812936,0.0003889878595024,0.0004382500605837,0.1202346924794433,0.6792559227957051,89.33590876292045,283.3006196441644,274.9991522071011,5.9779047250532376,2020,12
102,龙腾特钢,120.835685,31.723833,0.0573097856194775,0.000289505051322,0.0007035754525306,0.1205990151796912,0.651396770716527,73.3648519712915,283.1480143445995,275.0929456352617,12.227689918054535,2020,12
103,龙门钢铁,110.575788,35.618466,0.0569791978397051,0.0001693880140716,0.0014508675448259,0.1356643930334972,0.383263761436809,67.54671307180067,276.48424896170474,268.33057350009284,4.030160889914737,2020,12
1,东华钢铁,118.256774,39.468366,0.0637833191751159,0.0002221296039484,0.0010908770410588,0.157748467422869,0.3595308211773356,67.60829929142065,275.9094080678959,261.28282604454864,2.5670025742084737,2021,1
2,东海钢铁,118.624794,39.748373,0.0734464535113458,0.0003155995701993,0.0006761307233992,0.1602933025879959,0.3311055817183406,72.82093579297126,274.3245929799684,260.1166196866908,3.672731443421588,2021,1
3,东特,121.759531,39.05443,0.0503063367483394,0.0001475740992205,0.0009788942658131,0.15992062977648,0.3953253628292327,34.99280927172088,272.00530058150633,263.89537211228463,21.829593577408065,2021,1
4,中天钢铁,120.081591,31.702681,0.0556295642014526,0.0003692046339761,0.0006135972743669,0.1248791380740472,0.3801364149327726,83.60795078488081,283.4867004270289,273.38670541519565,14.991600272472162,2021,1
6,佰工钢铁,118.819472,39.748773,0.0732597815205972,0.0003044737783966,0.0010330705806462,0.1606678836731216,0.3498466671873904,67.11131561587536,273.29540901917045,261.50782466111565,2.8079676678564263,2021,1
8,兴澄特钢,120.320504,31.938905,0.0536196097299892,0.0004396444723742,0.0003552403858999,0.125750402201909,0.3846007089561375,75.26919237544266,282.72919336093685,274.15885386184283,18.35821887747884,2021,1
9,冷钢,111.437288,27.690401,0.059721198017715,0.0001343711415545,0.0004724870603488,0.1153436253553018,0.3908957749871553,80.73555543823834,285.0982087235806,276.38845334010307,1.2907003333033356,2021,1
10,凌钢集团,119.41374,41.271048,0.0510479294523867,0.0002524378855499,0.0012748720309385,0.1694300002816106,0.4180296437095023,37.46335698483824,266.9999729175198,259.5614306206928,3.827166243500437,2021,1
11,凤宝特钢,113.872158,36.131666,0.0706248593505248,0.0003249998689483,0.0009338942586541,0.1396686514985249,0.4100882963291663,105.44984280920195,281.0354010532857,266.9832166929215,3.746947681552743,2021,1
13,南钢股份,118.746315,32.200797,0.0524932024789886,0.000360164978617,0.000549022235039,0.1251272514903176,0.3819871036173259,95.48307389195544,282.4891662503448,273.97649464748605,18.897177666586263,2021,1
17,太钢,112.57052,37.970033,0.0449484708112528,0.0002091345009406,0.0023681549716215,0.1470922275445134,0.3220571317729183,60.487895307896736,275.19042913733,262.40047327201466,19.57124894637962,2021,1
19,宁波钢铁,121.876423,29.918776,0.0486987121954236,0.0003349360962202,0.0003819153801576,0.1182656533203879,0.4023238944688838,34.94987941303812,283.402062559915,275.1959152128345,21.484426177909462,2021,1
20,安徽富鑫,118.067833,31.194505,0.0506423723109301,0.0002498000466131,0.0007041487093217,0.1226811894323674,0.3855593066067707,61.168532332328205,281.8204922071055,274.5908514188846,2.341513885369118,2021,1
21,安徽贵航,117.251147,30.531068,0.0531111810798999,0.0002083586065522,0.0004391334844255,0.1207003067453535,0.356571967192128,54.23131455017938,282.2659464939778,273.23166095074384,3.6526094903116495,2021,1
22,安钢信阳,114.038243,32.488704,0.0512536714721983,0.0001081170627588,0.0005877324913397,0.1261116826272271,0.361161764248701,79.25920186835356,283.43383663785613,271.31411687849953,1.42926628691998,2021,1
23,安钢股份,114.283145,36.122129,0.0652830154930983,0.0003510416395235,0.0010093052283262,0.1397937026985148,0.4913587941333316,129.9099457847509,280.5259387630827,267.1912326351228,7.565179514474864,2021,1
24,宏兴钢铁,118.871477,39.700721,0.0737248852150677,0.0003114040365745,0.0007101810474451,0.1603166193213186,0.3535778647199271,67.11131561587536,273.9161757150682,261.2854602521048,3.226610610956546,2021,1
26,宝武鄂钢,114.861313,30.39574,0.0585334687392913,0.0003315097079865,0.0004357190767024,0.1206659797260143,0.3983863698101074,130.76725976869528,282.7574463181033,274.8669926144977,9.363023940156786,2021,1
27,宝钢八钢,87.304639,43.852147,0.0468499148115935,,,0.1488116964164764,,64.84433487446358,261.56211852381296,252.20699120524185,15.865150748144371,2021,1
28,宝钢股份,121.440087,31.41623,0.05327784615464,0.0004148990603467,0.000321221850367,0.1234190400727604,0.4021055609690122,152.79741966467063,283.2773122085536,275.1203303991156,20.76726091157629,2021,1
29,山西中阳,111.161118,37.370796,0.0418116194147608,0.0001450454421,0.0008359966652165,0.1427609433572667,0.3412073411575753,26.30855711061031,272.729247808426,262.07588034204514,2.5839259427029324,2021,1
30,山西建邦,111.37916,35.668163,0.0733933261800601,0.0002544929052142,0.0007489988062844,0.1370294904784304,0.4994939121332519,68.13795076908295,279.90517041564107,265.4024380998596,4.462481928590716,2021,1
32,山西晋南,111.51465,35.678541,0.0652258521660116,0.0002414415294999,0.0006198766639146,0.1370920837165223,0.4444876111473438,55.12040246458128,280.2301259262025,264.4470788185501,2.391737922973133,2021,1
33,山西高义,111.258436,35.586841,0.0657723312617968,0.000240935557641,0.00072854752622,0.1367757626015247,0.5043063665735166,71.25804454919745,279.35294877141695,266.19119771150554,1.9758590170793624,2021,1
34,广东韶钢,113.654289,24.704815,0.0543576582392936,0.0001198197511,0.0002995135112396,0.1101371215125793,0.3574552547431225,51.606533099322526,289.0650898196494,280.1207833556934,4.859984762769677,2021,1
35,建龙西林,129.287919,47.495036,0.047879128425465,0.0001118549801478,,0.1916750987329069,0.2099464695905614,14.281988238961574,252.2924632714989,250.26914238437712,1.058168706395153,2021,1
36,德龙控股,114.384832,37.086116,0.0647221691499145,0.0003592670618566,0.0009291785309944,0.1432336102247295,0.4309835139344704,126.71671356656589,279.02621811358625,265.92170867071144,7.159862200573289,2021,1
38,攀钢集团,101.693628,26.551896,0.056771219442194,0.0001169490402896,0.0003097072479103,0.1111079651123629,0.3557710063485857,51.1621287557773,293.2257462859584,284.0587351995803,7.061431319454537,2021,1
39,新兴铸管,114.128189,36.621504,0.0786462658044595,0.0004193578450806,0.0010325149683377,0.1413535806596166,0.430180189932955,108.80371130273124,278.7350536753389,267.0130643205362,3.930468532881537,2021,1
40,新金钢铁,114.216151,36.715444,0.0869553184333056,0.0004415797522215,0.0012321855306987,0.1417065792220979,0.4430703077973184,117.98307785011455,279.34929165504093,266.535692219444,3.806733724012946,2021,1
41,新钢集团,114.932403,27.790574,0.0607079432990959,0.0002420347053004,0.0003313250512022,0.1153397860998342,0.3580411698113018,52.92744791222375,285.4926316723,275.75049727856697,5.796609759353022,2021,1
42,方大特钢,115.99204,28.645441,0.0548274282114301,0.0002627142079763,0.0002691698283255,0.1170777019788375,0.3747322900762879,85.53659114340917,284.7532619227195,274.8925054406329,20.341511830008784,2021,1
43,日照钢铁,119.36115,35.158382,0.0674813513768141,0.0003024350922975,0.0008302758504326,0.1380866272635724,0.3643151623654834,67.40583430303309,277.1187581868215,270.0809514020673,11.215183871457825,2021,1
44,日钢营口,122.395441,40.671136,0.0588657695062528,0.000230170497669,0.00024027489221,0.1671902414411287,0.2521115384939917,50.97006550158767,267.73606946170725,257.5506765604483,5.133761330715043,2021,1
45,普阳钢铁,113.925994,36.733675,0.0757702498579877,0.00033604645127,0.0010899276875856,0.1415960698095376,0.4028085172807226,102.64397259535144,278.1839870394841,266.4550365140552,0.9666498412202188,2021,1
46,本钢集团,123.722099,41.274132,0.054340908314691,0.0002844063785415,,0.1711090739329138,0.1521843440328229,48.48189319007982,265.4418317961168,257.65172305188764,7.227023404192829,2021,1
47,柳钢集团,109.373148,24.379047,0.0646394932588587,0.0001573333679608,0.0001633053357965,0.1104053869366425,0.5993910430033735,58.06183547942334,290.2702054169644,281.2061442281778,13.94772194124821,2021,1
48,桂万钢,108.412344,21.687637,0.0593385206397463,0.0001249917718349,3.920370827828404e-05,0.1088182219269115,0.5455631005183098,50.15579418454763,292.0223266505898,284.583998532551,7.178144419808197,2021,1
49,武安文安,114.177621,36.684389,0.0861354892276298,0.0004436165034845,0.0011434043255713,0.1415431054034613,0.4420485589811148,113.9868459294038,279.19050892616025,266.84462347165686,4.730415007066193,2021,1
50,武汉武钢,114.444975,30.616222,0.0588056600460416,0.0003640314332482,0.0005124429061868,0.1209595943082198,0.4430427224284249,155.17602491854632,282.51318374480746,275.28669644739125,20.99433715966512,2021,1
51,永钢集团,120.739658,31.839485,0.058704932096093,0.0004192401584818,0.0003622763543215,0.1249859802350095,0.3461544611346257,73.2106570922042,282.5043083338527,273.01307461137003,7.753319576308101,2021,1
52,汉冶特钢,111.534635,33.269324,0.0549442909129543,7.241227721214496e-05,0.0006225397256423,0.1277770843277783,0.3678373727085086,68.92419435189368,282.5159842140736,273.2338454968305,1.331275721050085,2021,1
53,江苏镔鑫,119.279989,35.09556,0.0634289352499783,0.0003058660274307,0.000859091000488,0.1378185810693788,0.3573685095371506,72.09550782363061,277.31513196355746,269.3714718862945,9.135670072447768,2021,1
55,沙钢股份,120.647295,31.967456,0.060316765512856,0.0004290596549921,0.0003983318839541,0.1254408292772722,0.380807396332476,71.15862290209337,282.46214525213713,273.3797837158385,10.608938039063824,2021,1
57,河北新华,117.784839,38.288605,0.0609050041653916,0.0002463301998455,0.0010828685423546,0.1507406557593689,0.6250123974101622,64.166306196932,273.3338726163918,266.524142356002,7.603594636624307,2021,1
58,河北津西,118.220547,40.209844,0.0692710520190809,0.0002103161921963,0.0013355209279778,0.1626810227954197,0.3118364639170387,73.28355098730434,272.9754573381586,261.6432572188473,1.911677507177153,2021,1
59,河北烘熔,113.981172,36.640411,0.077470993494958,0.000369252055975,0.0013004907401668,0.1413891598594013,0.412279436249803,106.56123095031944,278.06757709522213,266.66707965101057,1.1203128946929426,2021,1
60,河北荣钢,118.558755,39.880661,0.0754920494126193,0.0002881457239854,0.000624467601004,0.1611325715178767,0.3190918914493619,78.77072332956465,273.98371182646054,261.1824761274993,3.628532429640357,2021,1
61,河钢承钢,117.734527,40.952513,0.0525813489240811,0.000152315754978,0.0003950318033878,0.166182966069971,0.2794694595619112,44.541091391748544,268.72787191703065,260.3461187240533,2.92972474393306,2021,1
62,河钢舞钢,113.492311,33.28384,0.0504205064725584,0.000143776022748,0.0005249500866584,0.1282853549722437,0.3489822658254261,86.33039133901421,282.61154339695946,273.4295100483243,1.95999285176329,2021,1
63,泰山钢铁,117.627728,36.22141,0.06506246933824,0.0003580895534299,0.0009812777882735,0.1433468739935978,0.4187421418033575,80.75336666024668,277.0034046984408,265.84512322331807,6.537777175650458,2021,1
64,济源钢厂,112.553774,35.086396,0.0576352900262179,0.0002607055852642,0.0008022156912893,0.1348024483447387,0.5169846288422485,95.92528148347876,280.79386668929146,270.6945526020794,5.694387322814698,2021,1
67,海城恒盛,122.83646,41.056042,0.0609885135123958,0.0002590964006625,,0.1694763836989986,0.1954281073054017,81.39807050611125,267.30938140687994,255.6287112461712,3.690725884040722,2021,1
68,涟钢,111.967343,27.747782,0.0607767002394872,0.0002184467171044,0.0002954923518005,0.1156069528978881,0.4712864756330663,81.4236855717354,286.1756007230203,276.25981759154143,5.170864937972529,2021,1
69,淮钢特钢,118.988442,33.566039,0.050433001139785,0.0002971953611086,0.0003532924419309,0.1317289111000919,0.4522910526565002,64.60696659535344,278.9526552551564,270.70372943892943,17.04443614410468,2021,1
70,港陆钢铁,118.073913,40.183913,0.0664858822829744,0.0002548023994845,0.0021868523474779,0.1623720117007868,0.3397179705755187,73.19212613765558,273.78532856042506,261.32545060411013,2.234239264251601,2021,1
71,湖北新冶,115.125838,30.204603,0.05624683706284,0.0003158036019725,0.0004010654431381,0.1200819727606539,0.3909707842207512,312.1267297956365,281.96098587976667,275.2530961393029,5.358960974012987,2021,1
72,潍坊特钢,119.238427,36.644469,0.0549058608300502,0.0003169114361806,0.000968281378579,0.1440448619907791,0.529854963233441,75.50337954853603,276.0695300807064,265.8270532193356,12.629098465661407,2021,1
73,玉溪仙福,102.186364,24.012309,0.039457483890399,2.830859767928693e-05,2.255639156149471e-05,0.1087117553087689,0.2320582320689823,16.120344665066153,292.715295954725,284.66087386723,1.082408087663876,2021,1
74,玉溪玉昆集团,102.543682,24.465884,0.0359142806639224,3.792660535334526e-05,0.000195500341259,0.1085530394003337,0.1991188905181531,19.254234544979745,289.70074307461005,279.9293063646187,2.5368056633488587,2021,1
75,瑞丰钢铁,118.272056,39.497472,0.0645457584242594,0.0002365077333505,0.0010583577500615,0.1579995294097681,0.3545607967560782,67.03339598719496,276.0482145810072,261.2656918667917,2.767757585752782,2021,1
76,甘肃兰鑫钢铁,103.933888,36.510351,0.0346417779978589,0.0001118232222246,0.0007183653839232,0.1360419792273041,0.2603693808758731,50.90048205147468,276.6087440809183,258.4316991831544,0.8110273847668263,2021,1
77,石横特钢,116.533981,36.229201,0.0605085058674596,0.0003418915661887,0.0009770652465631,0.1415460434604237,0.4826631757818844,98.42236671779008,278.4966404510096,266.34810043250064,5.472061655270252,2021,1
78,联鑫钢铁,120.774892,33.211332,0.0528799205438283,0.0002803996424759,0.0004448201143469,0.1304560741670317,0.4238134155453364,42.16176190906974,279.53776911770467,272.8467538230947,2.6293360447424514,2021,1
79,荣程钢铁,117.495794,38.970638,0.0680960870599625,0.0004260360239731,0.0018137316040899,0.1545650527668527,0.4556464535170395,68.87752691860736,274.73488564135283,264.8825318276765,11.186546764269496,2021,1
80,萍钢股份,116.27527,29.778431,0.0560640519935837,0.0002256904814888,0.0003577738521396,0.119180218473747,0.3649252097443476,63.5236152062591,282.73695107394855,274.68107244554244,2.052512410848345,2021,1
81,衢州元立,118.848341,28.902581,0.0519110041860602,0.0002158044659422,0.0003848333292005,0.1163969373248909,0.3535908477690119,41.8522745349037,284.3284978515188,274.73643892946205,9.01724041060605,2021,1
82,裕华钢铁,114.098377,36.731752,0.0839580354511258,0.000413088683372,0.0010100973660882,0.1416939470737054,0.4406332332729866,103.12489265068028,278.9704032655208,266.5601165830627,3.3382377694465664,2021,1
83,西宁特钢,101.671414,36.66856,0.0397579509218384,0.0001685292647993,0.0006948977613331,0.1350082288032779,0.1473178060086065,27.37363224980527,273.19983994252766,259.3664034287482,11.343722015266303,2021,1
84,贵港桂宝,109.63938,23.089502,0.0572832243870274,9.172373538442508e-05,6.162615501792037e-05,0.1094927281507139,0.5609665364005572,71.02213928935596,292.9633227131222,282.127916374006,6.584229536645239,2021,1
85,辛集澳森,115.184798,37.752351,0.0638455916578557,0.0002646366302177,0.000827713574487,0.1475608205878611,0.4670894143756788,102.37251046874007,279.5574673462794,263.1979774906733,1.4757908435736062,2021,1
86,达州钢铁,107.453099,31.18945,0.0573952686611307,0.0001769106414641,0.0004984977867967,0.1206049682817625,0.5186648037020535,89.40584322606843,281.5834582719165,274.5038492117417,9.22809808940629,2021,1
87,迁安九江线材,118.563418,39.95945,0.0743182663908216,0.0002847819315953,0.0012446377499913,0.1616201548978563,0.3344800858141537,76.18052286306116,273.49840011954376,261.8567237333111,4.654061426510903,2021,1
88,通钢,126.022349,41.779125,0.0449788447138059,0.0001321339614367,0.000820245711284,0.175098001300057,0.1942535437911156,29.199313189565142,261.1886350750969,254.2257085896263,3.998453398488144,2021,1
89,邢台钢铁,114.452352,37.041601,0.0658637719371509,0.0003653499950902,0.0009094391693203,0.1431809231877271,0.465060776697598,126.71671356656589,278.95265948051474,266.0723513414354,11.659418847918031,2021,1
90,邯郸中普,113.928977,36.711757,0.0768112096955129,0.0003441874498635,0.0011851922120369,0.1415301385395367,0.4097197038324553,105.49334018880636,278.16586143759764,266.4333580535139,1.0991286324478606,2021,1
91,酒泉钢铁,98.286265,39.807065,0.0383143267352429,0.0001081455364061,0.0004771693906128,0.1440109611467168,0.1251975856083505,33.37376550710842,274.9248177809752,260.3838896595113,9.546870613753184,2021,1
92,重钢集团,107.040368,29.790253,0.0605786587284512,0.00026849587611,0.00068248342122,0.1177134246608571,0.7765430086359836,87.1618097223073,283.51044314280784,276.65049997110776,5.784144364355669,2021,1
93,金鼎重工,114.111677,36.718952,0.0855045454174927,0.000422846474628,0.0010045085961417,0.141658888050301,0.4424149428427307,105.62344913660549,279.0605537627587,266.6571940180274,3.836983947660057,2021,1
94,铜陵富鑫,117.772866,30.907561,0.0530173336607564,0.0003096281491944,0.000501871990723,0.1215625229106487,0.4163609851523484,62.9440841089829,281.6204583769244,274.7096895175276,6.875512631962479,2021,1
95,陕西略钢,106.167206,33.323678,0.0464100819249829,3.133088502377977e-05,0.0002743188596215,0.1268216795817363,0.286704290673554,36.07258101949924,277.2801063160846,271.6788820230745,0.7734481159670284,2021,1
96,青钢控股,120.390032,36.216949,0.0549964699097113,0.0003255582342502,0.0009114260483735,0.1426663394533335,0.4363326206996135,59.42070302467073,275.1970594527832,268.03605064327047,20.714184311733,2021,1
97,鞍钢股份,122.983054,41.148267,0.0629844366644745,0.0003200617339856,,0.1699683087406993,0.1888280393882892,68.4229379620811,266.72026479947044,258.7264504785034,18.423895832583195,2021,1
98,首钢水城,104.877413,26.595229,0.0388918061263025,7.417857186027126e-05,0.0005067085320345,0.1110482534608487,0.3495298340049324,26.74435428673405,284.5119421554854,275.2811841273063,6.989641623115545,2021,1
100,首钢长治,113.060809,36.356404,0.0442147290895171,0.0002315521368296,0.0009755307430572,0.1399033908111987,0.2756248065254038,49.01422546597565,277.9838156856383,262.9476939515342,3.5908396926630184,2021,1
101,马长江,118.465162,31.502272,0.0531335445586586,0.0002681188251927,0.000549240880114,0.1234669110283525,0.4094958909509276,69.40172994033243,282.12860262097314,273.7603854114001,6.15369228964384,2021,1
102,龙腾特钢,120.835685,31.723833,0.0569012485767149,0.0004093276286727,0.0003353601033407,0.1247658543492524,0.3635951213671948,73.2106570922042,282.4767943915651,273.2192915048301,12.034117915459612,2021,1
103,龙门钢铁,110.575788,35.618466,0.059049547875874,0.0001924365590095,0.0008215144220529,0.1369507382204228,0.4814418894912181,50.67320170832215,278.1636660638326,267.0398392328713,3.709154988756468,2021,1
1,东华钢铁,118.256774,39.468366,0.0624603688473109,0.0002631259460584,0.0010427990428874,0.1610127062343806,0.5008396122813109,63.854287478062105,284.0487429254292,266.00979532643584,2.79110246279552,2021,2
2,东海钢铁,118.624794,39.748373,0.0719860906862073,0.00029368620029,0.0009894664065679,0.1623119013220033,0.493621241338285,62.16623861291379,282.4307367857025,266.3017830112878,4.09098505888474,2021,2
3,东特,121.759531,39.05443,0.0510282870855131,0.0001208069712124,0.0006780545375595,0.1618129200093269,0.4299588812510954,49.56649646159678,278.39689761253527,268.4954584515571,17.653817242091872,2021,2
4,中天钢铁,120.081591,31.702681,0.0540427655652014,0.0001824506225331,0.0003217363970047,0.1318811703046536,0.41241783464619,65.80827971447434,290.6753418061913,278.8277224445063,14.436278897076166,2021,2
6,佰工钢铁,118.819472,39.748773,0.0776669456598587,0.0002840033792728,0.001261209809979,0.1625119496090013,0.4937984793962985,58.22316495596169,281.47485373218035,267.54377703662414,2.931195698720237,2021,2
8,兴澄特钢,120.320504,31.938905,0.0540084840024178,0.0002083220567905,0.0001604466060548,0.1324474700515343,0.4536539817394415,60.55084583821547,289.544920426222,279.3489419947909,17.9869858057782,2021,2
9,冷钢,111.437288,27.690401,0.0583968974813063,5.8167805277895616e-05,9.885192119841248e-05,0.1251895612484793,0.4694687695122928,63.932340507768046,293.3435845151843,282.00490596816473,1.2422998979299935,2021,2
10,凌钢集团,119.41374,41.271048,0.0464767261776736,8.068691504707834e-05,0.000812508812017,0.1691886958574726,0.3589084040454789,30.58879162817493,277.98121747930776,264.9865029158555,4.237579785203573,2021,2
11,凤宝特钢,113.872158,36.131666,0.0648860137456493,0.0002012805845325,0.0006507609912042,0.1433045074566826,0.4567179505759365,68.36805929417376,290.5870664706571,274.16916057195306,4.156042087337467,2021,2
13,南钢股份,118.746315,32.200797,0.0536570093304191,0.0001975518965835,0.0003158668158908,0.1327103998667536,0.4529362445018624,68.27247744922715,289.9853805692846,279.99938642870586,18.831291087817096,2021,2
17,太钢,112.57052,37.970033,0.0435425655047786,0.0001688839187784,0.0006938640368818,0.1491387793660075,0.2956677316422381,56.7465251147716,283.4285660213172,268.85700131964035,20.312584380630888,2021,2
19,宁波钢铁,121.876423,29.918776,0.0486925329836191,0.0001486420216851,0.0001797366044825,0.1276912297808659,0.4659036761694169,39.58517172311977,290.5782735527139,279.58417902536246,17.27012076111048,2021,2
20,安徽富鑫,118.067833,31.194505,0.0562036090005165,0.0001139230204003,0.0002657478540875,0.130098266164152,0.4699450773778185,49.84079592928048,288.5863933685481,280.6978557244402,2.555781154313636,2021,2
21,安徽贵航,117.251147,30.531068,0.0545475284467724,8.215220362433648e-05,0.0002324329923968,0.1291004133389715,0.4504630141119422,51.38703329521377,289.1265063051662,280.7461384614768,3.2520138732636283,2021,2
22,安钢信阳,114.038243,32.488704,0.051183198248451,7.73135834471395e-05,0.0004750336783266,0.1340377545222007,0.4362948379390747,61.235219561694976,293.0696518146636,277.06630047511203,1.486364378237666,2021,2
23,安钢股份,114.283145,36.122129,0.0687574682521273,0.0001583859433089,0.0007389514585403,0.1438477215935971,0.6514053768144857,80.68764302050303,290.2026206992327,274.49833745590684,8.838361225996826,2021,2
24,宏兴钢铁,118.871477,39.700721,0.0792264946455647,0.0002887175473787,0.0011210494262662,0.1623149475160871,0.4852755820253908,58.22316495596169,282.3635164331648,267.03860382957293,3.0471136468113937,2021,2
26,宝武鄂钢,114.861313,30.39574,0.0554252134707615,0.0001332096079058,0.0003780176054391,0.1292889822107247,0.4679751781279493,110.42820279068184,291.44307851768554,282.3709198018681,8.981033995435617,2021,2
27,宝钢八钢,87.304639,43.852147,0.0448220876366426,,0.0017059642566638,0.1540088220157428,,49.108734551699285,269.4964383757923,258.41812770340835,15.20141608760838,2021,2
28,宝钢股份,121.440087,31.41623,0.0476210521574762,0.0001421268177544,0.0001942942112015,0.130527585992998,0.4188930908309365,119.87379819533771,290.3129870476068,280.05940155708987,18.288296877218222,2021,2
29,山西中阳,111.161118,37.370796,0.0413954036368717,0.0001011525157647,0.00076245534587,0.14650050955947,0.2542506478434208,30.14815774804447,281.09375640909764,270.33708604063975,5.367668354221252,2021,2
30,山西建邦,111.37916,35.668163,0.0713136138325724,0.0002119424075738,0.0006540718205563,0.1413968838005456,0.4944784304001211,63.52798577223817,287.7133576864516,272.46342597544503,5.39418834489834,2021,2
32,山西晋南,111.51465,35.678541,0.0694931015867765,0.0002045117992984,0.0007142953615223,0.1414349215686672,0.4689410796584362,50.93207278150658,288.20391380653047,271.92827711769024,2.482557722864762,2021,2
33,山西高义,111.258436,35.586841,0.0635634191401514,0.0001888322565835,0.0005386763133314,0.1409866774714713,0.4678950339340289,65.1057900422388,287.89543036455075,273.5560940301899,2.149556651985112,2021,2
34,广东韶钢,113.654289,24.704815,0.0605307117124251,8.227071974897927e-05,7.658745839387138e-05,0.1221959448737675,0.4670772132014885,48.51374614778976,295.66871387677327,287.2858865692628,5.821881411062839,2021,2
35,建龙西林,129.287919,47.495036,0.0429576069062305,,0.0011524437519691,0.1897767411151022,0.1553178031275028,11.949251933005918,259.71187834485374,254.8455730913221,0.9124006359752056,2021,2
36,德龙控股,114.384832,37.086116,0.0685487695182735,0.0002594976491864,0.0011751603494993,0.1477365597901614,0.5491350226385479,86.42163606964459,288.3167905856918,272.8418658117522,7.936924905823247,2021,2
38,攀钢集团,101.693628,26.551896,0.048476731893169,7.280280129394477e-05,0.0002897381539296,0.1229278255875649,0.1783392218022413,44.8573374001171,298.4875198555281,286.329855012756,6.669524461551254,2021,2
39,新兴铸管,114.128189,36.621504,0.0749750589563283,0.0002955829926982,0.0006850356401336,0.1453279942205159,0.5346283376603367,74.94483687590267,288.9902632686671,274.66005571086873,4.766323772268775,2021,2
40,新金钢铁,114.216151,36.715444,0.0786327415930166,0.0002974555552446,0.0007588299322781,0.1458288866068149,0.5605714832515382,80.00530728692537,290.1435963220386,273.95512446691123,4.9638456757082166,2021,2
41,新钢集团,114.932403,27.790574,0.0612204819600034,9.037296360489712e-05,0.000172864331441,0.1251314534797784,0.4475770162766357,48.69961622884829,293.51310579242755,283.1395219948837,5.554717685351407,2021,2
42,方大特钢,115.99204,28.645441,0.0539907538734919,8.55699909585835e-05,0.0002207891121837,0.1262134319649986,0.4947039746783535,79.182910894815,293.43948191559133,282.9444211335758,18.23396870067783,2021,2
43,日照钢铁,119.36115,35.158382,0.0640735556653015,0.0001841343005801,0.0004434267358193,0.1423299147235421,0.3939227410196613,48.646136972558914,285.294915867556,275.9179615610825,11.9101270458646,2021,2
44,日钢营口,122.395441,40.671136,0.0590243047234513,0.0001944263613307,0.0006274081245183,0.1685751400582185,0.4287682942497863,46.66221542493077,274.807992542305,267.3960980665846,6.787620548744112,2021,2
45,普阳钢铁,113.925994,36.733675,0.0790513388308202,0.0002978386000738,0.0009864594903303,0.1454765674075938,0.453123607976152,71.35140134218655,288.2679680198348,273.7155767477299,1.1640402244266266,2021,2
46,本钢集团,123.722099,41.274132,0.0593930411664985,0.000269014281389,0.0008637551597015,0.171896082741024,0.2260019249039888,43.74952830992244,274.43992236601537,265.97792560613425,8.514753523758126,2021,2
47,柳钢集团,109.373148,24.379047,0.066569073340379,0.0001449544661781,0.0001732420622026,0.1223020556138555,0.7786094792598617,48.798377954678365,295.8682846487576,285.70979843110246,15.353153225646295,2021,2
48,桂万钢,108.412344,21.687637,0.0579394686386085,8.077755236105032e-05,0.0001596918822421,0.1201494641241374,0.5513585073593235,35.23637559510462,296.19345794754213,288.7081053278261,7.942626776843121,2021,2
49,武安文安,114.177621,36.684389,0.0800239559871528,0.0003085419158265,0.0007701551702584,0.1456224240551248,0.5546806977996621,77.78494387700542,289.65869372832094,274.31666490169835,5.888591094455116,2021,2
50,武汉武钢,114.444975,30.616222,0.0553353263703549,0.000167133504139,0.0003203126561852,0.1295475399805524,0.508118947791612,128.35918994369422,291.2801467706728,282.5687246851919,16.40232156998626,2021,2
51,永钢集团,120.739658,31.839485,0.0558738443284595,0.0002023708544806,0.0002870972122991,0.1317650128488782,0.4027335441815233,61.53867104785604,289.4807594154737,278.12566926693887,8.004813249894069,2021,2
52,汉冶特钢,111.534635,33.269324,0.0544139448810217,6.034876986817912e-05,0.0006139383115568,0.1345229744529512,0.3288777572759782,53.31232699745669,291.48577327499464,278.4095513605748,1.5489615370432546,2021,2
53,江苏镔鑫,119.279989,35.09556,0.0593338791959652,0.0001754693946112,0.0003488080335187,0.1420548553131755,0.3848597277647312,47.76576755910147,285.84435733859283,275.0304142283853,9.900174690446386,2021,2
55,沙钢股份,120.647295,31.967456,0.061496414073602,0.0002444696651328,0.00032595071452,0.1320960435984936,0.4635781930502939,58.11990237867027,289.0739669929194,278.49035782579585,10.822306705883202,2021,2
57,河北新华,117.784839,38.288605,0.0588957045681054,0.0001207913981617,0.0007325108258592,0.1540753438005478,0.4946608911541608,46.59501447374807,281.1126285052901,274.0455150384264,7.582399066891276,2021,2
58,河北津西,118.220547,40.209844,0.0610825190392738,0.0001628319254964,0.0016902398321667,0.1638886541508608,0.4214611036749069,70.66025404133288,280.8793648536634,267.0979379090827,1.986696518167906,2021,2
59,河北烘熔,113.981172,36.640411,0.0749696975967837,0.0002911983009994,0.0007717066940814,0.1452117865434938,0.4875877628710067,73.71606614015036,288.3004694453042,274.2435552637298,1.4472130479140572,2021,2
60,河北荣钢,118.558755,39.880661,0.0751754687253151,0.0002770151751841,0.0013625125901441,0.1628663597427542,0.4836683726258531,66.2751722674001,282.0879891046607,267.0719528379844,4.017387285678523,2021,2
61,河钢承钢,117.734527,40.952513,0.0563606288450936,9.377751640721784e-05,0.0015688811102766,0.1663891059965933,0.3603164379258085,44.69595852558835,279.08770808709886,265.84463777351607,4.101394946479589,2021,2
62,河钢舞钢,113.492311,33.28384,0.0514957201997158,0.0001010772878752,0.0004705404403718,0.1361316141141232,0.4515665540375776,60.31318299155171,290.1932541060319,279.2018437653824,2.2647782974094746,2021,2
63,泰山钢铁,117.627728,36.22141,0.0546646077009481,0.0001670507482169,0.0004605232058244,0.1459782417399881,0.4033364473772439,52.75071046639823,286.7687235219962,272.4164052299468,6.535375758455786,2021,2
64,济源钢厂,112.553774,35.086396,0.0575657641228129,0.0002058255643258,0.0005423372463063,0.1398754534570175,0.4609109313727129,77.36585993072654,290.2992260710307,276.27342252241704,6.305296298787208,2021,2
67,海城恒盛,122.83646,41.056042,0.0625805701996855,0.0002221242439337,0.0003993360423905,0.1700147252074682,0.4039583397291576,61.4381434616007,275.22799837084625,265.9754895801772,4.894463108861379,2021,2
68,涟钢,111.967343,27.747782,0.0601739445319597,0.0001060049546871,0.0001894868351606,0.1252987917545631,0.5633449527227822,69.59891862834411,294.286584768957,283.3467555999804,5.239160989603628,2021,2
69,淮钢特钢,118.988442,33.566039,0.0498120011252538,0.0001459154736696,0.0001970666814196,0.1371988202751236,0.5206668060223134,42.521678815244776,287.5772081212666,277.4621981125315,17.379513519242554,2021,2
70,港陆钢铁,118.073913,40.183913,0.0633424631588679,0.0001903499657531,0.0015434504616347,0.1636460324726495,0.4600695280497191,72.66841350883624,282.1308542212432,266.6709606446504,2.3347422170286203,2021,2
71,湖北新冶,115.125838,30.204603,0.0566361647401745,0.0001476424191813,0.0001655475520969,0.1287371167103731,0.4451995399906691,246.7843671638548,290.62352931804384,282.6440942508634,4.670315241149199,2021,2
72,潍坊特钢,119.238427,36.644469,0.054076637958309,0.0001634831362556,0.0005626356244337,0.1485617996753593,0.4798862790039255,48.927216056426914,286.9172474498353,271.8124009730399,13.024939978973478,2021,2
73,玉溪仙福,102.186364,24.012309,0.0411160001081644,2.6110850265111e-05,2.9036156113233107e-05,0.1206156008800827,0.2581361517478461,12.19341345593462,296.06369228142137,286.1523458445982,1.0683851904595567,2021,2
74,玉溪玉昆集团,102.543682,24.465884,0.0371455670666183,3.046962885052072e-05,7.108931212109709e-05,0.120619156420631,0.2152798593689705,15.540612086477022,292.3001378213588,281.3778831139915,3.0667705108058523,2021,2
75,瑞丰钢铁,118.272056,39.497472,0.0629997653454046,0.0002741427944693,0.0010833301250811,0.1611474469033464,0.5015752889979025,63.46822016627318,284.1820629807205,266.0320995847416,3.022393228915196,2021,2
76,甘肃兰鑫钢铁,103.933888,36.510351,0.03470057858572,6.464086506400568e-05,0.0005353698371713,0.1396114749894073,0.1913020409313442,41.25428887391536,288.9323145949294,266.549980483444,0.8551238294846382,2021,2
77,石横特钢,116.533981,36.229201,0.0518049883482737,0.000183280169335,0.0006476447935316,0.1455033441573154,0.4304919914465509,57.7272159543125,288.0319914947276,273.7175153860692,5.580449641947548,2021,2
78,联鑫钢铁,120.774892,33.211332,0.0478203554060854,9.53575845877204e-05,0.0002867338339356,0.1355582826851229,0.4329703267390345,35.33570278820464,286.2152976416825,277.8862482723093,3.2790561943679792,2021,2
79,荣程钢铁,117.495794,38.970638,0.0624189594072555,0.0002937315806073,0.0009783410801386,0.1576475189538498,0.4614314883741805,48.33859827565027,283.40961551767,270.0829956114957,12.331167172784063,2021,2
80,萍钢股份,116.27527,29.778431,0.0565585033599302,7.812171905732684e-05,0.0001994516716155,0.1274565233175834,0.4577283436765714,62.59207697099732,290.0158617013245,282.4830233820099,2.478425217083825,2021,2
81,衢州元立,118.848341,28.902581,0.0513227576643494,6.440210139288138e-05,0.0001635726520401,0.1263236940457282,0.4251055679993827,37.8646447529718,292.58105056775986,280.64324493687445,8.054291497708508,2021,2
82,裕华钢铁,114.098377,36.731752,0.0831336803730008,0.0003204691027827,0.0009839656456512,0.1456512297942408,0.5282712824081909,71.63077308299907,289.3353388963994,274.2813598163896,4.12676070674488,2021,2
83,西宁特钢,101.671414,36.66856,0.0404105739037859,9.228947912054476e-05,0.0005151445650473,0.138697572109478,0.1508966502188997,27.189422269202623,283.09441189307853,263.7934002429958,11.50991310871973,2021,2
84,贵港桂宝,109.63938,23.089502,0.0568179238106942,5.709899071069569e-05,6.815989434924616e-05,0.1216379627992683,0.623197285159056,56.44564371840289,299.5805772989644,289.0601558491425,6.88590003604943,2021,2
85,辛集澳森,115.184798,37.752351,0.0570188603428602,0.0001666537851917,0.0009040243171336,0.1516825542192479,0.5192472233643061,77.11437177704283,287.4802801077784,269.986310963018,1.647822385267918,2021,2
86,达州钢铁,107.453099,31.18945,0.0531580757812966,0.0001466531010987,0.0002321221737766,0.1308345628578135,0.539971201895055,79.94011689602623,290.4583845718813,282.3701256536826,10.218992133124964,2021,2
87,迁安九江线材,118.563418,39.95945,0.0797458760990616,0.0002782163089167,0.0015191356956032,0.1632167773559053,0.5068346954949237,66.148515928371,281.2613702361706,267.6414229565958,5.16222177212723,2021,2
88,通钢,126.022349,41.779125,0.0460477063120538,8.337865155688113e-05,0.001328332080999,0.1742075380237916,0.3740454545454545,29.32995535331884,270.21356043821373,262.52274064105603,6.048746793385686,2021,2
89,邢台钢铁,114.452352,37.041601,0.0675248558391996,0.0002511113766636,0.0011192039738533,0.1476205590738558,0.5627171691143881,86.42163606964459,288.4689147325613,272.9375664388542,12.982451878311789,2021,2
90,邯郸中普,113.928977,36.711757,0.0786138387545458,0.0003025004358737,0.000973033033795,0.1454037201511242,0.4588848664799878,73.07143066732837,288.4385198888175,273.7280785106686,1.3383702840141762,2021,2
91,酒泉钢铁,98.286265,39.807065,0.0347803219656675,5.75351176525266e-05,0.0006343397040282,0.1473060548529705,0.1454590029723552,25.477127339883445,288.158360815321,268.39068726234683,7.03195326272432,2021,2
92,重钢集团,107.040368,29.790253,0.0588036543633403,0.0001912531922967,0.0002151100086215,0.1287888396886309,0.706624062106516,76.37446020479403,292.4671194754717,283.5285449635196,8.913237933846196,2021,2
93,金鼎重工,114.111677,36.718952,0.0830602136739371,0.0003230699835337,0.0009324840420609,0.1456361091134114,0.5358616336388571,73.0973307517179,289.44959970521575,274.346206528908,4.74903856805347,2021,2
94,铜陵富鑫,117.772866,30.907561,0.0560641530491578,9.460608673173294e-05,0.0002286548257786,0.1296110950072667,0.5557543815470174,52.35562184375024,289.1099192286325,281.24336777078867,6.82624710878904,2021,2
95,陕西略钢,106.167206,33.323678,0.0426366630919427,2.7229831827276367e-05,0.000472765366137,0.1341172086889674,0.3141859122268495,31.127028414220145,285.3532113928844,278.25077047206975,0.7534835688947298,2021,2
96,青钢控股,120.390032,36.216949,0.0519400696421996,0.0001372342805695,0.0007206131049001,0.1490590509189376,0.4352669382932289,45.68312306219013,283.848044179174,273.13335552892994,22.17868449266722,2021,2
97,鞍钢股份,122.983054,41.148267,0.0621161888460735,0.0002599925932287,0.0006218570356858,0.1707236562912532,0.3485216689178853,53.85814120802403,276.78419787688046,268.0024575673785,23.91351168945894,2021,2
98,首钢水城,104.877413,26.595229,0.0364467464376096,3.628968665411556e-05,2.1889362818932243e-05,0.1222763244599364,0.3201507351551983,21.43721644642937,290.6266235498385,281.39878898858626,5.806920208772912,2021,2
100,首钢长治,113.060809,36.356404,0.047319854159325,0.0001543314538779,0.0007122427687495,0.143774489464044,0.3116622089588698,46.03554641555046,287.8228606254231,269.5411119143112,4.716958375334795,2021,2
101,马长江,118.465162,31.502272,0.0545033194317521,0.0001556953864109,0.0002833097200865,0.1310023885387026,0.4529978365249532,54.23887036761741,289.9316964618807,279.53184661414303,5.7192838787263645,2021,2
102,龙腾特钢,120.835685,31.723833,0.0495798822504834,0.0001896642111483,0.0003263641183196,0.1316493599402262,0.4161544665977905,61.53867104785604,289.4683467644955,278.4435771126529,11.6937275559737,2021,2
103,龙门钢铁,110.575788,35.618466,0.0633613709104968,0.0001477296721422,0.0006242104881895,0.1398026555055433,0.4149973148050964,49.01793187078984,286.86253878029066,274.4394692082756,3.605812255489389,2021,2
1,东华钢铁,118.256774,39.468366,0.0623541404461352,0.0002177036112491,0.0003663122054131,0.1611582759083472,0.9018566508369,61.79956967389382,292.6902528804082,273.71336261128187,2.6637780586062427,2021,3
2,东海钢铁,118.624794,39.748373,0.0601534439669006,0.0002415406372305,0.0002927136256589,0.1621908217565723,0.8397987352841526,57.25414102842053,291.3475286294998,272.8415939954394,3.664218043524542,2021,3
3,东特,121.759531,39.05443,0.0543677960985385,0.0001571731251092,0.0004653137699346,0.160130615829728,0.7690985589536286,75.35233360889576,286.42656868754426,273.52138095058,16.77388227006708,2021,3
4,中天钢铁,120.081591,31.702681,0.0563592866290468,0.0002829549761282,0.0003678224163175,0.1337842797059883,0.6336578890837143,52.65363611783869,294.8259384567065,281.9718343099141,13.45721296185128,2021,3
6,佰工钢铁,118.819472,39.748773,0.063822325901719,0.0002465884729367,0.000565301595582,0.1621641501579366,0.8196705155630843,54.966239559917085,289.7843726378408,273.9641807876056,2.762235512529457,2021,3
8,兴澄特钢,120.320504,31.938905,0.0554024830207304,0.0003040690696922,0.000209414299208,0.13458997504151,0.6275407445118062,48.91266194260197,293.8940546567812,280.8061426183216,16.327152053839963,2021,3
9,冷钢,111.437288,27.690401,0.0616768165088144,9.313542011212352e-05,0.0002028578040697,0.1223674688313941,0.4934742189788316,43.53842099933126,295.5859383337615,285.32530526101203,0.6546871471469273,2021,3
10,凌钢集团,119.41374,41.271048,0.0445595080929257,6.209837268221606e-05,0.0005229646814859,0.167558039645341,0.4585975475352143,33.82033765454696,289.04004896294623,271.6240456893336,3.5641873179027748,2021,3
11,凤宝特钢,113.872158,36.131666,0.0569832427188171,0.000142876078659,0.0002830440621355,0.1470051457397614,0.7163410086458809,61.353951227152265,293.39170310089537,277.8206493897466,3.727395384948658,2021,3
13,南钢股份,118.746315,32.200797,0.0555329022377743,0.0002447753392075,0.0001131501142098,0.1354324535585055,0.5788304600692546,59.35083891017712,294.25739801641566,281.6587279851297,15.924276632184297,2021,3
17,太钢,112.57052,37.970033,0.0468786784873616,0.0002068368074887,0.0003562922037312,0.1533356020695652,0.7428916212183718,55.47510965466434,288.8538787694027,273.70900785643016,15.785374633411488,2021,3
19,宁波钢铁,121.876423,29.918776,0.0523491087430083,0.0001508284621436,0.0001515662351474,0.1279428077305732,0.6634516354228394,30.20932413034242,293.4997998594199,282.04571951529965,18.83526911645509,2021,3
20,安徽富鑫,118.067833,31.194505,0.0605864716884427,0.0001196645026165,0.0002709415383055,0.1321353593319325,0.5083638200359306,42.93926280574719,291.8835050455868,282.4254384472315,2.405176409738385,2021,3
21,安徽贵航,117.251147,30.531068,0.0581872009437195,8.066840171665348e-05,9.667487410698364e-05,0.1295005757570706,0.510368545503383,41.43305787351892,292.30095258814544,281.4753407539117,3.2083830036188554,2021,3
22,安钢信阳,114.038243,32.488704,0.0530365073495639,5.541786641933191e-05,7.457228975926608e-05,0.1353730231225187,0.47390794103656,51.88215013163244,291.5942920333613,279.74272283694245,1.305432288402791,2021,3
23,安钢股份,114.283145,36.122129,0.0578002037178891,0.0001586398311592,0.0001919085120909,0.147438389533432,0.8067612955214518,66.30840992859137,291.8040969452702,279.4883538144256,7.764195130107661,2021,3
24,宏兴钢铁,118.871477,39.700721,0.0661066965501151,0.0002500449898096,0.0005997067590526,0.1619848736241383,0.833069132261435,54.966239559917085,289.8095592661567,273.6762170376041,2.9001648938047246,2021,3
26,宝武鄂钢,114.861313,30.39574,0.0576914654774279,0.0001766321430703,0.0001098602168566,0.1291577565914599,0.5252682097083636,77.29678002762738,292.7322938726978,284.5045424256596,8.042596456180103,2021,3
27,宝钢八钢,87.304639,43.852147,0.0425467747067133,0.0002478511356238,0.000162351576587,0.16084199482683,0.2786634435584079,34.506608600559105,281.0510098718951,266.3972652226456,10.959177910658395,2021,3
28,宝钢股份,121.440087,31.41623,0.0538974522039022,0.0003018687978288,0.0002192105477706,0.1328448530642265,0.6563670195044797,83.48058661334407,296.33970714604527,283.30097897213847,20.514707322046235,2021,3
29,山西中阳,111.161118,37.370796,0.042216946701054,0.0001267248298774,0.0005393482638886,0.1503019393976632,0.5196742723325672,33.88104019563798,286.91523270771927,273.59281001790714,2.5585125609936736,2021,3
30,山西建邦,111.37916,35.668163,0.0690659683073658,0.000154665320198,0.000708134905121,0.1460304282289937,0.9021921356683056,53.04852877646076,291.28742080027683,277.15607242123326,4.146359191353852,2021,3
32,山西晋南,111.51465,35.678541,0.0652229540888745,0.0001357940532258,0.000542784518292,0.1458545042456666,0.8845400080126384,45.42102871596399,292.1536381766448,276.95212974005653,2.3222846077620978,2021,3
33,山西高义,111.258436,35.586841,0.0660434934593569,0.0001470808355484,0.0007657456814727,0.1458373019279473,0.8581835955761363,53.47068369820577,292.1230265692735,277.5643925714933,1.5131776515738882,2021,3
34,广东韶钢,113.654289,24.704815,0.0620951776609885,8.403585845406027e-05,-7.324328510307399e-05,0.1178958957899906,0.7627377121498325,36.22693814258373,299.51428925184405,291.3108940817799,4.77641414507077,2021,3
35,建龙西林,129.287919,47.495036,0.0427310909292097,2.54295568797087e-05,0.0005261680994198,0.1883517444463886,0.1703889152355389,14.870141435566213,273.92199812604207,265.49107942752966,0.7586832278500664,2021,3
36,德龙控股,114.384832,37.086116,0.0662140610338166,0.0002756022828227,0.0007904517159454,0.1518898493340408,1.0939567447959238,73.44456776081643,293.02162979011683,277.30971342207926,6.8581141051202605,2021,3
38,攀钢集团,101.693628,26.551896,0.0486042134225202,6.15879713636162e-05,1.7566630789204193e-05,0.1199841477956335,0.3189587927484446,30.286553709402146,304.39577428830216,291.6332493222281,7.7542170446501935,2021,3
39,新兴铸管,114.128189,36.621504,0.0710888110046321,0.0002449616291965,0.0004560489604689,0.1492015749417479,0.8557905406119554,69.15474773451439,293.1567698315528,278.2201487110435,4.010235813516976,2021,3
40,新金钢铁,114.216151,36.715444,0.0773324101621044,0.0002691270688207,0.0005374779999628,0.1498205498344589,0.9221674342925013,70.56501467611699,293.7945242215995,277.9058871763568,3.866322878802432,2021,3
41,新钢集团,114.932403,27.790574,0.0610523629389674,9.985673913767724e-05,0.0001711574229686,0.1224468344402158,0.7358214424829351,37.81765609243524,296.12446797317097,284.9946406013806,4.900213449918831,2021,3
42,方大特钢,115.99204,28.645441,0.0610391235279131,0.0001290246859872,0.0001074719606453,0.1246691883355888,0.791033350568575,56.355897726234616,293.75249576158626,285.2345415396673,19.03845339707974,2021,3
43,日照钢铁,119.36115,35.158382,0.0660288652752063,0.0001777744010613,0.0003320368736169,0.1449447900280871,0.5291878358106663,57.39474555460084,291.8989349013382,277.62433513943176,11.945172845806118,2021,3
44,日钢营口,122.395441,40.671136,0.0642700885597171,0.0001860024799978,0.0005614055637396,0.1683859321471025,0.5511242191647696,52.20558918495044,285.52375434673667,272.1718359246044,4.886071687102435,2021,3
45,普阳钢铁,113.925994,36.733675,0.0872712971192107,0.0002802274436765,0.000580191832677,0.1495864142261252,0.7787593036200854,67.32282848909003,292.728363026938,276.9938743213045,1.0461240201843651,2021,3
46,本钢集团,123.722099,41.274132,0.06514108510696,0.0002697234354,0.0006941917665002,0.168743831762359,0.4081014942269115,45.7412229541228,283.39822420765046,271.8560977227685,5.588150913163705,2021,3
47,柳钢集团,109.373148,24.379047,0.0674237182547433,0.0001865642160331,0.0003967933421275,0.1176261326589009,0.8986571202743606,36.09469897100175,294.9822016723885,286.4080705504127,9.291031095555386,2021,3
48,桂万钢,108.412344,21.687637,0.0676367386916807,6.115460486767606e-05,-5.877380932757005e-05,0.1160841837975827,0.9745485641383732,29.46986299434684,297.90745462948666,292.1812524585681,4.424074378813073,2021,3
49,武安文安,114.177621,36.684389,0.0780793811315324,0.0002724086791076,0.000569118478291,0.1495875384990462,0.9067798816079236,69.98625547630414,293.648209395117,278.1507592204286,4.761811244742917,2021,3
50,武汉武钢,114.444975,30.616222,0.064436706991171,0.0002304432066847,7.898909622999898e-05,0.1297499442403976,0.5780427181208005,88.91203151506488,292.20289781747124,282.89463377971845,15.448936685314235,2021,3
51,永钢集团,120.739658,31.839485,0.0590202797798042,0.0003039377070466,0.0001759892703479,0.1342883862492715,0.6513643621688621,50.33551175870343,292.87481060109644,280.3566141320934,7.346148343765587,2021,3
52,汉冶特钢,111.534635,33.269324,0.0574698495572067,5.54904074779231e-05,0.0004465808255285,0.1379285252041769,0.4381874341696027,51.37153991086052,292.453183207458,281.92610387669964,1.200518409244168,2021,3
53,江苏镔鑫,119.279989,35.09556,0.0606537001557339,0.0001787362416298,0.0002603054051591,0.1448262893007523,0.5092361248441732,54.58291445549396,292.497368765624,277.1813676151386,9.0784441037346,2021,3
55,沙钢股份,120.647295,31.967456,0.0615609856876178,0.0003311324945454,0.000245677243325,0.1348305056443025,0.6555940011257152,47.78993594947582,293.12027230602524,280.38624874747615,9.483367622841556,2021,3
57,河北新华,117.784839,38.288605,0.0569748450387653,0.0001389781767913,0.000419475787836,0.1567273558531721,1.059534920352437,45.98819048703117,288.0474485282704,278.15607335117,8.12049609316214,2021,3
58,河北津西,118.220547,40.209844,0.0538496486372105,0.0001519109382465,0.0002796173368046,0.1638181518261927,0.6734924829983815,63.05764046192708,288.3296114002698,273.80960490808764,1.8450865868147284,2021,3
59,河北烘熔,113.981172,36.640411,0.0777740087893186,0.0002496083088644,0.0004891006926114,0.149232395769618,0.8069495627755421,68.79499636625042,292.8850949632233,277.5656634169179,1.3720228115087754,2021,3
60,河北荣钢,118.558755,39.880661,0.0601573602931462,0.0002324749095482,0.0004696428675765,0.1627640111522451,0.784230341854521,59.638279941349474,290.5534912118026,273.31546703575304,3.55534637968716,2021,3
61,河钢承钢,117.734527,40.952513,0.0498726801124037,9.588659534219724e-05,0.0007657952186733,0.1660949948146551,0.6607955650759273,46.53544557829097,286.7665780831218,273.3186684298624,2.952912428205501,2021,3
62,河钢舞钢,113.492311,33.28384,0.0485656887595188,7.145873953455324e-05,0.0001906319960871,0.1377620090936467,0.4695742558239051,54.37963953861136,289.9879120098183,280.92572699793163,1.7019221195537146,2021,3
63,泰山钢铁,117.627728,36.22141,0.0605295867931242,0.0001798864224626,0.0002660597322983,0.1481438496289918,0.7807727523521883,53.36656982990462,290.9346463855824,276.03110443888283,6.056394053415068,2021,3
64,济源钢厂,112.553774,35.086396,0.0526818463924065,0.000141840629569,0.000102172370345,0.1444489859034857,0.7259548872531477,70.14868366699564,292.52555264689823,279.2432566160546,5.406112908920939,2021,3
67,海城恒盛,122.83646,41.056042,0.0619014266455648,0.0002137481038387,0.0004505794527237,0.1696463127967926,0.5970616990977134,70.91895781741187,288.25940609701723,270.62935633296667,2.982266169335454,2021,3
68,涟钢,111.967343,27.747782,0.0626703264623887,8.985156081879635e-05,0.0001211457284607,0.1225499840725685,0.6414345307828689,46.02376790785456,297.1467980444879,285.1723489993184,5.4407336544229485,2021,3
69,淮钢特钢,118.988442,33.566039,0.0520072041322561,0.0001643340941552,4.020741856661326e-05,0.1396002448711804,0.6357748981345257,42.93517348537642,291.9331078937846,279.0730110372809,15.818078558695538,2021,3
70,港陆钢铁,118.073913,40.183913,0.0537626249411641,0.0001630341744425,0.0002403188951671,0.1638547809743008,0.6942393838717559,62.713766624256095,289.8133747190405,273.6230517030213,2.358691356090981,2021,3
71,湖北新冶,115.125838,30.204603,0.0584580231144127,0.0001138869401509,0.0001188897750624,0.1286735327094592,0.4667555100182328,167.2598131108316,292.1877459650724,284.32253904624247,4.086757167831525,2021,3
72,潍坊特钢,119.238427,36.644469,0.0571496621111559,0.0001650539883337,0.0003302263307767,0.1502323757360104,0.8729408547232659,51.44837800230562,291.6084567152409,274.94242104633105,11.798138638200184,2021,3
73,玉溪仙福,102.186364,24.012309,0.0524422900165329,3.765465136602101e-05,1.0080037137691036e-05,0.1158855301472569,0.6084466816816618,21.6463392397698,301.28897102823873,290.3632953758081,1.153892838480018,2021,3
74,玉溪玉昆集团,102.543682,24.465884,0.0436639859643184,3.5257631709529445e-05,-8.834417500913018e-06,0.1160961335326524,0.4715712339493934,24.50978719034308,297.59934924594626,284.92319638018205,2.8975381139150453,2021,3
75,瑞丰钢铁,118.272056,39.497472,0.0625395418179021,0.0002243815986684,0.0003766731615639,0.1612784648538641,0.9001004217065972,61.59177229343193,293.07291663336395,273.6082989401324,2.931134114286757,2021,3
76,甘肃兰鑫钢铁,103.933888,36.510351,0.0355902865443805,8.460438869318254e-05,0.0003079317213946,0.1447791726230621,0.5855754715823036,37.50172083982761,297.029831259223,272.3420626892264,0.7862417894101089,2021,3
77,石横特钢,116.533981,36.229201,0.0547910223200382,0.0001926921613503,0.0002537409963089,0.1486196678375198,0.890939207631798,56.718517488273726,290.50739634638984,276.8021019002194,5.647084108897953,2021,3
78,联鑫钢铁,120.774892,33.211332,0.0512507635022724,6.910423855590763e-05,0.0001403343570825,0.139198536026956,0.5945229148198646,34.018963235049554,289.44890644387243,279.58139731519475,2.791065504125171,2021,3
79,荣程钢铁,117.495794,38.970638,0.0571765605015366,0.0002643449469168,0.000385905144436,0.1586077256083059,0.9397332392382316,43.40251739815708,292.3543637695,276.316586876959,11.200181646238985,2021,3
80,萍钢股份,116.27527,29.778431,0.0593904074584639,6.056491762531061e-05,0.0001793151153556,0.1276213221488049,0.5908776915400037,41.28025854018057,292.5111151466825,284.509271849675,1.7551283072842103,2021,3
81,衢州元立,118.848341,28.902581,0.0604116235366923,8.93484767858861e-05,8.972920232051122e-05,0.1247200382471873,0.6284350013025715,30.807381534714292,294.67672043589386,284.6777582545976,8.471288368816046,2021,3
82,裕华钢铁,114.098377,36.731752,0.0882400998421007,0.0003022803983677,0.0005580665393559,0.1497362419955334,0.8824769262558705,67.4612735081001,293.60416493473576,277.5571294518171,3.333293664405665,2021,3
83,西宁特钢,101.671414,36.66856,0.0384807864347453,0.0001079383039971,0.0002984769789471,0.1433809785741986,0.3779012008732055,30.617442803304584,289.6828209163231,269.41853995896406,10.971582881573164,2021,3
84,贵港桂宝,109.63938,23.089502,0.0661025979635302,6.0177037260375005e-05,5.394284214617362e-05,0.1167683929013038,1.2517086853066062,35.51888752990735,297.4758435577764,293.41439732577794,2.773865022344117,2021,3
85,辛集澳森,115.184798,37.752351,0.0551224439900762,0.0001239181198419,0.0004053083010566,0.1550968192207345,1.1203265273139082,55.65156158127138,290.67762295032554,276.6769479012904,1.5739208081245943,2021,3
86,达州钢铁,107.453099,31.18945,0.0543547736570452,9.897018446265332e-05,-4.592405096679908e-05,0.1306666555982829,0.5072315274777557,47.3092897132989,294.60382642708686,285.4850056172207,8.893773673239144,2021,3
87,迁安九江线材,118.563418,39.95945,0.0595065369896256,0.0002231026417994,0.0005211293549647,0.1630254256271271,0.7812117095016496,60.060333755459546,289.3101882182929,274.09511407115866,4.552322961322343,2021,3
88,通钢,126.022349,41.779125,0.0458518374686542,5.387342787511232e-05,0.0007545567117523,0.1722394509255745,0.2257056688148334,27.964045301587248,280.3058142665949,269.2434764562682,3.067738272350147,2021,3
89,邢台钢铁,114.452352,37.041601,0.0653220398218762,0.0002731398206882,0.0006615882010243,0.1517283010390283,1.1341020713734065,73.44456776081643,293.080177982091,277.8058008561125,11.272608084664368,2021,3
90,邯郸中普,113.928977,36.711757,0.086347296576307,0.0002788554307701,0.0005528389322763,0.1494968511863872,0.7887706425863693,68.39366606506613,292.8800902083136,277.0707485600539,1.2440332046258502,2021,3
91,酒泉钢铁,98.286265,39.807065,0.0349398289808805,6.03210018199197e-05,0.0004347123718922,0.1491182505838242,0.1698617695348355,27.285855803119127,293.33503391616404,272.1114262370778,7.121726294107907,2021,3
92,重钢集团,107.040368,29.790253,0.0617125585069636,0.0001229109632063,-6.754289567998093e-05,0.1274393322310176,0.6340748469296569,47.73665736294853,294.1672833404273,286.0746533484267,5.666658079355881,2021,3
93,金鼎重工,114.111677,36.718952,0.0864284415629778,0.0002976067242182,0.0005394522392394,0.1497008729349805,0.8853539540445203,68.23900864858267,293.66907060662976,277.7457459530657,3.830874078653815,2021,3
94,铜陵富鑫,117.772866,30.907561,0.0581766042523441,9.554626458808912e-05,0.0001910804541117,0.1305029634349834,0.5139359187992365,43.05257572879011,292.190812093073,282.46675919509926,6.838584179579398,2021,3
95,陕西略钢,106.167206,33.323678,0.0440255783706934,2.480331341537565e-05,-3.927581057744347e-05,0.1352718323169346,0.4521376634374658,24.618232174560163,288.1713220400081,279.77482247271706,0.720092372025255,2021,3
96,青钢控股,120.390032,36.216949,0.0547619655233006,0.0002301794677875,0.0004951946205857,0.1489807058495644,0.6580889296992988,66.02449076353878,290.5247873739231,276.528803595066,21.25307462653755,2021,3
97,鞍钢股份,122.983054,41.148267,0.0681030341214987,0.0003083934686243,0.000704609957441,0.16978123514763,0.5194795425848558,61.311789885795335,287.5144028429012,273.1557606513057,14.519196733821037,2021,3
98,首钢水城,104.877413,26.595229,0.0439774804975576,5.7826689226993225e-05,-1.515881598332714e-05,0.1193452152439808,0.4839645714707051,21.885245615749227,298.2217395445946,286.3829430189738,6.301263213133801,2021,3
100,首钢长治,113.060809,36.356404,0.0464353116773771,0.0001766211829707,0.000419165595352,0.147437526860903,0.606984274172714,44.72708570590369,292.32369540409167,274.014269120702,3.911908116046549,2021,3
101,马长江,118.465162,31.502272,0.0561595579058724,0.0001466776890894,0.0001824085536855,0.1331243023917036,0.5995049565746421,48.318265991707854,292.042547674722,282.3069048375357,5.942837712967783,2021,3
102,龙腾特钢,120.835685,31.723833,0.0550128241290496,0.0003238788620997,0.0001681866351888,0.1339596660826978,0.6689017371719824,50.33551175870343,293.2358630862627,281.16868829384765,11.736333519081327,2021,3
103,龙门钢铁,110.575788,35.618466,0.0629794725106156,0.0001547172157158,0.0007600442878381,0.1454745174785235,0.7966086753953866,47.90995621748233,289.9445785070287,278.1534161061595,3.327493128938177,2021,3
1,东华钢铁,118.256774,39.468366,0.0580988586429821,0.0001930955191996,0.0003155440850618,0.1593870131711459,0.601847814347209,46.54797653281295,298.3511183713006,279.495785810542,2.6513935656140064,2021,4
2,东海钢铁,118.624794,39.748373,0.0595466792235148,0.0001928022401042,0.0004228358983073,0.1603150128345906,0.4637991989411492,38.1316921943382,299.6888540680797,278.7057750558857,3.946725831548749,2021,4
3,东特,121.759531,39.05443,0.0513832919719006,0.0001166396010743,0.0005915746349716,0.1598613173190138,0.4896838035517034,55.508416207633815,294.3323671795693,279.2417764514896,17.257149315868965,2021,4
4,中天钢铁,120.081591,31.702681,0.0622933519616485,0.0002667208486838,0.0003457397198835,0.1365586158827635,0.5054609771795674,45.526260095130056,297.5560064671247,284.76573036048217,14.967311390090876,2021,4
6,佰工钢铁,118.819472,39.748773,0.0619255430851064,0.0001823605553973,0.0003759349793246,0.1606374339492047,0.4508208538980041,36.70763604191052,298.08383205827965,279.4356839896448,2.9557789660413456,2021,4
8,兴澄特钢,120.320504,31.938905,0.0633810451640908,0.0002447341545927,0.0002929254992055,0.1369472524281205,0.5882593561002861,43.18836454626118,296.9209443320289,284.424484590029,17.698980491413447,2021,4
9,冷钢,111.437288,27.690401,0.0567167524202666,5.199554288425098e-05,3.7042136138089776e-05,0.1288532779124155,0.265684468458009,35.93537200169188,300.8484772100604,289.38288341389523,0.421377553242521,2021,4
10,凌钢集团,119.41374,41.271048,0.0485409451007511,5.626036085220584e-05,0.0003181503725042,0.1626639304622854,0.3447978477329542,24.143262229767853,298.9450819037425,276.79066238656463,3.313847214770043,2021,4
11,凤宝特钢,113.872158,36.131666,0.0628278291889043,0.0001415750585753,0.0004872329102231,0.1459592519019381,0.5622323980748479,46.619998092599374,300.8688055565334,281.2746534644395,3.875888416554341,2021,4
13,南钢股份,118.746315,32.200797,0.0591458223055829,0.0002793747705824,0.0002509916821337,0.1370489115652795,0.5925791427981141,48.28203259421571,296.4508334472933,284.6218758782703,16.649636614216213,2021,4
17,太钢,112.57052,37.970033,0.0462389830112069,0.0001351277399552,0.0002867209131581,0.1502635994500732,0.5353957553857596,38.15972678939293,297.6126509274847,277.11419358135026,19.8241680422746,2021,4
19,宁波钢铁,121.876423,29.918776,0.0559747892038975,0.0001260536103695,0.0003113848400717,0.1338388083401369,0.5880987176593135,36.200074396903226,296.7848185988808,285.1926354612412,20.37734607042381,2021,4
20,安徽富鑫,118.067833,31.194505,0.0588738482787714,0.0001106011885212,0.0002516788048092,0.1357326953999809,0.5259784111310161,39.01754427574352,292.68753468270813,285.90072857825913,2.6389257726293724,2021,4
21,安徽贵航,117.251147,30.531068,0.0584319061946128,8.415311069043444e-05,0.0001972302531636,0.1345197485021344,0.6280491837892381,41.363374947422926,292.1870662343536,285.7127792192514,3.147549295998256,2021,4
22,安钢信阳,114.038243,32.488704,0.0572107854888369,4.589667344744055e-05,7.666777665093962e-05,0.1367484566780854,0.6227718148975262,48.29292521435491,294.01433392784367,283.3262306907005,1.5721629166717823,2021,4
23,安钢股份,114.283145,36.122129,0.0628559849614,0.0001583257696619,0.0003681696698911,0.146775075445176,0.6740517183356695,51.895188226144775,299.2564917252622,282.6305963342265,8.737986024262957,2021,4
24,宏兴钢铁,118.871477,39.700721,0.0631390212383651,0.0001857337212985,0.0004241898073678,0.1604185654896037,0.455634856954086,36.70763604191052,297.7062467843686,278.8797883752252,2.9525786681455366,2021,4
26,宝武鄂钢,114.861313,30.39574,0.0582607063414519,8.575072849675178e-05,0.0001780139085753,0.1336464340208863,0.7185144022323556,69.21649355744341,293.79839586527925,288.191558564339,8.520915254362764,2021,4
27,宝钢八钢,87.304639,43.852147,0.0406904799338236,0.000161099367903,0.000511562782444,0.161984430141026,0.2239498936619041,19.93772009160165,301.5553216630101,278.9295639162328,6.908687806576742,2021,4
28,宝钢股份,121.440087,31.41623,0.0589166392576223,0.00019671307404,0.00045945631941,0.1369028337493509,0.4948376721066479,74.10677044686022,299.2652537349064,285.19715968400806,19.66089319361216,2021,4
29,山西中阳,111.161118,37.370796,0.0423620891461815,5.76584697227409e-05,7.455290794724954e-05,0.1462014981104979,0.5230205409322357,27.76488194911053,294.3962946500396,275.0489363626705,2.2419148922599,2021,4
30,山西建邦,111.37916,35.668163,0.0626419724937095,0.0001143747378489,0.00031381843971,0.141808558777144,0.5972470708658301,38.6965690842327,297.0096618138351,281.08731989244444,4.633103583165373,2021,4
32,山西晋南,111.51465,35.678541,0.0599025131593507,0.0001225023999129,0.0002664126762283,0.1419489659867042,0.5714755214886857,35.94807296281033,297.38913689417933,280.2951117006496,2.77377848552935,2021,4
33,山西高义,111.258436,35.586841,0.0622028413376444,0.0001145900572653,0.0003382844395515,0.1417103071692125,0.585651784418619,40.3439967932844,297.53442239198046,281.89103951530177,2.007625893488249,2021,4
34,广东韶钢,113.654289,24.704815,0.0583828512909178,6.43318509689604e-05,9.283703757011636e-05,0.1278450208462614,1.176270411436916,35.08588888952584,301.429875505872,293.00614294413634,5.238626505780705,2021,4
35,建龙西林,129.287919,47.495036,0.0421354817079187,1.734119667630853e-05,0.0004455594016524,0.1829033337910973,0.1808440536447502,12.654680519116846,286.4832503911125,272.3187015201314,3.616337905952902,2021,4
36,德龙控股,114.384832,37.086116,0.0667863346879299,0.0002070969502017,0.0002833016768351,0.1495251471562765,0.7981930400797008,52.99952121617935,300.2624116185838,282.0314763682836,8.057956185302483,2021,4
38,攀钢集团,101.693628,26.551896,0.0487038704934289,4.844231945403529e-05,0.0001575446301017,0.124585495393068,0.2937896013161397,28.99094120323298,309.3462941217245,294.49459844558834,6.746917766517286,2021,4
39,新兴铸管,114.128189,36.621504,0.0681605175341511,0.000185322639638,0.0004217521950302,0.1477378418155262,0.6374594459567747,50.27732914012741,300.53718189832904,281.7211610504632,4.546811077999299,2021,4
40,新金钢铁,114.216151,36.715444,0.0725080978500085,0.0001999956913471,0.0004074572032691,0.1483200652076651,0.6481423166343513,52.293596085507886,302.1060702112705,281.9226483238793,4.364222221501115,2021,4
41,新钢集团,114.932403,27.790574,0.0514486045047376,6.676979244981506e-05,0.0001528578289933,0.1298339389165698,0.4563114733679846,38.03426483350687,300.023745845138,291.11385151062234,2.967153674826213,2021,4
42,方大特钢,115.99204,28.645441,0.0582194460204751,0.0001024418417832,0.0003037309859094,0.1311675428772792,0.6666100883655146,46.7189202879581,296.6881598756142,288.35071131466174,16.00048233615961,2021,4
43,日照钢铁,119.36115,35.158382,0.0646501773712076,0.0001679743469334,0.0002718578343158,0.1458387247441522,0.5289426606662299,40.201210211571016,296.9557352284911,283.4348517458904,12.406988248807473,2021,4
44,日钢营口,122.395441,40.671136,0.0557947719804686,0.0001616312081481,0.0004742996247356,0.1652830660468179,0.3658064392860706,34.29493489193192,294.9782170642159,278.3997019681953,4.752200084614815,2021,4
45,普阳钢铁,113.925994,36.733675,0.0672252687678533,0.0001466442952939,0.0002383370685268,0.1476332052652489,0.5461531895266696,48.71623870657357,300.1322665140761,279.8118849691189,1.2476704827425822,2021,4
46,本钢集团,123.722099,41.274132,0.0543411437308207,0.0001592230622622,0.0005092779625385,0.1655871422489642,0.2929694794870285,31.33650931668465,294.34075462098616,277.8295268715028,5.794312914784643,2021,4
47,柳钢集团,109.373148,24.379047,0.0535945889210038,0.0001084844862476,-5.36888395246016e-05,0.1272944084777706,0.353685766340939,27.484481041263663,295.9819243174837,293.55683922098683,2.0465811424527387,2021,4
48,桂万钢,108.412344,21.687637,0.0646826248621036,6.0712980128330565e-05,-4.698058212970035e-06,0.1263695478327219,1.3454415370136064,23.98728859986932,301.55847773711474,292.48356539381655,4.6884141198233165,2021,4
49,武安文安,114.177621,36.684389,0.07229344979857,0.0002016468109647,0.0004095740916678,0.1480883757421431,0.6392312805225742,51.45553619859822,301.5253284720955,281.9406558591834,5.423966365461379,2021,4
50,武汉武钢,114.444975,30.616222,0.0635933358754565,0.000156205420633,0.000150626277142,0.1338523702513679,0.7101377629375489,77.82846722648173,293.81206841798775,288.4144785529392,13.951994527468814,2021,4
51,永钢集团,120.739658,31.839485,0.0612144105746703,0.0002305933766118,0.0004124905092207,0.1374812067518785,0.4643600627699208,46.39567663389244,295.3247504116196,282.8836213476384,7.576445647165042,2021,4
52,汉冶特钢,111.534635,33.269324,0.0535384825835727,4.419243949303795e-05,0.0001062137631484,0.1374528170033115,0.6186603226065586,46.78349441178398,293.9856924388972,284.42959416072745,1.446443111141157,2021,4
53,江苏镔鑫,119.279989,35.09556,0.0596804928157979,0.0001629847814164,0.0002621222789371,0.1456740890847697,0.489071262193851,35.22321330187921,297.99180635929594,282.9165687406179,9.360217632954331,2021,4
55,沙钢股份,120.647295,31.967456,0.0633651876500328,0.000255858186674,0.0002939716655636,0.1375595311705977,0.5490033033030698,42.70408701927767,295.9851427313519,283.4088156671117,11.28511441514001,2021,4
57,河北新华,117.784839,38.288605,0.0582556446705497,0.0001061726768691,0.0002852161578052,0.1561599432571896,0.8768239803388791,35.72277030905442,294.8117939545091,283.21191952603994,7.799687092947226,2021,4
58,河北津西,118.220547,40.209844,0.0544813532725225,0.0001497645667198,0.0002820205276578,0.1612350080714647,0.3864794183592216,39.8387999811426,297.40031409122287,279.92108510239086,1.9310093669178048,2021,4
59,河北烘熔,113.981172,36.640411,0.0659513007910393,0.0001514846944972,0.0003744313299249,0.147502190418234,0.5678202515821801,49.767578502724064,300.6412230062543,280.4179993590157,1.5092131911189732,2021,4
60,河北荣钢,118.558755,39.880661,0.0597311955258456,0.0001795368541077,0.0003651564463757,0.1605881455474924,0.4503833918840617,39.61564932008751,298.9995017815076,279.30689593296336,3.736285207803079,2021,4
61,河钢承钢,117.734527,40.952513,0.0484950143937695,8.367266712808721e-05,0.0004019759693386,0.1622193106766061,0.3616833878009155,29.306208455221043,297.99503158418673,278.1350479637924,3.0969054823428825,2021,4
62,河钢舞钢,113.492311,33.28384,0.052089241157067,4.955311529234812e-05,0.0003756369279232,0.1378384245487802,0.6848990281072329,49.02893199936341,294.9022139393029,283.01342096593976,2.211030452045027,2021,4
63,泰山钢铁,117.627728,36.22141,0.0593347811823643,0.0001341625274385,0.0004279068220077,0.1478697957863445,0.6611557114052116,36.32366585293312,298.0023411748739,280.9805575777305,6.539276716939146,2021,4
64,济源钢厂,112.553774,35.086396,0.0563665737196947,0.0001154425487711,0.0002579168915034,0.1417183861621428,0.803822654628614,55.846823339986166,297.7791147527652,283.4477582549868,5.721896483738035,2021,4
67,海城恒盛,122.83646,41.056042,0.0603504851774235,0.0002132811527252,0.0007228466742399,0.1656416615399549,0.3555250248502546,47.19109369943908,300.8555671988205,276.41081519387905,2.92997910538681,2021,4
68,涟钢,111.967343,27.747782,0.0580980026794565,7.664861843519462e-05,0.000179087916416,0.1291708070482905,0.422031876555056,38.92666811111667,300.7572131165836,290.4868839746951,0.7803211960069243,2021,4
69,淮钢特钢,118.988442,33.566039,0.0547859928430033,0.0001417750122853,0.0001529078957836,0.1398750929262467,0.6646845642486602,34.096549704192576,295.6835789949988,282.1521724843941,16.093458540016577,2021,4
70,港陆钢铁,118.073913,40.183913,0.0539890035090338,0.0001637999736024,0.0003564918403542,0.1611109662275726,0.4175889822295338,39.736001156143175,299.09205815039587,279.7431276382465,2.3154129265062005,2021,4
71,湖北新冶,115.125838,30.204603,0.0595557611780343,9.485835292483993e-05,0.0002746281987766,0.1335112542429876,0.6859652716992783,175.12424221877154,296.5545574732683,286.267114441684,3.4129011671273486,2021,4
72,潍坊特钢,119.238427,36.644469,0.0538937777667148,0.000110037781483,0.0001081186382047,0.150584747324387,0.6961669532562924,36.16327148847631,296.66314289462605,280.0475202988506,11.890192251010458,2021,4
73,玉溪仙福,102.186364,24.012309,0.0480484828232854,2.7744556921584262e-05,4.834857739224216e-05,0.1233110286840778,0.4510259720285677,20.633139547930654,303.7383193579463,292.60112745964074,1.2914849963081216,2021,4
74,玉溪玉昆集团,102.543682,24.465884,0.042081217070753,2.484872207309431e-05,2.2425358517056167e-05,0.1227789202075738,0.3883369036644808,22.146607503683025,299.9029632647368,287.41273252037985,2.472796335391417,2021,4
75,瑞丰钢铁,118.272056,39.497472,0.0580599466079647,0.0002023724573041,0.0002234794465673,0.1594141716995749,0.5919920293803548,46.38965922522842,298.8080550600377,279.26914659642136,2.8907710637337574,2021,4
76,甘肃兰鑫钢铁,103.933888,36.510351,0.0337763270541447,6.429474687932341e-05,0.0001096696324427,0.1409991364247685,0.3553123516455339,23.13520042207529,302.22740701848807,276.4587501453971,0.8533448296369188,2021,4
77,石横特钢,116.533981,36.229201,0.0551513700250542,0.0001286541025707,0.0002551163520765,0.1479079297996226,0.6458028212921445,44.21340616120485,297.5465266979257,281.5917328010207,6.066547523123379,2021,4
78,联鑫钢铁,120.774892,33.211332,0.0543666215593395,4.321546950256701e-05,0.0002975384221822,0.1402859873356951,0.546250512947679,30.03538878464259,293.73323627290193,283.276935344676,2.899258823823229,2021,4
79,荣程钢铁,117.495794,38.970638,0.0583965763996364,0.0002328257229152,0.0003010485233063,0.1583023258616451,0.6596790761190006,34.584377004951975,296.9476404636399,281.64428868512147,11.422673770841008,2021,4
80,萍钢股份,116.27527,29.778431,0.0573146817602494,5.5386818556881376e-05,0.0002068660054549,0.1322438448430186,0.7292088640118412,37.74135450441066,291.7833008354314,288.1154184500141,1.827685771450193,2021,4
81,衢州元立,118.848341,28.902581,0.0614731362981204,8.277424851399404e-05,0.0003295016488368,0.131067505122511,0.6206442328765457,27.21774983172054,296.4555190709073,287.47385836413093,6.31786328861642,2021,4
82,裕华钢铁,114.098377,36.731752,0.0745176690927691,0.0001931759604095,0.0004436620767278,0.1480812763592496,0.5999016160887402,48.83724681776327,301.5818249074945,281.2350519258826,3.924442774942345,2021,4
83,西宁特钢,101.671414,36.66856,0.0346268894295995,7.840628935153074e-05,8.155811475024298e-05,0.1408741758915412,0.2100269589237237,15.381662166191743,295.31934934679543,274.6197377818342,10.628428868235124,2021,4
84,贵港桂宝,109.63938,23.089502,0.0549568246478788,7.158175480907363e-05,-9.426685322747235e-06,0.1271286727220764,0.6757750772505798,29.408529069258897,301.9350913760743,294.56018783952453,1.8165314309387135,2021,4
85,辛集澳森,115.184798,37.752351,0.0578729252068538,0.0001012415218776,8.621199750865406e-05,0.151504525620074,0.7627711361823414,45.01364969655697,295.93220261583167,279.9132683938251,1.5996208378897052,2021,4
86,达州钢铁,107.453099,31.18945,0.0541276659361724,0.0001131706798347,6.12411715577806e-05,0.1328862791014838,0.4212217751965648,35.58784230286657,299.59841519446064,287.61253957519955,8.20102022485749,2021,4
87,迁安九江线材,118.563418,39.95945,0.060775935807721,0.0001762051884477,0.0003103331427821,0.1607508749646433,0.4467082686765319,39.370287112650864,298.2735767749949,279.7033208803168,4.724000170039233,2021,4
88,通钢,126.022349,41.779125,0.0481387373598007,5.085650921583063e-05,0.000310909319158,0.1680700017905962,0.3353811341463379,21.62406609329537,290.7751458412335,274.56427940192384,2.673110520624671,2021,4
89,邢台钢铁,114.452352,37.041601,0.0643367417179826,0.0001989462346288,0.0003013298719533,0.1495118885722864,0.8200069695039597,52.99952121617935,299.829599102076,282.5450027574112,12.89878822585294,2021,4
90,邯郸中普,113.928977,36.711757,0.0668697217127331,0.0001468189631215,0.0002534311709354,0.1475686765981368,0.5526053904670373,49.48097089255805,300.5037139309016,279.8478603659158,1.4380294478775826,2021,4
91,酒泉钢铁,98.286265,39.807065,0.0331172974704804,4.7808209369117096e-05,0.0002362006384309,0.1495000075822991,0.2755170108739481,20.599237070866387,296.86128572818484,278.91568208392897,6.609813790307564,2021,4
92,重钢集团,107.040368,29.790253,0.0635138872472591,0.000208635141327,-0.0001801075993689,0.1307307271655073,0.581522935152463,37.72788078888387,299.7864798119596,289.8320690379542,0.8145068599664521,2021,4
93,金鼎重工,114.111677,36.718952,0.074472050351221,0.0001967718986955,0.0004369491483851,0.1480827537988386,0.613049550724731,49.47707617799561,301.6777363666906,281.43335226707944,4.479287254818889,2021,4
94,铜陵富鑫,117.772866,30.907561,0.0576203664547725,0.0001160370646011,0.000408997684101,0.1352951908733943,0.6151999527096969,39.400843045098846,293.9294024856231,286.4983506543299,6.358614748901143,2021,4
95,陕西略钢,106.167206,33.323678,0.0413573432796075,1.3329329110821776e-05,-9.419718134241924e-05,0.134978592276525,0.269420953268946,17.89274070991671,292.07678134580766,281.18412778981184,0.2723975417338027,2021,4
96,青钢控股,120.390032,36.216949,0.0533165505647802,0.0001808012976722,0.0002060817775347,0.1487402120938196,0.5463270134668764,49.249759825897854,296.2643379681301,281.44576993455314,21.534374031313764,2021,4
97,鞍钢股份,122.983054,41.148267,0.0605516324171776,0.0002324271674258,0.0003831002116145,0.1659756226072203,0.3750070281255862,41.46892885319911,298.9792452847642,279.0400056844245,14.046475129426224,2021,4
98,首钢水城,104.877413,26.595229,0.0420818836296797,4.821217001359623e-05,2.164301290197174e-05,0.1254565691705925,0.4385925018160583,17.777669114593664,299.58461687129744,286.6514681567894,4.432370490657717,2021,4
100,首钢长治,113.060809,36.356404,0.0480825237945213,0.0001342309985992,0.0001825980921124,0.1446653478432484,0.4411356493988287,34.79493462107728,300.4488142033288,276.8352006264532,4.262188192238345,2021,4
101,马长江,118.465162,31.502272,0.0595473975073074,0.0001302311619636,0.0002772821776736,0.1359835893642915,0.5573817955561211,44.758078023186286,293.57063937948635,285.29385117533207,5.949029702288668,2021,4
102,龙腾特钢,120.835685,31.723833,0.0591043363180219,0.0002574760018742,0.0003689710027117,0.1376571147170139,0.4665853772146397,46.39567663389244,296.2728669983922,283.95905513829683,11.543935054956576,2021,4
103,龙门钢铁,110.575788,35.618466,0.0571093660530575,0.0001329755837213,0.0003286832457912,0.1417119873015212,0.7495082637765369,36.15861035780726,296.04675033684185,281.9918527016226,3.7397824671912288,2021,4
1,东华钢铁,118.256774,39.468366,0.0499723294156256,0.000131168612354,0.0001871480358397,0.1591726707759807,0.5661333924533503,40.12048569151262,302.6035859040853,285.7009210251475,2.5347906023761384,2021,5
2,东海钢铁,118.624794,39.748373,0.0582363643224542,0.0001531125092424,0.0001365796448908,0.1596753340795644,0.4333095274603353,32.765870920865616,305.85627625776624,284.2592896762118,3.612888343361445,2021,5
3,东特,121.759531,39.05443,0.0445935230256649,7.571457464789494e-05,0.000175008185642,0.1584422102316331,0.5319749901746774,51.06209391770842,299.7272676038685,284.23811012554745,16.014384327228015,2021,5
4,中天钢铁,120.081591,31.702681,0.0588726255427131,0.0001688114942898,0.000181756846308,0.137987743343331,0.6017854199063424,52.48854151318483,303.86550801968224,295.4002849981948,14.320327735341284,2021,5
6,佰工钢铁,118.819472,39.748773,0.0584059979448199,0.0001345988271646,0.0002998949911053,0.1595405616083782,0.4306542678196472,31.825273083541106,302.6558079704215,285.66985327498384,2.969869824283048,2021,5
8,兴澄特钢,120.320504,31.938905,0.0561678272223025,0.0002521966800791,0.0001521440094549,0.1384853119448158,0.592900055221792,51.00705172359742,303.7118731824657,294.7468004769302,17.700418548953188,2021,5
9,冷钢,111.437288,27.690401,0.0517348112482809,5.831259918225117e-05,4.490076065327344e-05,0.1301040106747265,0.2916913295163601,35.65473589091748,303.6887077328395,291.96510852617973,1.859046953297275,2021,5
10,凌钢集团,119.41374,41.271048,0.0432770982658605,5.043501009689234e-05,0.0001924815422021,0.1635678404838026,0.3756210415612375,21.804106643056265,304.63103917382745,283.25654789207783,3.6309133396521993,2021,5
11,凤宝特钢,113.872158,36.131666,0.0523287744182457,0.0001324978966209,0.0002444208346839,0.145915295046431,0.5188335392708339,45.38969805532618,306.59859203830706,288.96282473475566,3.715180122660147,2021,5
13,南钢股份,118.746315,32.200797,0.0536412519260485,0.0001751512491839,0.0002894396088522,0.1386192218951931,0.5820226133058712,54.2400755421113,301.9443710337188,293.7304555706099,16.34626802187331,2021,5
17,太钢,112.57052,37.970033,0.0426933725130922,0.0001194535021179,0.0001017205021231,0.1501656711345709,0.5390736298300468,33.33663652301486,303.31188788249705,284.6253380911192,17.626960396082982,2021,5
19,宁波钢铁,121.876423,29.918776,0.0486082863272234,0.0001063077069131,0.0002042405753113,0.134326866489942,0.6155239404279358,27.27851700542515,302.6666990613755,290.8202024197378,21.093028987104127,2021,5
20,安徽富鑫,118.067833,31.194505,0.0542628845552026,7.185140356705189e-05,0.0003116734287156,0.1367083761068383,0.572613678534467,40.75210933654152,298.3606743363972,293.5853789766213,2.735809159751493,2021,5
21,安徽贵航,117.251147,30.531068,0.050280826749553,5.7921495583740166e-05,0.0001517985133546,0.1351061343771931,0.5668740923485684,38.71079101713804,299.7557403385597,291.6888429820273,3.3567209231359607,2021,5
22,安钢信阳,114.038243,32.488704,0.0474820662727887,4.29357118472628e-05,0.0002639177521637,0.1377191762859392,0.4822854792369454,47.98929964522358,301.9663887589983,290.20566500973564,1.3424588274136815,2021,5
23,安钢股份,114.283145,36.122129,0.0539737871908964,0.0001378567434104,0.0002429544224702,0.1466341781127117,0.6311081899659,49.16461493126085,306.3698293203982,289.310403753725,8.485750566941627,2021,5
24,宏兴钢铁,118.871477,39.700721,0.0577362130082986,0.0001308256019801,0.0003372075605127,0.1594569201827405,0.4436627483646078,31.825273083541106,302.8948833525785,285.07918314332005,3.0966028073366383,2021,5
26,宝武鄂钢,114.861313,30.39574,0.0525047732358315,0.0001245956769328,0.0003123877256736,0.134291920801441,0.5783267986824174,70.26928898616218,301.55834055810925,295.4489253205441,7.615818453125741,2021,5
27,宝钢八钢,87.304639,43.852147,0.0372295193546124,0.0001050132763829,0.0001897205841281,0.1460763700553606,0.2266813934417803,14.698279930123546,310.1575283909297,286.8358411496132,7.522694522728802,2021,5
28,宝钢股份,121.440087,31.41623,0.0549519868841906,0.0002743963420314,0.0002427894037751,0.1374783541247371,0.7365538481739154,75.44369117577506,304.1052525132428,293.36021914208646,20.683979068831373,2021,5
29,山西中阳,111.161118,37.370796,0.0366399486292062,6.350412394696057e-05,0.0001258734541313,0.14725300226144,0.3994753585960734,24.161359135632665,299.4150552732548,283.98783050838085,3.1541833098180376,2021,5
30,山西建邦,111.37916,35.668163,0.0577068582895003,9.370987463831426e-05,0.0003179812752209,0.1431700795916114,0.5434209956569205,37.71449710755637,303.92893175758127,288.1567482660354,4.569311275338118,2021,5
32,山西晋南,111.51465,35.678541,0.0575849255535705,0.0001001046592437,0.0003001888422004,0.1431840699166569,0.5078134318421543,34.938398840722584,304.79574337949543,287.470350557924,2.672852112531957,2021,5
33,山西高义,111.258436,35.586841,0.0538376772202428,8.537856393761389e-05,0.0003235614775571,0.1429634622054605,0.5003596655720041,39.069978699217984,305.283391311101,288.41461455409296,2.0425850497327724,2021,5
34,广东韶钢,113.654289,24.704815,0.0407874294291091,6.198894113861058e-05,-1.935622951540236e-06,0.1283140691119692,0.4896146651046001,21.483415517123014,303.52262847729,297.0663636226887,4.264844124132745,2021,5
35,建龙西林,129.287919,47.495036,0.0429290558530378,2.2620291317017466e-05,0.0001530642605797,0.1793986652748826,0.2101849916048655,11.875961468283537,293.9790254749054,282.6631724570332,1.4859455884631618,2021,5
36,德龙控股,114.384832,37.086116,0.05234101419789,0.0001386433357854,0.0002360536637117,0.1498801718330166,0.5860728156120936,50.29689731372855,305.7074891601084,289.172565783127,7.613442481646299,2021,5
38,攀钢集团,101.693628,26.551896,0.0439520951831816,5.910426535959325e-05,0.0001064964832481,0.1265104421333978,0.2095458721639095,23.15022129550925,312.4793071568454,296.2223532570184,6.369181966339365,2021,5
39,新兴铸管,114.128189,36.621504,0.0642600038984811,0.0002009337490118,0.0002381941181486,0.1478938642276562,0.5895570542491927,47.56618702134291,306.1136375887185,288.53305897606623,4.926938918264252,2021,5
40,新金钢铁,114.216151,36.715444,0.0669058964477765,0.000211335579254,0.0003649143577793,0.1482671767272437,0.5805979910968945,49.20567659844826,307.5434538557522,288.7118849900531,4.620568831006852,2021,5
41,新钢集团,114.932403,27.790574,0.0520409822877575,5.436366262876348e-05,6.771718602384066e-05,0.1305919306441394,0.5685923875952029,28.41225224778183,304.75746157077936,294.43055078784346,5.102059643004833,2021,5
42,方大特钢,115.99204,28.645441,0.0522722848187542,0.0001121435777391,0.0003979260336708,0.1321304301007888,0.6529782002056647,40.22146171678287,303.6201999684873,294.10258768978787,17.704946588499748,2021,5
43,日照钢铁,119.36115,35.158382,0.0575406895813566,0.0001117492303519,0.0001945803812289,0.1468837966616495,0.447221925678643,51.34517835920701,302.1387121212788,288.65525445066834,10.741828536755431,2021,5
44,日钢营口,122.395441,40.671136,0.0507679627860935,0.0001095173347897,0.0002168389833421,0.1645305112337158,0.4293802774165599,52.50635837228401,299.38669952769624,286.79563679795825,4.775282098898762,2021,5
45,普阳钢铁,113.925994,36.733675,0.0654483009620486,0.0001742654056412,0.0002243155631857,0.1478738545465812,0.5056456275705492,46.29435277749484,305.1042010799249,287.3811788512849,1.2550095499423213,2021,5
46,本钢集团,123.722099,41.274132,0.0540660180846804,0.0001603700022522,0.0003213993035878,0.1662126844171018,0.3137036312396716,33.07280144388601,297.7657107694278,285.16708249761274,4.863061618904895,2021,5
47,柳钢集团,109.373148,24.379047,0.0441040578063381,0.0001362598362828,3.868604394357587e-05,0.1278451645522362,0.7795560449898233,22.6460604557808,307.1811213352125,297.128231465852,15.226357329052178,2021,5
48,桂万钢,108.412344,21.687637,0.0395091876095497,4.6114188134175006e-05,-2.5466385429524542e-05,0.1263169134818086,0.404806391830342,13.58023560271704,303.4905779522978,297.40715686215697,7.773321906652237,2021,5
49,武安文安,114.177621,36.684389,0.0684615697760302,0.0002171066370421,0.0003252486556019,0.1481175212309079,0.5897381223695707,48.51407164533059,306.95597742169133,288.776806954584,5.9634025024517054,2021,5
50,武汉武钢,114.444975,30.616222,0.0560063012390862,0.0001780887307938,0.0002437499663396,0.1346278434386141,0.6482638653441052,72.71669488773114,300.2302816022582,294.5609617870567,15.30990941640224,2021,5
51,永钢集团,120.739658,31.839485,0.0576850834971551,0.0002243122661542,0.0001080061136044,0.1381552294868475,0.6822730760833225,55.25097890313191,302.0704615634104,292.9950414026395,7.896026419938524,2021,5
52,汉冶特钢,111.534635,33.269324,0.0489339105541747,4.4557519329823686e-05,0.0003770851130925,0.1376155670779858,0.4590265689336498,41.03519657405741,300.7235605687959,290.877255810305,1.3704066521213245,2021,5
53,江苏镔鑫,119.279989,35.09556,0.0544676633588991,0.0001064508077405,0.0001838931681538,0.1467212997462387,0.4557765052675184,44.30686535409544,302.96258553994494,288.72598549914994,8.365077344141403,2021,5
55,沙钢股份,120.647295,31.967456,0.0599872765103217,0.0002719299962517,0.000240263525762,0.1386000342918762,0.6529908244713072,52.0813658419769,302.65695488912297,293.6649300856316,10.603842033071016,2021,5
57,河北新华,117.784839,38.288605,0.0505667188999287,9.074446328623445e-05,0.0001877327760189,0.1553122175048188,0.6032331936479625,33.413284764945644,300.3322271606122,290.12778086285266,8.329673790612231,2021,5
58,河北津西,118.220547,40.209844,0.0508620171063947,0.0001362300152988,0.0002055637871489,0.1601495817725788,0.4199746727210264,33.735284829765355,302.439464221107,284.8069136592906,1.8883766204496368,2021,5
59,河北烘熔,113.981172,36.640411,0.0646940287070307,0.0001880811079891,0.000274961945801,0.1477387471366525,0.5419223067870421,47.15608525884818,304.7653160355072,287.7354760793755,1.6527370853990673,2021,5
60,河北荣钢,118.558755,39.880661,0.0565838343599283,0.0001530099894051,0.0001956377740129,0.1597115212436612,0.4279264099884954,33.74603371906888,305.14981769229337,285.29662002706885,3.7638665373607023,2021,5
61,河钢承钢,117.734527,40.952513,0.0444280605573253,8.172425308598956e-05,0.0003040352458626,0.1612120125540206,0.3722239490213604,25.8824781534623,303.05426382332894,282.23904298330694,3.038323510137541,2021,5
62,河钢舞钢,113.492311,33.28384,0.044440737881419,4.481453130832067e-05,0.0001868491575983,0.1388613095890951,0.5100747047371247,41.81673143451452,301.6083554599513,290.17771324673834,2.147818822131399,2021,5
63,泰山钢铁,117.627728,36.22141,0.0529175709820888,8.12782057142802e-05,0.0001205795669037,0.1483060558481882,0.474990379555354,40.62279401750857,303.2900195085505,287.06422688894105,6.045073583731062,2021,5
64,济源钢厂,112.553774,35.086396,0.0493605769724632,8.540887647121004e-05,0.0002942576003916,0.1422785264286778,0.5450103237237074,49.42091958639996,304.17968783814035,291.2532895230548,5.90314127110194,2021,5
67,海城恒盛,122.83646,41.056042,0.0511141699938932,0.0001209055075343,0.0002837138684329,0.1651881800191532,0.3624353729459462,48.30861399796049,304.5549017287686,285.2453787984461,3.108780157430981,2021,5
68,涟钢,111.967343,27.747782,0.052353626655812,7.474957224065507e-05,0.0001053043305962,0.1303803369455757,0.4634984450370243,37.37979525908486,304.34292180927645,292.886412401298,5.081714044603607,2021,5
69,淮钢特钢,118.988442,33.566039,0.0493804109585211,7.240495904512589e-05,0.0002199261047874,0.142293756945065,0.577531240834776,43.72370229447934,301.7442921394679,292.6316837283908,15.206366792454578,2021,5
70,港陆钢铁,118.073913,40.183913,0.0494214496852893,0.0001455882014357,0.0001879819467536,0.1600824188024762,0.4346919898731514,33.675149779810454,304.42960997884893,284.52247373280346,2.342397967669509,2021,5
71,湖北新冶,115.125838,30.204603,0.0517568572055941,0.0001039681873697,0.0001685906457304,0.1340800853249407,0.5923470939437765,154.97010963372304,300.4359118015602,294.8441614002208,3.9091003046564574,2021,5
72,潍坊特钢,119.238427,36.644469,0.049685139423712,8.852499490385348e-05,0.0001150072471405,0.1504824448847365,0.5620082882915833,38.101067190154936,300.17815668101736,286.2512770822158,10.553743972144504,2021,5
73,玉溪仙福,102.186364,24.012309,0.0359215105609717,1.9700556518242488e-05,2.752156734969023e-05,0.1254270557626173,0.2685685666086685,8.022105723393624,306.9507214901874,293.6538805064555,1.4236124283709002,2021,5
74,玉溪玉昆集团,102.543682,24.465884,0.0343847355143836,2.296640957012673e-05,1.883272626002569e-05,0.1246048167997991,0.2929545695370394,9.567298767221276,302.0621180468909,288.8176616031804,2.5687773827243854,2021,5
75,瑞丰钢铁,118.272056,39.497472,0.0503587310168622,0.0001428535000005,0.0002132257783484,0.1592539896009815,0.5311541892853181,40.05950693659868,303.47433923050005,285.356040787667,2.765857927012732,2021,5
76,甘肃兰鑫钢铁,103.933888,36.510351,0.0323521328943054,5.541547021629996e-05,0.0001403592692164,0.1398645244390254,0.3678703041799661,23.49315053606915,310.490866869997,282.3614385684446,0.8491930458071044,2021,5
77,石横特钢,116.533981,36.229201,0.0495415060371592,8.0011638140217e-05,0.0002328853811019,0.1479250528072381,0.5102591729701553,45.98878620105188,300.72551252325246,286.4706916273719,5.698075008316801,2021,5
78,联鑫钢铁,120.774892,33.211332,0.0481037882986045,5.242780286796146e-05,0.0001674441582182,0.1417216896607049,0.6191219785674643,40.04959811321328,297.4883542130305,290.6974551538773,3.0522239927919763,2021,5
79,荣程钢铁,117.495794,38.970638,0.0503298074824785,0.000142026306857,0.0001287823961047,0.1565992237101528,0.5362341179369507,31.047696117457576,302.0514396541091,287.5641415497958,11.008519214379668,2021,5
80,萍钢股份,116.27527,29.778431,0.0523240851197155,6.213022366243722e-05,0.0001435371233297,0.1337846150524085,0.6260991778621953,35.910673414101204,297.9771646931962,292.2289453649997,1.8360071438609007,2021,5
81,衢州元立,118.848341,28.902581,0.0500062361761069,7.099187429355377e-05,5.939356984133322e-05,0.1322705476222556,0.4867524012520582,22.57788622728185,303.71241771740046,293.68952901390657,8.44072461783614,2021,5
82,裕华钢铁,114.098377,36.731752,0.0721380284374037,0.0002209354763916,0.0003679076051477,0.1481417199901415,0.5631745918007691,46.39286164945523,306.5389821701612,288.3564830669053,4.2521205435702685,2021,5
83,西宁特钢,101.671414,36.66856,0.0322858782831294,5.86684999943767e-05,8.92896538931665e-05,0.1384503854524226,0.2563835436805173,18.72996868712562,303.27590432687055,280.23942370223955,10.61059963904022,2021,5
84,贵港桂宝,109.63938,23.089502,0.0422203679641137,4.981857521872294e-05,5.865362881219634e-05,0.1273890522792026,0.9534018060027144,20.951073034977785,305.12229786844955,297.3955869321926,6.651574163891359,2021,5
85,辛集澳森,115.184798,37.752351,0.0497581533756347,8.95065229686259e-05,0.0001448293818226,0.1522484759100862,0.5324786656061352,41.97388747684272,299.3827118622762,286.35594355033334,1.5405479876516066,2021,5
86,达州钢铁,107.453099,31.18945,0.0492711929883654,8.653195097720344e-05,0.0002235176062496,0.1332535156223342,0.3510896532607662,38.00053539649462,305.4498461967106,291.9508074016549,8.020747561261103,2021,5
87,迁安九江线材,118.563418,39.95945,0.057484279839453,0.0001487055906039,0.0002749184136849,0.1598068363733521,0.4678502477653236,33.5223975567423,303.56470975013644,286.29150521506364,4.713141470732242,2021,5
88,通钢,126.022349,41.779125,0.0450426680380337,5.140389067092013e-05,0.0002526873843281,0.1681110417403679,0.2881461348119181,22.80924071840218,294.7276241823997,282.1259151352971,2.2964737234197123,2021,5
89,邢台钢铁,114.452352,37.041601,0.0527118882196281,0.0001458610171834,0.0002118124423542,0.1497868209811181,0.6128377192701108,50.29689731372855,305.46454093588164,289.5049903024834,11.924442468922582,2021,5
90,邯郸中普,113.928977,36.711757,0.065892300294358,0.00017945620082,0.0002490646512613,0.1478152130956554,0.5104183234822567,46.92116683572047,305.3345059202889,287.4306987547027,1.4706713370052662,2021,5
91,酒泉钢铁,98.286265,39.807065,0.0331122928556925,4.8636931145239655e-05,0.0001120517522549,0.1438563854370723,0.3271841844643477,17.829583338959722,310.4418939931582,285.129614357375,6.9074208833781405,2021,5
92,重钢集团,107.040368,29.790253,0.0537787163198963,0.0001270486689006,0.0004835622220777,0.1317043509526022,0.50958470673485,44.08213087636439,301.095630426299,291.16675262676074,6.890953598651089,2021,5
93,金鼎重工,114.111677,36.718952,0.0721808623036641,0.00022417936557,0.0003538784563385,0.1481330086084335,0.5717925629047548,46.914722672497504,306.7002246212171,288.4973069811467,4.83550286987602,2021,5
94,铜陵富鑫,117.772866,30.907561,0.0499589105433392,8.444409893060075e-05,0.000404708367292,0.1356722070009271,0.5637056710156464,39.99278167603808,299.4997535997849,292.52019382905684,5.885728735755432,2021,5
95,陕西略钢,106.167206,33.323678,0.038977744484711,2.103616950942011e-05,0.0002056433045686,0.1350187501860252,0.3471375205372466,21.731654787575295,295.8684605857952,291.30443644096067,0.7618970247575743,2021,5
96,青钢控股,120.390032,36.216949,0.0490546218379033,0.0001327264904121,0.0002016249641061,0.1495850324353385,0.5720729656051156,52.45473744253104,300.2852322516434,287.0147475245223,19.586322181745278,2021,5
97,鞍钢股份,122.983054,41.148267,0.0564759013566932,0.0001728375384886,0.0002841393223147,0.1655299366714624,0.3827641754568655,42.81726747060165,304.04163759746143,287.5004506106573,13.978428265195149,2021,5
98,首钢水城,104.877413,26.595229,0.0366429311636647,4.496210935649779e-05,2.2475024062010008e-05,0.1259688493763069,0.377621038862512,16.9348037815098,300.82001340388706,288.38840819418004,6.618059774874788,2021,5
100,首钢长治,113.060809,36.356404,0.0445550638816576,0.0001014896997398,7.883125533065776e-05,0.1451446946168434,0.4477605321286838,33.59340256514871,309.4612988007323,285.746341026669,4.563433740874935,2021,5
101,马长江,118.465162,31.502272,0.0538580246556686,0.0001019291274887,0.0002395566630832,0.1371173357124426,0.5943060578742181,45.272091505419645,300.094323654425,294.59446870991115,5.736135931119179,2021,5
102,龙腾特钢,120.835685,31.723833,0.0553332971762514,0.000209760124529,0.0001267814487274,0.1381664189590541,0.7406050806984587,55.25097890313191,302.9147842482783,294.02390655812894,11.534738905266428,2021,5
103,龙门钢铁,110.575788,35.618466,0.0511529282116909,0.0001129776703417,0.0002532408926806,0.1425736014556682,0.5200043990964158,35.001736848905736,303.47852919722845,288.849880527026,4.493196354722663,2021,5
1,东华钢铁,118.256774,39.468366,0.0509024897479377,0.0001081117654525,0.0002104138752759,0.1465008259118248,0.4321963741779582,58.26447990707158,305.1774218201219,291.64382794705966,2.792082900099816,2021,6
2,东海钢铁,118.624794,39.748373,0.058759354518587,0.0001284281368055,0.0002090761495558,0.1470122389846879,0.3673156650415587,42.57715521700624,309.1077116538916,291.60775317888823,4.0483742681385095,2021,6
3,东特,121.759531,39.05443,0.0436264249257882,9.788952245897334e-05,0.0006305382379574,0.1494219362131114,0.4084537551921252,51.46486087883025,305.56836158186934,290.1172757826647,16.95207260411444,2021,6
4,中天钢铁,120.081591,31.702681,0.0509043966174068,0.0001873395384326,0.0001073587255658,0.132655421611241,0.4891625369599286,41.220530988539394,308.96821047873425,296.21911799723244,15.18488981124587,2021,6
6,佰工钢铁,118.819472,39.748773,0.0582996181588755,0.000115241312433,0.000300082796513,0.1471297936818837,0.3641541104648487,40.75097947975337,305.6976051745497,291.9142835620998,3.3123672391407304,2021,6
8,兴澄特钢,120.320504,31.938905,0.0544209742740616,0.0002397928998608,4.796132739346853e-05,0.1330176805733746,0.6194777355039945,39.12015564956588,308.8404441268846,296.54259167510514,17.245383008204445,2021,6
9,冷钢,111.437288,27.690401,0.0443057111080586,5.667743405489764e-05,4.123549542243573e-05,0.1269682156156654,0.2639053476828202,39.52226196904438,304.85269848667747,294.78852349322926,1.6918009318147942,2021,6
10,凌钢集团,119.41374,41.271048,0.041535334408933,4.346242164559815e-05,0.0001906300374251,0.1507414827812358,0.2346594572062871,26.987519231114312,306.6424023399746,289.2172908291981,3.529556683466885,2021,6
11,凤宝特钢,113.872158,36.131666,0.0592255391071808,9.181908041291366e-05,0.0002265926830645,0.1359708718376535,0.5451799999452034,75.7704863998007,311.5223155716958,294.95053827231624,3.622735557209404,2021,6
13,南钢股份,118.746315,32.200797,0.0493237023621532,0.0001361344119968,0.0001477004068847,0.1327943939335772,0.4606980287291891,46.168477041419465,306.254113178364,295.8319455977543,16.44166348272834,2021,6
17,太钢,112.57052,37.970033,0.0436835910140973,9.809816190154684e-05,0.0001773114510033,0.1375449114980413,0.481139182410921,52.41635883468285,307.68085738895667,290.87571712710474,18.238873742063653,2021,6
19,宁波钢铁,121.876423,29.918776,0.0427302083261787,0.000131949843358,0.0002424480276585,0.1305886798430792,0.5041561823305009,17.5688002283705,305.8705780071457,293.3711990737064,18.132002256683315,2021,6
20,安徽富鑫,118.067833,31.194505,0.0487695242095817,7.874956494949066e-05,0.000183613376811,0.1316066275630122,0.4724053303414493,40.71948717240854,303.33073597875625,296.28039144439987,2.798665512356918,2021,6
21,安徽贵航,117.251147,30.531068,0.0493567642584044,6.85871742074761e-05,0.0001050398529856,0.1309511435820171,0.3834913295591975,41.28516906121149,304.737630991208,295.9297246927657,3.510042798062156,2021,6
22,安钢信阳,114.038243,32.488704,0.0458066033434848,4.933315075376289e-05,6.43332724738769e-05,0.1308748420253807,0.5620739513022353,52.87698812139752,311.6808181862379,294.8592841350866,1.496391334257077,2021,6
23,安钢股份,114.283145,36.122129,0.0603626812020859,0.0001262944191118,0.0003208810594282,0.1364350120007766,0.5861531513380235,80.84616589450381,313.41877947605144,295.5317207700808,7.570257292830127,2021,6
24,宏兴钢铁,118.871477,39.700721,0.0582493670305594,0.0001166637375657,0.0003103142347244,0.1469663139903979,0.3444507999983577,40.75097947975337,305.8187669827016,291.3180817968964,3.4186642677694183,2021,6
26,宝武鄂钢,114.861313,30.39574,0.0449785251028247,9.989604589328312e-05,5.9379343595493896e-05,0.1296197597712448,0.4012896800002467,58.90250743510969,306.21025342864107,295.4276683196853,8.119202936388454,2021,6
27,宝钢八钢,87.304639,43.852147,0.0309415519271479,7.658204477139782e-05,0.0001063338208449,0.1416071536268975,0.2025148828684414,15.687149502883193,310.9592465909182,289.0333902068735,7.211475884981272,2021,6
28,宝钢股份,121.440087,31.41623,0.0469861437310227,0.0002393110203731,2.83882235610417e-05,0.1326626497311164,0.5514361429096726,38.48960523756336,308.5102008695167,296.3266426698375,14.618896861295877,2021,6
29,山西中阳,111.161118,37.370796,0.0392442396829542,7.210360262117086e-05,0.0001798627813403,0.1341912672388132,0.3205754407874362,35.554162280959645,303.5008125533278,289.46476068797125,2.437919450689317,2021,6
30,山西建邦,111.37916,35.668163,0.0652103910474883,0.0001096537857317,0.0002168686322111,0.1326305320387555,0.6097002063037114,53.8948805271709,312.74810688524474,295.15230387621824,4.728754751147757,2021,6
32,山西晋南,111.51465,35.678541,0.0642957801187885,0.0001046123815574,0.0002296285604397,0.1327349532065898,0.5912578794974559,51.16919510328444,313.2678708894832,294.1928937903381,2.8915048122323,2021,6
33,山西高义,111.258436,35.586841,0.0629843212804287,9.927911619628886e-05,0.0002488301382015,0.132399660190685,0.5538594690975404,54.93879695928069,311.8391306640491,295.5029396712446,2.151988138372884,2021,6
34,广东韶钢,113.654289,24.704815,0.037103357636961,4.7423424646081214e-05,3.190196369212041e-05,0.12766068094737,0.3368310576587564,22.86937054976571,303.4077284441287,295.7194699798414,5.6407086571417615,2021,6
35,建龙西林,129.287919,47.495036,0.0401756798395091,2.915443986706896e-05,0.0002677692711667,0.1576986495588339,0.3276534191409186,13.129713096527697,297.37526199969705,286.67114339617035,5.855829662482785,2021,6
36,德龙控股,114.384832,37.086116,0.0547009559490106,0.0001284460330429,0.000230289388694,0.1385343981686314,0.6089025993552489,85.8983852936035,313.69156006782214,295.03998249517434,7.575724836827693,2021,6
38,攀钢集团,101.693628,26.551896,0.0401825929367985,4.4037013398754205e-05,6.947389889410847e-05,0.1235060307515155,0.2518435110310487,26.569333400061623,310.458496032686,296.62391864125823,1.144686733666089,2021,6
39,新兴铸管,114.128189,36.621504,0.0674829191163872,0.0001439872842754,0.0004987163749714,0.1371392438226994,0.5045159964237417,80.94137216508585,313.57604949296154,294.57205697606764,4.4983308593406806,2021,6
40,新金钢铁,114.216151,36.715444,0.0659813773710755,0.0001386857634938,0.0003062455459049,0.1373787846814706,0.5310815569901415,83.29301767812841,312.92399609294483,294.5956569749714,4.436820619454587,2021,6
41,新钢集团,114.932403,27.790574,0.0420110437303915,6.301147336845901e-05,0.0002242734347536,0.1281611218121649,0.27967414626814,26.481977304488957,305.8926282448824,294.26369613551344,2.9481050218155804,2021,6
42,方大特钢,115.99204,28.645441,0.0419174848644625,7.657218040784399e-05,1.9558796024885776e-05,0.1290925759246015,0.4591880900507779,37.25164887669053,306.4358325254896,296.340013630059,18.93173472022165,2021,6
43,日照钢铁,119.36115,35.158382,0.0549522756121877,0.0001259159562701,0.0003463528164195,0.1382285699991418,0.5695888523752329,62.718454152883616,307.8601405945977,293.85087184899976,12.374357249096493,2021,6
44,日钢营口,122.395441,40.671136,0.0501037122410564,0.0001084706458457,0.000247768891207,0.1522769417378381,0.4123227815019503,47.78453899234592,302.04850395839617,292.2906092032041,4.954897822789348,2021,6
45,普阳钢铁,113.925994,36.733675,0.0691363652441862,0.000127883078895,0.0003868330480505,0.1365061779620444,0.5134757898396073,79.12268789896831,312.2008449660024,292.73415654775243,1.254518881609571,2021,6
46,本钢集团,123.722099,41.274132,0.051700549094857,0.0001348322247632,0.0003795669793094,0.1543917064377745,0.3461999878962526,27.40513037253473,299.1284685283417,290.1893222391212,5.152943470457954,2021,6
47,柳钢集团,109.373148,24.379047,0.0393848897431963,0.0001178400394517,-2.246270170536845e-05,0.1265582222672922,0.4729167996161841,28.30984863488768,306.0949163677046,297.3116132411648,15.479996714591485,2021,6
48,桂万钢,108.412344,21.687637,0.0352944426334689,6.730496724648427e-05,-5.689990588402716e-05,0.1256924415237154,0.3143479550625713,16.4177293981993,305.62964158851946,299.38575867383963,7.72642921485739,2021,6
49,武安文安,114.177621,36.684389,0.0689710726267735,0.000146768575535,0.0003653160219499,0.1373087831968382,0.5234162497640364,82.27979270054745,313.33082936143484,294.6646177174132,5.573217939915048,2021,6
50,武汉武钢,114.444975,30.616222,0.0493871468332386,0.0001503579066546,0.0001637564863785,0.1295164020837554,0.4452638600161108,62.794299537927145,305.2037855338463,296.4600628675394,16.565556146862633,2021,6
51,永钢集团,120.739658,31.839485,0.0495736233446637,0.0001817583739181,0.0002897175796288,0.1328920458181897,0.6311732837152784,38.29029537882889,307.35727517353195,294.4937917803934,6.875801886462388,2021,6
52,汉冶特钢,111.534635,33.269324,0.049489993190091,5.133734376185329e-05,0.0001040598777102,0.129977745191894,0.4011310553493477,44.12861898117626,307.8004396623911,295.515108326154,1.180483801344827,2021,6
53,江苏镔鑫,119.279989,35.09556,0.0533674682218361,0.0001194669300623,0.0002223957508619,0.1380851218793623,0.5828807504565809,58.844992593542734,308.2660676456786,293.61478953515194,9.440216154824808,2021,6
55,沙钢股份,120.647295,31.967456,0.0535582640781199,0.0002048504913652,0.0001282674275916,0.1331837320436136,0.6523467756413985,37.2897886844683,307.51421896519315,295.2082123497317,10.671478640365937,2021,6
57,河北新华,117.784839,38.288605,0.052652119879721,0.0001144019439704,0.000295382782891,0.1433106732013528,0.5402365242609652,49.77879262363939,304.869769263828,295.7137431709484,7.565321447117871,2021,6
58,河北津西,118.220547,40.209844,0.0489280381493706,7.351857942556402e-05,0.0001269788836694,0.1474750854989969,0.3025097858749415,44.53971347627567,305.7489279582431,291.6885113860684,2.005199898902382,2021,6
59,河北烘熔,113.981172,36.640411,0.0699568902041716,0.0001367483151285,0.0004226035366508,0.1366886630360164,0.5068383523839397,80.3623052547664,312.3929018241792,293.5221230533423,1.5094786177281307,2021,6
60,河北荣钢,118.558755,39.880661,0.0609713287242584,0.0001306367436642,0.000265802530992,0.1468524958297992,0.3688126863946073,44.48014653764147,308.94639683816047,292.405040369246,3.913189637156898,2021,6
61,河钢承钢,117.734527,40.952513,0.0425662116666101,5.590935752334913e-05,0.0002487162172063,0.1480048378958556,0.2478308375731536,35.71089845490933,304.4006645344436,290.3022622427584,3.134655090043589,2021,6
62,河钢舞钢,113.492311,33.28384,0.046243052637983,5.394160138497052e-05,0.0002129369867527,0.1309956599396769,0.5416650758856728,50.900800319917685,308.4914361705597,295.6212800458055,2.05815202893589,2021,6
63,泰山钢铁,117.627728,36.22141,0.0585948318145385,9.244390420699051e-05,0.0003351270883948,0.1392555148966729,0.6877885351433551,53.52753618126371,308.2369848806726,293.4387671160822,5.875802025060247,2021,6
64,济源钢厂,112.553774,35.086396,0.0519006957042662,0.0001074824361606,0.0002251753400138,0.1329963716616587,0.7189710857406006,70.3384691275173,312.53849794657333,296.5248323584879,5.588161138091053,2021,6
67,海城恒盛,122.83646,41.056042,0.0497027334971538,0.0001218919672594,0.000233908057767,0.1531456024778795,0.4302117481311783,36.66335146590427,303.8697142113816,291.38517203511026,3.2377375172298555,2021,6
68,涟钢,111.967343,27.747782,0.0424654647384524,7.362372427557107e-05,0.0001043116295166,0.1271404129117462,0.3447555780340781,39.02493617147229,305.2116631335053,296.04132273756807,4.348345448870586,2021,6
69,淮钢特钢,118.988442,33.566039,0.0502600881331876,9.07420079965705e-05,7.193420656264376e-05,0.1351344349771325,0.7221602262726812,42.656062883750174,306.7904585199544,295.824447093421,13.44813332202835,2021,6
70,港陆钢铁,118.073913,40.183913,0.0500859773964206,8.50537511939746e-05,0.0001096042667301,0.1475003492358866,0.3453312358566884,45.74757639375093,307.94470563172445,291.2817999417001,2.3731478179875576,2021,6
71,湖北新冶,115.125838,30.204603,0.0471875352501756,8.821809493129683e-05,0.0001252914981822,0.1295697330734813,0.338574039487957,88.27662867361141,304.8875751562937,296.28675610907754,4.590105439362217,2021,6
72,潍坊特钢,119.238427,36.644469,0.0469390298354924,7.834915951704228e-05,0.0001191914021021,0.1403745452267078,0.6029370504416147,44.70309988846566,309.359565143111,291.86790457484256,10.191258681132195,2021,6
73,玉溪仙福,102.186364,24.012309,0.0344789291548029,2.5538244887061115e-05,2.776550806198343e-05,0.1241257788576554,0.3187646313385025,5.447085309766558,305.30987431815,293.7675299301052,1.0112523883255062,2021,6
74,玉溪玉昆集团,102.543682,24.465884,0.0319217219066281,3.2927780326332635e-05,4.633374027710567e-05,0.1236029405870531,0.4314253507814741,9.5985176322946,299.6110723320276,289.0221510824745,2.0398818120297952,2021,6
75,瑞丰钢铁,118.272056,39.497472,0.0513648024278715,0.0001140122321587,0.0002258513090193,0.1465045578395424,0.4030286937813836,58.44700586827909,305.93114139616773,291.0523968116532,3.0309412243745726,2021,6
76,甘肃兰鑫钢铁,103.933888,36.510351,0.0300708161543455,4.9943122813499766e-05,0.0002014966915453,0.127903201183251,0.2861535346785978,26.571942868258706,314.31393966089763,285.39682463728286,1.1008565370369452,2021,6
77,石横特钢,116.533981,36.229201,0.0500158625314516,9.52640129192177e-05,0.0002149311703643,0.1383015235017444,0.5688517702587645,66.02848180807777,307.8678055885035,293.91670772602765,5.596807096471948,2021,6
78,联鑫钢铁,120.774892,33.211332,0.0485821130378355,6.613832788403298e-05,4.31152906511e-05,0.1356534062871694,0.8599606575218469,29.827648001179632,304.50467062554264,295.73281851516987,3.546142597113834,2021,6
79,荣程钢铁,117.495794,38.970638,0.0506482201064404,0.0001556499076689,0.0003106789235595,0.1444727596312029,0.4292050281063018,43.342072346207885,305.7292244409403,293.7856921081548,11.367007416243332,2021,6
80,萍钢股份,116.27527,29.778431,0.0454608215935947,7.105776283896574e-05,0.0003034212087456,0.1295923656232064,0.3701546559919235,37.81309748263434,304.3035379118745,295.3363839699388,1.809277493207489,2021,6
81,衢州元立,118.848341,28.902581,0.0420858114539288,5.210024161440935e-05,0.0001615874010853,0.1294815213986702,0.3806966330142885,22.131548149673108,304.0654934700769,294.02477418868153,7.999002165139021,2021,6
82,裕华钢铁,114.098377,36.731752,0.0725544198422843,0.0001523521010496,0.0004256829130464,0.1371147739304352,0.5499994372773083,79.26344271706107,313.12032119925084,294.02013650448635,4.204235200444716,2021,6
83,西宁特钢,101.671414,36.66856,0.0347488706097991,5.508758583022288e-05,0.0001247942357527,0.1263255929388094,0.3086429919662874,24.21911204919525,305.04831075789764,284.5462779634089,9.44427270680784,2021,6
84,贵港桂宝,109.63938,23.089502,0.0371114968871161,5.76553060467232e-05,-5.045847195200275e-05,0.1264592008426598,0.4707526859307867,22.889604060291163,305.59987038196846,297.14880613546745,6.096323777019383,2021,6
85,辛集澳森,115.184798,37.752351,0.0512150201599421,8.300592497793218e-05,0.0002112218060476,0.1403692883168483,0.4700184917708732,72.97948201312465,309.8571614204768,292.7926762163614,1.7178865491461544,2021,6
86,达州钢铁,107.453099,31.18945,0.0437732353652101,8.063669334236642e-05,0.0001147204091353,0.1264556981623745,0.3707942829203559,36.28473555704426,303.05835647159483,293.7478263120428,8.62785384593747,2021,6
87,迁安九江线材,118.563418,39.95945,0.0599506897485466,0.0001246827553117,0.0002625430768588,0.1469873229702091,0.3781479851212019,43.80274702283621,308.0303116827449,292.6736690216192,4.9250497487915466,2021,6
88,通钢,126.022349,41.779125,0.042185143059894,3.5791186643438094e-05,0.0001749939128437,0.1551671790473378,0.2374716225040662,18.93975998257247,298.2229146526255,287.32694138853657,2.739336953067812,2021,6
89,邢台钢铁,114.452352,37.041601,0.0549755703850747,0.0001408165795886,0.0002183294445677,0.138533979075435,0.6761987937652527,85.8983852936035,313.07236853772054,295.30053098714114,11.875533264169086,2021,6
90,邯郸中普,113.928977,36.711757,0.0697136004229356,0.0001311929508054,0.0003826736868215,0.1365407398201193,0.5147054771793024,80.02437096447653,312.6846419832638,292.87991747128484,1.4277680771430712,2021,6
91,酒泉钢铁,98.286265,39.807065,0.0316357552105248,4.5330573781474375e-05,6.961680495253931e-05,0.1306911553021575,0.2600391064479135,20.643633011702047,311.82416679258057,290.2728523909266,5.999312897068498,2021,6
92,重钢集团,107.040368,29.790253,0.0452152335133062,0.0001113981192555,0.0002220690698381,0.1260722994483087,0.3941588419281023,45.84891181661973,302.68631352917447,294.4967628748671,8.936669839588774,2021,6
93,金鼎重工,114.111677,36.718952,0.0728074570014907,0.0001550323095169,0.0004370668801375,0.1371567556765536,0.5440238023200132,80.01051925679032,313.2571311489293,294.1925348762557,4.72010271102636,2021,6
94,铜陵富鑫,117.772866,30.907561,0.0475992415867851,0.0001029133870464,0.0001111797364166,0.1311333449788024,0.4286750989535076,40.77601184699199,304.54181751603505,295.76132256284893,4.529249395248457,2021,6
95,陕西略钢,106.167206,33.323678,0.0400287260621661,2.457918095197578e-05,0.0001142107511115,0.1264327675194527,0.2496919784207761,20.96441027797228,299.1782770209765,291.95691785103514,0.8630284067050121,2021,6
96,青钢控股,120.390032,36.216949,0.0457036977026407,0.0001046390876772,0.0001112051822968,0.1408206950339046,0.6524048663324528,51.429424274829216,308.20241544376955,293.4745834655593,19.48653552533359,2021,6
97,鞍钢股份,122.983054,41.148267,0.0538394716953578,0.0001977875247327,0.0002821580254042,0.1534927579327976,0.4051571689152339,33.30759642512244,305.78819705330113,292.7243269718303,14.111202883211236,2021,6
98,首钢水城,104.877413,26.595229,0.0333714618907784,4.0324362406503e-05,1.5480365536734183e-05,0.1236281453615691,0.2298405494736763,17.91726766953161,297.82378325084267,287.23767800865124,4.998606639260074,2021,6
100,首钢长治,113.060809,36.356404,0.0478008292078412,9.920797298342271e-05,0.0003086660669784,0.1351523342686539,0.5553501482057382,55.73389921349613,310.44561855156786,290.7501999125884,4.313647612650466,2021,6
101,马长江,118.465162,31.502272,0.0493820126250774,8.528356968702897e-05,0.0001839290347435,0.1316920512532416,0.4812944671617568,42.41842149047847,305.18381866058,295.7394652964843,6.21614290861621,2021,6
102,龙腾特钢,120.835685,31.723833,0.0477165963245969,0.000199518687551,0.0002414588153058,0.1328756164740379,0.6048485611655368,38.29029537882889,308.0429722455769,294.89808001053103,8.94242768727846,2021,6
103,龙门钢铁,110.575788,35.618466,0.0566910791873253,0.0001477321847283,0.0002988501085235,0.1318992944952904,0.5964297588753088,48.32280652253896,308.58090485748005,295.0268833996958,3.5647314039299274,2021,6
1,东华钢铁,118.256774,39.468366,0.0487026232970274,7.339141982401109e-05,0.0001612968325235,0.1400417905171927,0.8228743305780142,50.66698972285973,304.55661288743045,295.69665203752265,2.256320994524743,2021,7
2,东海钢铁,118.624794,39.748373,0.0541777648640513,9.34223006260183e-05,0.0001074357688498,0.1400925987788071,1.0793132956705436,44.66956053570605,304.49171648070404,295.56684758507294,2.889257498742102,2021,7
3,东特,121.759531,39.05443,0.0378210702477678,5.601287959297547e-05,0.000197340733058,0.1402530344940992,0.4955594350518954,34.78729316613329,305.6853407401291,294.97377303974434,10.90131200170146,2021,7
4,中天钢铁,120.081591,31.702681,0.0392021471161064,8.676704642717933e-05,3.914092875054524e-05,0.1331670145479671,0.4787535989842944,34.346921751193804,309.47797886611374,299.2061334105607,13.223928652847846,2021,7
6,佰工钢铁,118.819472,39.748773,0.0528883938069591,0.0001047853969814,0.0001217292983283,0.1402473420812396,0.8744801530074309,42.32605022025382,303.3232895667561,295.5551779185024,2.292975451518829,2021,7
8,兴澄特钢,120.320504,31.938905,0.0393287921561508,0.000109873120973,1.808381594828228e-05,0.133502066836906,0.5964782734106789,33.28579898395544,308.24272618286096,299.1235268692874,15.466795503983468,2021,7
9,冷钢,111.437288,27.690401,0.0339509619090028,3.743045263552144e-05,-7.720425853636562e-05,0.1298875810032935,0.3256722583835305,31.79954903536407,304.6187229929853,298.1177277375518,1.6582919835151364,2021,7
10,凌钢集团,119.41374,41.271048,0.042600632237226,4.716620343362038e-05,6.675852926846619e-05,0.1400623135291101,0.4692713721926488,24.66959709361396,304.1824810217392,293.50764324182626,2.869106929119092,2021,7
11,凤宝特钢,113.872158,36.131666,0.0501740911748206,7.596068755425174e-05,6.893671744937333e-05,0.1364595824555201,0.4480132574167601,49.61314460192024,307.54215936531654,296.09559776508144,3.3541429453366725,2021,7
13,南钢股份,118.746315,32.200797,0.0424768361789292,0.0001021440192622,9.431410692325054e-06,0.1337267166679958,0.5519262175902938,32.99631146091997,305.6115600441576,297.9696460920152,16.231966828964936,2021,7
17,太钢,112.57052,37.970033,0.0436711400420104,0.0001013894117476,9.5792685377204e-05,0.1366548257814518,0.5428299134007265,40.72711448681289,306.0960478666275,293.90416306579925,15.217248212306869,2021,7
19,宁波钢铁,121.876423,29.918776,0.0338033446656141,6.83488364945397e-05,5.080045482146643e-05,0.1312242510056576,0.5120690197388543,12.151032119831104,306.4251816109743,296.31632362048407,19.06575735517082,2021,7
20,安徽富鑫,118.067833,31.194505,0.042307123754703,6.375625261103013e-05,-5.535740759249929e-05,0.1328824015703338,0.4823013100501325,27.90060239825149,302.707053985185,298.6465171508999,2.606549893175333,2021,7
21,安徽贵航,117.251147,30.531068,0.0385818661910536,4.202466159537229e-05,4.6543753674689e-05,0.1322995613054493,0.4805533263863547,30.172337517342385,303.5322522343487,298.5938676259255,3.725973206590855,2021,7
22,安钢信阳,114.038243,32.488704,0.037860393197137,3.43559057989235e-05,1.1209257304559389e-05,0.1341224314683765,0.503405674054003,34.458636832823686,303.6107514176396,296.7164388968648,1.354679645977377,2021,7
23,安钢股份,114.283145,36.122129,0.0490169621729113,0.0001041940237762,8.846686405342349e-05,0.1369530366307225,0.6199398022581657,53.99819850643577,308.48861266249503,298.1665887252575,6.994752668826483,2021,7
24,宏兴钢铁,118.871477,39.700721,0.0516081092613196,0.000109142650481,0.0001346743477812,0.1401668047983184,0.8332135940888219,42.32605022025382,304.280348383144,295.44517338403296,2.173183036617069,2021,7
26,宝武鄂钢,114.861313,30.39574,0.0381377582869852,6.301115548879218e-05,7.487975442856674e-05,0.1317259070385696,0.4098710122199078,44.307529019722665,305.3896658890956,299.03466325058446,8.089568463767858,2021,7
27,宝钢八钢,87.304639,43.852147,0.0331157203785574,7.822978443011017e-05,7.249150004507161e-05,0.1357759809001298,0.2255608900337073,18.20814131500445,314.3078541748974,294.19462505532607,6.645691527270182,2021,7
28,宝钢股份,121.440087,31.41623,0.0367647124425235,0.0001283456291478,5.313955309938881e-05,0.1335197809775681,0.5571438939429125,36.228786571237386,308.5641109539242,298.6041774493402,17.794740148421152,2021,7
29,山西中阳,111.161118,37.370796,0.0370559108877708,5.4241160870859736e-05,1.6523097268942108e-05,0.1356634227296878,0.3319106807621118,29.6303319657909,304.4454327974541,292.46612230998454,2.882640141216932,2021,7
30,山西建邦,111.37916,35.668163,0.0554804763853124,8.086195361634035e-05,0.0001316474677789,0.1357395581718282,0.4709780449221205,42.56342159679837,310.8670552801155,296.76620939310897,4.513847752460635,2021,7
32,山西晋南,111.51465,35.678541,0.0516921429145217,7.241945064881403e-05,9.823465526399372e-05,0.1358065052507291,0.440545235742573,38.34207618069741,309.91360100457126,296.23126865848974,2.592135227721988,2021,7
33,山西高义,111.258436,35.586841,0.0512279172327862,7.206066724522423e-05,9.81835378335494e-05,0.1356517076014328,0.4621355009659889,43.52786948857229,310.0049215647469,297.1098140708465,2.0329579284718777,2021,7
34,广东韶钢,113.654289,24.704815,0.0326364587703924,4.468789465416346e-05,-7.271562071092344e-05,0.1296552286895558,0.4382329117958045,24.409473484682326,305.5899984161112,299.0211933517064,4.788936848544274,2021,7
35,建龙西林,129.287919,47.495036,0.0386335236184032,2.8069455045145795e-05,-3.2776202990152e-05,0.1387645684493488,0.2879761733975499,13.676252773325029,299.31625308014605,293.7284303920718,2.9354998051581496,2021,7
36,德龙控股,114.384832,37.086116,0.0581259504231794,0.0001209755157908,0.0001271485298305,0.1375593746289916,0.8561772374451722,64.95578475096409,306.109563726448,298.03940018717253,6.925028846613924,2021,7
38,攀钢集团,101.693628,26.551896,0.0374491966982423,4.719406402854589e-05,9.446704996915565e-05,0.1268834971804871,0.3156609625111659,31.96671727323519,304.10959551628315,294.33638508385104,4.539354414479158,2021,7
39,新兴铸管,114.128189,36.621504,0.0686818709299629,0.0001269324259992,0.0001240115644083,0.136804201369023,0.6627296985146448,56.60106141765638,306.9782656229557,297.3968119022166,4.018322593413439,2021,7
40,新金钢铁,114.216151,36.715444,0.0716368555450835,0.0001326151798441,0.0002398298339067,0.137121067412151,0.8054430711434063,58.7740375099036,307.22503210001145,297.73805693593965,3.934180172438301,2021,7
41,新钢集团,114.932403,27.790574,0.0357531286510685,4.209524726927873e-05,-7.769608713908922e-06,0.1310758497355672,0.387171181947236,23.1675075318912,306.6624511705747,299.10209697732114,5.47455592300569,2021,7
42,方大特钢,115.99204,28.645441,0.0347123229604316,5.1837791670545605e-05,2.0007333266077143e-05,0.131030769212583,0.4967138576238489,30.1271541047754,308.1916201699195,300.09197793959885,18.20294695360576,2021,7
43,日照钢铁,119.36115,35.158382,0.0417319228239871,5.9451911201976025e-05,2.5033551802811823e-05,0.1373710775937241,0.5935767571106012,34.57366544097166,305.6159231935137,295.18349645110465,9.728524209500998,2021,7
44,日钢营口,122.395441,40.671136,0.0442707236510109,7.916013199236334e-05,0.0001051514120329,0.1410046647850584,0.5414353417264948,58.59298468635643,303.9894540987418,296.26439771123205,4.613218033564186,2021,7
45,普阳钢铁,113.925994,36.733675,0.0763090640859418,0.000144674969701,0.0002580206126069,0.1363643941761856,0.582637469655117,55.35343542963365,304.8975882175068,294.9789480221052,1.3807638797907704,2021,7
46,本钢集团,123.722099,41.274132,0.0454186701919768,0.0001189913930992,0.0001674859163824,0.1404579870518814,0.2052861118029425,27.664777199555893,301.8876442943473,294.764721028362,5.664406022370171,2021,7
47,柳钢集团,109.373148,24.379047,0.0348644962367684,6.661571633159301e-05,-4.496172236188789e-05,0.1295355725374321,0.7381756900578372,27.2347792864798,307.5717663951296,299.269281313195,15.39617871280578,2021,7
48,桂万钢,108.412344,21.687637,0.0336062764411335,4.879224285675686e-05,-8.632425133738146e-06,0.1282511130712176,0.3366305180635595,17.05478958058393,303.35903123905723,298.7400211682557,8.554741731888965,2021,7
49,武安文安,114.177621,36.684389,0.0739674063270414,0.0001399849595493,0.0001942113071483,0.1370109663419467,0.7825199005282208,57.73014214387803,307.498653818699,297.6271455554447,5.047574575232739,2021,7
50,武汉武钢,114.444975,30.616222,0.0394709902734476,9.307161849692832e-05,9.483874398754272e-05,0.1319750232559088,0.4818524261076397,46.0151809988929,306.3971044889296,299.40816979531746,9.34899554649838,2021,7
51,永钢集团,120.739658,31.839485,0.03810979944874,9.980904783728592e-05,3.410951644897276e-05,0.1333455081708994,0.519659770908401,34.547763760883754,305.6670394086592,298.69283972284904,6.638590845145281,2021,7
52,汉冶特钢,111.534635,33.269324,0.0413883294686639,3.568286591304722e-05,4.649623460498109e-05,0.1345721527521645,0.438815656251262,33.54644206865487,304.39387852233267,295.8876580165992,1.263025316895085,2021,7
53,江苏镔鑫,119.279989,35.09556,0.0404867861816303,5.628726328759143e-05,3.108442716978498e-05,0.1372416518261458,0.6118131240285744,32.10263932144324,305.6996499436488,295.34053617639654,7.476415800894411,2021,7
55,沙钢股份,120.647295,31.967456,0.0413556303125628,0.0001256096243813,-2.3029107305379245e-05,0.1336921509450577,0.5673528919970492,33.46296072289258,305.7910179692548,298.9762718162102,9.227742365644271,2021,7
57,河北新华,117.784839,38.288605,0.0512162852607905,7.127343627417627e-05,0.000120559066988,0.139800651833703,0.7500094688526255,40.310423778557485,305.40192392984306,299.0782809235477,7.132106368204953,2021,7
58,河北津西,118.220547,40.209844,0.0483408888370216,8.018048089803363e-05,0.0003533950331573,0.1403350317901337,0.6952106335716712,50.23552396106971,302.00275514952943,293.95902433176707,1.6960381995194984,2021,7
59,河北烘熔,113.981172,36.640411,0.0702442750193965,0.0001241491802247,0.0002551316204118,0.13644120834935,0.5779772774648306,56.11256526094621,305.3955395861948,296.141031669906,1.56491801384527,2021,7
60,河北荣钢,118.558755,39.880661,0.0545013194871745,9.966950710723646e-05,0.0002133831999422,0.1401287136177106,0.9140381616831548,47.11164740563307,303.2339692511662,295.3887265248076,2.850952287006808,2021,7
61,河钢承钢,117.734527,40.952513,0.0432811501157759,6.235138773022175e-05,0.0003255551121642,0.1401656089762814,0.3690045789876868,33.85091357253906,301.18122875013404,293.34883402662507,2.0931567803141604,2021,7
62,河钢舞钢,113.492311,33.28384,0.0410293209615598,4.250100275499696e-05,2.9590129580775817e-05,0.1350968769969167,0.6809937984712596,32.49178002964117,303.5520592252903,297.4558859956313,2.002946621889951,2021,7
63,泰山钢铁,117.627728,36.22141,0.0493140181907137,7.013845041038053e-05,8.734511585006038e-05,0.1374879257490683,0.8948451928917405,31.633646813133964,304.9876782961791,296.3999417482969,5.367840243876271,2021,7
64,济源钢厂,112.553774,35.086396,0.0461318040347198,7.9063324796085e-05,0.0001150400651832,0.1360493802608971,0.5727229254606593,54.90675933407631,306.54300740058983,297.4628477308067,5.204719693652567,2021,7
67,海城恒盛,122.83646,41.056042,0.045085714138928,7.375099359704262e-05,6.241250673497267e-05,0.1408580508006209,0.4794118854312527,46.49429641290226,304.1946360468229,294.91263928210407,2.8866217538078485,2021,7
68,涟钢,111.967343,27.747782,0.0343792641770639,4.808430639236746e-05,-1.571985621334511e-05,0.1304394684165053,0.5275141446909524,30.732177691561446,306.5185746630674,299.0209423802457,5.62495136005249,2021,7
69,淮钢特钢,118.988442,33.566039,0.0383882205571379,5.896760893966863e-05,-4.180436350857414e-06,0.135140364874056,0.6606879073491142,27.97195920666643,304.31717693931995,297.386261696152,15.054747673348528,2021,7
70,港陆钢铁,118.073913,40.183913,0.0490650890321774,7.927699654597942e-05,0.0005399980438211,0.1404858118667122,0.8046622840470833,51.58999272225629,303.37645391211646,294.19141441693085,1.850283701630722,2021,7
71,湖北新冶,115.125838,30.204603,0.0366257456236771,5.385343674820938e-05,5.350253249030767e-05,0.1316493643207905,0.3390660860379832,68.4996805944138,304.17368732678665,298.87654303499124,4.675406157613227,2021,7
72,潍坊特钢,119.238427,36.644469,0.0422773295956529,5.808156608647979e-05,6.769696730150406e-06,0.1377148136733477,0.9126118484617994,33.218075401464375,308.2344574949843,295.5867649688939,11.04974996839813,2021,7
73,玉溪仙福,102.186364,24.012309,0.0286421702297882,1.931845597654197e-05,-5.636261640489769e-06,0.125946799743993,0.2809585296136334,7.225120698835992,302.11764352299764,293.31174713967613,0.7706152947181463,2021,7
74,玉溪玉昆集团,102.543682,24.465884,0.0263700848760613,2.445548897816849e-05,-3.118446201124428e-05,0.1258813572414215,0.3951411987614088,12.59865172999738,297.8591538417396,288.3775779243301,2.04513755949884,2021,7
75,瑞丰钢铁,118.272056,39.497472,0.0491955288244986,7.451075828643302e-05,0.0001576324198246,0.1400720440876127,0.8343349708105576,50.93564813191882,305.0989344436058,295.4479359848278,2.45752724348182,2021,7
76,甘肃兰鑫钢铁,103.933888,36.510351,0.029578135546051,4.665330029541421e-05,8.012109593420915e-05,0.1308320900878837,0.204734677554622,22.18290262590017,315.7913338556285,290.85913595253845,1.0298244773042935,2021,7
77,石横特钢,116.533981,36.229201,0.0433430580848796,6.130136756561121e-05,0.000101239806923,0.1371972835367075,0.7407289663284596,38.68797026851693,305.23678231328256,296.472528014324,5.460292111533884,2021,7
78,联鑫钢铁,120.774892,33.211332,0.0368817314710572,3.36712836882911e-05,6.129249851655233e-05,0.134957526339491,0.540702908237913,27.402187054910755,302.4988855500971,297.4038704460007,2.742135750749076,2021,7
79,荣程钢铁,117.495794,38.970638,0.0492122621209664,0.0001299754329896,0.000152432754363,0.1401338068630306,0.9204895239922414,36.96752918729389,305.43857902332627,297.2372347987073,11.143033823924627,2021,7
80,萍钢股份,116.27527,29.778431,0.035327059020621,4.301365885249587e-05,-1.3900388778880814e-05,0.131801247118774,0.4750263996104273,28.906893268787016,303.44705740995573,298.4724440610391,1.9669329298407587,2021,7
81,衢州元立,118.848341,28.902581,0.0372567088743783,4.631059011017778e-05,-3.117851424360323e-05,0.1307310702107745,0.4425755539877036,19.844550891434665,307.01983356583395,297.23293178631747,7.976993991880918,2021,7
82,裕华钢铁,114.098377,36.731752,0.0815978822902972,0.0001670354485475,0.0002426848894129,0.1367357259440791,0.7697030184143916,55.45135501094389,305.9992079075095,296.57937698987183,3.548999597847948,2021,7
83,西宁特钢,101.671414,36.66856,0.0344565212845346,6.396205724999708e-05,-3.741353700027108e-05,0.1288606298375398,0.2377319438949801,21.83589664639385,305.75965369987296,286.39810614826416,11.21380626640298,2021,7
84,贵港桂宝,109.63938,23.089502,0.0351774365577892,4.6421775282404046e-05,-9.697078096033508e-05,0.1287330557190916,0.5929190250872718,23.817557163128587,306.12466752985927,299.87162673007043,6.206892437053183,2021,7
85,辛集澳森,115.184798,37.752351,0.0512092436229927,8.605354067604113e-05,0.0001276436876857,0.1380985279371478,0.6729722919788466,55.730836834300135,307.4815072447257,296.8384301926922,1.519570473789105,2021,7
86,达州钢铁,107.453099,31.18945,0.0393888353008987,5.288014443928203e-05,7.712280416402149e-05,0.1320848375245346,0.4007140253949436,27.608775353156396,305.07817447828666,296.9461166440176,7.833851908730822,2021,7
87,迁安九江线材,118.563418,39.95945,0.0576327297507907,0.000120393363358,0.0002522314117757,0.1400313306445594,0.9366648457258828,47.04443747680096,302.94146221538125,295.6080915410387,3.6776433037130993,2021,7
88,通钢,126.022349,41.779125,0.0381005551872937,3.346419882840775e-05,6.908411180872674e-06,0.1402521704292648,0.3101104040372264,18.085637876197325,301.569409047434,293.62330763772684,2.1525365869581345,2021,7
89,邢台钢铁,114.452352,37.041601,0.0561970742067115,0.0001252875152938,7.86432236961831e-05,0.1376301249459932,0.978632743263888,64.95578475096409,307.14328056947323,298.7279010141384,10.72616716661877,2021,7
90,邯郸中普,113.928977,36.711757,0.0764150766313084,0.0001428969412225,0.0002801886184565,0.1364131206398313,0.5858753427350709,55.90561752858172,305.143896010031,295.2008131417037,1.6052150346449294,2021,7
91,酒泉钢铁,98.286265,39.807065,0.030272783648606,4.358331891016601e-05,3.019218529430081e-05,0.1315318535736128,0.1961981636149934,19.85069764658197,317.7536000948719,295.1957026558222,6.924405015512785,2021,7
92,重钢集团,107.040368,29.790253,0.0407030152287343,0.0001035154505643,9.781853345508828e-05,0.1315923985521943,0.5385890362772083,31.93479152306911,305.1207449903499,297.4409650456388,6.072554837138025,2021,7
93,金鼎重工,114.111677,36.718952,0.081036543255457,0.0001641793148663,0.000233432796061,0.1367890344519203,0.772358866248556,55.95355645144895,306.3565017268148,296.8262920491413,4.051074264640203,2021,7
94,铜陵富鑫,117.772866,30.907561,0.0394835713299098,5.600076348486368e-05,-8.970212953688536e-05,0.1323354644707965,0.4515710039152773,27.843707724060295,304.4928540127923,298.6034128723488,6.197425379597038,2021,7
95,陕西略钢,106.167206,33.323678,0.0362549460538358,2.718987654653524e-05,0.0001047201424464,0.1315865341917318,0.222187102244515,13.409093857577291,300.51297012444127,293.3543870595241,0.8496520073805803,2021,7
96,青钢控股,120.390032,36.216949,0.0400879159041247,5.8543976883956186e-05,9.647436560752712e-05,0.1368367959670728,0.8883800869364774,33.00336004485871,307.7117886725603,295.32697352414453,17.09621302877516,2021,7
97,鞍钢股份,122.983054,41.148267,0.0465382132987519,0.0001333775672708,0.0001082955985256,0.1407101796596074,0.4125316008921934,40.05431092886716,307.6136591080876,296.1205634696106,12.37315279715826,2021,7
98,首钢水城,104.877413,26.595229,0.0281814365972752,3.663204427103419e-05,7.44638933641246e-05,0.1268334951625631,0.5521153876991061,15.250730456273232,298.0730491171927,289.2500037769034,5.366067100180668,2021,7
100,首钢长治,113.060809,36.356404,0.0447274899958888,9.845062723858377e-05,0.0002084906802608,0.1354024380535219,0.4409626174845323,36.28429403493142,302.7625868753902,292.82923540973474,4.641959658868893,2021,7
101,马长江,118.465162,31.502272,0.0399491366364603,6.124582210349752e-05,1.9038951871142657e-05,0.1330364082197442,0.4604794416664803,27.894481035104583,304.05452898537754,298.4513583028491,6.104568205826215,2021,7
102,龙腾特钢,120.835685,31.723833,0.0378008143790266,9.43820105346093e-05,-3.938395948622128e-05,0.1333221530731668,0.5720674570843758,34.547763760883754,306.5607692203863,298.40601236226007,10.430922551086804,2021,7
103,龙门钢铁,110.575788,35.618466,0.047795850251956,0.0001087879065044,0.0001227408799264,0.1354741316388325,0.5235543506689916,43.24358453716493,307.8167467980411,296.53458628147484,3.154111642511605,2021,7
1,东华钢铁,118.256774,39.468366,0.0624366997267502,8.901614805074571e-05,6.796087262705301e-05,0.1411112916847963,0.5147121991898121,42.4139222266273,302.4606348055474,294.08955887832786,2.633649106681002,2021,8
2,东海钢铁,118.624794,39.748373,0.0687476989457379,0.0001070892325936,0.0001222062819376,0.1413546220240185,0.5517999764363796,53.24625703428577,301.8950294928503,293.3650302250113,3.553010544371575,2021,8
3,东特,121.759531,39.05443,0.0563004513350876,5.859029045923275e-05,9.64905727693444e-05,0.1404525585541773,0.5976800694039042,33.6733430441124,303.6654409503152,294.11708599948435,15.20116030767567,2021,8
4,中天钢铁,120.081591,31.702681,0.0450088565532728,0.0001074539325149,0.000112470773403,0.1320378375490674,0.6932360426172993,39.59486249982547,305.87238375647604,298.4861387337446,14.825770001605743,2021,8
6,佰工钢铁,118.819472,39.748773,0.0690902957696506,0.0001083016179442,0.0001095418104464,0.1414025063740133,0.5283153405583583,50.28755722946698,301.6708129705197,293.62023747732326,2.9599709030069525,2021,8
8,兴澄特钢,120.320504,31.938905,0.0448965462558962,0.0001267322944176,6.486907783581016e-05,0.1320949176840555,0.718849026961831,38.3645171155816,305.655526339757,298.10674144966384,18.68196790195698,2021,8
9,冷钢,111.437288,27.690401,0.038544496885309,4.183201410789864e-05,6.651282512189432e-05,0.1279771550761515,0.4683678129812521,33.95054236364862,305.50740622394665,297.84031748618816,1.6327515590837505,2021,8
10,凌钢集团,119.41374,41.271048,0.0511725843053443,4.96105121951501e-05,0.0001882152218668,0.1422394107971005,0.4827421002272123,23.464935339462496,300.22906995056,289.8110302591779,3.213436584195488,2021,8
11,凤宝特钢,113.872158,36.131666,0.0646199196690209,7.280097786628986e-05,0.0002248372589514,0.1342808493695978,0.7289243780518011,65.49820018098201,303.26059285786647,293.8543790605896,2.7429104636766795,2021,8
13,南钢股份,118.746315,32.200797,0.0477363671104215,0.0001123166323622,7.18185499994558e-05,0.1326316232738784,0.7527633968448799,43.29925928914236,304.1449287073259,297.87236031033115,15.08687463770011,2021,8
17,太钢,112.57052,37.970033,0.0510625638926612,9.680219924179023e-05,6.756137288708102e-05,0.1347579363564285,0.5709451992684708,40.01201326917064,303.2682400338955,292.02117197482744,15.411155276023532,2021,8
19,宁波钢铁,121.876423,29.918776,0.0372198867922092,6.463923707423621e-05,4.907862777414832e-05,0.1308267597795149,0.4697868983615511,16.325545777530404,305.3345670108373,297.51389001202455,26.53935343512942,2021,8
20,安徽富鑫,118.067833,31.194505,0.0467709176019787,7.357607436859333e-05,5.449092428169991e-05,0.1319152772846044,0.7019039841697171,34.55251327248623,302.1080069398113,297.88126067823623,2.728462084813313,2021,8
21,安徽贵航,117.251147,30.531068,0.0436518180173028,5.2919126868593e-05,7.773260100460837e-05,0.131386786604517,0.6105560934557693,33.35732401410496,302.78244852116416,298.2713929271694,4.00034808307852,2021,8
22,安钢信阳,114.038243,32.488704,0.0448233608257533,3.217687442493066e-05,9.768933421964364e-05,0.1308916426008158,0.6046188195884523,45.58902233497975,302.1875981384844,296.28641161219105,1.30990791037594,2021,8
23,安钢股份,114.283145,36.122129,0.0636576257890324,9.260106986835615e-05,0.000229680985648,0.1350049578363109,0.9218073940257328,74.42406799876322,304.3957944061369,296.18940661561857,5.692596992944417,2021,8
24,宏兴钢铁,118.871477,39.700721,0.069547784938147,0.0001120463667929,0.0001072914661051,0.1412951109975517,0.5470062749109784,50.28755722946698,302.0056876951349,293.4521552834543,2.9120891896327383,2021,8
26,宝武鄂钢,114.861313,30.39574,0.0430896724996471,6.964885888347031e-05,0.0001759245481068,0.1301908163274714,0.6506863783685717,49.88388045781425,305.6426200898339,299.7222870073896,7.316251237493898,2021,8
27,宝钢八钢,87.304639,43.852147,0.0394846509213356,8.7179515220667e-05,9.271231967641814e-05,0.1374555964765357,0.2101189595036789,18.02884175893601,308.8896954584195,290.6154884086849,6.691474804803147,2021,8
28,宝钢股份,121.440087,31.41623,0.0421023663914927,0.0001696422311656,4.77361546999782e-05,0.1322133399657027,0.659549814194054,44.06862806546607,308.2815821674243,297.0097586957482,18.5689283930329,2021,8
29,山西中阳,111.161118,37.370796,0.04454061226497,6.906973268510452e-05,0.0001034016537126,0.1327214222379501,0.3980006031576634,29.28433850968304,301.643554590679,289.84546987464586,2.953662555104141,2021,8
30,山西建邦,111.37916,35.668163,0.0628803483476291,7.796823665088758e-05,0.0001741180877833,0.1323943508532486,0.5732938969313586,46.60959500374546,304.7021020792208,294.9407724723661,4.587568176622516,2021,8
32,山西晋南,111.51465,35.678541,0.0596202838510102,6.890537729647888e-05,0.0001818887560464,0.1323530260997251,0.526414146897526,42.05433867809916,304.73286193475906,294.0248349760607,2.668949034834697,2021,8
33,山西高义,111.258436,35.586841,0.0586590496960991,7.247843865848117e-05,0.0002495497823595,0.1322764328548465,0.5474465389999741,48.66573514685005,305.5132153364289,295.4278920515539,1.99749923106884,2021,8
34,广东韶钢,113.654289,24.704815,0.0369717055453993,3.948748278335866e-05,-6.344027268279784e-05,0.1275611958749023,0.5313964292790381,22.253731463540973,304.9438919181806,298.5221339500029,3.718325952687943,2021,8
35,建龙西林,129.287919,47.495036,0.0475221500761612,2.6341787545198337e-05,-1.8958019928000267e-05,0.1412154609978216,0.2960679712981374,9.013342286123583,295.91845279839487,286.3213487349546,2.863304670889349,2021,8
36,德龙控股,114.384832,37.086116,0.0662359761351617,8.1208408231643e-05,0.0001824746062411,0.1362442116887113,0.7941210878756645,80.56877476292357,303.6848984435538,295.93374155841417,6.697934491014719,2021,8
38,攀钢集团,101.693628,26.551896,0.0403630986266957,6.022922188890426e-05,7.551889213574556e-05,0.1239095723700601,0.444760469504957,34.37022400021306,303.49767418150645,294.6703741975461,7.429374850235828,2021,8
39,新兴铸管,114.128189,36.621504,0.074626610610486,9.412740427035716e-05,0.0001765553527953,0.1352182658584707,0.8454678289406342,72.22480043681603,302.906987188531,294.6930154714596,4.282637574760418,2021,8
40,新金钢铁,114.216151,36.715444,0.0742279026844501,8.421597983179122e-05,0.0001652085003919,0.1354718230986134,0.9025651581813114,75.63217677049643,303.21202912037427,295.2636969490824,4.150329553871807,2021,8
41,新钢集团,114.932403,27.790574,0.0414770663138301,6.477339705181853e-05,0.0001008962586806,0.1288218835899917,0.6414721354505591,27.505937675270108,305.52409257209007,300.7463167659373,5.019831992932614,2021,8
42,方大特钢,115.99204,28.645441,0.0402156138921957,5.874779884046253e-05,-1.373475270017888e-05,0.1291908535226746,0.6117241684799742,34.808998350399634,306.9716848561833,300.8560188654986,18.37916690562067,2021,8
43,日照钢铁,119.36115,35.158382,0.0586331770209017,6.56469135101244e-05,0.0002383561233885,0.1350108443590556,0.5329698223580712,41.66066751596109,304.74791906373935,296.1197495065686,11.444227701402571,2021,8
44,日钢营口,122.395441,40.671136,0.0635916087877331,7.263029183998842e-05,0.0001040104870492,0.141742568417452,0.4605579148047661,71.5469923306955,301.0113706792482,294.145187123025,4.986151639969879,2021,8
45,普阳钢铁,113.925994,36.733675,0.0724589948287448,8.999027267536686e-05,0.0002438602146429,0.1347617720271727,0.7063273259069058,69.67731588865563,301.5749105555172,293.34804493819,1.4195721263835137,2021,8
46,本钢集团,123.722099,41.274132,0.060996481206747,0.0001230045782707,0.0001573473926918,0.1413184730594428,0.2914639309334926,30.90461670808149,299.67006885415867,291.12813396655014,5.144650478447866,2021,8
47,柳钢集团,109.373148,24.379047,0.0399336663367841,6.936802758155803e-05,-3.189701763563068e-06,0.1272242495652539,0.7292006976973725,26.98403890590566,308.1660337208616,298.3440504652661,11.356363690282578,2021,8
48,桂万钢,108.412344,21.687637,0.0362767458486164,4.842687637865147e-05,-2.8988703241656312e-05,0.126749286861322,0.2827913872022448,15.632972250045896,304.24027598560406,298.35423602088724,2.3919648915213974,2021,8
49,武安文安,114.177621,36.684389,0.0757497196967773,9.166917059700392e-05,0.000184481571601,0.1354167621272645,0.8879377628382913,74.13434249534774,303.5114144939387,295.2501567455592,5.13798078917967,2021,8
50,武汉武钢,114.444975,30.616222,0.0436786308447563,0.0001221261665524,-6.37799613235879e-07,0.1302756257789049,0.6852389915333418,51.59293436918233,305.8825614956867,299.28143833715984,11.874724718844616,2021,8
51,永钢集团,120.739658,31.839485,0.042847394337007,9.573992606011112e-05,4.220796798443505e-05,0.1321713266817857,0.7016986543512421,37.54313127046771,304.37546491597715,297.5290387258681,7.575296034471207,2021,8
52,汉冶特钢,111.534635,33.269324,0.0465361428674338,3.805947614964319e-05,7.506766597234443e-06,0.130315737693731,0.4822468210374857,43.91844754536578,303.7024937832974,294.3935561717204,1.3049251687929884,2021,8
53,江苏镔鑫,119.279989,35.09556,0.0572486675205217,6.865164866948183e-05,0.000121023110253,0.134925371535088,0.5277747444253694,43.7109040291414,305.3055532683571,296.20252562059005,8.788336227890484,2021,8
55,沙钢股份,120.647295,31.967456,0.0440411099160641,0.0001315781653232,4.7653078919063626e-05,0.1321850036260057,0.6831836521888431,36.17928117302638,305.3185199333283,297.53253775626604,10.38926720205444,2021,8
57,河北新华,117.784839,38.288605,0.0651204148190398,8.370732463797024e-05,0.0002085274078983,0.139459936833657,0.6315843009054758,42.404929550451925,302.1406990626642,297.89311851803217,8.590849050673414,2021,8
58,河北津西,118.220547,40.209844,0.0609987073262119,7.045425962554247e-05,6.0101789708948245e-05,0.1415667932764749,0.4651409975095577,58.01933728203871,299.91410580658066,292.98975629272064,2.336242912069452,2021,8
59,河北烘熔,113.981172,36.640411,0.0751552033413922,9.212248202092506e-05,0.0003088290067562,0.1349586515885608,0.7944895664819611,71.39863811289615,302.06534557517995,293.7063607192187,1.5924310480031931,2021,8
60,河北荣钢,118.558755,39.880661,0.0680179458197259,0.0001034945071981,0.00011159736503,0.1412693596631627,0.5574424307140379,56.32941049760218,302.0949031854057,293.362919494561,3.652015745923497,2021,8
61,河钢承钢,117.734527,40.952513,0.0536340481924651,5.223897159866725e-05,0.0001777587651612,0.141636584806625,0.5070861609041762,36.03635327182604,298.71635011910803,290.09146027578885,2.678337045550528,2021,8
62,河钢舞钢,113.492311,33.28384,0.0477714216859335,4.541885029347986e-05,9.610451265185317e-05,0.1315034497037736,0.70120782406005,50.48605893263732,301.7434338208022,294.55367510761585,1.8013191082097646,2021,8
63,泰山钢铁,117.627728,36.22141,0.0601442074984649,7.396291283819587e-05,0.0001790447917748,0.1354342097619875,0.7712067484288286,50.9864008790828,304.9324901674286,294.59142660985293,5.261819837824162,2021,8
64,济源钢厂,112.553774,35.086396,0.0556481763071309,6.677037990217123e-05,6.857431286568163e-05,0.1326688797192823,0.7096092144122829,70.63850467379415,303.72740747532345,295.42848970983346,4.399831444207086,2021,8
67,海城恒盛,122.83646,41.056042,0.0641356167094706,0.000109057031894,-8.285899812975032e-06,0.1419464210482307,0.4720167971153296,48.29754374213735,300.9028393133109,291.844406490275,3.0346004678540117,2021,8
68,涟钢,111.967343,27.747782,0.0392775389454439,4.949182371962657e-05,-2.6294751652625462e-05,0.1280701056022061,0.5501619154430992,33.9130785675934,307.218888177298,299.53673842570856,5.302599120925743,2021,8
69,淮钢特钢,118.988442,33.566039,0.0483482487920516,5.664301722594099e-05,7.854314901464617e-05,0.1329406793285835,0.6389643207129978,36.16255895615669,303.7342931414421,297.15702753282346,15.712219582756244,2021,8
70,港陆钢铁,118.073913,40.183913,0.0620750373342036,7.592162714981296e-05,0.0001429071587878,0.1415025937305528,0.534603371851429,58.3224917249936,300.9892336836692,293.18068661902777,2.2993927901944398,2021,8
71,湖北新冶,115.125838,30.204603,0.0426302088030079,5.526313970088616e-05,2.0777641210208086e-05,0.1301416059314794,0.5312782712476287,75.81615335539027,304.53004476470323,299.2239825335601,4.034626701914262,2021,8
72,潍坊特钢,119.238427,36.644469,0.0548883021357783,6.15674553531543e-05,4.501661313064522e-05,0.1368025892778222,0.7746937397932601,48.11266052229257,304.6042447523008,294.9678005607639,11.388309820996726,2021,8
73,玉溪仙福,102.186364,24.012309,0.0327252041151909,2.609399083936126e-05,2.750305372292067e-05,0.1245124358381114,0.4627891615886546,9.330346845425506,299.8046987105229,293.0425487202129,0.0190490093117374,2021,8
74,玉溪玉昆集团,102.543682,24.465884,0.0290759561418764,2.807519081145901e-05,2.270193362625733e-05,0.124032284963322,0.6243320103220366,14.642993495719177,297.4831629081312,288.40054763416765,1.4521662837837417,2021,8
75,瑞丰钢铁,118.272056,39.497472,0.0628960762070151,9.359514617059452e-05,3.729275254516034e-05,0.1410977261434403,0.5287962321047844,42.31725848915192,302.875776920476,293.98836501450023,2.9273569171434404,2021,8
76,甘肃兰鑫钢铁,103.933888,36.510351,0.0345309462721564,4.72387946298894e-05,0.0001842044877231,0.1281556123527121,0.2831505038951986,22.72263976976774,313.9258349777979,288.9142368640564,1.1561522554239254,2021,8
77,石横特钢,116.533981,36.229201,0.05770119080045,6.887931594999928e-05,0.0001035084064844,0.1356336391204062,0.8780359650891731,65.07647512702037,302.55737268572386,295.2926864561827,5.340428685103042,2021,8
78,联鑫钢铁,120.774892,33.211332,0.0421582788268718,3.208831744563359e-05,3.8856260224470575e-05,0.1333383088093904,0.6560912080103971,23.68183837525043,301.7494030073651,296.69790485144097,3.368122216541756,2021,8
79,荣程钢铁,117.495794,38.970638,0.0658789999906458,0.0001523434629552,0.0001147264401178,0.1402269249853021,0.5457360969424002,43.720903414669934,304.01219086266525,296.5424299472987,10.703240991790882,2021,8
80,萍钢股份,116.27527,29.778431,0.0419480394048519,5.307955182592668e-05,2.2766610048881887e-06,0.1298596010152304,0.5532855254764028,31.626809959965552,302.944003967038,298.42371728737686,1.916053656678734,2021,8
81,衢州元立,118.848341,28.902581,0.0439452992003571,5.8794118093362807e-05,2.3524626533505287e-05,0.1297895252129669,0.6006016813833968,22.965986445910858,304.97322466660927,297.97956832802106,5.899636423745853,2021,8
82,裕华钢铁,114.098377,36.731752,0.0761096685207496,9.52442666488868e-05,0.0002156170498665,0.1352283884507534,0.9002894384440442,69.87469972859245,302.83662144242487,294.7542073701576,3.649722684703217,2021,8
83,西宁特钢,101.671414,36.66856,0.0386634502876336,6.712174255835562e-05,-1.0408120644728815e-06,0.1269195443667303,0.3020720125406191,22.144117650668704,300.2905679809759,284.8030374737899,9.55660861247037,2021,8
84,贵港桂宝,109.63938,23.089502,0.0361434049037258,4.246747962464349e-05,1.89643925073854e-05,0.1271947147891858,0.7335170753200315,26.170542831803868,306.1291779582648,297.3233118767042,5.306904563166736,2021,8
85,辛集澳森,115.184798,37.752351,0.060188197512277,7.055554998318156e-05,0.0001859425869872,0.1378583236875112,0.7286169066464427,62.08291836173885,302.3276835913624,293.6155344895732,1.5402492616152,2021,8
86,达州钢铁,107.453099,31.18945,0.0428852556711484,5.333363274630969e-05,3.844103530542099e-05,0.1277634135048845,0.4643991083567826,29.62299789909545,306.89948898297814,298.76662378779906,6.394116007007111,2021,8
87,迁安九江线材,118.563418,39.95945,0.0656980700571783,0.0001024278461757,3.580793096948e-05,0.1412700061050738,0.5472502216430883,55.9492833122661,302.16720801799426,293.40639709459623,4.626158132175129,2021,8
88,通钢,126.022349,41.779125,0.0528595866230208,4.919688196429998e-05,1.4091585124109302e-05,0.1394185455779173,0.2942860915814573,15.783742313146831,297.08364412077333,290.07474181597075,1.9016756248487336,2021,8
89,邢台钢铁,114.452352,37.041601,0.0672377233433172,9.267265209964344e-05,0.0002615896765252,0.1361933341922503,0.846227339328691,80.56877476292357,304.85658811435525,296.3257213642165,10.563444498728265,2021,8
90,邯郸中普,113.928977,36.711757,0.0737388574683349,9.152365994428372e-05,0.0002790883187242,0.1348115446649174,0.733283385082918,70.92938540238183,301.8283384781663,293.4971141706058,1.6299424428078195,2021,8
91,酒泉钢铁,98.286265,39.807065,0.0378845666245797,4.74029867670698e-05,0.0001020407564124,0.1298985916661081,0.2554052589348007,19.3857176474822,313.43751384982045,291.58802534582907,7.291201615859852,2021,8
92,重钢集团,107.040368,29.790253,0.0451650858429864,0.0001140582164295,4.0330495135025166e-05,0.1275858965999669,0.5244802591235401,34.504071180851035,307.0265780494703,299.8000766846113,4.987336021877417,2021,8
93,金鼎重工,114.111677,36.718952,0.076702703966764,9.635332352986924e-05,0.0002111675325853,0.1352678663798915,0.9021221318121844,70.91945406733585,303.06773223792834,294.91512675650307,4.195137903110559,2021,8
94,铜陵富鑫,117.772866,30.907561,0.0448894798924419,6.583767395301095e-05,7.022620639237437e-05,0.1314465252841958,0.6523144410457378,33.507993854816355,303.5512647861283,297.9700757670193,6.298464936709307,2021,8
95,陕西略钢,106.167206,33.323678,0.0385959209843218,2.2675354019568085e-05,6.77367426325183e-05,0.1273796787955601,0.241305685523521,16.933034696903167,298.99754235780944,292.5248103584568,0.7054767322448665,2021,8
96,青钢控股,120.390032,36.216949,0.0505276324490919,8.079818160822073e-05,8.050490394226529e-05,0.1364524249866653,0.8234058989752782,31.76777951807708,304.86678193533174,296.50070704317227,19.784665465639893,2021,8
97,鞍钢股份,122.983054,41.148267,0.0647911707833063,0.0001588685412859,9.26339801309493e-05,0.1418461087226539,0.3918542998023092,42.23630619136576,303.3439069989363,293.37080205123584,12.55638868038213,2021,8
98,首钢水城,104.877413,26.595229,0.0313352396239886,4.224681778946014e-05,4.016212235288808e-05,0.1249465595064682,0.4388932675642049,17.441255550920687,300.77424725134307,290.0631056072653,0.3977281326800576,2021,8
100,首钢长治,113.060809,36.356404,0.0539732467571832,9.750867268490512e-05,0.0001891256202512,0.1328604899055455,0.599884245216535,39.759376841067706,301.5390343520364,291.01451079015635,4.179579378450272,2021,8
101,马长江,118.465162,31.502272,0.0466257035482536,7.241624484176094e-05,0.0001146438317481,0.1319978989666515,0.6973054571246834,37.840079595627294,302.59314416362685,298.16629842573525,6.31208487388814,2021,8
102,龙腾特钢,120.835685,31.723833,0.041924819760861,0.000108139561224,6.576529117626443e-05,0.1322110678859167,0.712490293176149,37.54313127046771,305.5514730026921,297.1578160323162,11.235223441338382,2021,8
103,龙门钢铁,110.575788,35.618466,0.0561937454202441,9.67718058917088e-05,0.00017606428119,0.131726221612136,0.5374790317582694,44.17393515527852,305.6742234888358,294.7981002254224,2.858571399901789,2021,8
1,东华钢铁,118.256774,39.468366,0.0565800492845587,0.0001454632605474,8.523856239761578e-05,0.1335596428646407,0.4757917249966023,33.65943395460602,300.504018298535,291.3291967107371,2.501088987490204,2021,9
2,东海钢铁,118.624794,39.748373,0.0574597330597529,0.0001265162305683,0.0001753493139624,0.1335430352036027,0.4173580201956154,37.6675241068003,301.1103392645464,290.77918149239224,2.910186188188643,2021,9
3,东特,121.759531,39.05443,0.0469713733217106,6.787692145416598e-05,0.0001018392579061,0.1333284556417699,0.547900572296255,24.79540577369388,301.5113931678044,291.931916579896,15.737625752033669,2021,9
4,中天钢铁,120.081591,31.702681,0.0447433337047027,0.0001597451737304,0.0001474945754597,0.128412576300291,0.4712171720279146,38.67161879611558,306.35456818996335,296.0256435450008,10.073597487955947,2021,9
6,佰工钢铁,118.819472,39.748773,0.0576454785461835,0.0001118573199172,0.0002791042605103,0.1335333830650097,0.4406106175821381,35.07197021690445,300.2507186605056,291.6047087746072,2.484899128517125,2021,9
8,兴澄特钢,120.320504,31.938905,0.0448589753532796,0.0001834579748418,0.0001206617969523,0.1282813150616223,0.5550926221684049,36.96762006526292,305.56974080373146,296.1262234023226,13.28178429878084,2021,9
9,冷钢,111.437288,27.690401,0.0413923536319911,4.935624303226036e-05,2.169810349048329e-05,0.1269677748350804,0.3633524935520638,45.66208434819291,305.5270392332159,296.87068654082657,1.6106900705148752,2021,9
10,凌钢集团,119.41374,41.271048,0.0465579433995722,5.407760069971787e-05,0.0001897041149587,0.133363137888983,0.2952002233316869,22.07503963820138,297.84879021274713,287.7156276784366,3.285496805540112,2021,9
11,凤宝特钢,113.872158,36.131666,0.0531750257791047,8.257223167591155e-05,0.0004363825148743,0.1295979378884654,0.3379242077329804,55.37798728107952,302.45886840526384,292.31219759390746,2.91357127687982,2021,9
13,南钢股份,118.746315,32.200797,0.0461729014155488,0.0001365987866369,0.0001514461742066,0.1290606286030831,0.4917586555848368,41.52802901558061,304.4399846861013,295.67872129578905,15.80585081648928,2021,9
17,太钢,112.57052,37.970033,0.0439275042817443,0.0001714760544815,0.0002818898485646,0.1301156077689712,0.4036387012141658,38.88751735246529,300.1868953235079,288.6945091209636,18.39287479891067,2021,9
19,宁波钢铁,121.876423,29.918776,0.040657191983009,0.0001494176225897,7.22437388032944e-05,0.127221906364572,0.4645272345810748,15.671579385574494,305.1910573137513,295.6837272595594,20.220766940429563,2021,9
20,安徽富鑫,118.067833,31.194505,0.0470057230373087,7.36200124582922e-05,2.8316444569181813e-05,0.1287370303315459,0.4461892528920182,34.94971143009653,302.6577427087216,296.0305071413091,2.236702867386252,2021,9
21,安徽贵航,117.251147,30.531068,0.0470510596728698,6.398209970591667e-05,4.816251807861808e-05,0.1286612142691925,0.4650094122728049,37.66097478319352,303.2615514643924,296.1196639394679,3.6020435424434067,2021,9
22,安钢信阳,114.038243,32.488704,0.0409538743160689,4.811731880061446e-05,8.105940630983872e-05,0.1285806514293842,0.2868281235295126,44.50027901725662,303.8613259389626,293.13172864214,1.375173688383012,2021,9
23,安钢股份,114.283145,36.122129,0.0559588309667889,0.000130091489237,0.0002322225540807,0.1302753893530416,0.5602007109305546,64.8398240988469,302.97094649210567,294.01932918644013,6.73190822472466,2021,9
24,宏兴钢铁,118.871477,39.700721,0.0576034918118739,0.000114492360429,0.0003142671617851,0.1334627818206726,0.4431948329439373,35.07197021690445,300.903142190077,291.67948860702705,2.5772559689652845,2021,9
26,宝武鄂钢,114.861313,30.39574,0.0448208366715633,8.465455306049719e-05,9.466580162487672e-05,0.1285864514668228,0.4889568605932862,56.95220131883945,304.903148627603,297.1358589594594,7.670148886597195,2021,9
27,宝钢八钢,87.304639,43.852147,0.0381647413592114,0.0001203333010334,0.0002638139428888,0.1309102093901741,0.2237344448488654,21.48567369043308,304.6776198306737,286.3597759107437,6.907833947614154,2021,9
28,宝钢股份,121.440087,31.41623,0.0442248882126458,0.0002808757951363,6.832555096864554e-05,0.1277987405923671,0.5633385418126862,43.97383966885906,306.7226717810407,296.4285269955665,16.59213984893505,2021,9
29,山西中阳,111.161118,37.370796,0.0374401963837934,5.724041072344472e-05,0.0002829105047533,0.1287051126205631,0.2421137800014765,25.64081569289556,298.97635084217285,287.6294025094089,2.780040487979706,2021,9
30,山西建邦,111.37916,35.668163,0.0533074696315979,9.38221496579485e-05,0.0001826845139112,0.1284883727363939,0.4335360266144721,48.83832441081402,302.30326816019954,291.86604044985097,5.598418692268798,2021,9
32,山西晋南,111.51465,35.678541,0.0507253123194388,7.742094100923854e-05,0.000154913949096,0.1284333259041542,0.3526372998383723,42.567560143425,302.3484771064666,291.05545931464343,3.4936699930514394,2021,9
33,山西高义,111.258436,35.586841,0.050847262822335,8.334086764570903e-05,0.0002693479774217,0.1283720757688276,0.416474488903173,49.86940826656993,302.07018124491384,292.20586930773175,2.2552762023576487,2021,9
34,广东韶钢,113.654289,24.704815,0.0377871331842031,4.600642966488065e-05,6.959392977313767e-06,0.1270786377111707,0.546065265912979,30.142049759334974,304.88934835151616,297.7212138327476,4.924567390421188,2021,9
35,建龙西林,129.287919,47.495036,0.0433202687698327,1.632354987024647e-05,0.0003494928537921,0.1388637712189905,0.1163718808833985,8.93921503406338,291.815280654791,283.6216386403783,0.8442066867797031,2021,9
36,德龙控股,114.384832,37.086116,0.065392651392156,0.0001577671569594,0.0002207861068435,0.1312202400796069,0.5479128141603543,67.09787925274213,302.3869488475321,293.56681517968576,6.639986370836232,2021,9
38,攀钢集团,101.693628,26.551896,0.0334060747013136,5.1590864817259e-05,0.0001357176415672,0.1230914764205934,0.3709127003310579,36.36936085626985,301.9018297107074,292.3077587033609,4.289219906171829,2021,9
39,新兴铸管,114.128189,36.621504,0.0685129722671593,0.000154093198921,0.0004544105657411,0.1302122578650837,0.4410809026693341,59.31308106236269,301.90502004847406,292.9574318430362,4.085559031204073,2021,9
40,新金钢铁,114.216151,36.715444,0.0719117461136651,0.0001679639362384,0.0004600589491203,0.1305308881035416,0.5106047878393469,63.28122001426552,302.20167950997285,293.3510394853319,3.920639350829148,2021,9
41,新钢集团,114.932403,27.790574,0.046058366635689,8.956374559695846e-05,0.0001117835775926,0.1279470818812122,0.4684341898823326,36.603227170289614,306.354833581318,297.45052492652405,6.320645691184593,2021,9
42,方大特钢,115.99204,28.645441,0.0422971532676503,8.367579840193483e-05,4.906283223272146e-05,0.1283355439785947,0.4833850487221755,39.96404984718538,306.94494188542825,298.74674700475714,18.73199448499734,2021,9
43,日照钢铁,119.36115,35.158382,0.0518374088161823,7.713311818042532e-05,5.78807588275027e-05,0.1295434672221913,0.4460930918196378,29.35944957242213,303.50695570202475,293.58847137405286,12.105421024166366,2021,9
44,日钢营口,122.395441,40.671136,0.0549499518813886,0.0001128856198591,0.0002181437026496,0.1343491889489874,0.4130579223956451,44.698580836666224,299.2006293423663,289.4558144646027,5.087475394238052,2021,9
45,普阳钢铁,113.925994,36.733675,0.0691030052989586,0.0001517528898205,0.0002655842144435,0.1298421907250365,0.3052636699338578,57.04541680386644,300.5931775513205,291.43072992602873,1.0993227529539915,2021,9
46,本钢集团,123.722099,41.274132,0.0493354932876776,0.0001037960613894,8.420520728596537e-05,0.1339398277565587,0.2014834691242054,26.38598293455848,297.66279737402976,287.773609662374,5.105353689787284,2021,9
47,柳钢集团,109.373148,24.379047,0.0396947522938251,0.0001008054341906,5.038478874619944e-05,0.1260354838072441,0.6834896830142888,38.3784268598672,308.0025578342478,299.20573864987205,14.466368007266636,2021,9
48,桂万钢,108.412344,21.687637,0.0355623359343693,6.0399518935632105e-05,7.326313696123415e-05,0.125384683435325,0.3900252818035602,17.504762084286085,303.6761888682589,297.7320839693905,6.865102104475004,2021,9
49,武安文安,114.177621,36.684389,0.0723425666347487,0.000171193383645,0.0005563378625769,0.1304156208479785,0.4916679930935641,61.52345323679885,302.42084327673894,293.3019718291555,5.0318610125107375,2021,9
50,武汉武钢,114.444975,30.616222,0.0477376600096446,0.0001719595570699,3.1945853695970625e-05,0.1284937624936863,0.5097441671490578,56.71526537298632,304.6813813219485,297.2220491958072,18.627676349015346,2021,9
51,永钢集团,120.739658,31.839485,0.0453839741116077,0.0001328751600941,0.0001104203063872,0.1280730515196211,0.4400433510038439,36.48890256613413,303.9697942970359,295.0801634027963,5.829092980100821,2021,9
52,汉冶特钢,111.534635,33.269324,0.0415131469297917,4.566338084840127e-05,-2.152021296105081e-06,0.127341454319082,0.2320203609788262,40.28507305520179,302.453893695461,293.313102186514,1.4217137719298305,2021,9
53,江苏镔鑫,119.279989,35.09556,0.052012415735946,8.575345947348602e-05,3.3516856685009284e-05,0.1295703196661576,0.4779138222733186,30.528921002214748,303.84403203807284,293.4849372479337,9.12033589861062,2021,9
55,沙钢股份,120.647295,31.967456,0.0466946597437136,0.0001722903905337,6.939648758338042e-05,0.1281283705287468,0.4845114539832673,35.34580757307164,304.3558675756355,295.43753337107603,8.252357192721538,2021,9
57,河北新华,117.784839,38.288605,0.0562914983776173,8.809574368933755e-05,0.000142289348842,0.1332733078559659,0.5882537572208327,37.08424038464979,300.82528231111127,295.97495734507544,8.328283861336555,2021,9
58,河北津西,118.220547,40.209844,0.0530280896029496,8.348596160433588e-05,9.861663807321374e-05,0.1332766542822822,0.3464898203771904,44.0091571452479,298.3136177408248,291.14279265223456,1.684579505291719,2021,9
59,河北烘熔,113.981172,36.640411,0.0711236392238585,0.0001577844348717,0.0003196437094342,0.129922646127262,0.3498394010994679,58.356764753852985,300.994833941383,291.9411870309911,1.3046886202288743,2021,9
60,河北荣钢,118.558755,39.880661,0.0627274957539759,0.0001559037022684,0.0001174087736621,0.1334732222899216,0.4184796432075451,40.3722564192243,300.2598656932258,290.67545608867243,3.134600924487097,2021,9
61,河钢承钢,117.734527,40.952513,0.0475838345404257,7.549509057679943e-05,0.0003000133666021,0.1332740793559547,0.2674925409000091,33.62344716768295,297.0385604940569,288.64818152297227,2.236681555911906,2021,9
62,河钢舞钢,113.492311,33.28384,0.0438244839335734,5.284281692823852e-05,0.0002825602059744,0.1282699536062945,0.3307490340222186,47.44674283782947,302.3389383184003,294.0904898391092,1.9389999266783944,2021,9
63,泰山钢铁,117.627728,36.22141,0.04926653565648,8.530656592327294e-05,0.000176302172674,0.1304606884961376,0.4646306823588471,39.58753680421978,303.6775971138619,292.3180383342225,5.5240374693709,2021,9
64,济源钢厂,112.553774,35.086396,0.0475940548721145,7.604021299957934e-05,0.0001821876255492,0.1286625310478417,0.3910177918649299,64.89359687648799,302.98613349167385,293.44959009615826,5.934701035355932,2021,9
67,海城恒盛,122.83646,41.056042,0.0579273942268212,0.0001381509914578,8.865539785593519e-05,0.1344547758854034,0.4004480200987232,36.55017977166608,299.79783452705664,288.3061413377229,2.867589368217904,2021,9
68,涟钢,111.967343,27.747782,0.0434264625426622,7.868868559308404e-05,1.3832989587762989e-05,0.1270741720037279,0.4727138298350605,43.891922985039855,307.59372250748527,297.7368727123234,6.255861829021923,2021,9
69,淮钢特钢,118.988442,33.566039,0.0454922389850241,6.948829245872649e-05,5.06845985125082e-05,0.1292394682172893,0.4817662415664741,33.51083812923476,303.3237716316705,294.28587876510915,14.645444000978202,2021,9
70,港陆钢铁,118.073913,40.183913,0.0522929433400741,9.310954216965184e-05,0.000162377415313,0.1332475477839415,0.3793432098286974,45.48573429019598,299.5130061162899,291.35306041895706,1.8381146961752928,2021,9
71,湖北新冶,115.125838,30.204603,0.0456608915218231,7.88542509844822e-05,2.602446645911027e-05,0.1285605784662364,0.4629060501893143,96.88863400469928,303.3904491919724,296.6124199070737,4.870822436653917,2021,9
72,潍坊特钢,119.238427,36.644469,0.0473733461958533,7.362220161231764e-05,4.638211391365739e-05,0.1302179990247273,0.5682236625860175,37.98552228317931,302.76900304287096,292.366213542436,11.372217122343312,2021,9
73,玉溪仙福,102.186364,24.012309,0.0286168086773318,2.52450649967266e-05,4.335488973828762e-05,0.1233669337705633,0.2196942775528623,10.31174543462936,300.2259140676184,291.81710791384995,1.091340875319761,2021,9
74,玉溪玉昆集团,102.543682,24.465884,0.0260453241145618,3.4617543074058465e-05,2.685855594163702e-05,0.1231580432762402,0.3032063089620507,17.654571412287474,296.7443216339176,288.14964013086814,2.4643220618354365,2021,9
75,瑞丰钢铁,118.272056,39.497472,0.0564922657319739,0.0001564284573453,0.0001022455433677,0.1335319544274074,0.4609432454476201,33.49277471917386,301.14057576368924,291.30478536523015,2.726645999700885,2021,9
76,甘肃兰鑫钢铁,103.933888,36.510351,0.0312036801679682,7.121936440020185e-05,0.0001515202231727,0.1264685411325913,0.2255892159633579,27.437479843683832,306.0555808429662,285.4933504430301,0.9121962937683068,2021,9
77,石横特钢,116.533981,36.229201,0.0476847247489401,7.957717265720425e-05,4.0670645320764445e-05,0.130439649245588,0.4894211756092171,49.889533854891646,302.04296574166483,293.09325171827913,5.65418884002247,2021,9
78,联鑫钢铁,120.774892,33.211332,0.0414734798921749,4.121710366452507e-05,6.837229475628104e-05,0.1286137336115945,0.5871959759630521,24.03161839309677,300.8430351422654,295.17028604029747,2.433238354006749,2021,9
79,荣程钢铁,117.495794,38.970638,0.0567065945578612,0.0001761358141614,0.0001933620499502,0.1335720690587503,0.552125040698689,34.10578964939592,301.5281339209413,293.21358658330143,10.63383531008029,2021,9
80,萍钢股份,116.27527,29.778431,0.044937141197653,6.118357299354177e-05,2.800905735781461e-05,0.1283699672931317,0.4707596254375253,34.67526905090391,302.8909980641136,295.971634460341,2.0282622282084537,2021,9
81,衢州元立,118.848341,28.902581,0.0447440325874897,7.503878293639162e-05,-4.035036861164767e-05,0.1276426100477676,0.4432214997199923,24.410411469943934,305.7660184679966,297.255536176543,7.642335567465824,2021,9
82,裕华钢铁,114.098377,36.731752,0.0764301067250028,0.0001782816474255,0.0005424212775163,0.1302194330093238,0.4292146907978238,57.224414546845225,302.04785495118847,292.6220815983899,3.638823734925491,2021,9
83,西宁特钢,101.671414,36.66856,0.0340137681232966,6.67649953847428e-05,0.0001199035658222,0.1256502535673559,0.2063360846886257,20.190423555277448,296.3927253446244,281.06632525217657,9.926221072563475,2021,9
84,贵港桂宝,109.63938,23.089502,0.0351022894054914,5.1027387963588106e-05,2.2447287962205456e-05,0.1262590421927384,0.5240431071592232,36.67014882790741,305.8620947514632,298.5959809037772,5.829300906220023,2021,9
85,辛集澳森,115.184798,37.752351,0.053494648101761,8.85534594488858e-05,0.0001456484476732,0.132063021344224,0.5460346910388447,57.68666255789867,301.4588400435594,292.3391802697791,1.2206635575048383,2021,9
86,达州钢铁,107.453099,31.18945,0.0407409021780564,6.33154301339865e-05,0.000175919106026,0.1259249980024113,0.3145005712152769,29.921238146715208,302.10454257833186,294.50793625800475,7.195070231455396,2021,9
87,迁安九江线材,118.563418,39.95945,0.0645194268276332,0.0001746645738346,0.0001878918110933,0.1334180578841673,0.4313153818047065,40.42166409209808,300.1966276601364,290.89413964603244,4.040899044001108,2021,9
88,通钢,126.022349,41.779125,0.0467583312408829,5.586731656392052e-05,7.300672618474244e-05,0.1340854287081512,0.1959404554332332,16.82275296843727,294.81517734213884,285.8544676162836,2.1703041711164497,2021,9
89,邢台钢铁,114.452352,37.041601,0.0645158489291931,0.0001684675941976,0.0002363261659173,0.1311947090015274,0.6357416480387973,67.09787925274213,303.19232901917087,293.9402894839427,10.63633188176022,2021,9
90,邯郸中普,113.928977,36.711757,0.0703100937831532,0.0001583529013975,0.0002570351232044,0.1298518346477945,0.3148140566665496,57.99927585880857,300.7344823159334,291.53403099124944,1.3226119297056484,2021,9
91,酒泉钢铁,98.286265,39.807065,0.0310820396682819,5.054855921305586e-05,6.594736266819343e-05,0.1282408715338842,0.2441468725496569,24.285188836546105,306.80201031597016,287.0848117433296,6.192437175043825,2021,9
92,重钢集团,107.040368,29.790253,0.0409727996250582,9.29911739892539e-05,6.316077429773525e-05,0.1260483787629806,0.3553231049046557,31.016159493672077,302.5250090254804,295.93446214811047,5.1862437686851885,2021,9
93,金鼎重工,114.111677,36.718952,0.0764318225609684,0.0001803682184498,0.0005542267020453,0.1302590881657951,0.4444549372109533,58.1294858088466,302.1914558048414,292.8030618157851,4.162497343229052,2021,9
94,铜陵富鑫,117.772866,30.907561,0.04501916607495,9.218795572460246e-05,1.6723776261942237e-05,0.1284338706645719,0.4968812410415956,35.67829355494322,303.3602124389432,296.14439925919885,5.127848771758148,2021,9
95,陕西略钢,106.167206,33.323678,0.0352502057035816,2.3179494876663472e-05,0.0001307827664286,0.1254195102860978,0.176651405859611,16.427361810905392,295.5576461830228,289.87241960620213,0.6330872518185631,2021,9
96,青钢控股,120.390032,36.216949,0.0468385374525534,8.141841380636194e-05,0.0001118270877718,0.1300554249578636,0.53999980669073,25.6812633381287,303.3682522133403,293.8497772121128,20.294050950108492,2021,9
97,鞍钢股份,122.983054,41.148267,0.0583290813674205,0.0001777150007265,0.0001046632884808,0.1344963886994666,0.3470566258761164,32.750470884666704,302.4241811727998,289.6739498041366,12.388999609640916,2021,9
98,首钢水城,104.877413,26.595229,0.0297487919253679,4.865428388476629e-05,7.114694843104794e-05,0.1234177426073473,0.2685526520881133,13.908953988561734,297.86989987170534,288.6661473562121,6.492512481152359,2021,9
100,首钢长治,113.060809,36.356404,0.0434625352005168,0.0001055813258825,0.0002797955420569,0.1286127384421596,0.3331253596820722,35.682619704758736,299.6084516961726,288.5551446426173,4.573052123448479,2021,9
101,马长江,118.465162,31.502272,0.0479207612053037,9.225616191698182e-05,8.607813629184978e-05,0.1286419857417596,0.4928802065997752,39.29646873525848,303.67976542088286,295.565138031713,4.863401936187463,2021,9
102,龙腾特钢,120.835685,31.723833,0.0439305679677019,0.0001482117731422,2.833848961408936e-05,0.127892331095787,0.4532256991880976,36.48890256613413,305.66550644996727,295.2748746531352,9.360319716106549,2021,9
103,龙门钢铁,110.575788,35.618466,0.0502898425003692,0.0001212238168716,0.0002189307573257,0.1283597192923701,0.4423773122837641,45.58994683778842,301.4887563146883,291.9329942168516,3.6939618166680095,2021,9
1,东华钢铁,118.256774,39.468366,0.0559296107664479,0.0003262771433946,0.0003581740889886,0.1316679497555104,0.5211819718878313,40.17276245058551,292.7990200772981,278.3504368429389,2.388171659963799,2021,10
2,东海钢铁,118.624794,39.748373,0.0548212335051186,0.0002640873469323,0.0006656076756117,0.132971922312831,0.4703769648831097,45.56314894277818,293.3156336689814,278.7904279336667,3.475317564472239,2021,10
3,东特,121.759531,39.05443,0.0418290878764254,0.0001364219120479,0.0005718814464986,0.1322643326677829,0.3829550644347557,24.771125375359457,291.14695403249294,281.1591757224492,16.240270512159594,2021,10
4,中天钢铁,120.081591,31.702681,0.0445110508252907,0.0002292284711148,-8.73026042162103e-08,0.1225530714833833,0.5261691693212502,34.531087322875464,300.43214104806015,291.8235688586616,13.904485562996657,2021,10
6,佰工钢铁,118.819472,39.748773,0.0562013588568446,0.0002460820555014,0.0007285513588818,0.133069032359741,0.4657993780124656,42.27568339842946,292.1906948654423,279.4714706338012,2.7694097405143854,2021,10
8,兴澄特钢,120.320504,31.938905,0.0434404720300289,0.0001927007078516,4.714678644801761e-05,0.1225916321496928,0.5302116337573236,30.69887645850012,300.2184178647017,291.618270501764,15.12273758576989,2021,10
9,冷钢,111.437288,27.690401,0.0434485589613739,5.715259228822952e-05,8.533592404942892e-05,0.1201007697340568,0.5739784435817624,39.06865184938552,302.1816534141986,292.9286747026701,1.4287098468079935,2021,10
10,凌钢集团,119.41374,41.271048,0.0389619169957516,7.00537910357555e-05,0.0005222117474718,0.1353502439853236,0.2181202152128279,21.52201160363018,289.4527007992321,274.9881731776391,2.9902818406832057,2021,10
11,凤宝特钢,113.872158,36.131666,0.055711244290628,0.0002085999122564,0.0003325035522654,0.1238949052811897,0.5084514086961005,52.71908090876702,292.07614870647603,280.42036351023256,2.176403036982565,2021,10
13,南钢股份,118.746315,32.200797,0.0450729014347111,0.0001996549553263,2.360480924961206e-05,0.1224404431504378,0.5900942625942557,39.73736895090951,298.76030626383067,292.5569761643048,17.847529525465994,2021,10
17,太钢,112.57052,37.970033,0.0423973855926722,0.0002522985466191,0.0005029693552205,0.1257678018149947,0.3410522830177043,45.08667757562607,289.9256641421922,277.5675928998092,13.348403417322489,2021,10
19,宁波钢铁,121.876423,29.918776,0.037309069091694,9.73597223081944e-05,-3.776093062119015e-06,0.1225428303265146,0.4318337234837969,13.9726482867278,301.8070915275299,293.5567777707154,18.66200509637301,2021,10
20,安徽富鑫,118.067833,31.194505,0.0460125760754603,0.0001306395594085,6.131445913564774e-05,0.122355973525601,0.6190181027860587,32.6776449604411,297.1568440893583,292.97968877374336,2.2902093437651163,2021,10
21,安徽贵航,117.251147,30.531068,0.0433220229875716,8.72883302054476e-05,0.0001218814660182,0.1219430112311988,0.5664154357146474,32.71330228926672,298.35256886462724,290.8431147700604,3.019631678504523,2021,10
22,安钢信阳,114.038243,32.488704,0.0438212951685164,8.612866179624999e-05,2.0497808908510284e-05,0.1209382456275673,0.5770277274901525,50.876725055104544,298.2980087735439,285.8640319306139,1.204317353563699,2021,10
23,安钢股份,114.283145,36.122129,0.0545048689613147,0.0002990488295512,0.0003321942963811,0.1240821131778086,0.6503144307862357,63.00683882956449,293.33604615923474,281.58910904741623,4.677101785466364,2021,10
24,宏兴钢铁,118.871477,39.700721,0.0576929737609182,0.0002478828829764,0.0006622548977066,0.1329777592943641,0.4835355055392773,42.27568339842946,292.5886449047893,279.1206386239899,2.827932769699655,2021,10
26,宝武鄂钢,114.861313,30.39574,0.0449402189054852,0.0001547952672264,-2.27414296924592e-05,0.121554650771149,0.6562426332876719,57.8899569046571,299.6692017263773,290.94208450438083,7.00380068089177,2021,10
27,宝钢八钢,87.304639,43.852147,0.0368342754666222,0.00023281141979,0.0008626024085755,0.1338471077149499,0.2188861136591609,24.84571988709788,288.579876058509,274.43420758140826,6.984828785936606,2021,10
28,宝钢股份,121.440087,31.41623,0.0397926547439827,0.0001714103155552,5.319638544777871e-05,0.122940661467702,0.4097047401438681,32.41858839323874,302.5248614709558,292.8668185331345,18.137985536886173,2021,10
29,山西中阳,111.161118,37.370796,0.0367657446118913,0.0001423070299965,0.0004281825498058,0.1241981280979398,0.2750267791622341,29.152992908620945,287.43695836892493,276.74343131829875,1.4315338281044967,2021,10
30,山西建邦,111.37916,35.668163,0.0633141241325557,0.0001858322867413,0.0002163519506491,0.1222488075833154,0.7102163066212833,51.10590209793098,294.8404079714149,282.11672166471806,3.019694326068101,2021,10
32,山西晋南,111.51465,35.678541,0.059222005362842,0.0001736458292013,0.0002367024512203,0.1222733157510924,0.5851890223474192,46.08158121754968,294.9317411932943,281.4262148372637,1.7099870437410938,2021,10
33,山西高义,111.258436,35.586841,0.0562460815282832,0.0001561854557037,0.0002507178977088,0.1220401886119228,0.6715902653613104,51.2786818566106,293.23571079217646,282.3624172182841,1.7049094626799448,2021,10
34,广东韶钢,113.654289,24.704815,0.040876790765645,4.48636729336299e-05,-6.404641223934779e-05,0.1210521837626367,0.4089675703886343,23.538857150547265,301.5040555393752,294.613601087211,3.7949894449015256,2021,10
35,建龙西林,129.287919,47.495036,0.0394605728196852,2.787622146009463e-05,0.0011090469672053,0.1510279954434308,0.1049354537046893,9.617527040507838,283.14471280918184,273.9701467775756,0.7175012535481444,2021,10
36,德龙控股,114.384832,37.086116,0.0569264921107779,0.0003285159090936,0.0004004106616623,0.1258071609550117,0.4865907443782689,64.39101696287253,292.4280966680561,281.79080509668466,6.152734144165344,2021,10
38,攀钢集团,101.693628,26.551896,0.0349018152551661,5.87454807863846e-05,8.409133644779115e-05,0.1184988388390487,0.2691800877245058,30.64337406044615,300.4336492741131,291.7553586597288,5.222736876492253,2021,10
39,新兴铸管,114.128189,36.621504,0.0623050382093941,0.0002933859649215,0.0004673668705344,0.1246506296719982,0.5093575109134396,55.63985617552531,292.1058550881287,281.2081982509994,3.422361531392391,2021,10
40,新金钢铁,114.216151,36.715444,0.0647931671779475,0.0003369199746354,0.0003554733065892,0.1249162871913186,0.5332434279565068,60.59319897580778,292.452529990412,281.4280956921806,3.2689087190072907,2021,10
41,新钢集团,114.932403,27.790574,0.0428533760357312,8.58674648543292e-05,7.541711288220274e-05,0.1209230427931976,0.4955972023335986,28.717325701291653,304.9563896938352,294.4772345850059,5.434756237608043,2021,10
42,方大特钢,115.99204,28.645441,0.0424136466710332,9.143331815329118e-05,1.1948127515448436e-05,0.1213898943739238,0.4956626581360299,30.956869068177184,304.1978692296626,294.3494308003406,17.69822656026156,2021,10
43,日照钢铁,119.36115,35.158382,0.0534043211689499,0.0001951325223035,0.0001456375270766,0.1246247535133667,0.5609065466222959,35.589048632878594,295.30585028487394,284.4777563103028,8.979879857412127,2021,10
44,日钢营口,122.395441,40.671136,0.0476621485737136,0.0001586433878302,0.0008077055789431,0.1353251614761365,0.2783331749733218,34.7602870931496,289.4422529168426,279.2845891811261,4.908068204886678,2021,10
45,普阳钢铁,113.925994,36.733675,0.0664635534351756,0.0003047747218974,0.000334595441819,0.1244324564067246,0.4303334156188767,53.23340698610492,291.22569747176146,280.56520150092274,1.0764703928716537,2021,10
46,本钢集团,123.722099,41.274132,0.0495459782680327,0.0001892597252282,0.0007726193133118,0.1360062995140784,0.1318187562088087,28.066904912799373,288.04893902448595,277.9272581349818,5.074643832852619,2021,10
47,柳钢集团,109.373148,24.379047,0.0436489838987232,8.436149888235563e-05,0.0001529341655361,0.1216850691921086,0.5133711335135627,28.55792715268285,303.1779682537449,294.5436212230159,14.495604948373051,2021,10
48,桂万钢,108.412344,21.687637,0.0399247658095124,4.851118149972347e-05,5.3131500955414944e-05,0.120786100682113,0.3925217048776613,24.203032467084995,301.1855851171529,295.12029431949134,8.304873374005206,2021,10
49,武安文安,114.177621,36.684389,0.0662376972181991,0.0003304828591422,0.0003707289250812,0.1248307136668081,0.539035801394365,58.38674595232482,292.4801441827651,281.3644438819469,4.126800513118544,2021,10
50,武汉武钢,114.444975,30.616222,0.0464159307316752,0.0002355268861203,5.47788285751764e-05,0.121426013527955,0.5960579721952532,65.82810385680204,298.8719549854606,291.9580163019829,14.87118282925966,2021,10
51,永钢集团,120.739658,31.839485,0.041675255472401,0.0001377207131329,0.0001081661090203,0.1226653689795882,0.430714954307246,28.81136396126749,299.9756148225606,290.64338377046465,6.761085384784554,2021,10
52,汉冶特钢,111.534635,33.269324,0.0429471363068832,5.279243810318655e-05,0.000106698531467,0.1204305497903695,0.3614909723872853,42.673690359151806,293.1935779259119,287.9891742357686,1.1474480549509711,2021,10
53,江苏镔鑫,119.279989,35.09556,0.049991447213358,0.000177483428673,0.0001944585168957,0.1247302882190539,0.5842959083530911,37.83699606229011,295.7948897173018,284.17086448001754,6.911506477168646,2021,10
55,沙钢股份,120.647295,31.967456,0.0435452318629137,0.0001843556024972,4.400039140247409e-06,0.1226578550692085,0.4589052821220498,28.40160828273275,300.1602777852075,290.9099629359423,10.079570104827122,2021,10
57,河北新华,117.784839,38.288605,0.0502708140987786,0.0002156190381034,0.0005694239466754,0.1296069506870927,0.5841158051035465,41.68818109975913,289.6876281208537,283.17920320243104,8.002892065590181,2021,10
58,河北津西,118.220547,40.209844,0.0468736139658774,0.0001419954115207,0.0007044657072297,0.1330555530563846,0.4183392351239828,46.0205521404155,290.0646940952936,279.593783982571,1.6162190587309893,2021,10
59,河北烘熔,113.981172,36.640411,0.0633184832066908,0.0002899270839654,0.0003509865369426,0.1242878619543966,0.4568187631664993,54.4514158207221,291.599311204499,281.0057433341008,1.3457030745362135,2021,10
60,河北荣钢,118.558755,39.880661,0.0584648243061848,0.0002602992134932,0.0008259592284458,0.1330506674214225,0.4718501253411752,48.98889722656239,292.38556589065564,279.5564774171038,3.229731345848112,2021,10
61,河钢承钢,117.734527,40.952513,0.0434302788341507,0.0001003554127728,0.0009277252100454,0.1341843227946622,0.2397347014519655,27.679850961429896,288.0698411545619,276.9614916565888,2.573578277008919,2021,10
62,河钢舞钢,113.492311,33.28384,0.0444489802301818,9.815859181273864e-05,0.0001393626584579,0.1209741449354036,0.6095832001760835,51.22409928559346,294.7732174958231,285.91631071922546,1.4677921542889083,2021,10
63,泰山钢铁,117.627728,36.22141,0.0497701359232251,0.000188891972527,0.0004542564566745,0.1257879410769137,0.5489237631896242,46.93290023283225,294.4522586700012,282.43191773186965,4.44144050655714,2021,10
64,济源钢厂,112.553774,35.086396,0.0498681480584982,0.0001921767435726,0.000220083714762,0.1219804633176518,0.586440127882469,61.28772193311392,294.6022434547228,282.27762627264667,3.487869044057205,2021,10
67,海城恒盛,122.83646,41.056042,0.0511151785592346,0.0001998322190187,0.0008431358427337,0.1361759216566746,0.2799880127516074,38.56974473137598,290.0775548853881,277.32453144127976,2.7159320971274297,2021,10
68,涟钢,111.967343,27.747782,0.0436114002776555,8.278929402492971e-05,1.0590608563130831e-06,0.1207425811961183,0.6521014365126184,40.68684233970998,303.16942213841816,293.82815987104203,4.342499464805155,2021,10
69,淮钢特钢,118.988442,33.566039,0.0426998699208539,0.0001179527659075,3.546774138305067e-05,0.1227745150057929,0.6741666492282676,36.02248180181529,298.05597957944207,287.2606665164207,14.449663937579617,2021,10
70,港陆钢铁,118.073913,40.183913,0.0481727309621526,0.0001642997065436,0.0007921179684154,0.1329726783284047,0.4356916489921667,46.11938209109212,290.60465199332066,278.76256837579695,1.8123387745930997,2021,10
71,湖北新冶,115.125838,30.204603,0.0457438816704248,0.0001505690069047,0.0001107410881219,0.1216707257243241,0.6197330398439421,99.33901168324157,299.0830857568619,291.7316034633,3.773091793687679,2021,10
72,潍坊特钢,119.238427,36.644469,0.0461331985395677,0.0001544688439258,0.0001920961184029,0.1268687691135845,0.6309003503634204,44.41688616907413,294.317482388594,281.4134362756034,9.414411710643074,2021,10
73,玉溪仙福,102.186364,24.012309,0.0314905420432266,2.9068094717547567e-05,-1.1862840592840674e-05,0.1181267696296062,0.2274699622526323,9.660468642159968,298.1020673231973,288.46657381284814,1.2632807273210895,2021,10
74,玉溪玉昆集团,102.543682,24.465884,0.0283787279727784,2.4267179613319623e-05,1.3190754385066433e-05,0.117650873075956,0.2906775424428701,14.199130490881808,293.7537490511441,284.7300411336454,2.5850468799908786,2021,10
75,瑞丰钢铁,118.272056,39.497472,0.0555461077205047,0.000321521278111,0.000353910470474,0.1318049865245956,0.5057314531803421,39.99547183332357,293.32171525276294,278.4089050622054,2.6041818871776816,2021,10
76,甘肃兰鑫钢铁,103.933888,36.510351,0.0296349053981191,7.822770918172933e-05,0.0003461743767767,0.1210374868596864,0.3404924152470038,29.91268743812725,295.12623554292185,276.6481331522518,1.0761663503676084,2021,10
77,石横特钢,116.533981,36.229201,0.0468943453825957,0.0002086549544225,0.000211395978395,0.1253758221309567,0.6227055239773992,51.418044250362186,294.2427118796502,283.5420712902934,4.363226098749028,2021,10
78,联鑫钢铁,120.774892,33.211332,0.0398224452015907,4.957606270540504e-05,4.336832386559677e-05,0.1232443309248678,0.6029422193611126,18.454049925174004,296.82531714067414,290.77393140876427,2.4827421601160773,2021,10
79,荣程钢铁,117.495794,38.970638,0.0518516618152709,0.0003073355646762,0.0006420084378629,0.1306041841663078,0.4501737188127386,41.75617114270004,292.1248802393625,280.30011773455936,9.888672510862332,2021,10
80,萍钢股份,116.27527,29.778431,0.0430049720815362,7.936016083174237e-05,0.0001201131374407,0.1214269589043538,0.5877909237223672,28.145651778212493,299.4118440348893,291.9499941708479,2.11368553486984,2021,10
81,衢州元立,118.848341,28.902581,0.0425805252410735,7.693515323449942e-05,4.040966009439961e-06,0.1217558227317915,0.4288256462698533,19.493512581902905,304.2078556090538,293.5959560237811,10.067478595952098,2021,10
82,裕华钢铁,114.098377,36.731752,0.0705841368533869,0.0003249765560531,0.0003163927254504,0.1247455973434212,0.494734354757938,53.42594900409539,292.2575837701165,281.32491924195534,3.167379552223021,2021,10
83,西宁特钢,101.671414,36.66856,0.0375876369259026,0.0001001204329019,0.0003269994966075,0.1207403700268828,0.2564572591379662,20.936107958391403,288.9271196717932,275.116658560546,8.515147040433337,2021,10
84,贵港桂宝,109.63938,23.089502,0.040946063175886,5.4694154229494256e-05,7.683815947782507e-05,0.1214603677060642,0.4556452702283525,31.87706039336136,302.11446662728645,294.81952602995875,5.318591774760559,2021,10
85,辛集澳森,115.184798,37.752351,0.045868578191115,0.0002430962715368,0.0002651160114037,0.1276856148236895,0.4916699166621604,59.211405556425234,294.42588713422833,278.8505981158685,1.2994216671132828,2021,10
86,达州钢铁,107.453099,31.18945,0.0400812753367719,6.0796475202616974e-05,0.0002513917746857,0.1188894225328038,0.6465436978042648,34.894668963607586,299.9506602981491,292.4988743322044,6.655827629819865,2021,10
87,迁安九江线材,118.563418,39.95945,0.0560546788707947,0.0002336975809079,0.0008444936184753,0.1330719032298134,0.469537074657171,47.61422465447789,292.1964895094508,279.9107808779535,3.9698358376067295,2021,10
88,通钢,126.022349,41.779125,0.0423999017756453,7.403142116935674e-05,0.0006775542491585,0.1354727487956844,0.120283873388223,18.066383944415065,285.16291888463314,275.2012168394021,2.2353095817877446,2021,10
89,邢台钢铁,114.452352,37.041601,0.054567789879358,0.000327497269643,0.0004773548032167,0.1258159505647233,0.5365402091453818,64.39101696287253,292.716475040582,281.7870406320647,9.57884117408973,2021,10
90,邯郸中普,113.928977,36.711757,0.0665589487727026,0.0003057892753844,0.0003325099845643,0.1243923038146696,0.4355432902513336,54.11937226779216,291.40181325484286,280.6117285939352,1.2571546953405968,2021,10
91,酒泉钢铁,98.286265,39.807065,0.0304622822888122,5.462557831436197e-05,0.0002204504139257,0.1260283543421606,0.2504706713763088,27.099032199071274,293.09193924090147,276.37680411940846,6.802283090220397,2021,10
92,重钢集团,107.040368,29.790253,0.0432437606841092,0.000132053210817,-1.5167125285743028e-05,0.1196724876413247,0.4404223477203327,34.95615295440243,301.25505293899727,293.8283725968137,6.808587935697618,2021,10
93,金鼎重工,114.111677,36.718952,0.0703686358590879,0.0003294232690733,0.0003458075513576,0.1247516005620635,0.5063991264881144,54.36682448823022,292.41453875977766,281.3415759873802,3.585892272587035,2021,10
94,铜陵富鑫,117.772866,30.907561,0.0423726344508575,0.0001189822238883,9.122671574568737e-05,0.1219992669984414,0.5550906798012378,33.38473266294864,297.5103378380234,290.47278235354435,4.19226093252725,2021,10
95,陕西略钢,106.167206,33.323678,0.0368948205576817,1.3889079278642042e-05,-0.0001473516129082,0.1179525139209745,0.1559634962004647,17.864596993304257,284.97791245695004,282.5443585553696,0.5605662016630493,2021,10
96,青钢控股,120.390032,36.216949,0.0451890626125303,0.0001825140639809,0.0002205421086402,0.1270669035893494,0.668922971232415,32.406948236030075,294.66099611048566,284.31712431818096,14.397241364708666,2021,10
97,鞍钢股份,122.983054,41.148267,0.0525538550494406,0.0002185312932912,0.0008269032057402,0.1363412456925124,0.2402708603806061,34.0780069642971,290.9458856076062,279.0566772253747,13.442068704659764,2021,10
98,首钢水城,104.877413,26.595229,0.0310030932529186,4.35498130819487e-05,0.0001411068894806,0.1185145800979679,0.4522858798286776,14.37569174811415,296.35318861216666,287.16738178570586,4.230530646482914,2021,10
100,首钢长治,113.060809,36.356404,0.0426996853287717,0.0001958782056284,0.0002821500562606,0.1231426871140353,0.3727643193850046,41.81234896703717,289.92292269674783,277.7624941448293,3.583262403538118,2021,10
101,马长江,118.465162,31.502272,0.044473444859599,0.0001640194259766,3.552617919591981e-05,0.1223706752668652,0.642789916227669,35.701233903277625,298.3436714086333,292.13122793140224,5.678986553045144,2021,10
102,龙腾特钢,120.835685,31.723833,0.0401079532724538,0.0001548628288247,2.4272767479209776e-05,0.1225574011784619,0.4323614605977301,28.81136396126749,300.62833261171795,291.631845936011,10.81251437841452,2021,10
103,龙门钢铁,110.575788,35.618466,0.0514532412603223,0.0001532647935707,0.0001504497105358,0.1219481547093234,0.5889817847769591,44.74214833908879,292.253721919938,282.1283633669361,1.8836822088991547,2021,10
1,东华钢铁,118.256774,39.468366,0.0472698058852353,0.0003134483006805,0.0017549071082119,0.1496627207120311,0.3863555649582065,48.99999987297158,280.8690451246133,272.6102194575637,2.762003778796967,2021,11
2,东海钢铁,118.624794,39.748373,0.0522469158353195,0.0002822738166748,0.0007978226826985,0.1502646415385907,0.4095970925098774,58.710476334678496,281.67938265294674,272.4425203928737,3.787935170565161,2021,11
3,东特,121.759531,39.05443,0.0415149949295232,0.0001711185593953,0.000630066086594,0.1498392015337975,0.3970084164446406,32.64723157992512,284.4350306903388,276.2593120791448,16.922246532509753,2021,11
4,中天钢铁,120.081591,31.702681,0.04481719675455,0.0003528361303075,0.0003484926274775,0.1291938139629611,0.4186955347339623,51.27820301709107,291.0567575096912,280.7663562819458,13.286148004666572,2021,11
6,佰工钢铁,118.819472,39.748773,0.055366522047187,0.0002579860617248,0.0012066575735897,0.1502357081415034,0.3992609982309547,56.16468712332789,282.08076040848107,273.5167159820365,2.4549288766473456,2021,11
8,兴澄特钢,120.320504,31.938905,0.0459577658604722,0.0004293484389306,0.0004984954295399,0.1299157387331686,0.4820046673257878,48.980641319185295,290.62198128814646,281.0560176850823,15.211136398994135,2021,11
9,冷钢,111.437288,27.690401,0.0469576445207692,9.533228055443964e-05,0.0003797922064507,0.1205703098281553,0.2763589793387177,49.56343410949671,290.9870602265443,281.7732075199385,1.6483622823766777,2021,11
10,凌钢集团,119.41374,41.271048,0.0377716168941694,0.0001061047172319,0.0009739110840815,0.1522241031612514,0.2799580912538987,31.04897609891795,280.9596386918164,270.60381346947065,4.094448081789592,2021,11
11,凤宝特钢,113.872158,36.131666,0.0443044262513595,0.000182531294595,0.0010970707089735,0.1428787448330407,0.3135784351155588,64.47772996081262,288.93348428518,275.410958566686,3.551930121134933,2021,11
13,南钢股份,118.746315,32.200797,0.0442154700969064,0.0002705983725535,0.0004667461477112,0.1304723732964012,0.4422942549743517,52.87441595669407,290.5785762027074,281.5897354550448,18.090533373125236,2021,11
17,太钢,112.57052,37.970033,0.0399799198260868,0.0003477988812188,0.0010996297925536,0.1442166434576417,0.2854011764174659,51.63710030958142,283.3754552974653,270.6677046246335,20.329370322801392,2021,11
19,宁波钢铁,121.876423,29.918776,0.0400472749703651,0.0003335628794451,0.0005058563668429,0.1248439649129453,0.4094693535392255,27.612815226277974,290.4569071487565,282.96211183276193,18.894192699282545,2021,11
20,安徽富鑫,118.067833,31.194505,0.0448946543011366,0.0001532529701852,0.0004430859249235,0.1280317804548529,0.3756751982352248,45.71478674950925,290.2854256347866,281.88621674763147,2.965548798682794,2021,11
21,安徽贵航,117.251147,30.531068,0.0458643296193967,0.0001284198679108,0.0004029836650102,0.1264002086618736,0.4074959389041978,46.60720520632822,290.5080057432948,280.47964436385246,3.2156840834068987,2021,11
22,安钢信阳,114.038243,32.488704,0.0407792127277605,9.676404241636428e-05,0.000378410710974,0.1310198192434348,0.3714095835715267,60.19791243261352,290.7546215857127,277.7735670160243,1.5567483434851055,2021,11
23,安钢股份,114.283145,36.122129,0.0508261829793147,0.0002991736885375,0.0012954260772403,0.1432714191267816,0.4031044029526012,76.12358760207296,289.42049341488007,275.9248880155308,7.7042099767362915,2021,11
24,宏兴钢铁,118.871477,39.700721,0.0560419022112722,0.0002516613736611,0.0011894302165137,0.1500978952054397,0.4078734785307793,56.16468712332789,282.35804928092904,272.98673169254494,2.4950828907219567,2021,11
26,宝武鄂钢,114.861313,30.39574,0.0473169431512165,0.0002419072417471,0.0004479970342149,0.1255090419830583,0.3924863191443304,77.73167169244067,290.82973994237346,282.2138257475896,8.548987933836507,2021,11
27,宝钢八钢,87.304639,43.852147,0.0358322721847293,0.0004087583725455,,0.140525189651739,0.2050516157733516,29.742883237343705,275.4581110812097,265.98684023304673,10.637696733652778,2021,11
28,宝钢股份,121.440087,31.41623,0.0432624435245332,0.0004242468216403,0.0005258272444239,0.1286212413829855,0.400124944746911,64.03762783561059,291.9340551316972,282.3968885699333,19.486420842033706,2021,11
29,山西中阳,111.161118,37.370796,0.0340744653087903,0.0001553022555927,0.0012411546317082,0.1427970254475988,0.2164086029214904,31.72858953348623,281.23585508438583,270.17500882382785,3.2249099388515554,2021,11
30,山西建邦,111.37916,35.668163,0.054610962685485,0.0002870352630008,0.0010616280615111,0.1410011136725355,0.4519829521901316,59.1969297664089,285.5930922594439,272.2990835416268,4.899175549288168,2021,11
32,山西晋南,111.51465,35.678541,0.0522387203526444,0.0002643175067546,0.000801954253269,0.1410232938823469,0.4020523055700175,51.51482440624022,286.2005474441798,271.59289407826395,2.616534674991197,2021,11
33,山西高义,111.258436,35.586841,0.0529203846625768,0.0002860257029641,0.0008108166222095,0.1407936232400654,0.4246127116947686,61.31696752806952,284.8242845853443,272.78307287722026,2.1979639625565697,2021,11
34,广东韶钢,113.654289,24.704815,0.0405029150582546,5.105868001669113e-05,0.0003860013433154,0.1173901620015989,0.1906208464910351,26.5359063323576,292.4390568818385,284.155107323844,5.681973721643442,2021,11
35,建龙西林,129.287919,47.495036,0.0399917596866581,3.2047655212491407e-05,,0.1660080617958576,0.1612256667310259,12.942165631889669,270.7238917981694,263.5026752093036,1.4477450964225855,2021,11
36,德龙控股,114.384832,37.086116,0.048600002654062,0.0003412313836015,0.0011552684737593,0.1451585859373645,0.3555852008901663,74.40937110914092,289.09592744742486,275.5903130835567,7.068531771606624,2021,11
38,攀钢集团,101.693628,26.551896,0.0398658345804719,8.605874693274274e-05,0.0003591810740171,0.116784861899385,0.2254128443870611,37.43063814454217,296.3392337672322,287.09469181253826,4.883833845497223,2021,11
39,新兴铸管,114.128189,36.621504,0.0525835854195354,0.0002565815432598,0.0010995794300771,0.1442194992750634,0.3156381604875202,64.68643506453904,288.99088466103075,275.9573631787997,4.9515197013655285,2021,11
40,新金钢铁,114.216151,36.715444,0.0576858741125014,0.0002950705256051,0.0007316150985585,0.1445408377528877,0.3351376996339547,70.23557318745506,289.02017577854184,275.7502580441034,4.49025772668813,2021,11
41,新钢集团,114.932403,27.790574,0.0478693755448777,0.0001785743196197,0.0003011346684789,0.1206625186883139,0.2791477833984261,39.37970546277312,291.7503320128982,281.48112901264875,6.231830658031985,2021,11
42,方大特钢,115.99204,28.645441,0.0433351678955523,0.0001793026647433,0.0004362324577168,0.1225989657649849,0.3102569407679452,54.18000270651646,292.1184449571781,282.45117935680435,17.196080083531175,2021,11
43,日照钢铁,119.36115,35.158382,0.0484919589768785,0.0002532640175147,0.0007971244171886,0.1409006277116961,0.3676085042141611,50.8426316845597,286.9580118267402,278.67697962593184,11.636969810063542,2021,11
44,日钢营口,122.395441,40.671136,0.0485363734571168,0.0002442271354209,0.0006765514202712,0.1531572418708336,0.5305937894034651,66.90788012519988,279.8039060349648,273.9419089521548,6.045902235645389,2021,11
45,普阳钢铁,113.925994,36.733675,0.0474106039094783,0.0002255731137548,0.0011464480097757,0.1440286988413727,0.2641580537517947,62.09997425613573,287.6016664716025,275.0715527673934,1.3212988966465788,2021,11
46,本钢集团,123.722099,41.274132,0.0523616914504051,0.0002871694887466,0.0008612149374814,0.1546220571472428,0.5571416835471447,43.12255902023912,278.5865119196459,271.8008595950673,6.798567471583054,2021,11
47,柳钢集团,109.373148,24.379047,0.0448565870814284,0.0001131218129568,0.000288990677627,0.1166470822395372,0.3590260842398708,29.573397522609262,294.25410923477165,284.7505529536142,15.531542682131091,2021,11
48,桂万钢,108.412344,21.687637,0.0433487128040018,6.288860912548097e-05,0.0001507441258391,0.1165962745842238,0.2623595480463347,26.608445224951534,296.0325330225829,289.80271762108725,8.123628840137425,2021,11
49,武安文安,114.177621,36.684389,0.0568736924131647,0.0002902517002833,0.0009061522851334,0.1444089432495192,0.3243668238062079,67.75719233979969,289.2315446099638,275.9031600916534,5.815951575695432,2021,11
50,武汉武钢,114.444975,30.616222,0.0494977358024226,0.0002998169754706,0.0004349251438865,0.125797990550207,0.445237438714885,83.40010992924363,291.1124231774778,282.7436801677734,17.974218044814556,2021,11
51,永钢集团,120.739658,31.839485,0.0476212229039983,0.0003824298210523,0.0003404813339974,0.1296163971019286,0.4059924996497833,49.70775080437306,290.54575608322074,279.19437985863146,6.92586068265171,2021,11
52,汉冶特钢,111.534635,33.269324,0.0387058061843987,6.899221719931361e-05,0.0005502644822597,0.1331502394084501,0.2139271179644124,49.75712641908103,289.4550864391823,278.34626891832943,1.6751438235325269,2021,11
53,江苏镔鑫,119.279989,35.09556,0.0468240070006364,0.0002522523635185,0.0009407932622436,0.1406564593703283,0.3766362352432655,53.942582537083,287.14134591807885,277.4849695945822,7.99499267686734,2021,11
55,沙钢股份,120.647295,31.967456,0.049163012419758,0.0004023942717292,0.000428861275043,0.1302020476967745,0.4543194816043268,48.66682318311039,290.1437352278605,279.8069258909255,9.535404350587427,2021,11
57,河北新华,117.784839,38.288605,0.0491653156722732,0.0002369663358027,0.0009165405882366,0.1476731000472355,0.5820597416460986,54.658358067413545,282.0057807562568,278.7063182206044,8.33558579965752,2021,11
58,河北津西,118.220547,40.209844,0.048083203564868,0.0001920679331067,0.0007633604673161,0.1503718178983847,0.354776575231216,59.92210684852176,281.4390932561697,273.66350868321064,1.541949305812219,2021,11
59,河北烘熔,113.981172,36.640411,0.0492409956970257,0.0002292283201304,0.0010409169469341,0.1440059398303602,0.2833443180748912,63.35787361422263,288.06252575166224,275.58286268328845,1.401467490580267,2021,11
60,河北荣钢,118.558755,39.880661,0.0540957440746224,0.000282111742627,0.0009551868985591,0.1505125230544531,0.4042892007977481,61.363350685454,281.75088818969965,273.3864710646444,3.338637397740804,2021,11
61,河钢承钢,117.734527,40.952513,0.0435740111845616,0.0001464405345237,0.0018578825770394,0.1514450508900363,0.3787794871883259,36.61649079278504,279.4765883379352,270.93609295370663,3.2855981805334307,2021,11
62,河钢舞钢,113.492311,33.28384,0.0409057820283162,0.0001406682699274,0.0005301789845639,0.1339818092829488,0.3119815098597835,61.45743425125676,289.26808889397046,278.6563145043853,2.152070261797106,2021,11
63,泰山钢铁,117.627728,36.22141,0.047580775700297,0.0002803372228497,0.0009528879499736,0.1443199787999599,0.4733486528343279,62.799870192975504,285.9636579325496,275.366635067165,6.654776906337279,2021,11
64,济源钢厂,112.553774,35.086396,0.0481415031034403,0.0002526137087381,0.0009428365134037,0.1400701471024577,0.4386397244258593,65.44004640003139,290.09845214304465,276.6417904019771,5.974328684937085,2021,11
67,海城恒盛,122.83646,41.056042,0.0500622507557625,0.00025824601453,0.0009175530980363,0.1541038479110381,0.8499296355840039,58.70304065069831,276.5839975767726,271.07408803021804,4.212889588401524,2021,11
68,涟钢,111.967343,27.747782,0.0461558544758132,0.0001555213946993,0.0004642470901522,0.1209862638912295,0.3299538235028071,54.146166661439565,292.27761119796287,282.0169998719561,6.131908379310183,2021,11
69,淮钢特钢,118.988442,33.566039,0.0424475952604125,0.0001946130807428,0.0005720528093316,0.1351475615969774,0.4569049996909792,48.8300181756743,289.5289879275568,279.1269193104959,16.624784996194627,2021,11
70,港陆钢铁,118.073913,40.183913,0.0466335562642608,0.0002244495752075,0.000979157538869,0.1503041131254726,0.3931626409478439,60.86283832473782,281.6931294765027,272.7814269376814,1.9857189797413728,2021,11
71,湖北新冶,115.125838,30.204603,0.0460525812710584,0.0002119499804765,0.0004878318351427,0.1250257849324716,0.3908125106741132,145.01654277410125,290.12611756985405,283.3718824157069,4.731967293614173,2021,11
72,潍坊特钢,119.238427,36.644469,0.0447754977395401,0.0002633548488025,0.0009151185367245,0.1455220378269824,0.4379664180701094,58.41329908662374,287.05975359343734,275.2615840826227,12.200264543970514,2021,11
73,玉溪仙福,102.186364,24.012309,0.0312208842642911,1.952200038122649e-05,0.0001200223143516,0.1149826613735214,0.084624639970732,9.015899061691046,294.7440236803784,287.0523132006392,1.1793500045550858,2021,11
74,玉溪玉昆集团,102.543682,24.465884,0.0281296547807291,2.9775124252880837e-05,1.467407680945267e-05,0.114893440026457,0.1025254031198156,12.866520498961972,291.6869298519106,282.38277071405565,2.536392113840875,2021,11
75,瑞丰钢铁,118.272056,39.497472,0.0473807044430369,0.0003232383954173,0.0016285141247714,0.1497073955835568,0.3893331622693669,48.70556213259546,281.2201802672616,272.59802497865564,2.945579396109121,2021,11
76,甘肃兰鑫钢铁,103.933888,36.510351,0.031637480718878,0.0001325827722189,0.0007588277065618,0.1370466070895508,0.2228210733920904,43.032400753872935,284.4843184531895,266.00800625074254,1.0553328861461675,2021,11
77,石横特钢,116.533981,36.229201,0.0448846303023489,0.0003685333898998,0.00095301496885,0.1441250758308641,0.5616778208282999,69.162303725013,285.49868684132326,276.01680078843594,6.54115362689938,2021,11
78,联鑫钢铁,120.774892,33.211332,0.0429352265066003,0.0001567842973414,0.0003993649044466,0.134414528168776,0.485035669560047,38.13340811576722,287.7055968743841,280.7075029011945,2.188234335532444,2021,11
79,荣程钢铁,117.495794,38.970638,0.0492954168129854,0.0004266124351081,0.0014124410763416,0.1484757901187566,0.4567420076565149,55.56842803511517,282.5854475830329,275.8159787531204,13.287247649406996,2021,11
80,萍钢股份,116.27527,29.778431,0.0439980004328854,0.0001183694814225,0.0003344715812423,0.1248351852566512,0.3653673070989283,46.4588235427756,290.27068839299096,281.87301804985384,1.812499122103886,2021,11
81,衢州元立,118.848341,28.902581,0.0430752363894471,0.0001335885531518,0.0003180329120904,0.1222687920641481,0.2885270685380192,27.941819524812672,291.1301859438406,281.1181198837816,8.745965005926186,2021,11
82,裕华钢铁,114.098377,36.731752,0.0552997944301175,0.0002756378417741,0.0011755539689419,0.1443289034925463,0.293735842676988,62.30768315583864,288.8258951740841,275.8496313520621,4.1507794219540575,2021,11
83,西宁特钢,101.671414,36.66856,0.0328447490533903,0.0001483773406386,0.0006855780758362,0.1354426303453491,0.1713666995147231,27.13274405152788,280.7595216085429,266.03618936007734,11.801292947926646,2021,11
84,贵港桂宝,109.63938,23.089502,0.0426978559561099,7.769158166838833e-05,0.0004077750367722,0.1163243819624824,0.3010732247818058,36.53433911387729,297.0396997004541,288.4192283512354,6.2130398065626045,2021,11
85,辛集澳森,115.184798,37.752351,0.0433773866533237,0.0002689739732718,0.0007894680778183,0.1462188360776322,0.3624169809930957,77.27466311280295,287.6011755710024,273.7853189148834,1.4685279183674629,2021,11
86,达州钢铁,107.453099,31.18945,0.0414813827762013,0.0001274040371511,0.0003321072269027,0.126436153402232,0.4792992340628672,58.337056258260176,284.69958292008374,279.4971169787963,8.251305661671733,2021,11
87,迁安九江线材,118.563418,39.95945,0.0565325768491752,0.0002668689469834,0.0012728982877196,0.1505831380056599,0.4357885818132346,60.32969483834632,281.84194684772865,273.91521313584013,4.2595348561010535,2021,11
88,通钢,126.022349,41.779125,0.0391737703178231,9.351207014769642e-05,-5.66484575490976e-05,0.1551149071812217,0.2928182295072225,25.18957309405323,277.27852424737904,267.4102305861782,2.5849189796075547,2021,11
89,邢台钢铁,114.452352,37.041601,0.0488761328332047,0.0003173635610077,0.0011894672021204,0.1452210441561715,0.3930226383869808,74.40937110914092,288.912099054566,275.63647984509686,11.554253119716453,2021,11
90,邯郸中普,113.928977,36.711757,0.048035118946065,0.0002289538102673,0.0011531438257687,0.1440245709670788,0.2677765849437498,63.01495543479986,287.71950439204244,275.1097653487371,1.6292905584549957,2021,11
91,酒泉钢铁,98.286265,39.807065,0.0301727031352683,8.766737124041958e-05,0.0009439676245542,0.1418936662675298,0.1572138624477861,25.608727902772344,285.50900245091793,267.76088730991245,7.888912422903233,2021,11
92,重钢集团,107.040368,29.790253,0.0464846731483759,0.0002537169594485,0.0002311926720817,0.1236571539350203,0.5560036105526939,53.83500315565378,287.1248388573824,280.81499698817527,6.372695779522339,2021,11
93,金鼎重工,114.111677,36.718952,0.0560118589992048,0.000281604558403,0.0011266139794405,0.144352793275463,0.3032813594001765,63.3131601866492,289.0050488333839,275.93719407088844,4.804875381313203,2021,11
94,铜陵富鑫,117.772866,30.907561,0.0433527722200922,0.0001905796915643,0.0005552714433529,0.1271779230844294,0.424674507972956,46.747457806692495,290.7474970328994,282.06443934723825,6.296661434092509,2021,11
95,陕西略钢,106.167206,33.323678,0.0315832364084435,1.4146078583233833e-05,0.0007606424900233,0.130745019398871,0.2136467214240672,28.042977181079102,280.3354787242157,274.9645346497989,0.7895494984786634,2021,11
96,青钢控股,120.390032,36.216949,0.0440051285186961,0.000296648136751,0.0005965796579519,0.1441367162647748,0.4346991101156792,43.68815709199225,287.0510051985149,278.4392622814699,21.36564217770852,2021,11
97,鞍钢股份,122.983054,41.148267,0.0527421741771545,0.0002815809619782,0.0003969108145258,0.154604272336682,0.7615871630226002,52.74020010885427,278.2890024717959,272.9543011102014,20.09585458478433,2021,11
98,首钢水城,104.877413,26.595229,0.0316015033298667,7.635752089750472e-05,0.0001649801963942,0.1164017934493993,0.2031466593886987,18.714999328039998,290.5961352695133,280.24253895834283,3.055209949330209,2021,11
100,首钢长治,113.060809,36.356404,0.0383932049888621,0.0001979948132126,0.0008697699920259,0.1423003543174564,0.2870449479145646,52.97760014435454,284.69288732838083,270.5033438971891,4.961085132860272,2021,11
101,马长江,118.465162,31.502272,0.0444005087332329,0.0002121746071084,0.0004548676967432,0.1285920437292789,0.3867392270664159,48.08592314730591,290.6139643522179,281.39293207705606,5.980161504629405,2021,11
102,龙腾特钢,120.835685,31.723833,0.046728198737735,0.0004066219940908,0.0003533437664116,0.1292445857239804,0.4285136210255357,49.70775080437306,291.020504781722,280.47830989517524,11.144900079746227,2021,11
103,龙门钢铁,110.575788,35.618466,0.0491605742322004,0.000230187722,0.0008302206118551,0.1407434753051515,0.3513831366842673,49.186966326872486,285.802029969832,274.1456679979965,4.049918193674498,2021,11
1,东华钢铁,118.256774,39.468366,0.044968050193981,0.0003028864456144,,0.1550193986725519,0.2282556527220837,47.15475805419438,278.5168820072818,265.548121718736,2.8223842192017554,2021,12
2,东海钢铁,118.624794,39.748373,0.0478359278651499,0.0003506992946318,,0.1559754991132235,0.2149746314899577,53.73095303015442,278.5923577543229,265.2940140478701,4.242564147174769,2021,12
3,东特,121.759531,39.05443,0.042643790249401,0.0002170459476044,,0.1557014416644292,0.30124815109938,25.913796764281475,277.610805182517,269.71720023742427,18.22562191103526,2021,12
4,中天钢铁,120.081591,31.702681,0.0531281110268617,0.0003846777171418,0.0005972627269641,0.1269634323855759,0.4740093447857376,64.97679549966051,285.75992860552645,276.27694493427947,14.931002191651247,2021,12
6,佰工钢铁,118.819472,39.748773,0.050013540079247,0.0003235483071296,,0.1562872680863575,0.213657624150545,51.7259017840388,277.8980015034152,266.9316431790807,3.3501487720856447,2021,12
8,兴澄特钢,120.320504,31.938905,0.0516340584979404,0.0004092737245152,0.0006950968917613,0.1276714676055785,0.4906272910662931,61.57409291979134,285.14843919230776,277.35476408516564,19.45283850412589,2021,12
9,冷钢,111.437288,27.690401,0.0525612095679014,0.0001340314088932,0.0003887257167752,0.1170480058818873,0.4053827666024146,62.25718224916213,289.00258363697014,279.4677433658039,1.7305209606489669,2021,12
10,凌钢集团,119.41374,41.271048,0.0381717761622145,8.539502834675004e-05,,0.1595720724540512,0.1537180972726662,23.356809878809603,275.1479449004494,262.84702375538126,4.267114189852844,2021,12
11,凤宝特钢,113.872158,36.131666,0.0477268028478307,0.0002513869212323,0.0014939030219553,0.1387964686647125,0.2345968180699807,64.62656831883083,283.4147685434663,270.8905698897559,3.411756130500168,2021,12
13,南钢股份,118.746315,32.200797,0.0498854245573556,0.0003569546542565,0.000938178264934,0.1287740813131312,0.4571747083598785,68.08592445395334,285.50003624764634,277.0221692958262,20.0255632997176,2021,12
17,太钢,112.57052,37.970033,0.0428813184970102,0.0002710993844714,,0.144926789537522,0.2001837066627319,52.84825020597143,276.9896504037592,265.26337167110165,21.40726973032639,2021,12
19,宁波钢铁,121.876423,29.918776,0.0455857936957911,0.0004064713787351,0.0002695035924936,0.1216328669805401,0.5310143569060287,33.812117217828444,286.5075775668675,279.72997199856184,22.36362955755353,2021,12
20,安徽富鑫,118.067833,31.194505,0.051787182883526,0.0002224416835193,0.0006711137978561,0.1260416720325746,0.5086054698487235,58.314710615167954,285.84190795041536,277.761122240885,3.0402978228337783,2021,12
21,安徽贵航,117.251147,30.531068,0.0535050373922304,0.000166434597917,0.0004794751288779,0.123897202388867,0.4867334923641633,51.16901036217314,286.3635173519602,277.1744784003569,3.92388654506484,2021,12
22,安钢信阳,114.038243,32.488704,0.0462091745462564,0.0001175947696707,0.0007402657055175,0.1295598531586442,0.4803014021729376,62.920030075019895,286.47171961448083,273.4292193287431,1.62111261959832,2021,12
23,安钢股份,114.283145,36.122129,0.0503534491126745,0.0003250501338447,0.0008823310946193,0.1391504855358271,0.3501052264778982,76.43716520485256,283.8184345866301,271.55018162189515,7.53618040790356,2021,12
24,宏兴钢铁,118.871477,39.700721,0.0516037782785045,0.000328072269784,,0.1561859722707319,0.2307867169974084,51.7259017840388,278.2826210789351,266.3669252321233,3.377603075947325,2021,12
26,宝武鄂钢,114.861313,30.39574,0.0520196614660517,0.0003423173564747,0.0006121946875332,0.1240842947248469,0.5171419756193376,95.66251088970522,287.271393031826,278.6645747977809,8.989302399584274,2021,12
27,宝钢八钢,87.304639,43.852147,0.0380004064692612,,,0.1440046145165648,,55.50901308761527,267.1080702151025,258.6905603285774,16.310465271757042,2021,12
28,宝钢股份,121.440087,31.41623,0.050886454470575,0.0005320405978691,0.0003473826750489,0.1259506309734189,0.4276142590587364,82.67979493073233,286.54653733946714,278.5106180322169,21.88170491866611,2021,12
29,山西中阳,111.161118,37.370796,0.0370443536286031,0.0001799145361082,0.0033091960571535,0.1419138758606563,0.1662918886202596,28.95427364535408,274.7088822291543,264.64239578904113,2.9519415454284537,2021,12
30,山西建邦,111.37916,35.668163,0.0650418293322789,0.0003262772441775,0.0018824597897866,0.1355720156961994,0.413520681369535,70.86047788767775,279.6223259036118,269.1899270673105,4.438791299984076,2021,12
32,山西晋南,111.51465,35.678541,0.0579284407338173,0.0002575811369305,0.0018413606149895,0.1357355300500237,0.3650035825729573,62.82452602590638,280.3953228138455,268.0912857302719,2.3741205281249527,2021,12
33,山西高义,111.258436,35.586841,0.0632347151289481,0.0003203187237866,0.0015204793281603,0.1353747434022083,0.421579736401755,73.77632751371065,279.6447277309615,269.4299180954178,2.0366966121812955,2021,12
34,广东韶钢,113.654289,24.704815,0.045410643989231,5.9995293157503424e-05,0.0001829882456685,0.1135211345411156,0.2974667193821186,33.012415331761886,290.8301021366024,282.6705982800719,5.6223618587962925,2021,12
35,建龙西林,129.287919,47.495036,0.0387853960269866,,,0.1835202409959639,0.0893023255813953,13.021069451475462,254.90202741308056,250.61781898008505,1.1013916966327633,2021,12
36,德龙控股,114.384832,37.086116,0.0519513654004874,0.0004040903870694,0.0035829354846485,0.1426667046332447,0.2628765500366926,74.06313784485974,283.49309658743715,270.7553167438556,6.917382417435404,2021,12
38,攀钢集团,101.693628,26.551896,0.0442026986555037,0.000100322519916,0.0005468881659291,0.1137359387892748,0.2302054759867354,42.53716312518918,292.7498833833744,284.2031886682877,6.005242190521121,2021,12
39,新兴铸管,114.128189,36.621504,0.0544255443151819,0.0003669343490935,0.0028991999648559,0.1407470610764895,0.2548088830317923,64.64170932211826,282.94813929133625,271.3321903691376,4.938497094561668,2021,12
40,新金钢铁,114.216151,36.715444,0.0594535979634501,0.0003982962670487,0.0016646042318477,0.1410436542963037,0.2588876952766791,69.91043372712261,283.052923217776,270.8451879399658,4.961813461963321,2021,12
41,新钢集团,114.932403,27.790574,0.0560029872930076,0.0002347726692584,0.000580438382111,0.1176939386340574,0.5224174852872937,50.79235782492887,289.0946098697866,278.9990806932879,6.2975820691100814,2021,12
42,方大特钢,115.99204,28.645441,0.0517371386203992,0.0002226529905664,0.0002673655853493,0.1197011686921258,0.5383895326479371,64.55444179209735,288.45893365955146,279.8705338693238,20.07569344829137,2021,12
43,日照钢铁,119.36115,35.158382,0.05389064581664,0.0003477514453998,0.0006940967714527,0.138035461832429,0.3334749577557262,57.754791852537394,281.0216406643391,274.2041158398313,12.383280250208504,2021,12
44,日钢营口,122.395441,40.671136,0.0461416343534111,0.0002127703375445,,0.1594768392237444,0.2142730362990385,36.34757916870512,273.8695078546837,267.1412339603027,5.859343670214478,2021,12
45,普阳钢铁,113.925994,36.733675,0.0512034336545449,0.0002988276984429,0.0017724570210424,0.1407527596259728,0.2111596132307208,61.44145370557796,281.9802809677336,270.2808447416548,1.2702601445187431,2021,12
46,本钢集团,123.722099,41.274132,0.0506928478236609,0.0002629435925739,,0.1613320618110952,0.1996360389471247,34.85787149534281,270.74792295124576,264.6237214157696,6.305471383016264,2021,12
47,柳钢集团,109.373148,24.379047,0.0502460581474977,0.0001104776110583,0.0001860086851029,0.1143536754746933,0.4326716526734312,40.58672713589733,293.1950172206698,283.50924565864347,13.163313949160278,2021,12
48,桂万钢,108.412344,21.687637,0.0478938715886655,7.83935816287648e-05,-7.245716834052493e-06,0.1142628719209673,0.4614381529485195,37.55105737468512,294.4866104602435,285.92277081001924,8.998459841152258,2021,12
49,武安文安,114.177621,36.684389,0.0585467717605134,0.0003997397748908,0.0018345488358118,0.1409247051951421,0.2598478072836191,67.6089259675309,283.1384485409695,271.04219285894794,6.179407328668848,2021,12
50,武汉武钢,114.444975,30.616222,0.0568142541897242,0.000392559605189,0.0005773799692194,0.1243533095860615,0.5383396880150744,107.67136160438896,287.0823825108201,279.18043280978713,19.372852039313365,2021,12
51,永钢集团,120.739658,31.839485,0.0555535396765076,0.0004034571838484,0.0005990845536285,0.1272511012045075,0.4277384648851903,59.89236484538196,285.5602147103152,275.8825287975523,8.053419853183202,2021,12
52,汉冶特钢,111.534635,33.269324,0.0427096762622019,0.0001003214263616,0.0007140098290635,0.1297822212928645,0.248804846672582,51.243453924598725,286.2070230692007,274.94572748641053,1.5117174075899984,2021,12
53,江苏镔鑫,119.279989,35.09556,0.0521445101537764,0.0003506310884504,0.0007097475253714,0.1376998640335431,0.3388932319348017,62.2087621387765,280.9910946819597,273.4634859450911,9.207033253238082,2021,12
55,沙钢股份,120.647295,31.967456,0.0558798869872375,0.0004518073379,0.0005551210491369,0.1277372658039392,0.4579214389741566,58.88078616160987,285.4938650794901,276.7469977596776,11.183295564184151,2021,12
57,河北新华,117.784839,38.288605,0.0479158346101685,0.00029727704464,,0.1501234778878754,0.3727811496031962,55.981609511135545,277.0140266160161,273.874495781334,9.089379598643934,2021,12
58,河北津西,118.220547,40.209844,0.0463012358476488,0.0002467440289101,,0.1564511796450003,0.1773761898827793,54.30785344796185,276.6394905539913,267.1292059591277,1.9987609363002483,2021,12
59,河北烘熔,113.981172,36.640411,0.0519690667112511,0.0003133230034927,0.0034382784448569,0.1404591761471264,0.2268881982807386,63.3579446684962,282.55650716637325,270.7816186794497,1.3680491002168853,2021,12
60,河北荣钢,118.558755,39.880661,0.0489526879249288,0.0003084747067417,,0.1562174056102134,0.2065755509992434,55.82034401315255,277.9907736560472,266.70069399985726,4.085361424847047,2021,12
61,河钢承钢,117.734527,40.952513,0.0403629255788251,0.0001079318332253,,0.1570963244610723,0.1413874232374021,31.41887696773792,273.9439286026465,264.274841886052,2.8648511894962447,2021,12
62,河钢舞钢,113.492311,33.28384,0.0453590246207543,0.0001414525731353,0.0008486904698011,0.1307767145998006,0.3537330936401835,61.554875367127984,285.3773391088225,275.1370180340437,2.295819120270811,2021,12
63,泰山钢铁,117.627728,36.22141,0.0504272986645505,0.0003567231838101,0.001529313944327,0.1414012447309577,0.3857364054390407,67.05411692564667,279.7253880851744,269.2039442469538,7.152681706923204,2021,12
64,济源钢厂,112.553774,35.086396,0.0497594930911224,0.0002774145241382,0.0013869266623469,0.1342444504190608,0.345857372636891,61.211518069171866,284.5090934319994,273.1457033674518,6.064139885194155,2021,12
67,海城恒盛,122.83646,41.056042,0.0484303172692559,0.0002116972426031,,0.1608468200238183,0.2709293936387703,43.80873974696442,272.69303451029424,263.9973643012968,2.850062506718301,2021,12
68,涟钢,111.967343,27.747782,0.0538223079945014,0.0001794752786875,0.0002370358534643,0.1169713458851706,0.4561749638619157,68.6991583620511,289.8448306879868,279.40327383338155,6.811609224658936,2021,12
69,淮钢特钢,118.988442,33.566039,0.0469848839933416,0.0002695258195953,0.0008197880756817,0.132273195590089,0.474778646391751,57.677546207747945,282.493778795713,273.6317046554472,17.198556048495405,2021,12
70,港陆钢铁,118.073913,40.183913,0.0454206851289389,0.0002842779365022,,0.1562529835931263,0.18941380284138,56.9713058951038,277.10381107681786,266.0357000253827,2.375378876100714,2021,12
71,湖北新冶,115.125838,30.204603,0.0549124352384222,0.0002803160147537,0.0005167321166186,0.1234744422730574,0.5275305171522627,173.7319195171949,286.69170429487986,279.1927001266236,5.392007080064578,2021,12
72,潍坊特钢,119.238427,36.644469,0.0488057418402261,0.0004012001654057,0.0015668077959373,0.1439922716934454,0.4807897437542602,61.113190952255536,280.84639208933567,270.4171307405161,13.418644007071936,2021,12
73,玉溪仙福,102.186364,24.012309,0.0337135826106773,2.691159106382549e-05,0.0001496064120045,0.1128802768310174,0.2151964467431136,14.422233953950515,290.033856949456,283.4596585202336,1.0314119485821132,2021,12
74,玉溪玉昆集团,102.543682,24.465884,0.0295123086786987,4.987545537673994e-05,0.0001386968589903,0.1123949208557559,0.1706563073004196,21.8233936141494,288.4656631021914,279.7002928222032,3.0793339821341084,2021,12
75,瑞丰钢铁,118.272056,39.497472,0.0450826629844118,0.0003159915879761,,0.155106638210715,0.225630687132321,46.7050417857382,278.68981253916803,265.5476095612017,3.032527791616312,2021,12
76,甘肃兰鑫钢铁,103.933888,36.510351,0.0335934189111665,0.0001567597463077,0.0008200360659627,0.1362870137657486,0.3118807886272317,51.30469915570757,279.18506918592726,261.3547395809057,0.8392150850097541,2021,12
77,石横特钢,116.533981,36.229201,0.0460323067839486,0.000322878948768,0.0024982463503409,0.1409965779911756,0.4173528025929112,75.78881972621222,280.5793880419869,270.8154575873267,6.18038530323507,2021,12
78,联鑫钢铁,120.774892,33.211332,0.045075529514079,0.0002247739125581,0.0004701624154871,0.1315807983234143,0.4638223240290109,36.658075529970006,282.5506037004182,276.26866030098984,2.578636254656848,2021,12
79,荣程钢铁,117.495794,38.970638,0.0472450235506936,0.0004183796206394,,0.1526652948501404,0.2845577300757886,57.40913525587371,278.0898852596249,269.5409572862134,13.171279236890774,2021,12
80,萍钢股份,116.27527,29.778431,0.0522414302877792,0.0001612982198984,0.0001691381542664,0.1222962779237525,0.519421961492866,55.21146282865113,286.47130329586264,278.0620304912581,2.3362556392996225,2021,12
81,衢州元立,118.848341,28.902581,0.0494638076880846,0.0001746605555475,0.0003971349130251,0.1191071676832243,0.4555336057636585,36.54971081346048,287.8098736330097,278.75975780617955,9.956690492433044,2021,12
82,裕华钢铁,114.098377,36.731752,0.0598482741136414,0.0003852718811347,0.0009806050152753,0.1409500249688098,0.2493534488302361,61.69308331646032,283.06075519122726,270.9348924936344,4.413320655740517,2021,12
83,西宁特钢,101.671414,36.66856,0.0369417830897394,0.0001513164034568,0.000709834259472,0.1362935503650935,0.1821289406617094,29.336204576679847,275.50993829617136,261.78481461299543,11.142207522131631,2021,12
84,贵港桂宝,109.63938,23.089502,0.0471074757319198,7.71259129545774e-05,7.519608265054093e-05,0.1143632739673272,0.5040588864279133,46.50756447959605,295.4604660798498,284.53889612247565,5.982707691732539,2021,12
85,辛集澳森,115.184798,37.752351,0.0494827411112039,0.0003824335271172,,0.1469149089036322,0.2913700668708119,81.46805896558362,282.15205171372975,268.1268659598053,1.5735712980597802,2021,12
86,达州钢铁,107.453099,31.18945,0.0467262862625907,0.0001446626096767,0.0004662434918585,0.1241043093256666,0.5291833767935618,68.5275260762008,285.27552228801284,278.0090144184429,7.865134006111358,2021,12
87,迁安九江线材,118.563418,39.95945,0.0501707941736429,0.0002939116484607,,0.1562785807546887,0.2068523385190686,54.44350866800741,277.26872277889026,267.38941245902464,5.2757213825545,2021,12
88,通钢,126.022349,41.779125,0.0405749400255373,0.0001230515850279,,0.1641169092823123,,29.110131194443056,264.4158418612372,260.5002481618784,3.3742275532992183,2021,12
89,邢台钢铁,114.452352,37.041601,0.0527159664681213,0.0004169151900276,0.0022094009810878,0.1424122425960848,0.3042544577837003,74.06313784485974,283.0736222008211,270.57423416130706,11.441020138693926,2021,12
90,邯郸中普,113.928977,36.711757,0.0515271598453474,0.0003047434546963,0.0021322275351367,0.1406658242723557,0.2146574463380985,62.83548666129629,282.09572299430545,270.2789981740784,1.5411957045514444,2021,12
91,酒泉钢铁,98.286265,39.807065,0.0341990786868174,0.0001104990865361,,0.1444679335064234,0.1133366587271873,31.386594263606128,278.0113810298463,263.5617667810968,7.798754915370614,2021,12
92,重钢集团,107.040368,29.790253,0.0492855679322055,0.0002949006010146,0.0001605793156867,0.1205783429484606,0.7877026609952136,63.506739410042194,287.0371952250549,280.99573118493004,6.149460232111498,2021,12
93,金鼎重工,114.111677,36.718952,0.0599813647044847,0.0003931536290284,0.0011836425371884,0.1409321835444405,0.2540402276160002,62.977800269495255,283.1524200260064,271.03188065796024,5.1177706893702455,2021,12
94,铜陵富鑫,117.772866,30.907561,0.0508900358436166,0.0002449102691159,0.0005267829011384,0.1245830145201477,0.5139248963029561,56.49031790568206,285.7213049066312,277.9876691878226,7.180564175411283,2021,12
95,陕西略钢,106.167206,33.323678,0.0387188453496689,2.674186051984433e-05,0.0005489841452709,0.1273026320829048,0.2346316993541662,31.68686900428304,279.0810475802385,274.50487084044124,0.8213658244542116,2021,12
96,青钢控股,120.390032,36.216949,0.0480034750622976,0.0004806227326586,0.0017365836687423,0.1430836860053188,0.4094428646904954,44.65168501610606,280.832551200558,272.88772711377345,23.249466271318852,2021,12
97,鞍钢股份,122.983054,41.148267,0.0503719081609796,0.0002353896178693,,0.1611676161236241,0.2535644157015251,39.14326180376156,272.64821198993565,265.9394593594577,19.04737889268289,2021,12
98,首钢水城,104.877413,26.595229,0.0314934786127088,6.310619418079666e-05,0.000715181772746,0.1135035932994315,0.3282681280356824,26.84784838891119,286.4915517247858,276.7242492868982,4.42579988797668,2021,12
100,首钢长治,113.060809,36.356404,0.0397235413247404,0.0002100942360958,0.0024794415515629,0.1384707571003121,0.2319017364877559,58.82724497872778,279.3831417669158,266.01964466519775,4.852809437242324,2021,12
101,马长江,118.465162,31.502272,0.0495722847493381,0.000273970899998,0.0006987237620994,0.1267850301102501,0.510883274599105,64.29174204233246,285.93472059837825,276.4724655756075,6.5142918237541885,2021,12
102,龙腾特钢,120.835685,31.723833,0.0532410492421444,0.00040792545869,0.000409847813552,0.1268312956206151,0.4411972885259831,59.89236484538196,285.7202232636907,276.4540212863907,11.867193413635771,2021,12
103,龙门钢铁,110.575788,35.618466,0.0493041117009939,0.0002087006030701,0.0008386647182839,0.1349917452792037,0.314536642385173,52.66881618164189,279.77766465147937,270.3216538985466,3.872076395863472,2021,12
1,东华钢铁,118.256774,39.468366,0.0596709204267587,0.0002990596188349,0.0011241354672521,0.1665288209545314,0.3411027897530879,40.15122852742976,277.75882441747723,262.93051412049346,2.8781241252443346,2022,1
2,东海钢铁,118.624794,39.748373,0.063279769066749,0.000376108436414,0.0013824166012936,0.1669618993989348,0.3377863371091553,52.1985923388229,277.24536511989896,262.6897865707771,4.200146523284049,2022,1
3,东特,121.759531,39.05443,0.048178476238968,0.0001431254663614,0.0006885658241167,0.1660306924483658,0.2687849009636917,23.54214613955084,274.1052483704504,264.3068177990241,18.43015829411268,2022,1
4,中天钢铁,120.081591,31.702681,0.0545170558311608,0.0003364891007555,0.0002702024783978,0.1343335060011364,0.7046294085182699,48.41405853994729,282.91549749711646,273.9184035598213,14.348309678972347,2022,1
6,佰工钢铁,118.819472,39.748773,0.0669192808327336,0.0003710676024932,0.0014361916190162,0.1671438462177,0.3311751848788112,51.0018516308719,276.3410315440144,264.11654306304126,3.1888696518042967,2022,1
8,兴澄特钢,120.320504,31.938905,0.0533485251055928,0.0003770835421373,0.0003943142004715,0.1349512371987705,0.7845050923597561,45.32845237138825,282.31587951855954,274.29159726674817,19.12043005408539,2022,1
9,冷钢,111.437288,27.690401,0.0526898834239785,9.574184770602052e-05,0.0008446665425151,0.1225663586619977,1.023746073940376,49.232406733217296,284.8707913005749,276.6743093994179,1.066692276662118,2022,1
10,凌钢集团,119.41374,41.271048,0.0457796812285653,0.0001093258484401,0.0012747822509375,0.169471706468427,0.1760088876210112,33.61033244162778,271.8598508905789,259.1241952396336,4.432695705439488,2022,1
11,凤宝特钢,113.872158,36.131666,0.0652474698486793,0.0003478728945644,0.0015418957981848,0.1522305940674881,0.52480774754869,82.07572969281262,280.1727438923141,268.8451325164364,3.460859376393196,2022,1
13,南钢股份,118.746315,32.200797,0.0565466322858975,0.0003911219441424,0.0003900028390297,0.1363212854305275,0.9383997630497708,53.08647033075431,282.50338387305305,274.529524491168,18.203208551504737,2022,1
17,太钢,112.57052,37.970033,0.0511045805016941,0.0004239687073556,0.0020135060199723,0.1589205468037098,0.4118318671576659,68.16602368710603,276.521779026223,264.03113653316376,20.80218451187116,2022,1
19,宁波钢铁,121.876423,29.918776,0.0491643340386563,0.0003485100078771,0.0001761485850324,0.1260861281958564,0.5832365554045689,29.250582619864524,284.98486140334023,276.973330179064,20.26029034944832,2022,1
20,安徽富鑫,118.067833,31.194505,0.0576842504870576,0.000326287957829,0.0004418871472463,0.1326709832284187,0.7629883287477779,49.53775016161147,283.8487462553263,274.9989359582921,2.594143761054616,2022,1
21,安徽贵航,117.251147,30.531068,0.05753904065531,0.0001502692826912,0.0006217927434041,0.1301554212661095,0.6899572629884649,45.33169928322423,284.56965514470323,275.2431501692277,3.7878675398437176,2022,1
22,安钢信阳,114.038243,32.488704,0.0608988358774689,7.449462743085355e-05,0.0006976979144952,0.1389207382670078,1.0148968049874485,63.70864724658532,281.48067714503486,271.9010774438092,1.6351665312944563,2022,1
23,安钢股份,114.283145,36.122129,0.0673286676262144,0.0003653794603873,0.00121406839666,0.1527763428466013,0.7160565074172512,87.8886383243995,280.2687135563884,269.70664712555714,7.2934143025098175,2022,1
24,宏兴钢铁,118.871477,39.700721,0.0672803799020959,0.0003663186696566,0.0010349534532979,0.1670503314191149,0.3402122269410406,51.0018516308719,276.844808145954,263.31770391541914,3.047531274333441,2022,1
26,宝武鄂钢,114.861313,30.39574,0.0610113832511826,0.0002679573038638,0.0002301877089904,0.1307240877537128,0.9437556798680466,77.65408791423945,284.35042578946906,276.5060698572891,9.45572287567848,2022,1
27,宝钢八钢,87.304639,43.852147,0.0428396329288319,,,0.1595023667903241,0.2169534265393389,49.89840823902637,266.33069796329784,256.15879732689785,14.59299999049867,2022,1
28,宝钢股份,121.440087,31.41623,0.050076878099224,0.0004110375330297,0.0002306045055878,0.132778927086919,0.7462853625720056,52.85341414422937,284.6499051725459,275.538213538431,20.724562370149105,2022,1
29,山西中阳,111.161118,37.370796,0.0435002055864121,0.0002319072461074,0.0009423958982561,0.1552316971099738,0.2207709527924335,32.25250821969894,274.5248965994596,264.4017281341177,4.21111917370312,2022,1
30,山西建邦,111.37916,35.668163,0.0705842768474025,0.0003778309459989,0.0008960274615957,0.1494405688664682,0.4742480236924722,68.60256363635199,280.1250007633947,268.2576612558771,5.29522980283855,2022,1
32,山西晋南,111.51465,35.678541,0.0664377694320787,0.0003443980483971,0.0008392074536083,0.149482778061626,0.4382941103810862,54.04919534157671,280.94572704246184,267.68270162420515,2.4517525151303747,2022,1
33,山西高义,111.258436,35.586841,0.0689349498352579,0.0003375979345453,0.0008637409099983,0.1491451756864973,0.4955352977729561,69.07910279057454,279.95418679521737,268.85527385401576,2.0900723218935577,2022,1
34,广东韶钢,113.654289,24.704815,0.0524432681486992,8.287681170724196e-05,0.000142617904796,0.1157756506752629,0.324101856154607,36.58845844605287,291.1691316297853,282.72153968163053,3.3960924018212792,2022,1
35,建龙西林,129.287919,47.495036,0.0400202628152457,,,0.1989820204277349,0.0507567367516589,12.696799329170704,254.06706278693864,249.58921295537104,1.2098848813238945,2022,1
36,德龙控股,114.384832,37.086116,0.0688852083426865,0.0005722841768407,0.0010831689981351,0.1568850504296483,0.9122091895669208,99.51633472837784,278.5667448978225,268.2543732745431,6.4830690148722905,2022,1
38,攀钢集团,101.693628,26.551896,0.0414300821515704,9.052926262867284e-05,0.0003329582263157,0.1225052868761239,0.17019183154518,42.95874234117037,292.90382594059554,283.9821419280482,6.299219591856434,2022,1
39,新兴铸管,114.128189,36.621504,0.0729663418964895,0.0005109934871131,0.0013432236104445,0.1546646959535667,0.5932551562026364,89.33394494323275,279.4852522750576,268.8412380944527,5.052483689391298,2022,1
40,新金钢铁,114.216151,36.715444,0.0765202281662569,0.0005324915424245,0.001025416112149,0.1550736976544382,0.6325258660387527,92.0064832285037,278.99986368205606,268.76858594501607,4.929580142228064,2022,1
41,新钢集团,114.932403,27.790574,0.059547630480851,0.0001648537601011,0.0007164704587515,0.121930614358416,0.6144753903874616,45.00318898620835,287.0674529575142,275.9899529207701,5.83974008697355,2022,1
42,方大特钢,115.99204,28.645441,0.053927637818954,0.0001341363782049,0.0004640126542107,0.12486730781374,0.8320692353417626,54.77807718534677,285.8963183573945,275.4911806536115,18.923567824335787,2022,1
43,日照钢铁,119.36115,35.158382,0.0653353405097188,0.0002515286015225,0.0006113696206855,0.1492196386638325,0.4667285415728712,46.63877739826534,278.3614439681246,270.621157952013,11.657733234749813,2022,1
44,日钢营口,122.395441,40.671136,0.0539004700803854,0.0002515331043729,0.0010745466234996,0.169167769245018,0.1674216978247049,46.92497768132853,273.476192353358,260.1996811418123,5.918478470155993,2022,1
45,普阳钢铁,113.925994,36.733675,0.0740415346161871,0.0005006488725854,0.0014755146554374,0.1548624544606839,0.5426818460119427,87.13336603001125,280.15320159360846,267.5620122637625,1.2841953607393637,2022,1
46,本钢集团,123.722099,41.274132,0.0618748605550143,0.0004619092690256,0.0013718740336391,0.1711173102079751,0.1032332943353558,44.79082587087424,267.0853565383957,259.5949216206508,7.189272920383252,2022,1
47,柳钢集团,109.373148,24.379047,0.0507247089731588,0.0001060736836927,0.0001261613814011,0.1165618542838875,0.554554554143672,37.01015426004601,290.05035823261534,281.8119478917861,6.669427710307792,2022,1
48,桂万钢,108.412344,21.687637,0.0462879510817757,5.69855441842728e-05,0.0001885644136031,0.1149118123507977,0.36142318341467,36.62152536776375,292.34358971307284,285.0935620137744,7.160142928390876,2022,1
49,武安文安,114.177621,36.684389,0.0769151822625117,0.000543274444264,0.0012720907536394,0.1549162695107752,0.6110517145113764,90.7740507131933,279.3493677396107,268.87018958626044,5.895533895010325,2022,1
50,武汉武钢,114.444975,30.616222,0.0663521790765184,0.0004381622034915,0.0004268499860992,0.1316416326484685,0.9924582739920648,90.05037782117142,284.39406634165545,276.3195433161055,19.44311886861104,2022,1
51,永钢集团,120.739658,31.839485,0.0534767393377801,0.0003069756509878,0.0003382545936791,0.1343950683079066,0.5888920425581445,43.154123829936,283.2265257457695,273.4957559673869,7.640576002736135,2022,1
52,汉冶特钢,111.534635,33.269324,0.0590231475688435,8.725675179256419e-05,0.0005962154458437,0.1421211980221163,0.7720228080642353,59.28261970211679,282.9568491961412,272.91252789517046,1.5265149139857586,2022,1
53,江苏镔鑫,119.279989,35.09556,0.0628041326086119,0.000259343137208,0.0004816375525588,0.1489493449945342,0.4905691543285001,51.45281245861948,278.7212463637943,270.204469460259,8.679341038987152,2022,1
55,沙钢股份,120.647295,31.967456,0.0554667426739995,0.0003595221057351,0.000402605920113,0.1349224143186644,0.7143928482808094,43.08722103637591,282.7120115023386,273.8869556755513,11.35007630083014,2022,1
57,河北新华,117.784839,38.288605,0.0596902148419432,0.0002304424055186,0.0006296499319872,0.1627589508586484,0.4248297310695123,49.01751257021788,274.92114949653376,269.6419189814815,8.426442212122437,2022,1
58,河北津西,118.220547,40.209844,0.0547590526158418,0.0002158724937138,0.0009381456804811,0.1678114864486321,0.2831266729208401,54.39573269428524,275.10408673643406,264.45702019908055,1.8841268909104223,2022,1
59,河北烘熔,113.981172,36.640411,0.0732383050687176,0.0005002495789386,0.0013416935422999,0.1545106412279605,0.5607576142100755,88.71088397199856,279.7344697249148,268.10525818432546,1.457836015875794,2022,1
60,河北荣钢,118.558755,39.880661,0.0636618199544732,0.0003272752633338,0.0013081084863302,0.1674196100146746,0.3200970506561484,53.44567230699075,276.6840461944738,263.9963254397335,3.961954247015765,2022,1
61,河钢承钢,117.734527,40.952513,0.0455424721446177,0.0001467433591194,0.0014593455685638,0.1690182411836383,0.2037623904966002,36.95007215259874,271.1073341880355,261.4485332134888,3.0443246104820667,2022,1
62,河钢舞钢,113.492311,33.28384,0.0593439789679264,0.0001449726309689,0.0005110285529795,0.1418867714613498,1.1119487262796,72.99155806427278,279.55468107941783,271.8510212421245,2.2934977848133795,2022,1
63,泰山钢铁,117.627728,36.22141,0.0593113841760989,0.0003097932050053,0.0007172675470137,0.1549593389213648,0.6733925525827051,66.60739870767429,278.1306689907896,267.6132039140168,6.937492286808286,2022,1
64,济源钢厂,112.553774,35.086396,0.0671057662725852,0.0004173644181044,0.0008146606199678,0.1480627603983981,1.0639768005637522,83.96521244393398,282.0109671702059,271.3301687050099,6.161796663868481,2022,1
67,海城恒盛,122.83646,41.056042,0.0576643369725204,0.0002685245424827,0.0012998324617271,0.1711820996170024,0.214456079001215,55.10273837217028,272.7970323740447,258.2012469692804,3.327635921180956,2022,1
68,涟钢,111.967343,27.747782,0.0560388679511092,0.000114882478022,-2.961505175059897e-06,0.1228789944359996,0.8833031821299598,55.19982337887086,284.0770809925096,277.7750053342769,4.561952424873748,2022,1
69,淮钢特钢,118.988442,33.566039,0.0551988677256576,0.0002747458810105,0.0004334877586038,0.1426047147102007,0.9477650302435764,52.73075092066027,280.8446348373224,271.8147724849261,16.135982693535343,2022,1
70,港陆钢铁,118.073913,40.183913,0.0555714419248274,0.0002576413073672,0.0011094873229669,0.1676272507637119,0.3252782360200079,56.602708298214566,276.1644730191088,263.69563348084915,2.500696327827314,2022,1
71,湖北新冶,115.125838,30.204603,0.0639353452184731,0.0002530999680306,0.0004839791967107,0.1300355220320427,0.7947822690953845,123.45647348865896,284.457848438434,276.58039032929594,5.425707012470134,2022,1
72,潍坊特钢,119.238427,36.644469,0.0551166762355661,0.0003010785984813,0.0005355709546658,0.1566088492180675,0.5582606253122894,59.8223408587728,279.1185828602721,267.04029627365003,13.351648168967584,2022,1
73,玉溪仙福,102.186364,24.012309,0.0325081693266991,2.4670111624888843e-05,0.0001341478202067,0.1170405189695119,0.1374069642247019,9.738969895327362,290.1325728101379,283.81241512575764,1.2475652232107082,2022,1
74,玉溪玉昆集团,102.543682,24.465884,0.0290954719768507,2.5751477569244392e-05,0.0001484111345218,0.1171046161580397,0.1312627324759245,14.413325320675511,287.8814165312258,279.10143693978284,3.2836002915102336,2022,1
75,瑞丰钢铁,118.272056,39.497472,0.0597996609828732,0.0003102985202491,0.001061123073182,0.1665654269049397,0.3397811046290825,39.87944441015136,278.0143561274277,263.0002961881492,3.09908008867348,2022,1
76,甘肃兰鑫钢铁,103.933888,36.510351,0.0367359257495752,0.0001520230798264,0.0008441859238051,0.1493063013145747,0.2648197996614864,50.70449660138365,278.3846967631813,261.20174217553665,0.8846814414129157,2022,1
77,石横特钢,116.533981,36.229201,0.0612278263950111,0.0003312069628992,0.0004784739904385,0.1540294067957742,0.7027517865229449,73.97546877842048,279.397469451702,269.1246055403867,4.831590940032482,2022,1
78,联鑫钢铁,120.774892,33.211332,0.0484177682688857,0.0001775742481942,0.0004039955492282,0.1402001241285879,0.7618171601432016,27.99584739158814,280.5261608268561,273.7658194533838,2.581669849060257,2022,1
79,荣程钢铁,117.495794,38.970638,0.0576995587984241,0.0004150080616643,0.0009038796953948,0.1656733370775331,0.4311375874097181,48.6952827342989,277.188675483781,265.9966508016973,12.97518084720021,2022,1
80,萍钢股份,116.27527,29.778431,0.057408394610697,0.0001716096600134,0.0001927588958766,0.1281013214157153,0.7754749501059356,47.116212839447535,285.05520967599057,275.4953877814954,2.0517024879913297,2022,1
81,衢州元立,118.848341,28.902581,0.0542464654982405,0.0001827466834598,0.0002493510394704,0.1242140963370981,0.5700085634580738,32.098771640676205,285.49269816737404,277.4292713403775,10.503263944344534,2022,1
82,裕华钢铁,114.098377,36.731752,0.0800851580012677,0.0005446973976343,0.0012026007004192,0.1550337726509487,0.6470040657613672,87.30251964083735,280.0037561488905,268.46663799646336,4.137326462842133,2022,1
83,西宁特钢,101.671414,36.66856,0.039072379251026,0.0001425595680153,0.0010229138964899,0.1486009083623062,0.1683621279238942,29.41400900624558,275.47724161767866,261.52811913724025,11.422071388173316,2022,1
84,贵港桂宝,109.63938,23.089502,0.0500687755836573,7.17229064079928e-05,5.908363212280408e-05,0.1153202356016928,0.6777446180987555,43.393019377286535,293.35265061122016,284.01588086855736,4.480255470924536,2022,1
85,辛集澳森,115.184798,37.752351,0.0655907262948439,0.0004236270126798,0.0014471396550961,0.1601213242180857,0.7343858028880149,86.28336445326568,278.6911122472869,265.98532529891776,1.5781052656356227,2022,1
86,达州钢铁,107.453099,31.18945,0.0565760325697934,0.0001089357734675,0.0002718852001485,0.1353527455128453,0.5633768743125597,60.79294226816097,283.10029099707344,276.9267323867073,9.90747802855532,2022,1
87,迁安九江线材,118.563418,39.95945,0.0637712319456976,0.0003196784020786,0.0014295233446117,0.1674700734634075,0.3290923274633756,52.97070956044237,275.872736500806,264.54068273620817,5.105403373451495,2022,1
88,通钢,126.022349,41.779125,0.0448945454353434,,,0.1767411300214349,0.37438365943945,37.11550888851889,260.85177725921693,255.2821943985985,3.8839409044250064,2022,1
89,邢台钢铁,114.452352,37.041601,0.068331173242782,0.0005651265086243,0.0012302800951673,0.1566760378583561,0.8713651621427542,99.51633472837784,278.6088713887153,268.3463101795585,10.718370860500428,2022,1
90,邯郸中普,113.928977,36.711757,0.0742802423788241,0.0005054651035293,0.0013890154876532,0.154766745416303,0.5448320596811508,88.28083400242402,280.1789148475295,267.6238133951296,1.576633225191984,2022,1
91,酒泉钢铁,98.286265,39.807065,0.0398073095739854,0.0001103226983345,0.0008968330265074,0.1556606964803389,0.1373190184519289,30.34774828520284,278.3271328763523,262.01769464735315,7.422471493242126,2022,1
92,重钢集团,107.040368,29.790253,0.0567101509234318,0.0001622111784626,0.0003864447480049,0.1308307121279127,0.6546946288401594,52.58788037615191,284.8218280037447,278.6503446948204,5.268352437957965,2022,1
93,金鼎重工,114.111677,36.718952,0.0800917963964349,0.0005508714769956,0.0012476544351675,0.1549882861588336,0.6349005094079311,88.2152264004637,279.9599530120175,268.6163251395312,4.837501245400425,2022,1
94,铜陵富鑫,117.772866,30.907561,0.0540304521903797,0.00028017214011,0.0005764606412734,0.1311748884601762,0.7405248229017731,49.5344541362263,283.8706670102466,275.5664324389936,8.9743436576061,2022,1
95,陕西略钢,106.167206,33.323678,0.0446676339325619,2.9660457804744784e-05,0.0005610404661251,0.1407595264117941,0.2560152385921417,26.2293902625851,279.26934284941694,274.35941515419245,0.8414492109984316,2022,1
96,青钢控股,120.390032,36.216949,0.0505495038447239,0.0002518008536875,0.0004416528756548,0.1537298637050372,0.4386580275646524,36.483228882389085,277.64598959125533,269.799822273414,21.183810035990764,2022,1
97,鞍钢股份,122.983054,41.148267,0.0573297577421555,0.0002856484398491,0.0007902266661385,0.1716750153442976,0.2010061314479644,49.34630317644593,271.86940000722376,260.57797876440105,15.802352321237766,2022,1
98,首钢水城,104.877413,26.595229,0.0303167132491118,6.283074225517865e-05,0.0002996750616376,0.1208762800606887,0.1983311981794676,20.461856209408325,286.11347705889284,276.64869594397624,3.125211932137789,2022,1
100,首钢长治,113.060809,36.356404,0.0505562283028081,0.0003456454985142,0.0018572632514546,0.152647678253816,0.3661516588923184,52.19803162640752,278.9024420620109,264.7507661677315,5.177471067737838,2022,1
101,马长江,118.465162,31.502272,0.0537055242760842,0.0003153217388319,0.0006010939221051,0.1336811012586555,0.8179955481098938,51.46577836475211,283.44293588093007,275.0039848429004,5.857159787523593,2022,1
102,龙腾特钢,120.835685,31.723833,0.0516359381138671,0.0003073012165438,0.0003460121151228,0.1341408863771188,0.5911316366184739,43.154123829936,283.2086393823908,273.7573242608139,11.48898510150296,2022,1
103,龙门钢铁,110.575788,35.618466,0.0596595194962463,0.0002732830369236,0.0007666460075914,0.1493256017241741,0.3936846694767567,51.756643430868365,279.1662722256372,269.84192545158425,3.623617434670202,2022,1
1,东华钢铁,118.256774,39.468366,0.05060965830553,0.0001972976033446,0.0010350636603854,0.1746759380604113,0.4186691932127764,40.88837244428952,281.47130118819945,263.6866074392318,3.0056476921210047,2022,2
2,东海钢铁,118.624794,39.748373,0.0527188955099849,0.0001705699168555,0.001034192428755,0.1762011862990359,0.4135599040150459,42.80330879544242,280.2014833777937,263.6868454454942,4.288648761620434,2022,2
3,东特,121.759531,39.05443,0.0484301426511061,0.0001038756696846,0.0006838153900602,0.1758429975961647,0.4310775972574566,26.45117943124133,277.1589709888653,264.865992620752,17.84849051067924,2022,2
4,中天钢铁,120.081591,31.702681,0.0520662975347591,0.0002908542541894,0.000318646503198,0.1381286863659963,0.424561565039427,42.73344345051555,285.870160459606,274.61188057084,15.15650929415606,2022,2
6,佰工钢铁,118.819472,39.748773,0.0544769582986554,0.0001719952669899,0.0012695806645754,0.176448668386718,0.4585474871609752,41.36605014082306,279.5932701486948,264.9666969156734,3.1360079047862737,2022,2
8,兴澄特钢,120.320504,31.938905,0.0518732701232615,0.0002311682962481,0.0001013511470716,0.1391017997178913,0.5027533131485179,39.16317848805647,285.1394788003193,274.8670887278044,18.945133375953645,2022,2
9,冷钢,111.437288,27.690401,0.0538800551878755,4.519408915497137e-05,-3.551838916489103e-05,0.1286912521682414,0.4448409355993895,49.87160811437062,288.57513848111745,276.07430378198825,1.8122843888448863,2022,2
10,凌钢集团,119.41374,41.271048,0.0416829856002304,6.281181958253188e-05,0.0006878767228261,0.1835815676687415,0.2329718794956607,20.96153884791668,277.15279561347575,260.2940655398007,5.004194267337501,2022,2
11,凤宝特钢,113.872158,36.131666,0.0595531321276437,0.0002157149780901,0.0004934005113232,0.1587792691293962,0.420965855871032,65.99443887699718,285.4449077845296,270.2899876460445,3.735178562589224,2022,2
13,南钢股份,118.746315,32.200797,0.0527175609904626,0.0002031833686502,0.0002554416937859,0.1403323730070579,0.4609056471573653,50.38533856804861,285.08448311473694,274.54460788296615,20.40641704927099,2022,2
17,太钢,112.57052,37.970033,0.0459230838583977,0.0001674258085959,0.0008469127842724,0.1660107975514543,0.3174336141790982,51.48699374799174,279.6138604847277,264.8125285673049,22.750943188400356,2022,2
19,宁波钢铁,121.876423,29.918776,0.0484715069869877,0.0002007655115888,0.0001877668598678,0.1310066210417834,0.5257248547342123,22.374309042756035,285.80590272557134,276.8564037719323,22.568300594176097,2022,2
20,安徽富鑫,118.067833,31.194505,0.0570346141601123,0.0001626695321918,0.000143233269471,0.1367437627753673,0.4212917758675503,43.608940997916825,284.8954400921576,274.7527076377275,3.2325228160570285,2022,2
21,安徽贵航,117.251147,30.531068,0.0555925945170754,0.000109882312357,0.0001025625634964,0.1348829057804937,0.4055022783770223,39.81427099120083,286.8399660205244,275.5791875968629,4.834838849172444,2022,2
22,安钢信阳,114.038243,32.488704,0.0567675163521656,5.804345263265071e-05,0.0002157027088099,0.1440692185962563,0.5029444842857543,51.474181361754745,286.83947258385496,272.32408375556696,1.6057102976809696,2022,2
23,安钢股份,114.283145,36.122129,0.0586740882777276,0.0001570720097714,0.0005248924915917,0.1593218786982956,0.5499484675089918,68.39601971635805,285.0269570477864,271.116407156305,8.064708725931942,2022,2
24,宏兴钢铁,118.871477,39.700721,0.0548461654435107,0.0001816524759236,0.0013320796449043,0.1761284266997274,0.4642346253680663,41.36605014082306,279.8784941369114,264.47106503940654,3.3174314055764875,2022,2
26,宝武鄂钢,114.861313,30.39574,0.057330832701806,0.0001676890336839,0.0002588655838713,0.135086765249054,0.60985635807844,62.485020485906055,286.6187992561416,275.9863420611362,9.877992091695594,2022,2
27,宝钢八钢,87.304639,43.852147,0.0460487610912863,3.2646305938316055e-05,0.0005733192836456,0.1699091919551119,0.0332006121313299,40.3502874389764,266.36749670166506,254.873995804241,13.65290323128204,2022,2
28,宝钢股份,121.440087,31.41623,0.0485047120384014,0.0004555120302395,0.0002371893687575,0.1361882297708008,0.3906180504490908,43.78080772504362,286.9329315445329,276.2121984026157,20.195260404969755,2022,2
29,山西中阳,111.161118,37.370796,0.0408673776283142,0.0001342724694209,0.0011022390212958,0.163299788480518,0.2470604817225225,27.364748689251428,277.0002002909848,264.1850948774112,6.256730310144093,2022,2
30,山西建邦,111.37916,35.668163,0.0649048016129796,0.0001832410745455,0.0006111424198931,0.1574083956326315,0.542332622230065,59.91911573419135,284.58408485729296,270.04963098837334,6.927399303952947,2022,2
32,山西晋南,111.51465,35.678541,0.0620595560721301,0.0001710571073274,0.0006639998036856,0.1574274372198214,0.5115645218253538,49.774975252603326,284.94926006087456,269.29822250233946,2.7869742725790743,2022,2
33,山西高义,111.258436,35.586841,0.0608902718368967,0.0001693934825907,0.0005540491618417,0.1571125593229737,0.5136552382081935,62.37701820058934,284.4143517143517,270.9720700830311,2.675138757161613,2022,2
34,广东韶钢,113.654289,24.704815,0.051007067801396,5.126429404179303e-05,0.0002071743731396,0.119139236455433,0.2887902125205874,25.64321307407988,292.02549390281143,278.47152849681584,4.754797239104881,2022,2
35,建龙西林,129.287919,47.495036,0.0420342089696137,,,0.202392677149467,0.04286519169202,11.465908978813337,259.52680272625173,257.48182989826205,1.1603525011011149,2022,2
36,德龙控股,114.384832,37.086116,0.0589834721895004,0.000250942188506,0.0006164428202734,0.1631882722233018,0.4094860326104781,69.93163026436378,284.7305517422037,268.7604982011917,7.013576553036267,2022,2
38,攀钢集团,101.693628,26.551896,0.0359769511549161,4.881581865526137e-05,0.0001258805437837,0.128813811154417,0.1351679422884352,30.415968410579808,295.9946984010559,285.0662867171029,6.638132985961487,2022,2
39,新兴铸管,114.128189,36.621504,0.0641525937471927,0.0002313617561828,0.0005429167817636,0.1609943734047334,0.4199896939087971,64.77780427056982,284.21247251697906,269.8754409062356,7.121505640960463,2022,2
40,新金钢铁,114.216151,36.715444,0.0664114812295397,0.0002450227737288,0.0006298672413955,0.1614353472748419,0.431745344310017,66.9394919079589,284.3147460353031,269.7829424977838,5.605214776591159,2022,2
41,新钢集团,114.932403,27.790574,0.0573026890602803,0.000109843527482,0.0002089780144964,0.1271794135194156,0.573984527321289,30.284584404157396,287.89012736009835,275.77152530840783,3.6745581672353143,2022,2
42,方大特钢,115.99204,28.645441,0.0524376526676065,0.0001599638548891,-5.290387638179557e-05,0.1295863078311926,0.7532347346605074,39.88889929473771,287.79977979800213,277.1340622010764,18.49630964943588,2022,2
43,日照钢铁,119.36115,35.158382,0.064106899237403,0.0001994460169227,0.0004404914947664,0.1537800731769115,0.4528960103540642,50.61029843378473,283.51614930503433,271.0672524617629,12.414790131622455,2022,2
44,日钢营口,122.395441,40.671136,0.0506764112200071,0.0001690159368722,0.0008497231819143,0.1818804157917865,0.2009975568223881,50.21908222602178,277.1808063492114,262.6020600805785,6.132685679840384,2022,2
45,普阳钢铁,113.925994,36.733675,0.0671822690693371,0.0002316008349358,0.0006413163687524,0.1609942983664839,0.3871515259478562,63.0028432198153,283.0046195779187,268.0211504623224,1.3937818197930938,2022,2
46,本钢集团,123.722099,41.274132,0.0563452202519274,0.0003145068293644,0.000734716557482,0.1857396209815419,0.1313150578469315,32.89659215806085,271.35656607901586,261.85557811205865,7.250819281704254,2022,2
47,柳钢集团,109.373148,24.379047,0.0522953598951843,8.031678867004829e-05,0.0003185841815622,0.1201639278272673,0.4904409279985415,25.593708224293984,288.13127158097785,280.24774547362733,8.640232138974183,2022,2
48,桂万钢,108.412344,21.687637,0.0483963421863578,4.722023136936335e-05,-2.992684300705756e-06,0.1157931599825908,0.3304831719706088,26.149704623890106,288.8541931340437,280.739151993018,4.683838355658335,2022,2
49,武安文安,114.177621,36.684389,0.066553980591126,0.0002461174418451,0.000593459486056,0.1612681556629435,0.4268235707294786,66.00385908655778,284.3637817377316,269.8632949250865,6.74669695770715,2022,2
50,武汉武钢,114.444975,30.616222,0.0618829666959741,0.0002830519672483,0.0002574310374106,0.1357697954235045,0.7646446082999501,69.06132909989537,285.6713068558016,275.8823859746961,17.43602383680415,2022,2
51,永钢集团,120.739658,31.839485,0.0545412838357253,0.0002787920974568,0.0002588831423594,0.138120115439119,0.355859794877314,36.57206093521381,285.5555848528468,274.17836363114105,7.541972182700913,2022,2
52,汉冶特钢,111.534635,33.269324,0.0545399671469295,5.903298320298607e-05,0.0005524981819813,0.1481388503861362,0.5305434756566402,55.19751766769332,285.72348532550933,274.0944770683,1.6503234480838007,2022,2
53,江苏镔鑫,119.279989,35.09556,0.0614893621966875,0.0001991895077545,0.0004166358437124,0.1534279098312717,0.4384970923916263,54.03752975216442,284.07803250284525,270.2437048608146,9.834658854370982,2022,2
55,沙钢股份,120.647295,31.967456,0.0551778195416933,0.0002874267565444,0.0002157730748295,0.1387109625485041,0.4072459380225056,36.85787340893442,285.5281410393865,274.3602288329026,11.611363165390776,2022,2
57,河北新华,117.784839,38.288605,0.0529216265739426,0.0001303983004828,0.0008530252440283,0.1707919581803855,0.3584347458033272,42.07780386866129,277.9208504177487,272.56572055885687,7.740650652806855,2022,2
58,河北津西,118.220547,40.209844,0.0503473258135742,0.0001089786781241,0.0009561528570822,0.1780955690352686,0.3454757020375553,43.45764266331012,278.47221888541577,264.58251703101945,2.1171234200539684,2022,2
59,河北烘熔,113.981172,36.640411,0.0655543015131304,0.0002316690584642,0.0006417227793144,0.1608965933834122,0.3989654033349086,64.24735232712919,283.30447244793527,268.9206766680845,1.59679050224058,2022,2
60,河北荣钢,118.558755,39.880661,0.0553064028334475,0.0001629033483889,0.0009365396893479,0.177120511836658,0.3573475022712978,44.30102376857132,280.5567849523879,264.579580477252,3.988920455866059,2022,2
61,河钢承钢,117.734527,40.952513,0.04328860475571,5.9119321060757727e-05,0.0018600661900522,0.1805845802318236,0.2239806008610083,25.187159352098863,275.2251501276413,262.69042133163737,3.774351931473022,2022,2
62,河钢舞钢,113.492311,33.28384,0.055420944205683,8.98520845098521e-05,0.000356464119775,0.1476666479893582,0.5120411244136461,56.46890018090326,285.46121838936193,273.1160066918228,2.477293730269004,2022,2
63,泰山钢铁,117.627728,36.22141,0.0541660869417028,0.0001688171740614,0.0005473234770772,0.1590366903937891,0.4764831900878153,60.43662637011949,283.64956896653973,267.9669705123564,6.912902882339512,2022,2
64,济源钢厂,112.553774,35.086396,0.0606731620897337,0.0001838216911743,0.0006084318638939,0.155288984480556,0.5514993799925926,78.12037252654997,285.56981873806035,272.33517339280667,6.459311722305619,2022,2
67,海城恒盛,122.83646,41.056042,0.052988903944264,0.000180201999818,0.0006983425606694,0.1840768107875896,0.5608406458147231,43.3296847290876,277.1552902682034,261.3120331055862,3.7969343672835754,2022,2
68,涟钢,111.967343,27.747782,0.0579104931117815,0.0001177535474441,0.0002047666758548,0.1288776582026627,0.4778821620733879,52.1384286855664,286.7411404387328,277.3285956196593,5.843749348319135,2022,2
69,淮钢特钢,118.988442,33.566039,0.0529677339433811,0.0001554447834796,0.000330290606648,0.1468631144094477,0.5091186525225222,46.8780966298278,284.41138340039134,272.5710879558279,17.277004351605928,2022,2
70,港陆钢铁,118.073913,40.183913,0.0487203500361612,0.0001175975013511,0.0011764578139199,0.17790994960422,0.3225810548126042,45.90103586110672,280.29063862816,264.5125398293433,2.618989929008459,2022,2
71,湖北新冶,115.125838,30.204603,0.0584499425195612,0.0001662196905023,0.0001371017722857,0.1344275744606625,0.5268318948179478,100.1891618557238,286.0099944087469,276.46386427175696,4.982665318771648,2022,2
72,潍坊特钢,119.238427,36.644469,0.0510026962140689,0.0001506306206112,0.000536622953624,0.1613990123630654,0.4696585204927964,49.52717702622067,283.30117167681965,266.3436556231435,14.027081550632198,2022,2
73,玉溪仙福,102.186364,24.012309,0.0358108303577185,3.113173694425461e-05,-6.033918959027021e-05,0.12144300981531,0.2986564128898621,13.978575557252611,292.7943147549844,284.52221075502547,1.2949748905466136,2022,2
74,玉溪玉昆集团,102.543682,24.465884,0.0306993948994912,2.703931734238367e-05,1.909995552283227e-06,0.1220794674937459,0.2259317463717692,15.16581468680421,290.7467222506885,280.10850764739223,3.575538669975909,2022,2
75,瑞丰钢铁,118.272056,39.497472,0.0506347065429852,0.0001980569016097,0.0010644187608444,0.1747374632367602,0.4044387039448734,40.560207852746565,281.43473700717414,263.7512347079472,3.18106852108726,2022,2
76,甘肃兰鑫钢铁,103.933888,36.510351,0.0350114069875674,7.639116454379014e-05,0.000601023794856,0.1564703552844832,0.3374084396914333,37.14706053870032,282.2916085479816,262.57322882387365,0.9764583757943744,2022,2
77,石横特钢,116.533981,36.229201,0.0522389802961493,0.0001643664112649,0.0004539725237773,0.1589147762869341,0.557090897533165,61.44209468465756,283.8896309500886,269.9865817590281,4.483299067211788,2022,2
78,联鑫钢铁,120.774892,33.211332,0.0502934664202962,0.0001048245909217,0.0002770509049604,0.1445737485220193,0.5496015411653058,25.28253346789014,282.8053017961949,274.51664125502475,3.5143436264650725,2022,2
79,荣程钢铁,117.495794,38.970638,0.0500321338210818,0.0002510959957628,0.0010305711370808,0.1727595314744439,0.4507741842774782,42.06753070428761,280.5132512282128,266.5609407563909,13.585773518408503,2022,2
80,萍钢股份,116.27527,29.778431,0.0574406009662576,0.0001031657915277,0.0001089706605884,0.1328335443043179,0.5222483624278559,39.74473480108391,285.6291071941924,276.0403407943241,2.47657667334099,2022,2
81,衢州元立,118.848341,28.902581,0.0500243216403495,6.133605847753841e-05,5.011537138964871e-05,0.1285157609852251,0.5295488962414902,25.98284787325156,286.4256437374196,275.8290581747442,10.790454545854024,2022,2
82,裕华钢铁,114.098377,36.731752,0.0699147584724726,0.000252234199726,0.0006795372754551,0.161308557067116,0.3837504080429193,63.13969665455526,283.956436475982,269.3749538965632,4.813818741517132,2022,2
83,西宁特钢,101.671414,36.66856,0.039353826950709,0.0001124243548835,0.000470964993474,0.1563271775283259,0.2495844722274863,24.93352901922208,277.81946109587733,261.3001415660325,11.36321427090795,2022,2
84,贵港桂宝,109.63938,23.089502,0.0517816319163717,4.483400656316981e-05,5.712049140821385e-05,0.1172909980340818,0.5188960568973024,30.114602001528297,290.7241368409216,281.6273940335353,4.94121027452864,2022,2
85,辛集澳森,115.184798,37.752351,0.0527441842343701,0.0001607382415528,0.0005998108410079,0.1675253975531737,0.4491011505811031,63.34889235404262,284.6236901632585,265.6402549451261,1.798872676829377,2022,2
86,达州钢铁,107.453099,31.18945,0.0537226905155249,0.0001264552767822,-0.0001386485668279,0.141353109242636,0.3587512355542305,51.706651112263486,285.94179948902894,277.0873207696351,9.672534867537747,2022,2
87,迁安九江线材,118.563418,39.95945,0.0551400083671835,0.0001588737920235,0.001117423425195,0.1775598695351679,0.3885306376151226,43.30093286399756,279.6268824055945,265.0241325854625,5.187936640195304,2022,2
88,通钢,126.022349,41.779125,0.0440012993751967,9.692813962594472e-05,0.00135162804808,0.1894747347370504,0.3792865168539326,27.797666390938502,266.47102872628125,258.9598641387113,3.603073701175892,2022,2
89,邢台钢铁,114.452352,37.041601,0.0583060559432833,0.000248291107446,0.0006850777010282,0.1630443057901366,0.4256427362410779,69.93163026436378,284.7811109918485,269.2737882324149,11.444905386135794,2022,2
90,邯郸中普,113.928977,36.711757,0.0672921661330162,0.0002329905917813,0.0006184290323519,0.1609462802532603,0.3857022690920014,63.90808448776552,283.1209100458651,268.0983643956315,1.65987832085736,2022,2
91,酒泉钢铁,98.286265,39.807065,0.0355245104838489,7.406734071376095e-05,0.0006812214714986,0.1675287004282676,0.1529721306267683,24.56450844088649,281.0507001423318,263.2653368427477,9.96077502818464,2022,2
92,重钢集团,107.040368,29.790253,0.0569496339166918,0.000183159370659,0.0002838915967162,0.1363764069237252,0.5659762223259588,42.21775610232259,285.565374182737,277.8950768240663,1.6035532793385032,2022,2
93,金鼎重工,114.111677,36.718952,0.0696509679319693,0.0002532916685339,0.0006790026301743,0.1612917820912463,0.3925187017043712,63.87272728015388,284.08985504601355,269.5513519273075,5.592573763899795,2022,2
94,铜陵富鑫,117.772866,30.907561,0.0541344496851314,0.0001433102740298,0.0001567894464219,0.1356369522428592,0.4386162853488328,42.53576147564867,285.08219410258147,275.1929013041659,9.31115623202363,2022,2
95,陕西略钢,106.167206,33.323678,0.0441875319519544,2.981373996521961e-05,0.000143302327797,0.1481336745845159,0.2718788964979307,31.63903672403769,279.05316237294033,275.0489572012036,0.7269370593594893,2022,2
96,青钢控股,120.390032,36.216949,0.0534293606988589,0.0001888564442298,0.0006411854572957,0.15927834199555,0.5730325419836059,38.73913811958119,280.9761363617296,269.5326756647168,22.02189501441496,2022,2
97,鞍钢股份,122.983054,41.148267,0.0563067545123823,0.0002208438648264,0.0009749662975838,0.1846529675154124,0.4458450351258306,38.21852946158599,275.7595321107776,263.64780678528524,18.038736836158737,2022,2
98,首钢水城,104.877413,26.595229,0.0318900534471687,5.171906521379665e-05,0.0002942165896906,0.1277397222125252,0.2257751250220934,23.38548910074678,284.6951961740266,277.2456034254124,6.147640253513763,2022,2
100,首钢长治,113.060809,36.356404,0.047532627447236,0.000159518230552,0.0007973349776307,0.1592220763139008,0.3977027346800166,44.61345092831507,283.44740659788783,265.4663978081476,5.692193835737988,2022,2
101,马长江,118.465162,31.502272,0.0529443594137366,0.0001553400008888,0.0002515352763467,0.1374197091527869,0.3772770993898287,45.28812073487333,285.6793533902886,274.9722201715897,6.622285224349463,2022,2
102,龙腾特钢,120.835685,31.723833,0.0518045001059914,0.000306780864253,7.831269275692464e-05,0.1376304318544307,0.3741702983721165,36.57206093521381,285.3398849026475,274.71528025221136,11.41852456422725,2022,2
103,龙门钢铁,110.575788,35.618466,0.060652311326783,0.0001854111675316,0.000485137551342,0.1564673058153414,0.4958063190422085,51.76634940502032,282.8760363101015,271.3083477741953,4.094455799658109,2022,2
1,东华钢铁,118.256774,39.468366,0.0469032576082276,0.0001533350235493,0.0003807427436752,0.1629717216314999,0.4422417884283955,46.54837144405646,288.56335493078365,270.7643436338947,2.9054880525034474,2022,3
2,东海钢铁,118.624794,39.748373,0.0516141297591969,0.0001523997077236,0.0004256288763708,0.1641603077106211,0.4310593556761585,41.35910000649032,289.0320115722789,270.6110498785748,3.866545420627444,2022,3
3,东特,121.759531,39.05443,0.0465398488069808,9.882658955091483e-05,0.000661019291484,0.1665234204691864,0.4545564581919458,40.133838506067306,285.414475811199,272.4279017140123,17.095526766814388,2022,3
4,中天钢铁,120.081591,31.702681,0.0538621705563828,0.0002389036472479,0.0001472540331621,0.1416350987409253,0.5329385288875498,37.35979703378689,294.50956674828325,283.3419992687097,14.79849213794625,2022,3
6,佰工钢铁,118.819472,39.748773,0.0521015555043272,0.0001485476573044,0.0003928787855698,0.1644601890733039,0.4305414493144083,39.59144123655278,288.181237691988,271.6352330267304,2.806050930593619,2022,3
8,兴澄特钢,120.320504,31.938905,0.0533401570943042,0.0003281793533872,0.0001147219447673,0.142224947242136,0.5550192126094674,34.940334871616045,293.35432345215185,281.963467812361,19.63572853405521,2022,3
9,冷钢,111.437288,27.690401,0.0509616091039762,7.274791935758745e-05,0.0002282768315196,0.1318516751366154,0.4257183840337048,42.371572702237415,294.8583655317537,282.9182485040931,1.9518989615719489,2022,3
10,凌钢集团,119.41374,41.271048,0.0387344962048405,5.368531429072792e-05,0.00037232121139,0.1710820420695942,0.2652982432003281,23.545243807251094,287.215638872425,268.36712844463904,4.15469626400373,2022,3
11,凤宝特钢,113.872158,36.131666,0.0553266377862372,0.0001512636581603,0.0002634233769916,0.1491706143485553,0.4553890391104228,51.93301279931615,293.50317119147985,277.0486349772761,3.6213782111695223,2022,3
13,南钢股份,118.746315,32.200797,0.0535541778593056,0.0002656451952344,0.000302216894019,0.142480805729398,0.6316050730251019,42.35429074128661,293.75783053030386,284.1193640680297,20.654986130737598,2022,3
17,太钢,112.57052,37.970033,0.0385350939179232,0.0001545086581221,0.0002083972987767,0.1527830862385166,0.4157692522326964,42.03271381649823,291.0628474642239,273.4479304410433,20.367730857793763,2022,3
19,宁波钢铁,121.876423,29.918776,0.0484762621470139,0.0001926376632946,0.0001728814780092,0.1366675396677559,0.5134024631340643,24.65588144601517,294.02576083317643,283.1973055096299,21.49591327278732,2022,3
20,安徽富鑫,118.067833,31.194505,0.0561467749332923,0.0001305628756162,0.0001800708702262,0.1397477283668677,0.5758101492894827,41.137339580092274,292.60370270775627,284.55764202693325,3.0745017815586864,2022,3
21,安徽贵航,117.251147,30.531068,0.052003231363718,7.760879467308764e-05,0.0001507544828092,0.1381596973573089,0.4384396584430395,40.15039678506582,293.4561680469355,284.4910254614964,4.1779473782213525,2022,3
22,安钢信阳,114.038243,32.488704,0.0485337272551033,5.011367654357903e-05,0.0002470131376929,0.1426141733760919,0.4882788976724375,45.99773717472999,292.6783833188034,282.0560355672491,1.725833261840214,2022,3
23,安钢股份,114.283145,36.122129,0.0500015665260485,0.0001406990234498,0.0001910104165613,0.1499890900212314,0.5246018643853843,59.47637948589772,293.14014494981615,278.41779454947795,8.34379527881405,2022,3
24,宏兴钢铁,118.871477,39.700721,0.0525105991201156,0.0001467735204401,0.000521077689341,0.164353845263183,0.4436145183502786,39.59144123655278,288.58111024269164,271.1137590805025,3.775992449336692,2022,3
26,宝武鄂钢,114.861313,30.39574,0.055421836327695,0.0001543146727593,0.0002812874286098,0.1380787270403293,0.5216464787153898,56.24002232918247,293.5110732438607,287.1623975659411,9.553267810511496,2022,3
27,宝钢八钢,87.304639,43.852147,0.0366502760696213,0.0001673527039836,0.0005225918111647,0.1499902382563752,0.1345001977360848,23.937633826689467,284.3215459911392,270.4894858002168,6.793059763792224,2022,3
28,宝钢股份,121.440087,31.41623,0.04694806767737,0.000343692256361,0.0002379468839025,0.1409121665364971,0.5042954127435001,38.36990690783262,294.45448334288653,282.5825436094284,22.486521336456185,2022,3
29,山西中阳,111.161118,37.370796,0.0367638927229555,0.000106050517496,0.000388376555924,0.1484408714237894,0.2739946166657685,29.08793916844843,287.7920373542941,273.97730336103973,3.493388299622316,2022,3
30,山西建邦,111.37916,35.668163,0.0542766519044188,0.0001595400690669,0.0003983786517061,0.14695772602474,0.4653988841605549,48.35124358355289,294.8602721958119,277.40356648974364,5.7583935664651245,2022,3
32,山西晋南,111.51465,35.678541,0.0516678310145454,0.0001378749773329,0.0004487165733077,0.1469424856531948,0.4644001434302245,43.54523142069411,295.2641416732689,276.9735357598461,2.689923329661688,2022,3
33,山西高义,111.258436,35.586841,0.0507618411313524,0.0001507649256495,0.0003906965046016,0.1468067846735949,0.4586292385019896,48.87639319507762,295.5679219939481,277.6196924746782,2.3935983320866883,2022,3
34,广东韶钢,113.654289,24.704815,0.0488649769843404,5.7830540645646254e-05,0.0002058841814587,0.1239114481268275,0.5056250404817447,29.251340169816125,297.8677922844393,287.21780428654966,6.038958291437777,2022,3
35,建龙西林,129.287919,47.495036,0.0401994425423868,1.8299917608537693e-05,-0.0003708747458586,0.1913813328733105,0.0375402771019075,12.273640673079464,272.945828066457,266.2870918879271,0.702186454193831,2022,3
36,德龙控股,114.384832,37.086116,0.0533123599904169,0.0002057055342934,0.000258717926571,0.152679825810315,0.4242350949343948,60.07110897598977,294.5287599625462,278.0315010927619,6.871889969099133,2022,3
38,攀钢集团,101.693628,26.551896,0.0451903303061456,7.222456766849403e-05,9.367325406502565e-05,0.1276679382780043,0.2744849518540097,29.087958708373662,304.9242381297779,291.97031457597933,7.345017153934047,2022,3
39,新兴铸管,114.128189,36.621504,0.0550515149719229,0.0001771840947006,0.0003177450351637,0.1503909539268973,0.4015502656744409,53.84397446738917,294.0076971780023,277.0585361552888,5.354053244187257,2022,3
40,新金钢铁,114.216151,36.715444,0.0575251519729434,0.000188354670028,0.000394010678795,0.1508725513896721,0.3845679693554727,57.22154172658942,294.6207958400232,277.0677941271931,4.664737644865609,2022,3
41,新钢集团,114.932403,27.790574,0.0514639670840701,8.448628964315299e-05,0.0003761578087994,0.1320236466525362,0.3808597421869567,34.08473060800356,295.6086220121909,285.25120714609704,6.593598116090595,2022,3
42,方大特钢,115.99204,28.645441,0.0500388402342702,0.0001096688809325,0.0002900106282595,0.1337566101612449,0.5239934118433938,47.18817336879511,295.54706143249985,286.0991834029189,20.42230582634589,2022,3
43,日照钢铁,119.36115,35.158382,0.0594402764520264,0.0001541397841371,0.0001919575658193,0.1517063082415418,0.5887509281987231,55.86956370962012,288.5909887569229,277.2276314187415,11.934125883160188,2022,3
44,日钢营口,122.395441,40.671136,0.0479831428043239,0.0001020844537893,0.0007078456450114,0.173610979258339,0.3488126949500811,36.17385502252546,284.0862484476191,271.1282553892754,5.117818989529983,2022,3
45,普阳钢铁,113.925994,36.733675,0.0576629143082539,0.0002131639855297,0.000272863953482,0.1502905796334781,0.375178914893969,52.45473904420527,292.2745561331573,276.09451410213774,1.3947057772035714,2022,3
46,本钢集团,123.722099,41.274132,0.047282459057678,0.0001460341540423,0.0006952377484391,0.1763679711930526,0.1305275339347947,31.5584069054602,281.56439763695164,270.66980977665287,5.55818318910212,2022,3
47,柳钢集团,109.373148,24.379047,0.0552120150628531,0.0001066767523391,0.0001196375523513,0.12415328078719,0.4179288906592345,33.89150858948692,297.3351361082814,288.0838842231477,11.64079351213382,2022,3
48,桂万钢,108.412344,21.687637,0.0544061043824405,6.199744025997409e-05,9.673472558882938e-05,0.118820383414907,0.2098246391948351,29.32085862994427,298.09302627272444,290.8542539885926,8.79313206716732,2022,3
49,武安文安,114.177621,36.684389,0.0581714789078135,0.0001913141112849,0.0003660467538043,0.1506638538264618,0.3865374979309126,55.69308326910232,294.6157235032879,277.245367871059,5.69604288755275,2022,3
50,武汉武钢,114.444975,30.616222,0.0570541632000588,0.0001945282982471,0.0003137492723539,0.1384500393079996,0.6008192818933332,62.306163783887314,293.2078920743676,285.27465588361355,20.074251367847157,2022,3
51,永钢集团,120.739658,31.839485,0.0527608333070488,0.0002682420316276,0.000189828504724,0.1418403238524605,0.5040538674717588,34.76472087982074,292.6564970984272,280.42505515341946,8.328774364243031,2022,3
52,汉冶特钢,111.534635,33.269324,0.0457853792340086,4.627625534061425e-05,0.0003893119385239,0.1428951589324868,0.4520898952062235,43.20764546150713,293.6131407973378,281.70321648633046,1.4486396972592568,2022,3
53,江苏镔鑫,119.279989,35.09556,0.0544563598825724,0.0001565867326071,0.000223751191957,0.1515066099581057,0.5878412134964458,53.72335257657016,289.59700301843105,277.24012094562096,9.194675710682944,2022,3
55,沙钢股份,120.647295,31.967456,0.0576288112173953,0.0003436926400748,0.0002852026700273,0.1421340700430675,0.583766331488632,34.31693095428243,292.4641846813691,280.8780772543502,12.464355355476124,2022,3
57,河北新华,117.784839,38.288605,0.047000744923772,0.0001377580146759,0.0003914385037696,0.1594771369455677,0.5630177730150515,38.52253080608777,286.6484041988811,277.8536966112951,8.327543241904971,2022,3
58,河北津西,118.220547,40.209844,0.0490427561503997,0.000104924738235,0.0004273052994893,0.1641873144862467,0.3508275466020668,42.69486847180553,287.5512725442611,272.9821346581135,1.9273221018617823,2022,3
59,河北烘熔,113.981172,36.640411,0.053074986271467,0.0001868208906934,0.0003680574923402,0.1502499249125889,0.4064717412526483,53.04395855887378,292.6936591896867,276.26414412655055,1.4994188244521744,2022,3
60,河北荣钢,118.558755,39.880661,0.0542311540558,0.0001489779612919,0.0005869647421815,0.1644020748052487,0.397440441768416,43.20111292365669,288.92118345277885,271.87637281157146,3.949171567517556,2022,3
61,河钢承钢,117.734527,40.952513,0.0429006941087187,7.902976264906131e-05,0.0005865937304518,0.166249084952243,0.1882309721915124,32.15825332690666,286.3824473686854,270.8505703252892,2.9932852775528187,2022,3
62,河钢舞钢,113.492311,33.28384,0.0471331258542726,6.614049826673408e-05,0.0002532209896908,0.14409016499953,0.4662264657783759,48.39714310335212,291.9156105457824,281.46579341765744,2.3965679090437293,2022,3
63,泰山钢铁,117.627728,36.22141,0.0493792019002632,0.0001358969568797,0.0002070711363094,0.1538451332592787,0.3839447789300764,46.16187609940425,291.99259108670134,276.6421909285046,7.262077533269551,2022,3
64,济源钢厂,112.553774,35.086396,0.0520615058057522,0.0001532566219052,0.000321146418855,0.1473051917676249,0.4901133567929223,62.29284400499967,294.14913738549586,279.16103030634594,6.345463984511193,2022,3
67,海城恒盛,122.83646,41.056042,0.0484438256356105,0.0001128469652077,0.0006024232759559,0.175379836056937,0.3302013902443477,39.24316516190629,283.5317328926939,269.5729886534373,2.988217511469073,2022,3
68,涟钢,111.967343,27.747782,0.0566851815440446,0.0001053904934553,0.0002170462581918,0.1322248194575807,0.4515425504712146,45.35306175057485,294.95886617836453,284.66418156970144,6.724540482621244,2022,3
69,淮钢特钢,118.988442,33.566039,0.0499402740951215,0.0001379157466547,0.0001553050441098,0.1463389194126596,0.6365229571645595,39.65809164611657,291.51977506622376,279.5473992419161,17.439220446188884,2022,3
70,港陆钢铁,118.073913,40.183913,0.048035335261791,0.0001185754804783,0.0005454597467258,0.1639569021449311,0.3577678190733531,43.13740120664988,288.99345454365493,272.81276740492825,2.2778127137934856,2022,3
71,湖北新冶,115.125838,30.204603,0.0536718249847934,0.0001135873162925,0.0003659768943086,0.1372725061721987,0.480007142820605,86.22118485845931,293.50762885668047,286.8576477526026,5.855786291458951,2022,3
72,潍坊特钢,119.238427,36.644469,0.0470832644360128,0.0001235929100791,0.0002038879843949,0.1556341625148595,0.5533094327804351,41.79152668370989,291.26689420533324,275.77724101158594,13.184731654623777,2022,3
73,玉溪仙福,102.186364,24.012309,0.0423708889870089,3.138727224827836e-05,6.934007554769705e-06,0.1231838191030319,0.3548153618675448,16.246988023325166,299.90577117384896,290.3501659878498,1.4102702048352944,2022,3
74,玉溪玉昆集团,102.543682,24.465884,0.0361397491454837,3.196779178805218e-05,5.438517660632112e-06,0.1234015073197175,0.2865167167081618,19.74107830697624,297.6679019012008,285.6920569776279,2.907207701281384,2022,3
75,瑞丰钢铁,118.272056,39.497472,0.0473382331077354,0.0001582793549847,0.0003509950422247,0.1631237569253582,0.4462261270567134,46.32474310277614,288.7955459274522,270.7231339949258,3.0980151786942587,2022,3
76,甘肃兰鑫钢铁,103.933888,36.510351,0.0306370841423429,6.163127724716607e-05,0.0004072587636048,0.1426255153000151,0.3001472142057885,33.805616084237045,296.7592880786138,272.6847025732627,1.0519524968221303,2022,3
77,石横特钢,116.533981,36.229201,0.0478161308744901,0.0001376601120151,0.0003400357314699,0.1521630112241688,0.3728554117204444,50.648696984276576,291.1441877982732,278.21024662162324,5.037552785273506,2022,3
78,联鑫钢铁,120.774892,33.211332,0.0489802230426859,0.0001033484190382,0.0002324106980521,0.1461250871465815,0.6109099444690308,29.448258384949103,289.7035336130233,279.4142181453277,3.386587785689848,2022,3
79,荣程钢铁,117.495794,38.970638,0.0472944183575399,0.0002238982849901,0.0004750458730329,0.1604271651550726,0.4235487641469904,37.618391925105456,288.87914679378736,274.6279841015485,12.141853228294073,2022,3
80,萍钢股份,116.27527,29.778431,0.0495452849371327,5.70258230967201e-05,9.461222212600765e-05,0.1364558334564558,0.4298883877337959,44.19970062001837,292.96767835805804,284.5388036971602,2.160531277660861,2022,3
81,衢州元立,118.848341,28.902581,0.0517736775875668,9.791577848634472e-05,0.0001363196421864,0.1336740434388189,0.4135592464601946,28.234017790396138,294.74069326430265,284.6673653945422,10.995880622440303,2022,3
82,裕华钢铁,114.098377,36.731752,0.0622046701790439,0.000204053634439,0.0003706823682383,0.1506656466129983,0.3861208177405427,52.56759232960665,294.1529840627894,277.02727861867135,3.9974657375981257,2022,3
83,西宁特钢,101.671414,36.66856,0.032686498296273,9.281755174441546e-05,0.0002182692107285,0.1393936765188355,0.2659696110449238,22.37894847212374,290.60873932242566,270.1634659757354,10.376837459471322,2022,3
84,贵港桂宝,109.63938,23.089502,0.0538369046624469,6.23908276291842e-05,0.0001874091982243,0.1212633913212156,0.3672420374434765,30.99023026492776,299.9164006666225,290.2662660071319,6.043257327459025,2022,3
85,辛集澳森,115.184798,37.752351,0.0472776223055567,0.0001665032192723,0.0002475511976543,0.156010575395109,0.4968323963124061,53.891419327101175,293.1445747216479,275.3814468018604,1.6287223007786764,2022,3
86,达州钢铁,107.453099,31.18945,0.0493276574694925,8.826305383962966e-05,7.04032982006659e-05,0.1383423265812369,0.3759998329595601,43.74489610648468,296.04582572013027,286.1150787199262,8.912332610529168,2022,3
87,迁安九江线材,118.563418,39.95945,0.0543633381171253,0.0001410292404323,0.0004831748387506,0.1644929309370703,0.4012564685688822,42.65314505069166,288.55758309238,272.54742762434086,4.99360657997594,2022,3
88,通钢,126.022349,41.779125,0.0395394552728054,5.44740132747395e-05,0.0004895161748307,0.1793967160779901,0.0958263073580145,24.76110871896253,278.153815322746,267.8827454165787,2.221654170938855,2022,3
89,邢台钢铁,114.452352,37.041601,0.0505022823320159,0.0002093969173004,0.0001907096579418,0.1527421723278468,0.4120248368258639,60.07110897598977,293.99191536135424,278.11136168591656,11.292129045884131,2022,3
90,邯郸中普,113.928977,36.711757,0.0568401939405646,0.0002113945867737,0.0003042904455205,0.1502572968705134,0.3789857032119544,52.88333037987739,292.4985126539273,276.12108702105604,1.6903180202497314,2022,3
91,酒泉钢铁,98.286265,39.807065,0.0331716571748653,5.928600090050743e-05,0.0001909134980968,0.1440571902130623,0.3479856079825002,25.34185577563148,291.2703077385398,273.36134732043433,7.514716872975794,2022,3
92,重钢集团,107.040368,29.790253,0.0539565743968077,0.0001291419420654,-2.903888380884111e-05,0.1357640047621656,0.4383551281785695,41.68328722351615,296.2935403326473,287.7207052970643,6.806126865879935,2022,3
93,金鼎重工,114.111677,36.718952,0.0614970153243701,0.0002025897225069,0.0003660647369436,0.1506556745842622,0.3849435229575503,53.09790109875127,294.3503005861734,277.14723973165263,4.655918793916808,2022,3
94,铜陵富鑫,117.772866,30.907561,0.0504474782287649,0.0001080967380932,0.0001764860952895,0.1385842878687024,0.4723587596563706,41.71704667334119,292.487421605579,284.9486736842765,7.416321572500332,2022,3
95,陕西略钢,106.167206,33.323678,0.0393500937153945,2.4799966188280903e-05,0.0002545527637166,0.1393056819426882,0.3240032339193336,27.47532659412091,288.8431234487077,279.47528742304706,0.835611189278117,2022,3
96,青钢控股,120.390032,36.216949,0.0456971863274902,0.0001638379514279,9.4650994674334e-05,0.1560894102149726,0.5518079258585608,44.19378285547282,288.69383174854204,276.89710733421447,21.347817192535725,2022,3
97,鞍钢股份,122.983054,41.148267,0.0517229504194034,0.0001443428953018,0.0004433618050952,0.1757344532677753,0.2845140154728207,35.87438073470595,284.3016001859065,271.3969073557883,14.469527441546806,2022,3
98,首钢水城,104.877413,26.595229,0.0379639833092296,5.055542659962196e-05,-1.027596770157306e-06,0.1279021931912847,0.3342725112676996,21.764108737443166,297.12800303487234,284.07784403691414,6.7560081031647945,2022,3
100,首钢长治,113.060809,36.356404,0.0409293255682429,0.0001477553619434,0.0003200878572924,0.1488295466125234,0.3611656724278723,42.49234939846101,292.6757365401177,273.50341688796675,4.805561761142252,2022,3
101,马长江,118.465162,31.502272,0.052247151572449,0.0001232369728514,0.0002631227232713,0.1408577013979861,0.6267248317203524,42.52298032622588,292.4649646642239,284.80265009037726,6.752421174388774,2022,3
102,龙腾特钢,120.835685,31.723833,0.0488265413587771,0.000276736466674,0.0002272720257747,0.1416467136265206,0.5231513142430846,34.76472087982074,293.35118476561115,281.2691978632062,12.657438725879643,2022,3
103,龙门钢铁,110.575788,35.618466,0.0481917714037897,0.0001502131368243,0.0003278968935743,0.1459705658006167,0.5485163164487113,42.19097292366934,292.42594234310064,277.9796333269982,4.565649153087762,2022,3
1,东华钢铁,118.256774,39.468366,0.0530511229742549,0.0001557462330942,0.0002449235633675,0.1600250998599958,0.6980120416309109,46.012280687615046,299.3413501345899,280.5004439769173,2.9262689113982425,2022,4
2,东海钢铁,118.624794,39.748373,0.0531400986953973,0.0001280748425912,0.0002079286030438,0.160559176632144,0.5861649937101145,39.19772309272446,301.68083571652824,280.3273468547293,3.7338526084245873,2022,4
3,东特,121.759531,39.05443,0.047781071344637,9.170777611125356e-05,0.0003943867500722,0.1628385853566446,0.6616259195183295,49.39902624626701,295.81944510344977,280.01391153037895,16.415652487005676,2022,4
4,中天钢铁,120.081591,31.702681,0.0518683251069874,0.0001473584755249,0.000199321830671,0.1455436467019409,0.5975302571575786,38.323921813798734,299.9960541670968,287.64896317791704,14.452568783555842,2022,4
6,佰工钢铁,118.819472,39.748773,0.0562312757986229,0.000121998343909,0.0002010036850397,0.1610614294888436,0.570001231694256,37.99724979103303,300.5232717080634,280.7723284362224,2.8395840236651884,2022,4
8,兴澄特钢,120.320504,31.938905,0.051522613288636,0.0001946093573564,0.000149038651006,0.1459272299756103,0.7032189073599744,35.500138174161144,299.06840189070067,287.5236170242271,18.223712008657163,2022,4
9,冷钢,111.437288,27.690401,0.05227756106967,5.918691564196447e-05,0.0003678930123086,0.1342389785724944,0.4019480500981889,37.71818969869363,298.9407613242121,289.2437406294188,1.96622927681472,2022,4
10,凌钢集团,119.41374,41.271048,0.0405681395687061,5.367968171281399e-05,7.985628328857683e-05,0.1635368429829053,0.3590013664566656,25.55044095718397,299.6350440972805,278.22169645158675,3.982455756079824,2022,4
11,凤宝特钢,113.872158,36.131666,0.0577406989342611,0.0001375828679198,0.0001645318924561,0.1539975483697087,0.523225003924868,45.64417651685332,303.2481232977349,284.3200739934946,3.4684651517168392,2022,4
13,南钢股份,118.746315,32.200797,0.0503751242438663,0.000166205220685,0.0001949261814558,0.1462766478529153,0.6070782215856318,40.71765147273254,298.3000489116327,287.8511692197988,17.59855062812803,2022,4
17,太钢,112.57052,37.970033,0.0443683884951534,0.000148769965052,0.0002049191933447,0.1541471239407423,0.5281091433143226,32.47693578806973,300.0307966774629,280.45458209881616,20.16305604867868,2022,4
19,宁波钢铁,121.876423,29.918776,0.0486010257418577,0.0001387256067942,6.149902545562753e-05,0.1389258954372945,0.6253128704660833,19.649391698953625,299.4415623582816,286.483778147303,20.13730618574319,2022,4
20,安徽富鑫,118.067833,31.194505,0.0516940422835735,7.422909836312962e-05,7.658969320864687e-05,0.1434633303289256,0.5786780599030462,36.69942672596018,295.7289201225493,287.6414269777832,2.877734037162474,2022,4
21,安徽贵航,117.251147,30.531068,0.049940577998781,5.461254249000988e-05,0.0001835917438615,0.1419885849974699,0.5748045704792787,36.246280643581485,297.31970567860395,287.8705330852564,4.6219621120061305,2022,4
22,安钢信阳,114.038243,32.488704,0.0492600716914275,4.18886268986031e-05,9.434247465256936e-05,0.1468492306226084,0.512960476560119,42.2382058218318,298.3019854713374,286.3533933662867,1.8218153732095657,2022,4
23,安钢股份,114.283145,36.122129,0.0515615271196301,0.0001354005959261,0.0002256875309875,0.1546129791578974,0.5851730181562707,51.42585401878342,299.67236241610243,285.63454194837806,8.083222867391907,2022,4
24,宏兴钢铁,118.871477,39.700721,0.0574549539274964,0.0001256600608577,0.0002693196919562,0.1610454987552928,0.5791337324541451,37.99724979103303,300.59215643404025,280.26928856112005,2.940069875224119,2022,4
26,宝武鄂钢,114.861313,30.39574,0.0534980705723703,0.0001055997081796,0.0002329709057534,0.1414456020247392,0.5255191239293017,56.67341059759635,298.3633852593344,290.6410827190421,8.980975085594327,2022,4
27,宝钢八钢,87.304639,43.852147,0.0359744033642712,0.000114302329294,0.0002160502526849,0.1499078020156447,0.2631483749246296,18.91395735675414,300.9186946650748,279.5407188124085,7.59914531598982,2022,4
28,宝钢股份,121.440087,31.41623,0.051828092551936,0.0001344310263418,0.0002071893348716,0.1451782916075717,0.6404018547260533,35.33659035752264,301.19102204543634,287.49397323211105,18.68411478683059,2022,4
29,山西中阳,111.161118,37.370796,0.0372855431700771,0.0001013305193774,0.0001273738204543,0.1516577732194674,0.3776663242751944,23.23894321420994,299.19120282323377,278.9657204994103,3.650973160383168,2022,4
30,山西建邦,111.37916,35.668163,0.0615845069643254,0.0001163229154433,0.0002746288362682,0.1510377564851509,0.5831010278606811,39.681847608456565,300.6892927907105,283.5510482117099,5.052676918081602,2022,4
32,山西晋南,111.51465,35.678541,0.0571632749772644,0.0001045293832715,0.0001827209787507,0.1513949628096638,0.5817815876338057,37.2467923170916,300.22875707939187,282.9255146415358,2.618591601732478,2022,4
33,山西高义,111.258436,35.586841,0.0577871638378569,0.0001098073243826,0.0003385034749481,0.1508584442982936,0.544050412048612,39.81026253900168,301.69810544756774,283.83653262161,2.142974722032095,2022,4
34,广东韶钢,113.654289,24.704815,0.0487668892792266,4.5702485840836885e-05,0.0001461868464629,0.1283089564856554,0.3402106429649353,25.792498749210576,299.81423323744605,289.6454955846713,6.613719194870794,2022,4
35,建龙西林,129.287919,47.495036,0.0390892428128634,2.1104152872787644e-05,0.0005068552044872,0.1780208120382017,0.0900411322715783,15.199527445043094,284.166996103641,271.7483541587262,0.6182793870293979,2022,4
36,德龙控股,114.384832,37.086116,0.055316689938869,0.0001523282654675,0.0001674023036143,0.1556625957537914,0.7394134385155322,50.1857293500052,302.6648124907023,282.96732612397125,6.910703453187288,2022,4
38,攀钢集团,101.693628,26.551896,0.0457048622527103,6.080888384282872e-05,0.0001281102197087,0.1303428080534425,0.3289247095113284,28.48885038986282,306.9174323236625,293.48652474141755,5.918632450139212,2022,4
39,新兴铸管,114.128189,36.621504,0.0579825275202031,0.0001356865836203,0.0002378724082737,0.1546810409551336,0.7149058051365695,45.0964368649157,302.15689051995673,282.98338788426383,4.803609381383271,2022,4
40,新金钢铁,114.216151,36.715444,0.0593457706022421,0.0001372584625858,0.0002868469019358,0.1548820844141163,0.7020866694176023,48.41179579885676,302.59716162233786,282.70660285133044,4.869670074375072,2022,4
41,新钢集团,114.932403,27.790574,0.0535746400050292,9.519084454403276e-05,0.0002256094851386,0.1345144467885377,0.4339879419664121,34.174497225275886,299.8125014776307,289.41801064749137,7.022338827226579,2022,4
42,方大特钢,115.99204,28.645441,0.0511961340572857,9.079687219738868e-05,0.0001804694552953,0.136744968596145,0.5469337077185354,46.17442428411778,301.20069580104854,290.88893151806457,18.8971182012045,2022,4
43,日照钢铁,119.36115,35.158382,0.0621911876035679,0.000102795684922,0.0001868713297793,0.1555367008914569,0.6465981159102572,38.579184647170216,299.84115996224693,284.4887008893484,11.042531580846784,2022,4
44,日钢营口,122.395441,40.671136,0.0516522850137871,0.0001134264825048,0.0002136221648439,0.1657891557121293,0.4783865452263959,30.527640859645544,294.890601283292,280.5756312484448,4.744751166385559,2022,4
45,普阳钢铁,113.925994,36.733675,0.0580917955393866,0.0001395542715849,0.0002368813606177,0.1543811178460286,0.5952033470879314,43.51554569864008,302.34051018646613,281.2161107470658,1.4351944362525124,2022,4
46,本钢集团,123.722099,41.274132,0.0526354420486556,0.0001500827726751,0.0003634676068898,0.1671187918274428,0.3700268630917743,27.47845462703368,293.3419560836505,279.4176434178507,5.334704529575517,2022,4
47,柳钢集团,109.373148,24.379047,0.0549283743141683,9.294651099976486e-05,9.963612411360868e-05,0.1285382283542197,0.4624316972241065,32.2281134846863,302.6013045109424,291.81110665288,15.678951277572091,2022,4
48,桂万钢,108.412344,21.687637,0.0546736394218876,7.248919982158875e-05,0.0001135640094393,0.1268850992009987,0.4884018994986093,27.39471405277527,300.9750812708388,292.7914140953589,10.049171694534008,2022,4
49,武安文安,114.177621,36.684389,0.0598435539491837,0.0001400882102576,0.0002711083879507,0.1547631664678731,0.7163915229662949,46.94810813241176,302.41734459086854,282.9535578821776,6.01896011498711,2022,4
50,武汉武钢,114.444975,30.616222,0.0528138762925768,0.0001954197198536,0.0002733725530762,0.1419214476174352,0.4703660557808443,59.79229911190487,298.459677833475,290.66020689613896,17.885349691503354,2022,4
51,永钢集团,120.739658,31.839485,0.0523549678141253,0.0001507231151034,0.0002587265556428,0.1456424129384772,0.6594467001897155,35.94558606323517,297.550648504725,285.5525853759753,7.0942032477826205,2022,4
52,汉冶特钢,111.534635,33.269324,0.0457252592662816,4.079331516726205e-05,0.0001176698603102,0.1482702974753274,0.4602792773226874,41.05905659912423,299.2672704696016,288.03415524638393,1.5488596666117749,2022,4
53,江苏镔鑫,119.279989,35.09556,0.0550728143996835,9.353308226633905e-05,0.0002434159147051,0.1553316947115272,0.6620087660616927,36.99284570937024,300.59799689312393,284.08120601285725,8.3844544942001,2022,4
55,沙钢股份,120.647295,31.967456,0.0601685298291519,0.00022222002458,0.0002393484550187,0.1459631273061856,0.7400402839962006,35.133266155759244,298.64869927433665,285.8679460875103,11.748204631208075,2022,4
57,河北新华,117.784839,38.288605,0.0503065042821849,0.000104622001414,0.0002201035291518,0.1586054999248457,0.7962960394790731,38.639640195599554,295.28172919838534,285.86919623386325,8.19572809634944,2022,4
58,河北津西,118.220547,40.209844,0.0509893556226884,9.530568367943113e-05,0.0001743485722496,0.1611898081530937,0.5477152399274923,39.98517770571619,298.7657917005042,281.04437988657816,2.072516191731538,2022,4
59,河北烘熔,113.981172,36.640411,0.0580778676326692,0.0001379100254745,0.0002505124593392,0.154501823718123,0.6404982621946921,44.29531230698558,302.58809331686666,281.8759586217928,1.5789156804627889,2022,4
60,河北荣钢,118.558755,39.880661,0.055885690421972,0.0001398890315717,0.0002092545514701,0.1608600184271503,0.5902076978176393,40.448692661080216,300.83791420715306,280.984365001052,3.635416460983578,2022,4
61,河钢承钢,117.734527,40.952513,0.0421451732128723,7.064547143768715e-05,0.000206692663261,0.1616241225247178,0.3627807292833668,29.63734899086125,297.92175695632955,279.4299492688644,2.8249757536040847,2022,4
62,河钢舞钢,113.492311,33.28384,0.0449924139730438,5.039844511970151e-05,9.054068991937767e-05,0.1492829438716407,0.4911651841569768,40.29294441925116,298.1601739752708,287.84737517572864,2.525706970022461,2022,4
63,泰山钢铁,117.627728,36.22141,0.0521998301571371,8.787868825886296e-05,0.0002889842718693,0.1568308514975352,0.6361929215613051,42.30379957448349,299.9153036882434,284.5314107047346,6.616598685729407,2022,4
64,济源钢厂,112.553774,35.086396,0.0521312682303258,0.0001000893958411,0.0001642699220639,0.1523951953439623,0.593726449172954,52.03204435648926,301.0354404802147,286.0251985040305,5.988146139366046,2022,4
67,海城恒盛,122.83646,41.056042,0.0521128461823778,0.0001209189143601,0.0002427207884328,0.1670291988402645,0.4912365478869239,33.51331656631373,297.7210535275869,278.684650973728,2.6522858148576,2022,4
68,涟钢,111.967343,27.747782,0.0542949314012579,7.755575919894686e-05,0.0001862501518555,0.1345089908480716,0.4325260483468514,41.69612566329306,299.2498757143584,290.3586818828157,6.703777990662586,2022,4
69,淮钢特钢,118.988442,33.566039,0.0507066120312418,8.632193243513711e-05,0.0001947402696991,0.1504077381956274,0.6506137615302713,36.60241332898757,298.1217678811899,286.66458977252813,14.64193244629528,2022,4
70,港陆钢铁,118.073913,40.183913,0.0508497638121268,0.0001056010094471,9.460287110250728e-05,0.1609345917338782,0.5833254284242784,39.80220242283394,300.37263993741925,280.76579405582174,2.290648669853212,2022,4
71,湖北新冶,115.125838,30.204603,0.0534275079855548,0.0001010713516414,0.0001887726474652,0.1409500624756987,0.4864499677459808,96.15889240421892,297.7314507526974,289.6146512553907,5.282438457132976,2022,4
72,潍坊特钢,119.238427,36.644469,0.0483596702882242,7.673351038536194e-05,0.0001368337984829,0.1575959516277292,0.7035801586142035,41.04858675191281,299.2336474555104,283.396341705248,12.40959344800654,2022,4
73,玉溪仙福,102.186364,24.012309,0.0416152588723705,2.5241702089745023e-05,4.721481100433218e-05,0.1254644733446804,0.4097995689321522,15.530053346474132,300.00313489564127,291.53891824476403,1.4395293646091083,2022,4
74,玉溪玉昆集团,102.543682,24.465884,0.0365927916553948,2.899404235158148e-05,1.2020273329298726e-05,0.1256769313340633,0.3648093313756026,19.090539461333,297.1396554174352,286.3876331880511,3.086396848527811,2022,4
75,瑞丰钢铁,118.272056,39.497472,0.0531018257460099,0.0001625296998486,0.000267657388744,0.1600908281475185,0.7015364693358134,45.94210114915048,299.4296032985847,280.3931553106538,3.189394822889719,2022,4
76,甘肃兰鑫钢铁,103.933888,36.510351,0.0310647118726911,6.149500283078432e-05,0.0001467487902452,0.1464382955547197,0.4478038614049047,26.681457043764567,304.6889105795714,276.4186951542616,1.0428942794814542,2022,4
77,石横特钢,116.533981,36.229201,0.0499832034143354,9.74026266525964e-05,0.0002094980436449,0.1558583573396296,0.6831861589625391,46.13432846691378,297.3670006114315,285.344928209925,4.721579696033581,2022,4
78,联鑫钢铁,120.774892,33.211332,0.0497772403967328,4.253156124289856e-05,0.0002001235444503,0.1496312399816291,0.722981301738255,30.120302512180803,295.6466906580365,284.9553021955249,2.923374114071504,2022,4
79,荣程钢铁,117.495794,38.970638,0.0503474326291572,0.0001901721894291,0.0003394780485728,0.1589868323255245,0.6881086889145942,36.172315455734754,299.1494758880087,283.46279968911807,12.413149303878043,2022,4
80,萍钢股份,116.27527,29.778431,0.0529163845819364,5.363356042425417e-05,0.0001366216862413,0.1396581679323479,0.5720482340408272,40.25587067106008,296.2498807957418,289.28758536631995,2.3606001243848214,2022,4
81,衢州元立,118.848341,28.902581,0.0500339066993857,6.839015111125282e-05,0.0001174684374081,0.1364864326917259,0.5069361077025035,26.447310119692705,298.8551794616009,287.4357581470928,9.831403473101885,2022,4
82,裕华钢铁,114.098377,36.731752,0.0628300048881905,0.0001448313282656,0.0002218502559643,0.1547085628932634,0.6855038240456875,43.64233827804496,303.4971663087053,282.0658264290956,4.196198645832732,2022,4
83,西宁特钢,101.671414,36.66856,0.0318273692940695,6.249605361721851e-05,7.834413068632466e-05,0.1448539243098592,0.336877705505075,23.69479368269367,298.5883787957351,273.43929789823125,10.48522997007058,2022,4
84,贵港桂宝,109.63938,23.089502,0.0526446134106255,4.744195389501436e-05,9.889977173506302e-05,0.1272153527652013,0.616570741399793,32.654282763311194,303.2117783116651,292.16011343048245,6.621028167283801,2022,4
85,辛集澳森,115.184798,37.752351,0.0495580387128372,9.100308171994442e-05,0.000162160850776,0.1559908970323808,0.680127302227146,45.65793787492112,297.7163850712015,282.636010521536,1.7126697692142396,2022,4
86,达州钢铁,107.453099,31.18945,0.0457376393398587,7.871508871823646e-05,6.490446443892879e-05,0.1418119727332591,0.280259118777199,33.565101412048485,298.6337838125093,289.4900791232018,9.323229777131267,2022,4
87,迁安九江线材,118.563418,39.95945,0.0573221844056056,0.0001390711572542,0.0002348444788926,0.1610210973507613,0.6074959118377303,40.12664885051883,299.9500549477912,281.3493811254337,4.502549179443233,2022,4
88,通钢,126.022349,41.779125,0.0429375217511364,4.624603551393177e-05,0.0002176271493828,0.1685577067689322,0.2375133770608358,21.74401636523271,291.31653705320895,276.5765249023874,2.1666075219516774,2022,4
89,邢台钢铁,114.452352,37.041601,0.0546167491351846,0.0001495281227255,0.0001783361357827,0.1556567832077999,0.7657494338723531,50.1857293500052,301.7874530987552,283.5036154711751,11.224117286451357,2022,4
90,邯郸中普,113.928977,36.711757,0.0582246369379752,0.0001417165965227,0.0002439660400735,0.1543949630761562,0.6005812692047247,44.082738746160224,302.66968565666355,281.29576945549843,1.7348916394425276,2022,4
91,酒泉钢铁,98.286265,39.807065,0.0343988147349517,6.785572621056322e-05,0.0001766471987987,0.1492024114843199,0.3097271260972479,22.09424345761865,302.1790882843972,278.9877887550898,7.345601784585522,2022,4
92,重钢集团,107.040368,29.790253,0.0487396702257453,0.0001011632494254,0.0002332929225755,0.1389655142570572,0.4178709703185282,33.226042304963414,298.11124259127047,289.60440319551964,8.177842375810183,2022,4
93,金鼎重工,114.111677,36.718952,0.0623686339095221,0.0001449245628314,0.000232393845004,0.1547275430048634,0.6960729111528342,44.25813555211679,303.4361345809599,282.29071142611593,4.91032274289287,2022,4
94,铜陵富鑫,117.772866,30.907561,0.050090628955138,7.662106297338344e-05,0.0001032338949145,0.1426286467640232,0.5216183948983409,36.29999546569957,296.73706203179603,288.5394855081642,6.730703452956729,2022,4
95,陕西略钢,106.167206,33.323678,0.0388384866538663,2.044955105685237e-05,0.0001395541255162,0.1446560478761013,0.3067442608911631,20.79199683035869,292.14214717937267,286.3009404036544,0.8260183119347607,2022,4
96,青钢控股,120.390032,36.216949,0.0481940328836218,0.0001015533853141,0.0001321294593461,0.1573626719440292,0.6553219821673888,43.09179146844144,297.89420642841844,283.40974340723886,19.12824811111098,2022,4
97,鞍钢股份,122.983054,41.148267,0.0561327221956202,0.0001671412131737,0.0002677113415145,0.1671705834179914,0.483251867496084,31.012290976533222,298.1680337948744,280.9456364136545,14.06904416533078,2022,4
98,首钢水城,104.877413,26.595229,0.0359423817750839,3.9540124670263626e-05,-1.8304321768721876e-06,0.1296905670089228,0.396216538056387,19.42520277964377,295.42464347753685,282.95052627370234,6.982658832698471,2022,4
100,首钢长治,113.060809,36.356404,0.0447169675833077,0.0001292544724965,0.0002988543029578,0.1530323082377961,0.4910978673166882,38.42962783334046,302.67635758913207,280.6035727266275,5.133204877469158,2022,4
101,马长江,118.465162,31.502272,0.0522240752567595,9.603251610137746e-05,0.0001743666144025,0.1441510654198478,0.4796402270035679,40.18861321726095,297.74173130964164,288.1490503825637,5.976709286156147,2022,4
102,龙腾特钢,120.835685,31.723833,0.0488023416123538,0.0001415609569722,6.644937432877997e-05,0.145476062215179,0.6234862051846047,35.94558606323517,298.9395790036144,286.6261079653456,10.705517191140911,2022,4
103,龙门钢铁,110.575788,35.618466,0.050705838117032,0.000115352034488,0.0002402199264172,0.1506112723328706,0.5712061297187047,35.29584248545635,300.8429154574171,283.55246597793285,4.308306199793743,2022,4
1,东华钢铁,118.256774,39.468366,0.0511608498875635,0.000146668013918,0.0002510694595797,0.162441777946154,0.5140315379894809,55.32754375540051,304.5049710212803,288.0670623485089,2.902332910835161,2022,5
2,东海钢铁,118.624794,39.748373,0.0557795898644099,0.0001405792911624,0.0002947487674746,0.1629330707542539,0.5046004019215992,38.3080270709534,308.0749758582911,286.2573863062777,3.991646012101087,2022,5
3,东特,121.759531,39.05443,0.0443989687033108,8.892242197445367e-05,0.0003291248660511,0.1644468626614399,0.5511349075072614,50.32009033086389,301.30460263311136,285.6631426903395,16.4607582189394,2022,5
4,中天钢铁,120.081591,31.702681,0.0507083260572605,0.0001330942161375,0.0001697863900103,0.1451700472656389,0.5331761422107735,33.94012182411643,304.0810954981278,291.18906889477137,14.712371703828628,2022,5
6,佰工钢铁,118.819472,39.748773,0.0599443631294739,0.0001352509084353,0.0001891471339489,0.1631908935336528,0.5135840003206862,36.81240201558467,305.29201544743324,287.0002321900715,3.037781732668023,2022,5
8,兴澄特钢,120.320504,31.938905,0.049340371272916,0.0001414422412247,1.3893540228030552e-05,0.1456645985080844,0.5653570725261791,32.22896559078915,304.6614646671807,291.0559184156754,18.000848163671,2022,5
9,冷钢,111.437288,27.690401,0.0470397483955581,5.5035269571756353e-05,0.0002349060687032,0.1344948480008116,0.2734057377995897,40.5421402910285,298.2873283430588,288.8396369498802,2.163953823799821,2022,5
10,凌钢集团,119.41374,41.271048,0.0398268286535044,4.401867953353424e-05,0.0001779622175578,0.1646067221131669,0.4148194116561974,21.03074196723566,304.48091623169285,283.29061931960445,4.165993507026079,2022,5
11,凤宝特钢,113.872158,36.131666,0.0497900475564836,0.0001055109550296,0.0002339611544872,0.1506708802348093,0.3562902518879887,41.07157466844406,308.0762903000639,290.4126971367872,3.294932653562238,2022,5
13,南钢股份,118.746315,32.200797,0.0509140626370793,0.0001337553319543,0.0001423757299693,0.1462497419186329,0.5711481445546424,38.07013371215362,301.64936082068067,291.46731436749286,25.435367995393925,2022,5
17,太钢,112.57052,37.970033,0.0398885512460491,0.000145423418558,7.671381767951945e-05,0.1505551416880032,0.468065498396107,32.110214100101764,303.18033312067456,284.62177604273535,18.10266948683178,2022,5
19,宁波钢铁,121.876423,29.918776,0.04478944936771,0.0001428527612354,0.0001782133506196,0.1405307048064077,0.609463154443034,18.21275062376487,300.6550081510045,288.61819567839,23.822560299581514,2022,5
20,安徽富鑫,118.067833,31.194505,0.0513174424364019,8.500274191503048e-05,0.0001499682766312,0.1430813942810798,0.5596119123550309,38.2955585423107,299.55762334495216,291.6172758288099,3.2801409949597438,2022,5
21,安徽贵航,117.251147,30.531068,0.0468004290793925,5.796806889373494e-05,0.000107938587878,0.1408793433496067,0.5013553503504551,42.380555953513976,300.24712208702226,291.16115457947467,4.437857994750015,2022,5
22,安钢信阳,114.038243,32.488704,0.044585498461385,4.423303027331496e-05,0.0001701022509358,0.1433881563467671,0.3365188433346365,47.04726563886652,304.0039049612411,290.0356976434868,1.7574033078064342,2022,5
23,安钢股份,114.283145,36.122129,0.0482559477993891,0.000103499288086,0.0002502158540803,0.1517768747154364,0.4236967579981488,45.41687761100349,306.29223978949733,291.00429845155685,7.133083705169002,2022,5
24,宏兴钢铁,118.871477,39.700721,0.0601188375819902,0.0001358767883677,0.0002137341905319,0.1632594464947201,0.528459164908931,36.81240201558467,306.04582376406285,286.76582575401983,3.33635464006844,2022,5
26,宝武鄂钢,114.861313,30.39574,0.0503133702750115,9.82820750155781e-05,0.0001780905258761,0.1394117672009216,0.4599826203972043,62.68417855938472,301.79904626190176,291.37674809102793,9.135068289308206,2022,5
27,宝钢八钢,87.304639,43.852147,0.0320226881852443,6.908834089789326e-05,-1.954471256856128e-06,0.13709411766784,0.2926498412634544,16.515647012344637,307.5212025647794,287.93324048545577,7.281352058608065,2022,5
28,宝钢股份,121.440087,31.41623,0.0470654103729608,0.0001251096356217,0.0001839817284783,0.145023537150204,0.5379533489157159,33.506938534502105,304.26785782654434,290.1885948860352,19.44863514115868,2022,5
29,山西中阳,111.161118,37.370796,0.0355856409296025,7.596191701105917e-05,8.155069420812752e-05,0.1476118393277586,0.3000493034981509,24.6126337088981,297.9838172682925,283.6024374348697,3.2546109273990327,2022,5
30,山西建邦,111.37916,35.668163,0.0564161171599714,0.0001000374087846,0.0002342698538496,0.1455446822241045,0.4601625472652239,36.33182756819885,304.9045131073656,287.85530170408384,4.972455309002056,2022,5
32,山西晋南,111.51465,35.678541,0.0562485434985485,9.989988209149296e-05,0.0001313641259979,0.1457470729113039,0.466712588348427,34.206205867803874,304.186717787592,286.8066035820781,2.6441027845152365,2022,5
33,山西高义,111.258436,35.586841,0.0514547694563538,8.922055460141011e-05,0.0002782436915752,0.1451990760162874,0.4684362998370032,36.76599954818829,305.99021142468854,288.2494314968376,2.147363555788958,2022,5
34,广东韶钢,113.654289,24.704815,0.0445865586049774,5.587868138723136e-05,3.125432038647401e-05,0.132565814362809,0.2484973757100513,25.809105051520408,298.52906514866913,291.4528499974925,6.276723737474412,2022,5
35,建龙西林,129.287919,47.495036,0.0358855443161706,2.1156757768903407e-05,4.711354685447314e-05,0.1761798191668731,0.2187763843913445,9.818410266762095,291.9566663636336,278.84907513801085,0.9359743811700828,2022,5
36,德龙控股,114.384832,37.086116,0.0505757461332377,0.0001215312447699,0.0002311383737464,0.1532412610092022,0.396868152856919,44.280795918894,308.9381575700361,290.66556422104674,6.94109825441171,2022,5
38,攀钢集团,101.693628,26.551896,0.0444708949969009,5.423131289772509e-05,9.9428777016838e-05,0.1302642202741553,0.288062483113583,25.838964745616977,306.42104619946457,293.3850273687752,5.798822313807283,2022,5
39,新兴铸管,114.128189,36.621504,0.0546718167549239,0.0001325081920585,0.0002839492221168,0.1519984471510198,0.4108761252487561,41.04922952966108,308.4811654662743,290.05196169544047,4.70885703888199,2022,5
40,新金钢铁,114.216151,36.715444,0.0558866134973481,0.0001450045948897,0.0002939647841492,0.1523089440438863,0.425330215258384,43.36279547895782,309.11204600494165,290.18974988061194,4.634360519847732,2022,5
41,新钢集团,114.932403,27.790574,0.048507388794319,6.945002795332289e-05,0.0001095115485711,0.135661014093625,0.4201214368642491,36.54033954295564,300.1074129144107,289.86799800715323,6.591880262504368,2022,5
42,方大特钢,115.99204,28.645441,0.0469057400331782,7.917528384459967e-05,0.0001760933685201,0.1371820588600294,0.4782338926729336,46.75313292068495,301.48880479320667,291.217452070831,18.828807380106984,2022,5
43,日照钢铁,119.36115,35.158382,0.0557927737883542,9.764693515245347e-05,0.0003612909815981,0.1541927682273678,0.3974689328246383,36.02050015481809,307.1417678137049,290.1583926813751,11.060785182191028,2022,5
44,日钢营口,122.395441,40.671136,0.0486726371743025,8.359477216260607e-05,0.000318188851593,0.1687710307833608,0.4808358506853134,32.002425598420814,301.403486845857,285.6300525715582,5.094155368894503,2022,5
45,普阳钢铁,113.925994,36.733675,0.0575503687140082,0.0001337292820077,0.0001811460349066,0.1517054461693475,0.3666925446592794,39.78471536262487,305.28899987554973,288.2234088992861,1.5748356023833947,2022,5
46,本钢集团,123.722099,41.274132,0.0492118298073091,0.0001605952225081,0.0002765050993356,0.1699449222349961,0.4205052723232069,27.98714314574321,297.43611353123885,284.18080176195923,5.463353610611987,2022,5
47,柳钢集团,109.373148,24.379047,0.044690130979712,9.703462450842764e-05,0.0003552538976657,0.1315359140607568,0.2997030365655629,29.80998979329077,302.87208130184,290.9083706149691,15.350015870085072,2022,5
48,桂万钢,108.412344,21.687637,0.0468099339639034,6.192656341045776e-05,7.944440645622545e-05,0.1304436007875808,0.2530361849096302,18.92800227665248,301.97061753096284,291.5466171052285,10.356372650686716,2022,5
49,武安文安,114.177621,36.684389,0.0569404059015764,0.0001487453831191,0.0002983761705291,0.15221360979512,0.4208621783658846,42.35978900907985,308.9043265911035,290.29982846385275,5.726374139664106,2022,5
50,武汉武钢,114.444975,30.616222,0.051569408116451,0.0001505203570163,9.98303008223628e-05,0.1398217871256342,0.4826025050930131,69.72052801756945,300.940260719785,291.46491400524656,18.278609977884912,2022,5
51,永钢集团,120.739658,31.839485,0.0473442606787361,0.000127064950961,0.0002558382721258,0.1456103182292142,0.4913165275867573,32.7230260666056,302.75898349919413,289.2026539954701,8.001505518145489,2022,5
52,汉冶特钢,111.534635,33.269324,0.0445400663117612,4.2490607947489925e-05,0.0001615836859441,0.1423919433049886,0.336338202128687,38.38065865124918,301.8424098105259,288.62553371725795,1.507623062073765,2022,5
53,江苏镔鑫,119.279989,35.09556,0.0512338511413389,9.245176341216467e-05,0.0003048467352522,0.1540854405468325,0.3841744433076587,34.483082592702615,307.9117540127507,289.70251517696937,8.522643080466871,2022,5
55,沙钢股份,120.647295,31.967456,0.0500077427742229,0.0001630371504617,0.0002242032435339,0.1460703179211751,0.5918666878040296,31.90341775749868,303.0164931289516,289.8711893788513,12.422949877638343,2022,5
57,河北新华,117.784839,38.288605,0.0446366123399124,0.0001011576524917,0.0002162501815836,0.1594985303341057,0.5059834899401648,36.03943663185444,302.733726583858,292.4439725330599,8.591495598422728,2022,5
58,河北津西,118.220547,40.209844,0.0494242583318224,0.000111615205301,0.0003651206677386,0.163068383559252,0.4278369762145603,37.87139357949894,302.8616316929973,286.4947154988556,2.0948088507645344,2022,5
59,河北烘熔,113.981172,36.640411,0.0545371376741105,0.000127973759712,0.0002711136428203,0.1516218964850589,0.3770503339440993,40.48221668995211,306.7905659773796,288.96390475818794,1.7017673571437315,2022,5
60,河北荣钢,118.558755,39.880661,0.0556707655140524,0.0001395972174257,0.0003109521575825,0.1630692356157252,0.5037005902415147,39.86656354760851,306.5029819412631,286.27031443275274,3.725377615000096,2022,5
61,河钢承钢,117.734527,40.952513,0.0393934180188217,5.629407704085611e-05,0.0002839473256991,0.1631959064547325,0.3133734456338377,24.46662257626928,302.95451920743494,284.7502365468474,2.894596101032328,2022,5
62,河钢舞钢,113.492311,33.28384,0.0426929834039576,5.169378692877193e-05,0.0001569550770465,0.14471914197446,0.3225323327169462,40.864245319424896,303.86265189722104,291.4928343470733,2.5073303497844197,2022,5
63,泰山钢铁,117.627728,36.22141,0.0464510801064054,7.150912173563838e-05,9.99706068770833e-05,0.153768514311484,0.3560798363667182,39.926625561292894,307.1539224758074,289.17560781976306,6.541668835158975,2022,5
64,济源钢厂,112.553774,35.086396,0.0477054521675688,7.889156564381651e-05,0.0001597243860281,0.1463879812270191,0.4551854599079101,47.29612877766577,304.3836720018804,290.95420633728884,5.906758696776292,2022,5
67,海城恒盛,122.83646,41.056042,0.0506680275558656,0.000102537073532,0.0003156509572639,0.1696525052715055,0.3871693182383364,34.600716958266275,304.756391629579,283.15589475010154,2.654660587412244,2022,5
68,涟钢,111.967343,27.747782,0.0480560513165241,8.857328071187586e-05,0.0001562800717086,0.1351148434673109,0.3313217188706527,44.22423316441382,300.09115640695006,288.83843720828185,6.92850811324834,2022,5
69,淮钢特钢,118.988442,33.566039,0.0455306005257249,7.486205714069341e-05,0.0002226224001698,0.1498600064068141,0.4865152522812037,34.87510049582635,303.8606394655252,290.6696565886358,16.804089089235706,2022,5
70,港陆钢铁,118.073913,40.183913,0.0489999207433812,0.0001134560276562,0.0003116574863924,0.1629409994937578,0.4413727366607321,37.35256015602317,305.1035743694744,286.6124956056092,2.4583577798184124,2022,5
71,湖北新冶,115.125838,30.204603,0.0495464535858354,9.525993160967668e-05,0.0002339973501283,0.1391619143984702,0.3498271198815403,100.40464815119776,300.42311182705384,290.53930175982305,5.886936775224889,2022,5
72,潍坊特钢,119.238427,36.644469,0.0453814312137921,7.971122018782339e-05,0.0002458494833554,0.1570467318917568,0.558062002348031,38.1006373117998,307.30262403486927,288.10805606850494,12.11839389413449,2022,5
73,玉溪仙福,102.186364,24.012309,0.0345321587174985,1.655040259036742e-05,1.945225557103338e-05,0.1283531616778909,0.3756748818775705,8.79624681934424,300.2738740639756,292.15491317888143,1.439757305291001,2022,5
74,玉溪玉昆集团,102.543682,24.465884,0.0317405055229341,2.491555644589516e-05,-1.4115364049274526e-05,0.1280280442328288,0.47861984673249,12.314652133601472,297.13567229695565,287.2293841052069,2.080596839049093,2022,5
75,瑞丰钢铁,118.272056,39.497472,0.0512939709436681,0.0001550213776033,0.0002783372874592,0.1624981409442411,0.4923919539845064,55.970926024059885,305.213436014598,287.4178853612524,3.0784363852481627,2022,5
76,甘肃兰鑫钢铁,103.933888,36.510351,0.030164534816935,5.77236004462351e-05,0.0001444278153728,0.1369507468088459,0.3048184243901168,25.96625314765788,312.9491462852185,281.9674748319148,1.1191521358344427,2022,5
77,石横特钢,116.533981,36.229201,0.0434633855651705,7.430260262137716e-05,0.0001562810247393,0.1532643173292678,0.3522893990088311,43.823505914281625,305.00117080978464,288.8229169300505,4.931954804821126,2022,5
78,联鑫钢铁,120.774892,33.211332,0.0441671954053467,4.461307349031913e-05,0.0001705822620816,0.149671587698928,0.5409539917750712,27.83885045560836,299.71876924587684,289.4890502818953,3.091851224113268,2022,5
79,荣程钢铁,117.495794,38.970638,0.0463851016099171,0.0001611227802758,0.0004099209230585,0.1603168987457327,0.4471118089158774,34.36686028119989,305.29726904599727,291.4404573123339,11.5444816243387,2022,5
80,萍钢股份,116.27527,29.778431,0.0504078276829928,7.905209473529233e-05,0.0001933870787742,0.1386592879107385,0.4436955191825921,41.93093971191129,298.8795785219176,290.5436555305399,2.1265464578743285,2022,5
81,衢州元立,118.848341,28.902581,0.0485374130716708,7.57802240343744e-05,0.0002179414342906,0.1374668306773448,0.4273408210117138,24.228771877687905,302.909348111677,289.63030234728166,7.7989538480988285,2022,5
82,裕华钢铁,114.098377,36.731752,0.0603791972691399,0.0001607944099131,0.0002880608573663,0.1520843049456454,0.4003884343867789,39.8850329120034,308.8036123198708,289.7686487424455,4.041706182182934,2022,5
83,西宁特钢,101.671414,36.66856,0.0303166383515534,5.401579794461794e-05,5.04079341855107e-05,0.1345849270881237,0.2532940283320911,18.909796395405465,303.19243075333173,280.5019066757172,10.682168956012012,2022,5
84,贵港桂宝,109.63938,23.089502,0.0472749256874648,5.039629584521641e-05,0.0002034194390745,0.1313307612510637,0.287839135287153,26.033082126483865,301.7838090350268,290.87527250058,5.70968424496588,2022,5
85,辛集澳森,115.184798,37.752351,0.0461236136731911,8.633374335368785e-05,0.0002311680862922,0.1546922344846074,0.4155275159050961,40.15461740891624,303.24350723065066,288.47769346249083,1.862740127149526,2022,5
86,达州钢铁,107.453099,31.18945,0.0425984579327703,6.220531597469063e-05,0.000209017722898,0.1356373952745149,0.2072897529963348,32.11082333102836,301.9097423888515,291.8572099015846,9.620210780329629,2022,5
87,迁安九江线材,118.563418,39.95945,0.0559714675085529,0.0001370114578805,0.0002260478917208,0.1632498331626002,0.5181423025795827,39.134785891790045,304.94039702494456,286.76982246027444,4.695806935792454,2022,5
88,通钢,126.022349,41.779125,0.0414673927003049,5.900589181033741e-05,0.0004524813506774,0.1711355765039361,0.3464602779449245,20.70204097037731,294.693422154197,281.2671839433504,2.160121494568449,2022,5
89,邢台钢铁,114.452352,37.041601,0.0497282968347077,0.0001252525302993,0.0002097060124756,0.1532846035674075,0.4520915116014648,44.280795918894,308.31710002720416,291.202707615415,10.968230152451056,2022,5
90,邯郸中普,113.928977,36.711757,0.0572217778348057,0.0001361259242413,0.0002030252651702,0.1516783235520415,0.3649420835108687,40.292069613578846,305.8708445884784,288.2903759368333,1.8670549100794172,2022,5
91,酒泉钢铁,98.286265,39.807065,0.032672995486791,5.607359861403928e-05,0.000157326172841,0.1385696951844077,0.2407757911016027,22.96579697174225,310.00685546595633,284.9823812210754,6.7184080373134565,2022,5
92,重钢集团,107.040368,29.790253,0.04769033542647,9.59095046431561e-05,0.000225913281605,0.1347120338020333,0.303199732702253,33.331289077965266,299.88868461491955,292.51020862060057,8.045118811973104,2022,5
93,金鼎重工,114.111677,36.718952,0.0600676780949684,0.0001604128063456,0.0002893660875696,0.1520883983538891,0.4054272808840838,40.385918958871656,308.9758512640525,289.9105323848483,4.696657983306502,2022,5
94,铜陵富鑫,117.772866,30.907561,0.04951440721433,8.58126981379977e-05,0.0001486366560907,0.1419851434649946,0.4466838006572399,40.33505930777274,301.0548486590424,291.9144189826972,6.566422264069222,2022,5
95,陕西略钢,106.167206,33.323678,0.0353137526455153,2.0255792031975736e-05,0.0002135118419383,0.1365348918304608,0.1462424374963606,17.73972397574932,296.5126042195963,288.15588827491746,0.8511827703052511,2022,5
96,青钢控股,120.390032,36.216949,0.0442362646239423,0.0001259586260389,0.0001783610470242,0.1556622827560327,0.4621070974966608,40.72500914276134,305.3255246852408,289.3649260548368,20.277729157771955,2022,5
97,鞍钢股份,122.983054,41.148267,0.0527914007656333,0.0001443328274906,0.0003745700259389,0.1699723425713515,0.4193905805153032,32.20703683165398,304.3237334070201,285.3217710415732,14.744926341708114,2022,5
98,首钢水城,104.877413,26.595229,0.0336289699878455,4.097843977402248e-05,2.2496445035643787e-06,0.1298723273938327,0.284729042496845,15.812778642043668,297.8030375950867,285.82268227571984,4.562514852985639,2022,5
100,首钢长治,113.060809,36.356404,0.0400424858170221,0.0001086660769905,0.0002622342004765,0.1481075532177798,0.3638231949398365,35.30622327335946,306.973984267187,285.58618653204,5.600173721540861,2022,5
101,马长江,118.465162,31.502272,0.0492217216233342,9.30393552825816e-05,0.0002113238765684,0.1440891187037266,0.5168455407006396,38.21388084202927,301.20316876756766,291.7884408637929,6.614743506760277,2022,5
102,龙腾特钢,120.835685,31.723833,0.0461064095764586,0.0001287134515717,0.0001277453528019,0.1454251236985164,0.4866443247879951,32.7230260666056,304.0905011169667,289.5620100991355,11.812444398373431,2022,5
103,龙门钢铁,110.575788,35.618466,0.0484749850305809,9.386699514294984e-05,0.00027824843566,0.1445462378613158,0.4458423288611097,34.5730711371932,305.09075661490573,288.7751321942161,3.8714598677268905,2022,5
1,东华钢铁,118.256774,39.468366,0.0498746659489564,0.0001051063732027,0.0001963965017333,0.1533101450371137,0.6956759345564918,75.74039884815245,306.12796505927633,292.3726983338316,3.1252265634870424,2022,6
2,东海钢铁,118.624794,39.748373,0.0510862532491738,0.0001027737336345,0.0001124508540691,0.153915995169488,0.610891936633528,40.20713941902192,309.2680912083074,292.77565485314034,4.208232713880244,2022,6
3,东特,121.759531,39.05443,0.039944673579609,6.400258162116084e-05,0.0003485722013836,0.1547124417040893,0.492434954780857,36.634979024979145,304.4075609360545,290.12007118527004,14.974946109005648,2022,6
4,中天钢铁,120.081591,31.702681,0.0433165892781111,0.0001292015296739,0.0001255129988043,0.1392307991185765,0.5132185371041614,32.33834888760612,308.55745694750067,297.2711554394756,12.744279186103505,2022,6
6,佰工钢铁,118.819472,39.748773,0.0517158472967638,8.897264614832914e-05,0.0001639249710737,0.1541486353228753,0.575777284836227,36.25193301104446,307.4543186896459,293.11549389702367,3.3200830511884694,2022,6
8,兴澄特钢,120.320504,31.938905,0.0442101277582873,0.0001497379735777,0.0001329071189343,0.1398794013189012,0.5632479555655091,30.80600937149465,308.08418177661656,297.149548879538,16.873757439942196,2022,6
9,冷钢,111.437288,27.690401,0.0426017442637355,4.306131640172964e-05,5.31728040017602e-05,0.1318640204425133,0.1906368686965339,27.283151177733657,302.6764252410349,296.27644325120826,1.6693354801583953,2022,6
10,凌钢集团,119.41374,41.271048,0.040466338966264,4.662898087538838e-05,3.2089529163196026e-05,0.1548235735631905,0.3915865446173893,29.39076449159261,306.11769006930075,291.8639114247767,4.26431522326662,2022,6
11,凤宝特钢,113.872158,36.131666,0.0549883459081733,0.0001119117251156,0.0002062468602502,0.1433708077616093,0.4419559440020287,56.15522217276185,311.53941758417744,297.05019555968323,3.3519593475907628,2022,6
13,南钢股份,118.746315,32.200797,0.0453472379670749,0.00010217002451,9.097798134171968e-05,0.140167420957458,0.4275573619701679,32.50531932508238,306.5998208224974,297.4589102542025,18.09668976304224,2022,6
17,太钢,112.57052,37.970033,0.0374952608213871,9.399629086633603e-05,0.000184051519228,0.143397382193036,0.4142319548674365,40.13298104103173,310.0064235390949,292.6479778858027,18.67266695955276,2022,6
19,宁波钢铁,121.876423,29.918776,0.0372295313995936,0.0001057993039414,9.177168495562529e-05,0.1360049346587216,0.403973058128036,15.442505942557432,307.1725272356753,292.5885363621508,19.44444484574287,2022,6
20,安徽富鑫,118.067833,31.194505,0.0437632317375338,6.151422198669276e-05,8.242786653300936e-05,0.1379459064267475,0.4437649946102706,27.80531744170562,302.5826647672285,296.5955168147584,2.7737092615227508,2022,6
21,安徽贵航,117.251147,30.531068,0.0410228037519682,5.205777974565355e-05,0.0001208603980213,0.1366129072789784,0.4289869412445661,26.47820274148671,302.6613478209206,296.4979180265643,3.583807104783898,2022,6
22,安钢信阳,114.038243,32.488704,0.0402092868872111,4.711030105771771e-05,0.000162340287372,0.1378273720570921,0.2166340793037809,37.17100227618175,311.0832768299304,297.42037060022903,1.6677310841527364,2022,6
23,安钢股份,114.283145,36.122129,0.0509142944810376,0.000113349931885,0.0002758767036672,0.1442593209889583,0.4730920078087824,60.99727299377345,311.8365071916116,298.26794269239065,7.492423255862374,2022,6
24,宏兴钢铁,118.871477,39.700721,0.0521267278746016,8.63290904589917e-05,0.000156261363841,0.1542011562163929,0.593975377975411,36.25193301104446,308.0185626004722,292.466356905588,4.356938771160199,2022,6
26,宝武鄂钢,114.861313,30.39574,0.0419652332591915,7.543721256210952e-05,5.211823165571694e-05,0.1357960004895998,0.4071464142932173,41.94463622907165,304.6808413189209,296.77415294764614,7.8624279788524065,2022,6
27,宝钢八钢,87.304639,43.852147,0.0301946331505869,8.074694639883779e-05,2.588653698165344e-05,0.1421771943984706,0.2322629356307,13.501603555206744,313.9171233274461,293.32170852138137,8.059886681402869,2022,6
28,宝钢股份,121.440087,31.41623,0.0423382556195695,0.0001656050099723,0.0001217381105173,0.1392559480232698,0.6034482369422252,31.762552327449622,308.02445127689646,296.79813766687863,16.423950414692026,2022,6
29,山西中阳,111.161118,37.370796,0.0344140878980811,6.824771603642554e-05,6.417787411923479e-05,0.1406593666860892,0.2635984478092867,27.25966119498935,305.7109105516961,291.4227818954332,3.05322967891865,2022,6
30,山西建邦,111.37916,35.668163,0.0541721640524643,9.474953925780464e-05,0.0001893595731447,0.1398240537850038,0.3844622778728896,38.09601312050508,311.8192906769942,295.8472378972658,4.632581277250846,2022,6
32,山西晋南,111.51465,35.678541,0.0515333101627398,8.408412708759848e-05,0.0001973847932521,0.1399002643894857,0.3952880000283292,36.60382219550229,311.3943057588211,294.84961461877253,2.493819532079365,2022,6
33,山西高义,111.258436,35.586841,0.0505733526400846,8.647961857033824e-05,0.0002555029868917,0.1397303265915589,0.3739021517329183,38.89913972086195,312.1819957187915,296.2383850335926,2.294311391696366,2022,6
34,广东韶钢,113.654289,24.704815,0.031305700661578,3.426487281404899e-05,-4.561924130489712e-05,0.1317398661072068,0.1434950033833516,14.51563241190633,304.6550044503521,296.2564836318044,4.127389760701388,2022,6
35,建龙西林,129.287919,47.495036,0.0346455608089074,1.2780314988564894e-05,6.32734705160587e-05,0.163262743408211,0.2363507228752588,7.835567701113751,296.539894092161,285.9818771810607,1.1055171317218164,2022,6
36,德龙控股,114.384832,37.086116,0.0510171274951733,0.0001227622809932,0.0001221476522419,0.1457803741884422,0.5396219826156962,64.68244606594453,311.3818195179678,297.9392520697956,6.560841947600904,2022,6
38,攀钢集团,101.693628,26.551896,0.0382585777243563,3.68434098564262e-05,0.0001007459271341,0.1283195831807914,0.2492090282945315,28.092692616610293,306.6574987242548,295.18984323720804,4.042297282550227,2022,6
39,新兴铸管,114.128189,36.621504,0.0572552754729306,0.0001345890488072,0.000287333979879,0.1444260721551847,0.4565767717021113,59.12688875033414,311.8443346907218,296.94477614760865,4.97671961776764,2022,6
40,新金钢铁,114.216151,36.715444,0.0561624308296854,0.0001301126370041,0.0002773791676245,0.1446245268810579,0.4546394917556655,61.56324733153376,312.83958928655585,297.02192329015594,4.698783954636995,2022,6
41,新钢集团,114.932403,27.790574,0.0404713346650585,4.128425542364861e-05,1.859835794994917e-05,0.1327683882663469,0.2270048530628576,19.601930841888965,305.65288539166994,297.06301228426304,5.746067505655528,2022,6
42,方大特钢,115.99204,28.645441,0.0400469164043659,6.714704316022108e-05,7.087120265467213e-07,0.1337454895836688,0.3768516177833493,26.495110105884123,306.42755638676164,299.702375724846,19.16606014453527,2022,6
43,日照钢铁,119.36115,35.158382,0.0555911551844263,0.0001034810284058,9.593103779987204e-05,0.1470058862144611,0.6376190877448801,34.12793772300794,306.59107446838175,295.97537371741964,11.351310229948776,2022,6
44,日钢营口,122.395441,40.671136,0.0489071781704112,9.073189630651628e-05,0.0002013938571789,0.1555594735158391,0.5525283317650612,55.8061046262992,301.07231814330095,292.3947658936861,5.346556324120244,2022,6
45,普阳钢铁,113.925994,36.733675,0.0630320123425657,0.0001473134045817,0.0002528742884831,0.1437678919710769,0.4679546729860147,57.84233924451108,310.8060141240882,295.1202930509153,1.7442314380091402,2022,6
46,本钢集团,123.722099,41.274132,0.0458925924984659,0.0001016928609918,0.0001819673238112,0.1567085600220884,0.3305206523166341,27.5056015195037,298.6627781202752,290.1846511604716,4.978960732759592,2022,6
47,柳钢集团,109.373148,24.379047,0.0393645084524366,4.243107894413129e-05,-5.15463457219376e-05,0.1321465416734346,0.3120976165282542,20.636918469323813,302.66932297447283,297.68357336150444,10.889169754265408,2022,6
48,桂万钢,108.412344,21.687637,0.0354784652339575,3.4110514010237535e-05,-7.693085135741073e-06,0.1304954046934524,0.244835541213768,15.297137778702565,301.3286577054147,297.0463763865272,10.912277223539984,2022,6
49,武安文安,114.177621,36.684389,0.0577176119530198,0.0001359991109785,0.000270797350801,0.1445390725425118,0.4574319233675258,60.46048738441591,312.42523636579216,297.0112978248681,5.913287309938972,2022,6
50,武汉武钢,114.444975,30.616222,0.0442131037051135,0.0001075495844836,3.609298045805527e-05,0.1360215122857482,0.3973187976973294,44.57546864955475,305.57442782935374,298.2164275625616,15.072885718006123,2022,6
51,永钢集团,120.739658,31.839485,0.0436926895456838,0.0001326797147652,7.460475262058649e-05,0.1394455071828978,0.6330981427095843,31.388751153826888,307.25334936418795,295.84751911615587,7.306865826336098,2022,6
52,汉冶特钢,111.534635,33.269324,0.0407002483653265,5.098269964356952e-05,0.0001574119965258,0.1366558440130417,0.2488832375988224,34.269262982888904,308.6036731317994,296.87161372276745,1.4806339858593192,2022,6
53,江苏镔鑫,119.279989,35.09556,0.0523813901499105,0.000106024766958,0.0001296881980436,0.14685171594474,0.62856880870691,33.24344807797537,308.08660626833534,295.6313189961596,8.793939256134392,2022,6
55,沙钢股份,120.647295,31.967456,0.045929732146772,0.0001516985807298,0.0001263829415484,0.1400727222668102,0.6537588138114286,30.332230255408444,307.0050703198252,295.97233276924044,11.854028490245762,2022,6
57,河北新华,117.784839,38.288605,0.050333088207418,9.272753271625146e-05,0.0002327685879424,0.1515073467842899,0.707200790307899,43.04542371531921,306.3507347182834,296.2185850187025,9.081508826531843,2022,6
58,河北津西,118.220547,40.209844,0.0499661219156951,9.628198615480332e-05,0.0002170489843538,0.1538745663861356,0.4893835844948217,47.70312075348208,303.58203239736764,293.1747222886715,2.1829375611892776,2022,6
59,河北烘熔,113.981172,36.640411,0.0597695745408258,0.0001472917852101,0.0002939532397684,0.1440313410570558,0.4641067058397357,58.549908033000975,311.2147058581702,295.9226325435774,1.7717368030202172,2022,6
60,河北荣钢,118.558755,39.880661,0.0567962349053181,0.0001217122169242,0.0001646050832529,0.153967164303261,0.5985918545190511,44.328716172102624,307.5703711969019,293.7817204969484,4.017980383809385,2022,6
61,河钢承钢,117.734527,40.952513,0.0426345962956496,6.210566235392595e-05,0.0002269262664398,0.1536411279350144,0.2816769334422859,39.51767241665908,303.7905548260638,291.5621643469271,2.750555697396764,2022,6
62,河钢舞钢,113.492311,33.28384,0.0404230354020096,6.32143984705391e-05,0.0001374585934129,0.1383893275698229,0.3196854339493116,35.299454366940274,309.6314740724183,298.600917948545,2.59585037118158,2022,6
63,泰山钢铁,117.627728,36.22141,0.049299041622167,9.53567798769381e-05,0.0001404445304535,0.1476588746384329,0.6327659699115703,43.35160852519948,307.3874688901476,295.8299261351545,6.507301169518245,2022,6
64,济源钢厂,112.553774,35.086396,0.0454392123752227,0.0001093261522893,0.0001056997072765,0.1402803532572559,0.3827576403836004,54.36645494668492,312.23945495306015,297.90019782885923,6.002942589209934,2022,6
67,海城恒盛,122.83646,41.056042,0.049158625948794,0.0001122006966253,0.0001922492141783,0.1562268345087673,0.4853826733265943,39.3023711353635,302.2766557391138,290.2988600705231,2.8051238117592283,2022,6
68,涟钢,111.967343,27.747782,0.0424190560953466,5.588914061993556e-05,0.0001165198356754,0.1323836119434291,0.2577594151557512,26.85394662194085,305.77444744748533,297.8532519469585,5.930327527825791,2022,6
69,淮钢特钢,118.988442,33.566039,0.0436013915949404,7.976857656429952e-05,0.000138577337616,0.1425354939962987,0.4907958398533932,31.52122006149793,308.79335742821354,298.07043453306113,16.731349048949827,2022,6
70,港陆钢铁,118.073913,40.183913,0.0527329549418411,0.000115995570511,0.0001759630275264,0.1536884998484446,0.4715549603411487,49.759339759702925,305.72798886079823,293.06603896148374,2.505122208892762,2022,6
71,湖北新冶,115.125838,30.204603,0.0412866624123913,6.717706345763107e-05,0.0001566667845044,0.1356110231836115,0.415956101108994,67.96137341780195,303.1423850612937,296.8588975748926,5.458975404831534,2022,6
72,潍坊特钢,119.238427,36.644469,0.0457577848460244,8.09239958954277e-05,0.0001297872203959,0.1497626099582737,0.7171945988576423,37.61622124898168,306.7760014395143,294.55191733035167,11.831297411248642,2022,6
73,玉溪仙福,102.186364,24.012309,0.0346429819531847,1.9816186808296155e-05,4.829459136435567e-05,0.1292103670879978,0.2285315286875541,6.067212823349067,300.0766498812848,292.8351435229978,0.6175845139509549,2022,6
74,玉溪玉昆集团,102.543682,24.465884,0.0317363810399678,2.5632976597559875e-05,-0.00021867343991,0.1287457948216031,0.4520406381697773,10.305211474073293,297.5866717387269,287.6137867485318,1.4173304328876313,2022,6
75,瑞丰钢铁,118.272056,39.497472,0.0499715370151854,0.0001105683884969,0.0002172160614353,0.1533842978816165,0.6795668323634337,76.33115298261706,306.95840400075423,291.67997524030983,3.3029607578623925,2022,6
76,甘肃兰鑫钢铁,103.933888,36.510351,0.0274797001509829,5.421869325559105e-05,0.0001005172095228,0.1317637889407623,0.163983897340859,22.693692258712872,318.83122720244904,288.5392404199212,1.2076484320391565,2022,6
77,石横特钢,116.533981,36.229201,0.0457547895199284,9.090960573511104e-05,0.000179820081982,0.146601244947861,0.5864024003779477,53.689924311126966,308.21789369990665,296.812390485667,4.733010483867996,2022,6
78,联鑫钢铁,120.774892,33.211332,0.0411596504067368,5.607794310100846e-05,7.926571479609572e-05,0.1427757935911603,0.642312617027706,25.3385504387646,304.49752566039297,294.2842424298667,3.265082022488182,2022,6
79,荣程钢铁,117.495794,38.970638,0.0491829114887122,0.0001561355769371,0.0002529435312123,0.1521791760180347,0.6092904148274642,38.55042080913532,307.67236739278445,294.7320731078351,11.891203200355074,2022,6
80,萍钢股份,116.27527,29.778431,0.042180340492054,5.063526391502803e-05,8.092710673001333e-05,0.1349144059772536,0.4559033832622837,26.29014562320376,301.2297747340747,296.52545731692726,1.9772837129328884,2022,6
81,衢州元立,118.848341,28.902581,0.0387438745952876,4.769110827629046e-05,4.9718427347268576e-05,0.1340205495492487,0.4460297804467341,18.116711686388957,305.0026363654208,295.76210249163785,8.759910511458653,2022,6
82,裕华钢铁,114.098377,36.731752,0.0634992638548222,0.0001529726108636,0.0003490622077779,0.1442653697329696,0.4776390879168862,57.944260931429895,312.4090291228433,296.55904273434,4.251839838492135,2022,6
83,西宁特钢,101.671414,36.66856,0.0289318122190836,5.7593650159873146e-05,8.353075621137452e-05,0.1300221006335828,0.2680503420982508,18.406662860570577,305.605389090425,283.6949404393914,8.498384468350338,2022,6
84,贵港桂宝,109.63938,23.089502,0.0382545931944024,3.2412723732387605e-05,-5.965644734878858e-05,0.1313795557806468,0.8998662800956007,17.413305465590916,299.888810748465,297.6193120698988,5.035065312545666,2022,6
85,辛集澳森,115.184798,37.752351,0.0464861097547058,8.220516827651855e-05,0.0001900612970702,0.1482632547226961,0.6020804575173392,55.96572094646035,308.2769509163623,293.2050056763835,1.809484373993158,2022,6
86,达州钢铁,107.453099,31.18945,0.0422351866172458,5.862439407254058e-05,8.918017192458188e-05,0.1320917343328826,0.2177724823457527,34.11564959882446,304.09818571726447,297.4017451283409,7.470343506415089,2022,6
87,迁安九江线材,118.563418,39.95945,0.0606216457073197,0.0001415288932919,0.0002173478308031,0.1540410055764142,0.593720395393483,44.13274264413003,306.62497337054907,294.23574615343466,5.058794271652192,2022,6
88,通钢,126.022349,41.779125,0.0389894019306696,2.9509522601048965e-05,-2.948330440160353e-05,0.1572233734616455,0.3263224400505211,19.207105239615885,295.53566404780247,287.4960070623593,1.6738187289151425,2022,6
89,邢台钢铁,114.452352,37.041601,0.0494864637751787,0.0001269958012394,0.0002114789258958,0.1457193098074903,0.5461744933210274,64.68244606594453,311.5431076472188,298.32380516588006,10.331878204251645,2022,6
90,邯郸中普,113.928977,36.711757,0.0627356975092233,0.0001500454466594,0.000264005904,0.1438220478755424,0.4668011926777836,58.35701644814927,311.360864847011,295.2790535674455,2.049280780543938,2022,6
91,酒泉钢铁,98.286265,39.807065,0.0303168325779741,5.691311788888805e-05,9.886166449036704e-05,0.133528353078722,0.1831536135291217,19.45518395553255,315.31721839389536,290.944694117598,6.6255925673749605,2022,6
92,重钢集团,107.040368,29.790253,0.0451394413232158,0.0001438439763902,5.83512713546262e-05,0.1314403367788127,0.3808032506617305,37.43948588151426,301.8663164140521,295.82785951966724,6.107651360386516,2022,6
93,金鼎重工,114.111677,36.718952,0.0627906640562875,0.0001521206701299,0.0003280563291536,0.1443233956981564,0.4752368875390114,58.45297214105765,312.5033466171426,296.70438675001583,4.8901022361147,2022,6
94,铜陵富鑫,117.772866,30.907561,0.0409193315325685,6.63350062399478e-05,9.525669036416004e-05,0.1369690767222141,0.4241394524975134,27.07015355754508,303.85758971869984,296.43611614108954,3.3114073236673294,2022,6
95,陕西略钢,106.167206,33.323678,0.0338170804871572,2.491749862364248e-05,0.0001234720235813,0.1316422874910785,0.0976200725245523,17.636590616636408,300.226057861791,291.53979371363465,0.8641866049385923,2022,6
96,青钢控股,120.390032,36.216949,0.0427981409857457,8.855959471651599e-05,0.0001718666484334,0.149610084151342,0.8103230429909652,32.96449690992631,304.7751583920155,293.0934479565953,19.03406782749715,2022,6
97,鞍钢股份,122.983054,41.148267,0.0516438081261629,0.0001945373442916,6.444526757728413e-05,0.1563665879705549,0.4540561089519637,35.12351623979948,304.02935521614285,291.0781454696354,12.588328279971876,2022,6
98,首钢水城,104.877413,26.595229,0.0348670401013746,4.8046678419481136e-05,0.0001743905800628,0.1288448614818131,0.4924976337338679,17.365852755801825,298.43149887153965,287.68647069987315,0.8647102523431587,2022,6
100,首钢长治,113.060809,36.356404,0.0403000419554226,8.21039663626838e-05,0.0001571218888089,0.1416187061109736,0.3636618530315784,43.52404181649226,312.2211934321442,293.16312644625265,5.784505325075156,2022,6
101,马长江,118.465162,31.502272,0.0441597228402992,7.420985723335886e-05,0.0001072059212043,0.1384835012973533,0.370219272908899,29.074880049717898,306.1705866797932,297.5419113240075,6.514922723920901,2022,6
102,龙腾特钢,120.835685,31.723833,0.0416786119838925,0.000133736867997,5.456908118934628e-05,0.1394175843039952,0.6200529482386128,31.388751153826888,307.3291818534857,296.2982229326842,10.8984399483525,2022,6
103,龙门钢铁,110.575788,35.618466,0.0447681187266348,9.856064116869208e-05,0.000140341132766,0.1388737689585138,0.3994920688981784,35.19114014357011,309.58487412226776,295.41590444805763,4.361254574420101,2022,6
1,东华钢铁,118.256774,39.468366,0.0457886372113245,8.387948019049597e-05,0.0003115855685866,0.1380860719277055,0.5384690984982448,56.733656808116805,305.9803496287227,295.8992877315493,0.0,2022,7
2,东海钢铁,118.624794,39.748373,0.0489924780106988,8.804325242906437e-05,0.0002069545097741,0.1380975423625049,0.4660499211436005,48.60576482505565,304.95398391229526,295.3634371458845,0.1581533494669225,2022,7
3,东特,121.759531,39.05443,0.0393705023145174,5.893139535786103e-05,0.0001045130687685,0.1376302002861385,0.5858546089815763,41.66541436018196,304.8645026716606,294.78698914416964,4.354183984624779,2022,7
4,中天钢铁,120.081591,31.702681,0.0385992104504366,8.70787095221595e-05,1.8469078040203625e-05,0.1323860247576546,0.4743324584590285,45.26386376824121,308.7928289736212,299.4618761483891,16.444571795518392,2022,7
6,佰工钢铁,118.819472,39.748773,0.0482262394448411,7.839686129779014e-05,0.0001448703429556,0.1384153872934986,0.404452706029956,45.679328763981175,304.8505752879992,295.07098929967185,0.4818292312253701,2022,7
8,兴澄特钢,120.320504,31.938905,0.0385427141566552,0.0001247794164951,7.069655082071557e-05,0.1327525217804058,0.5415253536384973,46.875132040707655,307.7916304689925,299.18251041842063,16.37147223513051,2022,7
9,冷钢,111.437288,27.690401,0.0312220758597279,3.1629945841672086e-05,3.108248320466978e-05,0.1296518864937691,0.1258950870502734,24.70231401479781,306.0654106399124,299.52877256210985,0.4597305455333709,2022,7
10,凌钢集团,119.41374,41.271048,0.0356472971826593,4.051344266501503e-05,9.912752268402244e-05,0.1386648284543192,0.3017276401836974,25.37221526366468,302.6383052080152,293.6749175512311,0.6906707642968498,2022,7
11,凤宝特钢,113.872158,36.131666,0.0449315948010134,6.553670655368977e-05,9.769791060502693e-05,0.1339666299097459,0.319050811621453,57.56181082350447,304.925453381677,295.4211670241183,1.546870613078052,2022,7
13,南钢股份,118.746315,32.200797,0.0413599984113467,8.990373264120401e-05,1.2173428685171278e-06,0.1323733957678071,0.5200626319653663,41.77334034238811,306.9049535155499,298.9623668494521,16.16324607529661,2022,7
17,太钢,112.57052,37.970033,0.0386238729016972,9.173266005558058e-05,8.0555350451382e-05,0.1341015047281554,0.4274224107599497,46.54729013079106,303.8416493809885,293.15524408676583,10.267630357711656,2022,7
19,宁波钢铁,121.876423,29.918776,0.0341602183767937,0.0001030636257548,2.1772781212915755e-05,0.1314365568049434,0.4014465765182549,29.88039984027872,307.53543273236454,297.8017447803307,1.7399261952215217,2022,7
20,安徽富鑫,118.067833,31.194505,0.0397414820726809,5.872528988412984e-05,9.550672609830956e-05,0.1320532920794119,0.4221470631451976,31.00279480202653,304.6111950300891,298.83515548105134,0.5623589866277559,2022,7
21,安徽贵航,117.251147,30.531068,0.0376377255766823,4.575828320102341e-05,8.751585663410557e-05,0.1316042583454366,0.3416934965765519,31.53317607029749,303.6100381069258,299.2946016253098,1.7687670533311233,2022,7
22,安钢信阳,114.038243,32.488704,0.0375487229506463,3.7284468377353325e-05,3.323644585214063e-05,0.1323878465158189,0.3957458822596744,38.643911182134616,305.0350217723183,297.8340960425759,0.0,2022,7
23,安钢股份,114.283145,36.122129,0.0450044065620416,8.328561867128484e-05,0.0001519871148081,0.1349401731699533,0.395289354817998,64.42685106842052,306.2560933304759,296.8433325823669,6.59328883694316,2022,7
24,宏兴钢铁,118.871477,39.700721,0.047553539938195,7.638829646127198e-05,0.000182958156711,0.1384711331788023,0.4081474681150651,45.679328763981175,305.6423717167883,294.9056206506221,0.8845671798294795,2022,7
26,宝武鄂钢,114.861313,30.39574,0.0374687759967612,5.625313585089614e-05,1.6012916594075273e-05,0.1312827660723603,0.2534631993046413,47.897012481234114,306.54877089167155,299.805906335498,0.5684477698322887,2022,7
27,宝钢八钢,87.304639,43.852147,0.0286710081504236,6.84637890478647e-05,4.375219891935803e-05,0.1389412060465773,0.1984981459259013,14.456008590103623,313.5513284614778,292.93076770071,5.711338910918899,2022,7
28,宝钢股份,121.440087,31.41623,0.0383101322199054,0.0001622475389752,3.562916446636622e-05,0.1326012051185168,0.6453584947849528,72.81914385641362,310.10750144066304,299.0599870907815,16.743750861183138,2022,7
29,山西中阳,111.161118,37.370796,0.0359477403710478,5.827971183303219e-05,0.0002059900675464,0.1331938852908134,0.3650556495331603,31.30826797814734,300.1749823860537,291.36736573311924,1.4563915030033798,2022,7
30,山西建邦,111.37916,35.668163,0.0470716581242441,7.619449768854495e-05,0.0001755985666752,0.1336843075593271,0.4081467405047298,39.46380782203277,307.7254159254305,296.7554126075376,0.790216021919192,2022,7
32,山西晋南,111.51465,35.678541,0.0452975544718802,6.768462310571217e-05,0.0001503862588537,0.1337176831693671,0.3682666359703803,37.29554620690578,307.931685493222,296.21833279937914,0.4841272623243111,2022,7
33,山西高义,111.258436,35.586841,0.0470868734304514,6.779868999525275e-05,0.000216362615663,0.1337013157977641,0.4290491844367939,40.28079851495886,307.03883432632574,296.8959594281229,0.2578871765271462,2022,7
34,广东韶钢,113.654289,24.704815,0.0307371393547609,4.817956149494616e-05,-5.112375237162345e-06,0.1302629604990866,0.2601679663629895,23.30714113081015,305.9326594215632,300.1322580654369,0.0,2022,7
35,建龙西林,129.287919,47.495036,0.0328301939741272,2.0743456489637944e-05,2.303228894966919e-05,0.1414137536198089,0.1794769465725939,10.151705555660955,298.23592770764816,292.5359154686898,0.4967609254439805,2022,7
36,德龙控股,114.384832,37.086116,0.0460244409951285,8.699474218779016e-05,0.000116636184616,0.135364206242289,0.4448903555590688,69.69743537865725,306.3528045029745,296.4931224366561,6.020259822678555,2022,7
38,攀钢集团,101.693628,26.551896,0.036541933193949,5.2325232562717664e-05,8.95841931712367e-05,0.1279369207787911,0.3457939271992278,34.200901666281425,305.1794682354716,296.3351693849701,0.8363229273450029,2022,7
39,新兴铸管,114.128189,36.621504,0.0511585458760517,8.819146845382945e-05,0.0001189182431905,0.1347242110925539,0.4111175685076695,62.11311747704583,304.7712594870517,295.9279958311748,4.672258445477389,2022,7
40,新金钢铁,114.216151,36.715444,0.0506749596262472,7.914887143363193e-05,0.0001279206727226,0.1349534982767626,0.4156262904731141,65.38367486579348,305.683472126,296.4761177313989,4.373276775273371,2022,7
41,新钢集团,114.932403,27.790574,0.0344463877118997,4.992369220191564e-05,4.629524806318275e-05,0.1301725400873544,0.1940716705292881,20.74449414384106,307.61310558054663,300.5250296705684,0.0,2022,7
42,方大特钢,115.99204,28.645441,0.034491821471749,5.257861078799592e-05,9.465567254045246e-06,0.1305888420177823,0.3055718482550915,31.59598094271132,308.94663215696426,301.3591731562925,0.0033345137542264,2022,7
43,日照钢铁,119.36115,35.158382,0.0516023702479149,8.934166131976154e-05,0.0001375916193681,0.1344985789751932,0.6179055833043684,41.00552804127386,306.3146921804566,296.61707680204427,10.167658867184093,2022,7
44,日钢营口,122.395441,40.671136,0.0439141886213693,9.113533251718664e-05,0.0001598166134135,0.1398512485964192,0.485548415213492,62.07118730117145,303.35419513332886,295.6826926264216,3.4671578476388163,2022,7
45,普阳钢铁,113.925994,36.733675,0.0527522444645943,9.156507887075922e-05,0.0001845793244069,0.1341685629704777,0.3672543491215354,60.29326304068566,303.385818647584,294.22105981905946,1.4477279271654702,2022,7
46,本钢集团,123.722099,41.274132,0.0395500696646427,0.000110104701862,0.0002218581283083,0.1400453681466845,0.2211793296493318,30.935702950869093,301.6149431549246,293.51461120270363,3.917972318175528,2022,7
47,柳钢集团,109.373148,24.379047,0.0303329893318684,4.48741555191262e-05,-7.085052628794983e-06,0.1292051782098055,0.180262548768522,20.415086181967624,308.0010003777217,300.73628853092794,0.0,2022,7
48,桂万钢,108.412344,21.687637,0.0289446901284333,3.5870404601677066e-05,1.81834883986017e-05,0.1285284850765215,0.1193110609037352,15.154991928056916,305.0242239039702,299.4282422192865,0.0,2022,7
49,武安文安,114.177621,36.684389,0.0522708114930444,8.616238065249937e-05,0.0001195013549098,0.1349153144076696,0.4320544846152943,63.90791387727519,305.6478897648292,296.46303607055165,5.461920674309757,2022,7
50,武汉武钢,114.444975,30.616222,0.0381921929135029,8.462848760045994e-05,-2.2335493585292764e-05,0.1314533644171892,0.342591624950448,48.30904032360195,306.131016283115,299.7341079432756,9.766757915334033,2022,7
51,永钢集团,120.739658,31.839485,0.0395401416955205,0.0001018088327791,-2.4271847582678148e-05,0.1324085508706664,0.5711423535177154,50.38199901719054,305.61457064892,299.6910106100349,6.611438058368654,2022,7
52,汉冶特钢,111.534635,33.269324,0.0383989473918141,4.605781618530209e-05,5.314123484082966e-05,0.1325804506109179,0.2637490712118587,34.95667755260001,305.42905794872433,297.6460106915099,0.0212857137288553,2022,7
53,江苏镔鑫,119.279989,35.09556,0.0468209072577257,7.914404172821767e-05,3.999633284351603e-05,0.1345053380667458,0.5879815871563786,39.92307459472536,306.7488371618888,296.5673601699475,7.700233366768802,2022,7
55,沙钢股份,120.647295,31.967456,0.0423796197103199,0.000136044952979,4.500814601819056e-05,0.1327252820151233,0.5189600000835142,48.231709033357895,306.6826560446331,299.2630209285933,11.53509823124182,2022,7
57,河北新华,117.784839,38.288605,0.0447549563978125,6.963864982985614e-05,0.0001751855701652,0.137220064478583,0.5857577949503292,47.781092682774,305.3621273539597,299.41142394968585,8.43051587453272,2022,7
58,河北津西,118.220547,40.209844,0.0442830495049642,5.823650316491069e-05,0.0001853873131951,0.1387224329341323,0.3483937982424498,53.208011076143805,302.04343714589686,295.2679259394596,0.0,2022,7
59,河北烘熔,113.981172,36.640411,0.0525463350828776,9.145181897233665e-05,0.0002302538252919,0.1343233771152779,0.3774022334124466,61.33659979923323,303.72533626209497,294.90965892534825,1.654187603895124,2022,7
60,河北荣钢,118.558755,39.880661,0.0482562394774145,9.094996446562378e-05,0.0002478200714036,0.1383087709853248,0.4321377384688061,51.65529741439765,304.51340925444305,295.12834220872566,0.1733531079253178,2022,7
61,河钢承钢,117.734527,40.952513,0.039035249345119,5.216230716917577e-05,0.0001917101553406,0.1383719655528414,0.2086842219905917,37.31776826371648,303.5494682061099,294.0411956622573,0.0,2022,7
62,河钢舞钢,113.492311,33.28384,0.0385210814474873,5.614994648256411e-05,0.0001081699096207,0.1330362683562286,0.4059732790363446,39.19122881519062,306.8357512979733,297.1709812351383,1.8644295206903003,2022,7
63,泰山钢铁,117.627728,36.22141,0.043737116587599,7.388445687227952e-05,4.329623861189881e-06,0.1348876301965909,0.485427669642842,44.06004094903437,304.42395000778833,295.7501844880991,6.265895362066287,2022,7
64,济源钢厂,112.553774,35.086396,0.0416992336366887,7.99793589719051e-05,0.000177607515903,0.1339132669413573,0.4343767329588614,60.56197714989231,307.90068332435914,297.51979003550986,3.084531779356049,2022,7
67,海城恒盛,122.83646,41.056042,0.0430388021808105,8.599249916199189e-05,6.323146657198933e-05,0.1403507283425898,0.4859455305470559,45.97772829129099,303.7752334178543,294.1711075513133,2.18023848567233,2022,7
68,涟钢,111.967343,27.747782,0.0320918541815916,5.251698305510224e-05,4.258934088872662e-05,0.1297234085527346,0.1480163346117151,23.781085545238057,307.88052384340506,300.4625458529984,0.0,2022,7
69,淮钢特钢,118.988442,33.566039,0.039390826464908,5.989002651624575e-05,5.414537717095567e-05,0.1331225915614624,0.7791521494044152,40.23683142252443,305.52176723606607,298.41758551466233,16.410382581905175,2022,7
70,港陆钢铁,118.073913,40.183913,0.0447446345268097,6.49453768598073e-05,0.0001540097692332,0.138571119503799,0.3900171085602504,53.9820455003337,303.64713026133074,295.7986298762273,0.0045872943454978,2022,7
71,湖北新冶,115.125838,30.204603,0.0371100899343993,6.192440649249197e-05,1.3626275774432092e-05,0.1312733982525835,0.2736772047747199,84.04535378758737,305.3420544537603,299.1062629787191,3.5426928154878023,2022,7
72,潍坊特钢,119.238427,36.644469,0.0409722269771815,5.755753795439494e-05,5.291233487375957e-05,0.1351172584837378,0.4443131372513652,43.38773962331288,306.4585704820196,295.0398822768609,10.426981401711496,2022,7
73,玉溪仙福,102.186364,24.012309,0.0280211683176386,2.386200067054047e-05,6.1930793129526245e-06,0.127541494857494,0.2755039747140851,7.599566777714658,300.81601110988134,293.91649207120025,0.3655176509736825,2022,7
74,玉溪玉昆集团,102.543682,24.465884,0.023885261737688,2.420892255110425e-05,1.134192222306703e-05,0.126810770771508,0.3622572936299837,13.70542545232112,297.4956997354289,289.7033801437976,0.4957964939277813,2022,7
75,瑞丰钢铁,118.272056,39.497472,0.0457370516402302,8.531359436201502e-05,0.0003161118038533,0.138101514075749,0.544981117322844,56.91784310777851,306.487031736347,295.6786823525083,0.0,2022,7
76,甘肃兰鑫钢铁,103.933888,36.510351,0.0275808671585104,4.907784704263276e-05,0.0002164138703352,0.1299098190758972,0.1908937290474912,27.260259827244223,311.7630718142359,289.1428659696269,0.8202347988406983,2022,7
77,石横特钢,116.533981,36.229201,0.0416853085041498,6.508484244975744e-05,2.219127448506017e-05,0.1348271383840353,0.4811966172595207,54.04958904099029,304.128428451642,295.66306352124235,4.684304037041547,2022,7
78,联鑫钢铁,120.774892,33.211332,0.0364764975923174,3.4593427379324834e-05,2.359148096285896e-06,0.1331068094786451,0.8443770367990551,34.91318599286326,303.3388385650261,297.8054154811284,2.899750381945017,2022,7
79,荣程钢铁,117.495794,38.970638,0.0459037749512828,0.0001043429293816,0.0001932797359036,0.1377230351197927,0.5119135311955736,43.17264675662909,305.68645521335685,297.57770391717844,0.5887374996013698,2022,7
80,萍钢股份,116.27527,29.778431,0.0365949986098734,4.797318220693943e-05,2.8974508550695666e-05,0.1312129695194974,0.331185291605152,30.086872943274702,303.93417214139174,299.27740398979563,1.344748820097749,2022,7
81,衢州元立,118.848341,28.902581,0.034666611201403,4.5443653527154666e-05,1.0490054639589853e-05,0.1305418262419809,0.3761266561838793,19.51985417747437,309.4372674502974,300.7694986764751,0.0,2022,7
82,裕华钢铁,114.098377,36.731752,0.0547223559772262,9.935349462523223e-05,0.0001430738058944,0.1346759729824929,0.4141475490719811,60.43704798556666,305.03681424092616,295.7740530085624,3.873488206452129,2022,7
83,西宁特钢,101.671414,36.66856,0.0307110049851151,4.854475381739407e-05,6.839844261767861e-05,0.128375247164981,0.2079430922669754,18.748176344729472,303.7869785726698,286.3964103611951,9.267964968457571,2022,7
84,贵港桂宝,109.63938,23.089502,0.0292544848074096,3.737606297578751e-05,-8.941630108677102e-06,0.1291472936250918,0.2379355768256702,16.579051044248423,308.20390200220254,300.2448544595805,0.0,2022,7
85,辛集澳森,115.184798,37.752351,0.0434627238229278,6.310195576640821e-05,0.0002063170122827,0.1361084407403132,0.4026949220535221,57.407355313898734,304.8450245435978,296.09894112043224,1.70370365518525,2022,7
86,达州钢铁,107.453099,31.18945,0.0357318556780186,6.219390199996547e-05,4.087788096711417e-05,0.1318463646063713,0.1971490622634831,24.30743100370921,306.46831339089334,298.4821031446226,0.0,2022,7
87,迁安九江线材,118.563418,39.95945,0.0479100546662712,8.578879677652543e-05,0.0002405837686324,0.1384341136897982,0.399312218342583,51.16747063858677,304.6364244590794,295.2015253784115,0.6415624914986776,2022,7
88,通钢,126.022349,41.779125,0.0334927588637649,3.207145939416327e-05,4.594536385463438e-05,0.1395123019021852,0.2589540922316064,17.343705138728183,299.6037798016385,291.69135273137323,0.0132605396179625,2022,7
89,邢台钢铁,114.452352,37.041601,0.0457768420325458,9.267740971586132e-05,0.0001817925314207,0.1354347084638747,0.4753132983835796,69.69743537865725,307.10870063116425,297.1310909090674,8.964070018844755,2022,7
90,邯郸中普,113.928977,36.711757,0.0533759048985728,9.312006241385044e-05,0.0002025562404969,0.1342129601870836,0.3687048223836585,61.05217391137035,303.6009537358024,294.38429015877983,1.669743928104891,2022,7
91,酒泉钢铁,98.286265,39.807065,0.0303633031714077,5.405673024654372e-05,5.560086053366321e-05,0.1317890740028652,0.2562524844505396,22.413599227682525,315.0885279846366,292.6104658539118,5.6109243931603086,2022,7
92,重钢集团,107.040368,29.790253,0.0371002074498929,9.842477709043072e-05,6.085338176975256e-05,0.1311822700311441,0.2085755063988844,26.88897131528627,307.0356059749725,299.5371716303696,2.6426212599436165,2022,7
93,金鼎重工,114.111677,36.718952,0.0548398611040791,9.89308232512664e-05,0.0001388681725035,0.134713835568742,0.4217272208682057,61.16236789013388,305.25503557449423,295.9975585943689,4.468957562323982,2022,7
94,铜陵富鑫,117.772866,30.907561,0.0372351905318235,5.496672320212027e-05,2.651500266905076e-05,0.1316639940333573,0.4398457725658705,30.373957280943504,304.7345604686409,299.2333270968679,4.329331691883367,2022,7
95,陕西略钢,106.167206,33.323678,0.031429075790298,2.573759562252517e-05,0.0001604824147408,0.1309564536413225,0.1398944225513668,16.72333656679396,301.3718666685431,293.8899372360935,0.0181372936607049,2022,7
96,青钢控股,120.390032,36.216949,0.0405354953908259,8.308427821571043e-05,5.36052836725368e-05,0.1347713031377364,0.5831328593339175,40.65546477249882,307.3547769893284,296.01975809728566,1.9700929212264349,2022,7
97,鞍钢股份,122.983054,41.148267,0.044744881063572,0.0001258837267306,0.0001413476029452,0.1403593816579141,0.371675758118239,40.728840925546656,306.4035692862206,295.06038162890127,9.74205268582106,2022,7
98,首钢水城,104.877413,26.595229,0.0253917624896923,3.719102531476428e-05,4.930688313407143e-05,0.1278318607182768,0.2187693007545712,16.518024281708676,299.8063063624074,290.3036780914634,1.381725580051745,2022,7
100,首钢长治,113.060809,36.356404,0.0396464673075057,8.256780484366648e-05,0.0001849262560503,0.1329662149678103,0.3966601363939684,43.54142645265527,302.4059971581668,292.4012334970283,3.409310097223293,2022,7
101,马长江,118.465162,31.502272,0.0394307907883479,7.808674901041456e-05,2.837702869639189e-05,0.1320628917828622,0.4505092494711225,34.06621227002526,306.6569153210916,298.69470864547134,0.9520075084908174,2022,7
102,龙腾特钢,120.835685,31.723833,0.038093756848224,0.000104857688702,-3.75489536001446e-06,0.1324568050309727,0.6485996167479816,50.38199901719054,307.3677342989629,299.2441753806689,11.346643379944316,2022,7
103,龙门钢铁,110.575788,35.618466,0.0447864548233097,8.824950567960241e-05,0.0001469923346442,0.1330799853370175,0.4442193820930339,38.06546829684576,306.8188875024814,296.3132898536865,3.146426130261978,2022,7
1,东华钢铁,118.256774,39.468366,0.0490092058475403,8.926995535511182e-05,9.647346643034724e-05,0.1320804754922506,0.3965804434731125,43.98582465658493,302.51847326917937,294.7574896111336,2.1975147105892283,2022,8
2,东海钢铁,118.624794,39.748373,0.0499935470120827,9.318644923154176e-05,0.0001585323460014,0.1323471772359752,0.4063367439448476,45.66644728966329,301.94929530756883,295.1014719454303,2.9656487699024483,2022,8
3,东特,121.759531,39.05443,0.036967320252326,5.273701591036911e-05,0.0001619883385487,0.132477210324376,0.3734568020151773,30.018648975140984,303.2733285537024,293.85942641012895,14.854640229807998,2022,8
4,中天钢铁,120.081591,31.702681,0.0427373581716605,8.857601477945715e-05,3.882719079392457e-08,0.1292006579036065,0.532019644800024,48.63341374061747,310.69403960413746,301.2981611689955,12.733211783565638,2022,8
6,佰工钢铁,118.819472,39.748773,0.0497507263885819,8.43144751349201e-05,0.0001490094406075,0.1322956373889642,0.3719912953892488,44.13634613342765,302.13899577171605,295.1022865821193,2.278779856932427,2022,8
8,兴澄特钢,120.320504,31.938905,0.0435520510796647,0.0001176774556891,3.893559147768689e-07,0.1293560404457346,0.5955147059931173,45.84965291154492,310.128267868594,301.62422759799296,13.669249146992408,2022,8
9,冷钢,111.437288,27.690401,0.0354739307987816,3.754771174180371e-05,3.825966089627203e-06,0.1269872836002994,0.3129981880301732,26.84785056878988,307.5844459398723,298.87111055332264,1.5462010024272703,2022,8
10,凌钢集团,119.41374,41.271048,0.0377929629235921,4.704648977673101e-05,0.0001089218069958,0.1333631209235989,0.2028905565235334,24.40303101661395,302.1468642558686,291.0139174831485,3.870350793393336,2022,8
11,凤宝特钢,113.872158,36.131666,0.0439306024940986,5.629356072039901e-05,1.7953313876326004e-06,0.1283080660355186,0.6429187718664784,55.5391018176916,304.6512477332691,295.19871806532285,2.401647915019192,2022,8
13,南钢股份,118.746315,32.200797,0.0433687449328825,8.404569092155218e-05,5.075958571380943e-05,0.128830265491239,0.4655943417183251,43.27930014369485,308.53849103254817,300.8240170067792,14.860825236647196,2022,8
17,太钢,112.57052,37.970033,0.0403823612885112,9.333185902825449e-05,0.0001631818216309,0.1276979109231001,0.5588115146040128,38.50866213695025,303.8509944158222,292.94161102755623,15.290572125309042,2022,8
19,宁波钢铁,121.876423,29.918776,0.0364405677894741,8.672829531826043e-05,8.774167606859672e-06,0.1286883991585892,0.3394287741049808,22.625793565706022,308.712797648846,299.6129652307746,21.65025888552822,2022,8
20,安徽富鑫,118.067833,31.194505,0.0423025005583218,5.250532205493256e-05,8.764545881761101e-05,0.1288135926733078,0.3190772235755333,34.91504342334431,305.8738467637307,300.482701664744,2.2075302712967635,2022,8
21,安徽贵航,117.251147,30.531068,0.0397003295921908,4.6036790933423225e-05,3.3807222068546064e-05,0.1282544061979532,0.28762778312035,37.21122965316681,305.6648312834414,299.8876634370378,3.0987827030281725,2022,8
22,安钢信阳,114.038243,32.488704,0.0389142642441187,3.802174771093125e-05,2.823759825476517e-05,0.1277479187367184,0.3330537256195144,38.92556676987624,305.63160434168446,297.9622498240812,1.3863169569867004,2022,8
23,安钢股份,114.283145,36.122129,0.0466264855289164,7.81203183847804e-05,9.851507394758634e-05,0.1287743035763193,0.8468329460312349,61.04458158849089,306.5604357628357,296.9367623315843,5.774466081885128,2022,8
24,宏兴钢铁,118.871477,39.700721,0.0508689776976905,8.406985220474953e-05,0.0001873307608348,0.1322372883974362,0.3987665761674383,44.13634613342765,302.4169595671817,294.8310562987689,2.351893649560815,2022,8
26,宝武鄂钢,114.861313,30.39574,0.0401341946114209,5.880104572723048e-05,3.3926657149334244e-05,0.1279039641850448,0.3320703284293254,47.84646450620977,308.4770595654442,301.2086675736891,6.658139598275222,2022,8
27,宝钢八钢,87.304639,43.852147,0.0316649770347964,6.167012981912923e-05,2.9206180134635077e-05,0.1302243726316477,0.2098590223528868,17.131859846475535,310.57427151855444,290.90941061317034,6.999903082473681,2022,8
28,宝钢股份,121.440087,31.41623,0.0427413254344911,0.0001746814067561,4.123821801447043e-05,0.1291352568930993,0.4579560239323125,59.55488917806199,311.4121770242702,301.2808155586941,16.61871855310551,2022,8
29,山西中阳,111.161118,37.370796,0.0364760340441781,4.589384433098179e-05,4.390089668026141e-05,0.1269205363813989,0.5152207868031289,28.113653627315216,299.2134400918587,291.946914254124,2.455616260168465,2022,8
30,山西建邦,111.37916,35.668163,0.0482308415701262,5.923623508908463e-05,2.686856991508416e-05,0.1277930911455794,0.6949030092963603,40.61126841877672,306.7673057866294,297.3585207244723,3.8067565797058553,2022,8
32,山西晋南,111.51465,35.678541,0.0455762797780079,5.206067347616088e-05,-3.388665959870528e-05,0.12775866053588,0.6382581694860074,38.56380459410502,306.44797972779315,296.894255956709,2.1006027831459124,2022,8
33,山西高义,111.258436,35.586841,0.0474898845737871,5.551732018144046e-05,-1.0573537562341836e-05,0.1275572646326011,0.7016254570073934,41.297864012411424,306.7376458332382,297.71022206524503,1.852482386195054,2022,8
34,广东韶钢,113.654289,24.704815,0.0315731181171746,5.229418906503662e-05,-2.0144991253168675e-05,0.1269176458310228,0.3615656027616779,21.30141798542368,305.9800948156712,298.55010341604003,4.084681538265479,2022,8
35,建龙西林,129.287919,47.495036,0.0341794110656277,1.185501708873174e-05,7.478281700427581e-05,0.1485327177356261,0.160984454832039,7.470541730750326,294.94135224582726,287.2548311451704,0.5469663803960745,2022,8
36,德龙控股,114.384832,37.086116,0.0548183250337289,8.41440952020522e-05,0.0001351194860301,0.1294095905781002,0.7505494936986162,66.22220638519138,305.44903258617626,296.7248566961357,5.198824304991999,2022,8
38,攀钢集团,101.693628,26.551896,0.0408870284625504,5.396226873827138e-05,6.413592817743086e-05,0.1250821791183085,0.4377770664222443,35.43712523423892,302.73366006688184,294.8554032291848,1.7584505595040705,2022,8
39,新兴铸管,114.128189,36.621504,0.0519252964354617,8.398644437335579e-05,0.0001013142700135,0.1287376319381124,0.7919720966131454,59.58086470318735,305.47106679936337,296.04261809326937,3.925690102676602,2022,8
40,新金钢铁,114.216151,36.715444,0.05633428150243,7.927303976748535e-05,6.450998193169736e-05,0.1288531715957252,0.8019793958644718,62.37869028853965,305.73092649623953,295.73867402548103,3.597360244029764,2022,8
41,新钢集团,114.932403,27.790574,0.0371545267530905,5.114915133834808e-05,5.8418898205570926e-06,0.1277109497639338,0.2445331037602955,19.18156835247584,308.66861973682575,300.1596169516147,5.696512022215183,2022,8
42,方大特钢,115.99204,28.645441,0.0371224873868194,5.124825015792873e-05,5.49382525157691e-05,0.1280031562649892,0.3354722559663424,31.842663616998838,309.115718917029,302.01663428778403,16.753409512834725,2022,8
43,日照钢铁,119.36115,35.158382,0.053963800551278,7.51010549779304e-05,0.0001072140764076,0.1289403834739911,0.414363869438393,50.04658279748231,305.82750298109534,298.1472432787229,10.848318674402188,2022,8
44,日钢营口,122.395441,40.671136,0.0438684222883729,7.427920357810575e-05,9.509560077589062e-05,0.1339957443752898,0.1624942196833486,60.972240589762805,301.2159372529724,294.6003151177762,4.826688208100942,2022,8
45,普阳钢铁,113.925994,36.733675,0.0566084111315229,7.841741154851017e-05,0.0002201402729525,0.1282847236830465,0.6920356521759898,57.87562408043324,303.3605697409358,293.69758427161963,1.088119801244815,2022,8
46,本钢集团,123.722099,41.274132,0.0427346954742258,9.817954048743696e-05,0.0001638563511582,0.1348753595115302,0.1461392839368419,29.4093755400494,299.45140152801764,291.5453997048126,3.787717856563345,2022,8
47,柳钢集团,109.373148,24.379047,0.0330232648289668,5.351574154709641e-05,1.4328865064168475e-05,0.1273708075532863,0.3943820181401625,22.439324424562656,307.96023821311974,299.59068566518306,10.968698271965945,2022,8
48,桂万钢,108.412344,21.687637,0.0320596924758882,4.577949908665139e-05,-1.0238908485704963e-05,0.1265329920048653,0.2933394451729942,15.512714668375338,304.38604803647803,299.0982210958461,8.913420213764459,2022,8
49,武安文安,114.177621,36.684389,0.0555590238305838,8.394288352748403e-05,5.0223554142677386e-05,0.1287929981237539,0.7960361945139914,61.12422579387352,306.0015588974793,296.0020616050091,4.537063629154375,2022,8
50,武汉武钢,114.444975,30.616222,0.0406776140979918,7.510397809254611e-05,2.5029247984005465e-05,0.1278442814926801,0.3582997811591337,53.8568762920022,308.5772452088309,301.51557465016066,14.287419602711305,2022,8
51,永钢集团,120.739658,31.839485,0.0446172662213825,9.986795014974734e-05,-8.258573181221874e-05,0.1295155407142277,0.6081186582661754,49.056083639698045,306.6401099316493,299.93487302921574,6.460604149917043,2022,8
52,汉冶特钢,111.534635,33.269324,0.0422065518185946,5.411191043184816e-05,3.949598928395949e-05,0.1279156785428133,0.3981265684249446,35.572760737068165,308.26760355506224,298.3887638582649,1.2509818928931984,2022,8
53,江苏镔鑫,119.279989,35.09556,0.0510358623834144,7.185568747455695e-05,0.0001034660589056,0.1288991316772881,0.413206241091051,47.85135313952773,305.8766589640971,298.40670327464386,7.872358567216777,2022,8
55,沙钢股份,120.647295,31.967456,0.0473877769473332,0.0001380573060262,-1.771236070453779e-05,0.1293805507992465,0.6387844747278884,47.36962622612923,307.6890508354116,300.4379433033316,8.86473046161029,2022,8
57,河北新华,117.784839,38.288605,0.045615391740448,7.557378839025175e-05,0.0001397054179367,0.1314072984366967,0.6405803902858778,44.02432996148453,304.6404132799574,299.3763844757207,6.668696164791973,2022,8
58,河北津西,118.220547,40.209844,0.0452730736338468,6.087834374531691e-05,0.0001531242104464,0.1322186136289168,0.1995153904350727,46.95491894622245,300.65103049835136,294.0844814263001,1.6743580784179193,2022,8
59,河北烘熔,113.981172,36.640411,0.0514486163448611,7.898199727574791e-05,8.86378545488303e-05,0.1284609660626651,0.7158312549498366,58.91313037409418,303.85511778447807,294.5718501978525,1.2823984143103984,2022,8
60,河北荣钢,118.558755,39.880661,0.0516981149101665,0.0001046699108526,0.0001560594528669,0.1322823145303747,0.3689000164370951,47.26091005719004,301.7119444458804,294.49355966556044,2.9363576108984657,2022,8
61,河钢承钢,117.734527,40.952513,0.0402966598666436,5.0858934130887016e-05,0.0001753941119179,0.1323048427500004,0.2165779337290807,33.0415635141344,301.4945505013077,292.40017688475695,2.2315608994418423,2022,8
62,河钢舞钢,113.492311,33.28384,0.0413572974960272,4.649143111488222e-05,2.255434093750574e-05,0.1278190809925513,0.3465572166714692,37.82499109503963,305.8030824234265,298.82604229834755,2.1382124064152683,2022,8
63,泰山钢铁,117.627728,36.22141,0.0445814270677567,6.490146901992737e-05,0.0002262334621388,0.1291689409380652,0.4483253803521471,47.69715999941582,304.5030183737755,297.37869375141565,5.466056994080168,2022,8
64,济源钢厂,112.553774,35.086396,0.0453502565674817,7.117640615741457e-05,4.135442001065442e-05,0.1283394726067149,0.9779478648680312,53.40336923945239,306.5901125783164,297.0647988078778,4.807696940194959,2022,8
67,海城恒盛,122.83646,41.056042,0.0463891348934501,8.144120606091807e-05,0.0001260120214917,0.134110730830036,0.1530561489354619,44.41673340238594,301.3579181404214,292.28173320182225,2.3531158516906854,2022,8
68,涟钢,111.967343,27.747782,0.0356272350507493,5.154550892268315e-05,-6.154819881377986e-06,0.1272889983789211,0.3460278158796904,24.752059957222627,309.70926821085385,300.4738029427382,4.967508192077116,2022,8
69,淮钢特钢,118.988442,33.566039,0.0419010473630371,5.629134851631523e-05,9.083298808746924e-06,0.128603703543244,0.3948850855774631,38.79977563659898,306.51062013661885,300.7465571158156,14.363884031075669,2022,8
70,港陆钢铁,118.073913,40.183913,0.0432867132072824,6.516499028087019e-05,0.0001178117233478,0.1321848526939337,0.2428377284904833,46.3429934427495,301.64784578366016,293.7488728799497,1.6915722273532914,2022,8
71,湖北新冶,115.125838,30.204603,0.0406919216606086,6.484538988881872e-05,6.780763616349441e-06,0.1281281276507439,0.3354454249011897,72.68803159377057,307.3837330180819,301.2187012746449,4.0565245345764485,2022,8
72,潍坊特钢,119.238427,36.644469,0.0414068072573659,5.190371539303235e-05,5.60904938474098e-05,0.1296373140178044,0.3657456620464626,53.6504281001271,304.30179799458216,295.6499534449901,10.332150447693618,2022,8
73,玉溪仙福,102.186364,24.012309,0.0284132494383523,2.322165002560633e-05,2.803970417337364e-06,0.125050447121513,0.2928463886145065,8.040987015843184,301.30368738166555,292.4267777156665,0.7637982344877452,2022,8
74,玉溪玉昆集团,102.543682,24.465884,0.0258975514015569,2.699743106072088e-05,6.764135841996847e-05,0.1247248878745514,0.3598931529503094,13.733404941523492,297.4308583232915,288.51172485260264,1.7447354701094169,2022,8
75,瑞丰钢铁,118.272056,39.497472,0.04855602090352,9.09801044962854e-05,7.157728813337914e-05,0.1321237025484527,0.3834229626854212,44.204173196091126,302.92573599137165,294.7146041058306,2.388506082861783,2022,8
76,甘肃兰鑫钢铁,103.933888,36.510351,0.0314373927005765,4.2816284322338607e-05,9.419158606715652e-05,0.1235071399910699,0.3196931515561846,21.30187048976495,307.9859979971916,289.06053728338424,0.7664582518778398,2022,8
77,石横特钢,116.533981,36.229201,0.0440406882521435,6.720993209375727e-05,8.966979828129314e-05,0.1291933309719548,0.5701875105865863,54.24512455040678,304.060050407234,295.9875074634963,4.076369290881188,2022,8
78,联鑫钢铁,120.774892,33.211332,0.0426964385594269,4.539499658997756e-05,1.819477585209072e-05,0.1290615142328627,0.4458760952562036,43.18148181967071,304.58388553418405,299.2726764224188,2.852411184971316,2022,8
79,荣程钢铁,117.495794,38.970638,0.045637999968048,0.0001086173916015,0.000146849370801,0.1315609562295014,0.3973360813812299,39.14622606364997,304.1626387398886,296.84816258603894,9.50276352144016,2022,8
80,萍钢股份,116.27527,29.778431,0.0388703245443647,4.123038296053061e-05,2.1983143391452347e-05,0.1281138020733163,0.3205077533492672,29.941392141790555,305.00747690387084,300.1564564764423,1.7356645699189663,2022,8
81,衢州元立,118.848341,28.902581,0.0383707374987722,5.807196155735104e-05,6.715487300802159e-05,0.1280054663287866,0.3317892767116782,20.044531368057505,309.61877851228223,300.617736891659,7.069573265613434,2022,8
82,裕华钢铁,114.098377,36.731752,0.0582729036766512,9.2294909435644e-05,8.775808199435198e-05,0.1286698734335834,0.814413006556116,58.00946036704005,305.05102068037644,295.16724552385546,3.167552347305168,2022,8
83,西宁特钢,101.671414,36.66856,0.0330831478108393,4.49565628179235e-05,-2.5091040421309025e-05,0.1225999580211971,0.3270771160633035,18.813359758951265,299.6125611508735,286.6353450801278,6.197713680518557,2022,8
84,贵港桂宝,109.63938,23.089502,0.030530339940822,4.229544820833803e-05,2.986839618008965e-05,0.1273608494121945,0.3074255540171058,21.906857966278,307.82240675155487,298.7547319956702,5.256183248461747,2022,8
85,辛集澳森,115.184798,37.752351,0.0482470192276191,6.315466424811731e-05,0.0001037062947552,0.1298682161233566,0.574250069541743,54.108934222085736,303.1720383297008,296.296054258379,1.3430700787998575,2022,8
86,达州钢铁,107.453099,31.18945,0.0387629171931999,5.896886215128459e-05,2.5282219487995656e-05,0.1270251099390208,0.2297237521570088,17.608939631815886,310.39703046535965,301.29897502552274,6.311792777327652,2022,8
87,迁安九江线材,118.563418,39.95945,0.050756896511821,0.0001007749563106,0.0001723866227541,0.1322038418004559,0.3205055477004823,46.87471151906146,302.0427001786766,294.68078093731503,3.739122023879563,2022,8
88,通钢,126.022349,41.779125,0.0351170037682214,3.333826627334987e-05,6.113667336721586e-05,0.1353191288292717,0.1415391542017496,15.274542519705392,296.29359078727896,288.52065279875217,1.5479356764563796,2022,8
89,邢台钢铁,114.452352,37.041601,0.0530015181661482,9.328880509318796e-05,3.246554811092922e-05,0.1295276482724918,0.7686122047642845,66.22220638519138,306.277873624398,297.2736343539993,8.24629812393804,2022,8
90,邯郸中普,113.928977,36.711757,0.0562374151382751,7.93336890966789e-05,0.0001901274268533,0.1283145415924649,0.6946695001597176,58.63029393962537,303.5350358792756,293.8446598269347,1.3350188478594955,2022,8
91,酒泉钢铁,98.286265,39.807065,0.0317662038817712,4.651835372281354e-05,1.12758059365574e-05,0.1234890999986888,0.2116057682849185,21.557318769254028,311.80753692572733,292.8274676630215,5.765331300306452,2022,8
92,重钢集团,107.040368,29.790253,0.0385685192325975,7.886410171935749e-05,2.8798790828510897e-05,0.1269322982304833,0.1864819207373057,17.196512914477008,310.6231648004335,302.5459364266513,6.374264788891538,2022,8
93,金鼎重工,114.111677,36.718952,0.0577222222039673,9.19975862781088e-05,6.203198781981353e-05,0.1287099683083298,0.8214412867510724,58.69585626415712,305.3393485013881,295.4506351663445,3.670998149975053,2022,8
94,铜陵富鑫,117.772866,30.907561,0.0389526581008041,4.523530927335832e-05,5.171729621950497e-05,0.128416162885301,0.2991532789476817,34.34691269270395,306.5522234119666,300.79222708247147,4.205645161258996,2022,8
95,陕西略钢,106.167206,33.323678,0.0370927469059843,3.2992773612808306e-05,6.134919937070214e-05,0.1258562736753064,0.4074235916514958,14.994388137029542,301.27773147725907,294.5803247716342,0.5208320412431391,2022,8
96,青钢控股,120.390032,36.216949,0.040409349275069,8.108293946091953e-05,0.0001658156444946,0.1296693032640484,0.3888662515713649,44.01128350650652,306.1191530504612,297.0920874497895,18.32791152458016,2022,8
97,鞍钢股份,122.983054,41.148267,0.0478250393668267,0.0001242139901326,0.0001428807524923,0.1343710159584872,0.1274226817827565,39.40834391935744,304.27010751958085,294.18102816456656,11.86621146157566,2022,8
98,首钢水城,104.877413,26.595229,0.0290680579724619,3.117379187587087e-05,3.767234885943477e-05,0.1253136071793526,0.3903341809313378,13.58781887006444,298.73464121326526,289.98436033182327,4.617374160589425,2022,8
100,首钢长治,113.060809,36.356404,0.0421020359620111,6.176561340200019e-05,6.710230311993766e-05,0.1272733984985236,0.6010036333647268,39.3374470089327,301.39366082546115,292.8928373208086,3.995547352051468,2022,8
101,马长江,118.465162,31.502272,0.0424388097492108,6.83668348967735e-05,1.624058758386349e-05,0.1288310551841287,0.3422143938015671,40.08574196298069,307.1388077045471,300.87876732402174,5.035054320245754,2022,8
102,龙腾特钢,120.835685,31.723833,0.0425123543792359,0.0001035741974775,-6.0278606759826425e-05,0.1292925421429154,0.5724199622576972,49.056083639698045,308.3446269073056,300.3750728404149,9.496567974681517,2022,8
103,龙门钢铁,110.575788,35.618466,0.0498666993947711,7.525415254171512e-05,0.0001537496929653,0.1272772566631702,0.7475216008977528,38.77497839197166,306.6694748789231,297.07914999135073,3.4953734731520623,2022,8
1,东华钢铁,118.256774,39.468366,0.0458146911678092,0.0001628093243893,0.0002967553675516,0.1371386343156306,0.3581159807275869,44.526943966429,301.48224988342014,289.56383532095185,2.81553326051446,2022,9
2,东海钢铁,118.624794,39.748373,0.0491730095087956,0.0001683952683818,0.0003813616304462,0.1372913156958374,0.3357245018167183,43.38109342713616,302.77110937850284,289.22116231160453,3.8429042358133647,2022,9
3,东特,121.759531,39.05443,0.0387148504742662,8.076687117834502e-05,0.0002878133200277,0.1351545436240889,0.2979596661383802,30.56132657614863,301.3788166899411,289.60015389861604,16.037587661614076,2022,9
4,中天钢铁,120.081591,31.702681,0.0427991968975255,0.0001376949777698,0.0002075327790782,0.1281586009538607,0.4310507560666821,33.559487633283425,304.8812488993847,293.744076880723,12.850083812165812,2022,9
6,佰工钢铁,118.819472,39.748773,0.0484463340836909,0.0001638147974783,0.0003626984838274,0.1371636247019873,0.3514159201582957,41.6261016766839,301.1594046793058,289.9128308397736,3.0324148713273584,2022,9
8,兴澄特钢,120.320504,31.938905,0.0418967495202449,0.0001399330892355,9.337993216770656e-05,0.12795960891587,0.566290793926483,30.60137248020771,303.9552665270441,293.89193120897863,15.804733628976862,2022,9
9,冷钢,111.437288,27.690401,0.0497644699791758,5.664066389671611e-05,9.363110759839823e-05,0.12643046406576,0.6061209742924137,41.92340744735418,306.683616686948,295.7392628395579,2.507012304722512,2022,9
10,凌钢集团,119.41374,41.271048,0.0363358475542122,4.607311776941648e-05,0.0002612018999795,0.1367189897470249,0.2250939019817751,26.293176030206386,300.72676705617283,287.7352910880268,4.17724013393732,2022,9
11,凤宝特钢,113.872158,36.131666,0.0520120294727484,9.533137962606336e-05,0.000199118998326,0.1321955649976606,0.3417130537330328,58.1154131605287,304.1199188384945,290.45413524988936,3.141175368845184,2022,9
13,南钢股份,118.746315,32.200797,0.044086843219075,0.0001120258217877,0.0002035610678379,0.1288731684914373,0.3376826666767301,35.52994343181126,302.79328492082965,294.80038828643615,18.588383009805288,2022,9
17,太钢,112.57052,37.970033,0.0394510681276839,0.0001591287376933,0.0002916744620933,0.1323103341451561,0.3515203648210971,42.978626409017096,299.0023890343264,286.1652799782277,18.50967313291913,2022,9
19,宁波钢铁,121.876423,29.918776,0.0409356902904196,0.0001007031373444,0.0001169951865434,0.126941835834383,0.5278369476290558,45.24073772477362,303.0725380066225,293.20273845403995,22.674598218378467,2022,9
20,安徽富鑫,118.067833,31.194505,0.0474782734698868,8.826304524495824e-05,0.0002175828334519,0.1289248175104493,0.4413915282040872,34.08964328436838,302.20302584078934,295.1147082103509,2.9147804167559697,2022,9
21,安徽贵航,117.251147,30.531068,0.0471698292938075,7.071728981183223e-05,0.0001240158735038,0.1286587554743234,0.5475239901854143,34.94522005098588,303.9419233597864,294.162351387051,3.986083815322025,2022,9
22,安钢信阳,114.038243,32.488704,0.0446521987592854,5.106846823672749e-05,6.609032045005015e-05,0.1297902786648876,0.4940353523787172,49.27194652282196,304.4158050181508,291.7771416857569,1.748879704337793,2022,9
23,安钢股份,114.283145,36.122129,0.0539166852304502,0.0001385371230466,0.0002684491246644,0.1328652257510922,0.4989317335685053,65.33667589083618,303.9180690289549,291.88862497936793,7.074987751632212,2022,9
24,宏兴钢铁,118.871477,39.700721,0.0494256806049408,0.0001593107912833,0.0003350885684588,0.1371553959516558,0.3591563364417258,41.6261016766839,301.757496624045,289.47260060376453,3.0937491205801297,2022,9
26,宝武鄂钢,114.861313,30.39574,0.0454893519660595,8.354694243050994e-05,0.0001400483131974,0.1290634811362105,0.42039376692668,57.08497050094318,305.7348336176292,296.93207626403023,7.67943112684741,2022,9
27,宝钢八钢,87.304639,43.852147,0.0311707135600472,9.434885566967442e-05,0.0001093569233637,0.1299527907095957,0.2202835312170218,17.02093335121215,306.7751865490389,288.02382456950494,7.291047666128142,2022,9
28,宝钢股份,121.440087,31.41623,0.0411729123117635,0.0001504605903473,6.238132206985586e-05,0.127664878304814,0.6172168509996047,35.602305661262264,304.50562505542825,294.38958718370884,19.25236786997034,2022,9
29,山西中阳,111.161118,37.370796,0.0381200213689757,8.514343071056897e-05,0.0001201325372192,0.1309294926716417,0.25545920540666,29.53276911910052,295.4242235279376,285.3148963603814,3.168585704331168,2022,9
30,山西建邦,111.37916,35.668163,0.0593078829318244,0.0001022894417284,0.0002502372121681,0.130985694025534,0.5177031903324273,49.0686677657751,301.3972986873425,288.99985405846337,4.344720313736385,2022,9
32,山西晋南,111.51465,35.678541,0.0569603698809018,9.416182630096052e-05,0.0002419966544128,0.1309408951019842,0.4998773897761724,44.87793958674047,301.1163779522973,288.5073129637668,2.386616437955487,2022,9
33,山西高义,111.258436,35.586841,0.056934136013142,9.82146691004198e-05,0.0003030839224992,0.1308752488825867,0.5092261677443074,51.217094024084375,300.70820442509904,289.4000748882566,1.811343553172241,2022,9
34,广东韶钢,113.654289,24.704815,0.0479587006735145,5.619668676878097e-05,7.188579388199573e-05,0.1259196580988407,0.5526782457234427,32.63149562707047,305.11772264380147,296.66506172988056,4.990865837712133,2022,9
35,建龙西林,129.287919,47.495036,0.0335334026961719,1.6941576830200957e-05,0.000436663692513,0.1405330860610171,0.0919653971619187,8.445270854300434,290.63663212196985,283.23736275374955,0.7794027973260879,2022,9
36,德龙控股,114.384832,37.086116,0.0493912483815153,0.000144370178072,0.0002751939821643,0.1339248939723081,0.4509973262383607,66.05847602259018,304.3492899862751,291.3035083891607,5.95441885995979,2022,9
38,攀钢集团,101.693628,26.551896,0.0380423544570785,5.308866246953412e-05,0.0001021703715068,0.1222356569223884,0.4098278104571052,28.644173255543137,299.8730270811885,292.7966846010862,3.8814818023321793,2022,9
39,新兴铸管,114.128189,36.621504,0.0616048907691672,0.0001539741253897,0.000304265815151,0.1329181065501219,0.435613893808407,59.11172458066451,303.65924830950206,290.7809331465821,4.589293453058775,2022,9
40,新金钢铁,114.216151,36.715444,0.0617403200605213,0.0001437644174319,0.0003964746909067,0.1329901345560233,0.4565737170781744,63.33644716983922,304.3305097799114,291.0003692494984,4.233861621273436,2022,9
41,新钢集团,114.932403,27.790574,0.050334600313767,8.424873465458947e-05,9.713440187162282e-05,0.1273963057975271,0.5306365537870479,35.0178174354096,305.8770124503288,296.1239360758888,6.18168686667088,2022,9
42,方大特钢,115.99204,28.645441,0.0474194863750357,6.0855063163939735e-05,9.47972486999785e-05,0.1277838490679612,0.4427393927021005,35.70632500782267,305.9236575614671,296.930929447251,20.18546899797895,2022,9
43,日照钢铁,119.36115,35.158382,0.0523033352074295,8.978837237034009e-05,0.0002538459909019,0.1316195841378014,0.4278748176726739,29.8251242956921,302.4761426405648,291.84059715045777,10.805043414208392,2022,9
44,日钢营口,122.395441,40.671136,0.045586969426207,0.0001147399149072,0.0003571171545046,0.1373620277931695,0.2958963798269791,65.34489926934839,298.5427579091323,288.7123392331486,5.443343368150668,2022,9
45,普阳钢铁,113.925994,36.733675,0.0606094678106159,0.000136408088915,0.0004585015009207,0.132521538029128,0.3262963654853566,56.838683614165646,302.6063252342845,289.3513589349968,1.415152410946236,2022,9
46,本钢集团,123.722099,41.274132,0.0455374395384274,0.0001365289651669,0.0004333665529071,0.1364697126160722,0.1715458498857784,27.170472365925946,296.6508475827613,287.4146947356114,4.54558302991054,2022,9
47,柳钢集团,109.373148,24.379047,0.0503279874515795,7.35948128465488e-05,4.402807051028537e-05,0.1254366368906171,0.4903416017099796,43.16365559363991,307.96128386036963,298.6743301921578,14.074617063014148,2022,9
48,桂万钢,108.412344,21.687637,0.0454783872097053,6.764389372447714e-05,3.134693909063184e-06,0.1248430468132604,0.509886035795611,27.82629415776228,304.6556698648326,298.18596952055367,9.730466199951064,2022,9
49,武安文安,114.177621,36.684389,0.0632984459454408,0.0001523242785722,0.0004206779379704,0.1329724591918586,0.4506150420570844,61.481311650162574,304.3518463014109,291.1007971195162,5.333962391050092,2022,9
50,武汉武钢,114.444975,30.616222,0.0484520678147046,0.0001222534417392,0.0002053077347335,0.1290560140961492,0.4751561295864029,65.20834006096266,305.0414394990722,297.2624662758399,16.584898220928675,2022,9
51,永钢集团,120.739658,31.839485,0.0413677533624016,0.0001105112916655,9.637668963345524e-05,0.1279105741351656,0.4712956419175104,29.88028313666291,300.5905023838257,292.48563283342133,7.327188697637242,2022,9
52,汉冶特钢,111.534635,33.269324,0.0439031376494572,5.362508859292156e-05,0.0001626393223347,0.1290983235553167,0.3622244331650955,43.21467983459115,301.72111228666347,291.53521717008914,1.5695571268567023,2022,9
53,江苏镔鑫,119.279989,35.09556,0.0516885820472323,8.880252734193369e-05,0.0001400880045749,0.131558033531614,0.4356064688607547,31.216302987157253,302.71289935459487,291.3420329094392,8.507657081273036,2022,9
55,沙钢股份,120.647295,31.967456,0.0432118395496779,0.0001335141009734,0.000113227348477,0.1279541015899716,0.5686765792208569,28.83615236744121,301.82732941688033,293.8837703020073,10.94705082268607,2022,9
57,河北新华,117.784839,38.288605,0.0452231311748291,0.0001009133380349,0.0003070505015029,0.1355600400809407,0.5210534566337609,41.38078185682022,300.8656210421709,294.2060462770233,9.243553997900522,2022,9
58,河北津西,118.220547,40.209844,0.0460388108883665,8.409841167552713e-05,0.0004804990385911,0.1373355320027539,0.3236709859001352,47.77140916748536,300.2243221698204,290.25640516104977,2.0682228027857708,2022,9
59,河北烘熔,113.981172,36.640411,0.0632552363943271,0.0001405600902065,0.0003527439843986,0.1326472907590921,0.3751422240373591,58.08652403516135,302.6894149911026,289.73584612098364,1.441082996449742,2022,9
60,河北荣钢,118.558755,39.880661,0.0497479029353999,0.0001688937410179,0.0004238218824681,0.1375373708591897,0.3170636826158747,45.20990650397663,301.70166182797743,289.8450461010888,3.6743373220035775,2022,9
61,河钢承钢,117.734527,40.952513,0.0419584121548177,7.151159957652076e-05,0.0004024089961624,0.1373427080895088,0.2783106924097597,35.12509656777368,299.9447504326786,288.169840615234,2.6211236216194567,2022,9
62,河钢舞钢,113.492311,33.28384,0.0448706072549572,6.159972353717531e-05,0.0002206099035613,0.1303598171320445,0.4562049090722034,54.04454904639683,302.6438961761699,292.2830678526117,2.4932833121365423,2022,9
63,泰山钢铁,117.627728,36.22141,0.0499797598345589,0.0001117354287898,0.0002232506498251,0.1321249903473301,0.4332376783366001,42.108425191145216,302.7429050443168,290.5335575153536,5.881788426208329,2022,9
64,济源钢厂,112.553774,35.086396,0.0497272341724672,0.0001055265183551,0.0003090558704062,0.1313528733952919,0.4694541685929531,66.90915639248078,303.1688923199323,291.7138600846212,6.290540857543805,2022,9
67,海城恒盛,122.83646,41.056042,0.0441347400238002,0.0001210727047777,0.0003131960176004,0.1374240103066247,0.2691330990537639,42.68860109846173,298.82722968089377,287.2578414341439,2.6139708779511364,2022,9
68,涟钢,111.967343,27.747782,0.0495627876403629,7.503319016647924e-05,0.000149637743162,0.1267033685751997,0.5419404129282174,43.12821033636283,307.3261893234602,296.9383365170755,6.013753349061583,2022,9
69,淮钢特钢,118.988442,33.566039,0.0412966630915504,6.24558270655735e-05,0.0001599297380634,0.1294286583211772,0.2687781310715647,29.378541043276407,302.4539370205168,293.3334479830464,16.361119471853247,2022,9
70,港陆钢铁,118.073913,40.183913,0.0459261880186458,0.0001020932284274,0.0004104108813803,0.1373792067431945,0.340864878208114,47.69145789396134,301.2178495402244,289.55991185529314,2.3066407574096046,2022,9
71,湖北新冶,115.125838,30.204603,0.0476012671863684,8.632485617324045e-05,0.0001047754598697,0.1290797337839528,0.4501226918263473,93.37996687008854,304.2041431676492,296.8412679571967,5.020027991798621,2022,9
72,潍坊特钢,119.238427,36.644469,0.0418465015058426,8.464514077601552e-05,0.0001949614302838,0.1329935623399534,0.4204457421213259,42.33695349853406,301.61385480171543,290.7738294716889,11.741319201248356,2022,9
73,玉溪仙福,102.186364,24.012309,0.0311929482107144,3.198560781396854e-05,-1.1316642835319636e-05,0.121904354855338,0.2415359164309864,10.571572579312154,298.8197284173059,291.4157041607764,1.265386030469257,2022,9
74,玉溪玉昆集团,102.543682,24.465884,0.0297373069859366,3.614101595256095e-05,8.16855651622377e-06,0.1216086951242785,0.2424200015072785,17.26082929018797,296.1725419401202,287.3283945059781,1.9882062230301287,2022,9
75,瑞丰钢铁,118.272056,39.497472,0.0461038374111193,0.000162907955092,0.0003082255799336,0.1371550285728632,0.3493372916716376,44.67901060267812,302.24165229501136,289.4506977875256,3.0104044189544883,2022,9
76,甘肃兰鑫钢铁,103.933888,36.510351,0.0297450979002475,5.772634417154598e-05,0.0002149203260019,0.1262539350831311,0.251368367860097,24.493859385188443,303.9844016423364,284.5298192018225,1.016621984269909,2022,9
77,石横特钢,116.533981,36.229201,0.0443311683771145,9.45316932226357e-05,0.0001988127627441,0.1327026236198085,0.4158176898034372,51.25199978676911,301.37432701013904,290.5967649445114,4.410067366079767,2022,9
78,联鑫钢铁,120.774892,33.211332,0.0374901173087273,2.972117577836881e-05,8.751239280612703e-05,0.1289208250736861,0.5333137198254504,18.52163253829895,298.7625110426039,294.042676313688,3.100618161607039,2022,9
79,荣程钢铁,117.495794,38.970638,0.0471092836218028,0.000148231513248,0.0004076913402488,0.1365429392918306,0.3974454873028479,41.077136499691306,302.4130474581029,292.03589211503845,11.472154060297276,2022,9
80,萍钢股份,116.27527,29.778431,0.0465499875078156,5.656177960294803e-05,2.5964226634791013e-05,0.1284234200779922,0.444310521355621,31.51493571233025,303.83129619308784,295.00149764395746,2.317376049525553,2022,9
81,衢州元立,118.848341,28.902581,0.0461369946259973,6.965767653439559e-05,-5.946099389411206e-06,0.1270144602604637,0.4980894840798295,26.30649298396293,305.51959287542564,295.9778941726276,9.309760251150433,2022,9
82,裕华钢铁,114.098377,36.731752,0.0642714508036819,0.0001563798850419,0.0004573918272255,0.1329585689506845,0.4119430980147593,57.01909940397056,304.09792082889373,290.71541685866663,3.66966485609771,2022,9
83,西宁特钢,101.671414,36.66856,0.0275518246356857,3.7654390929832494e-05,8.405370275101286e-05,0.1248291884691484,0.2370614318708908,18.302538151715453,294.8632936049477,280.1609242871308,8.222632814124394,2022,9
84,贵港桂宝,109.63938,23.089502,0.0481403551942739,5.746135578676417e-05,6.016005560020712e-05,0.1254802536066374,0.5381552601358751,46.068555836554246,306.76274775969614,298.36711441568826,6.223691986185636,2022,9
85,辛集澳森,115.184798,37.752351,0.047131517204682,0.0001039589757552,0.0003551299021601,0.134520458335094,0.5283629935421802,54.42290529344973,300.91019752783046,289.2799129920335,1.543953792380888,2022,9
86,达州钢铁,107.453099,31.18945,0.0455479361461628,7.509404466817756e-05,0.0001289050850515,0.1260780159604855,0.5402472375058087,36.15641431490912,302.39145789023326,293.79537419918466,8.167026480537816,2022,9
87,迁安九江线材,118.563418,39.95945,0.0512073168150796,0.0001681614785955,0.0005061754627135,0.1374487443511122,0.3317807024670309,45.39846986297784,301.4697653082292,290.2808073155645,4.730320035135443,2022,9
88,通钢,126.022349,41.779125,0.0357349469711436,4.387011350231373e-05,0.0003171712118632,0.1346599029296638,0.1202116232267635,17.724685719144873,294.1068766547426,285.03122271844035,2.0169246858171657,2022,9
89,邢台钢铁,114.452352,37.041601,0.0500984543373827,0.0001580769083231,0.0003070626884001,0.1339311722709782,0.4939417877849207,66.05847602259018,304.36144741582984,291.81647767736547,9.612154511162371,2022,9
90,邯郸中普,113.928977,36.711757,0.0618636019984844,0.0001380890726166,0.0004239824731426,0.1325432873923165,0.3372297342722311,57.74634804045507,302.71671773676286,289.3982228606747,1.7433814870395927,2022,9
91,酒泉钢铁,98.286265,39.807065,0.0297544328402771,4.842284283051861e-05,6.393052183128071e-05,0.1280314805904776,0.202706260672799,24.044304410426733,308.2201262800727,287.7480308958577,6.752771420444458,2022,9
92,重钢集团,107.040368,29.790253,0.0471727557748299,0.0001427042019024,0.0001326195234442,0.1258107543793459,0.6841794438016959,40.70128157406599,304.080671321818,295.42293559010443,7.412518599040936,2022,9
93,金鼎重工,114.111677,36.718952,0.0649197087635859,0.0001575639937865,0.0004460945062891,0.1329616551288637,0.4217703202551464,57.91879991642476,304.2169984121944,290.8707945832999,4.263768683875897,2022,9
94,铜陵富鑫,117.772866,30.907561,0.047566314448627,9.080977641277384e-05,6.798785255504518e-05,0.1285861886688114,0.5376799914285839,34.50373915409758,302.69894251049334,295.3479693554188,5.975973971812521,2022,9
95,陕西略钢,106.167206,33.323678,0.0341897278791444,2.482231255573513e-05,9.9187177378074e-05,0.125725778691784,0.1687113344349467,19.11136262553742,294.6796295038852,289.11433217241944,0.7313472039625746,2022,9
96,青钢控股,120.390032,36.216949,0.0390663383557747,0.0001134322398596,0.0001330953312745,0.1318120471695363,0.3365738011628552,25.83838920600101,302.74501752247704,291.5263473395313,18.82641003483128,2022,9
97,鞍钢股份,122.983054,41.148267,0.0463381332855369,0.0001650785985144,0.000331609094005,0.1374849188176954,0.260713792856053,37.41238005132834,300.6219040454628,289.26867757628145,12.45275715219818,2022,9
98,首钢水城,104.877413,26.595229,0.0308049461868559,3.686516964097494e-05,0.0001732968257258,0.1223049513166997,0.2409482519531621,16.606701791488376,297.1524710042805,286.4218414026251,5.36064109430212,2022,9
100,首钢长治,113.060809,36.356404,0.0429627499331163,0.0001143056608413,0.0001902741881653,0.1308553976526925,0.3500935056973674,45.55891060069488,300.2393473923158,286.133882154947,4.823015230480631,2022,9
101,马长江,118.465162,31.502272,0.0449867413461801,0.0001127074453404,8.693681736774442e-05,0.1285962284711002,0.361978445017831,36.33499851994466,302.81363922615367,295.09128566488647,6.29915748744673,2022,9
102,龙腾特钢,120.835685,31.723833,0.0422312741493203,0.0001172690950109,5.392566762657746e-05,0.1277524027386785,0.4753908211839918,29.88028313666291,301.399648551785,293.19054001436496,10.5350521948566,2022,9
103,龙门钢铁,110.575788,35.618466,0.0537478013023617,0.0001342516015807,0.0003404979023871,0.1306253804870671,0.5083908028030114,46.401900444521054,300.84213928100803,289.73417137652126,3.811279453202177,2022,9
1,东华钢铁,118.256774,39.468366,0.0462615831154124,0.0002775604106508,0.0003886358082616,0.1342625047960345,0.4320630025178693,39.530158301174346,291.7844524956608,280.4300576072525,2.754703036640282,2022,10
2,东海钢铁,118.624794,39.748373,0.0489957860473317,0.000300865042155,0.0004699062297487,0.1348355908555803,0.3844944736950589,43.15891369366138,293.7433332959424,279.9664368468402,3.8496829306343066,2022,10
3,东特,121.759531,39.05443,0.0380552581961144,0.0001000275122016,0.0003015170731332,0.1339866152783392,0.3400706495270172,25.989737148113853,291.2472559265809,280.3390729117887,15.801130169818848,2022,10
4,中天钢铁,120.081591,31.702681,0.0422174554867649,0.0002181767837595,0.0001250950251013,0.1222148973546467,0.3333767269201476,30.903223091627297,300.2593971139787,295.26086108697746,15.182821127340125,2022,10
6,佰工钢铁,118.819472,39.748773,0.0484690800232454,0.0002879359548311,0.0005080219727779,0.1349245065960725,0.3903057227631674,40.75569037809146,292.2470654562261,280.8349399063516,3.005849010109221,2022,10
8,兴澄特钢,120.320504,31.938905,0.0419477327699451,0.000158004713814,-4.12927067752287e-05,0.1222979077744458,0.3588575954911726,27.453935043854973,299.82798358967074,294.5389842381708,19.635988516775093,2022,10
9,冷钢,111.437288,27.690401,0.0437049683768823,7.463246518279612e-05,6.26760689399324e-05,0.1192125536626311,0.3742836401772442,33.77306961648041,304.2993440426885,296.799114896721,1.751445566350033,2022,10
10,凌钢集团,119.41374,41.271048,0.0344812989504578,5.929207677877987e-05,0.000371631904922,0.1363637493822863,0.2288448614345242,27.239115651069387,290.47606275684075,276.4291254983393,4.394927328544055,2022,10
11,凤宝特钢,113.872158,36.131666,0.0445854238458938,0.0001367798435437,0.000329928018918,0.1265395390515832,0.416939249254705,50.8701556422745,292.12998227997616,281.23491189889387,3.113310854097518,2022,10
13,南钢股份,118.746315,32.200797,0.0408792550993904,0.0001573972587084,0.0001482548713449,0.1228469827890921,0.2916256282289087,33.6533396705363,299.8277920816625,294.3503059292529,17.54345466917056,2022,10
17,太钢,112.57052,37.970033,0.0404641193667678,0.0002404745641376,0.0004327743203819,0.1277487576306027,0.3393226664634264,43.38033830897324,289.18300871330075,278.49925956980803,17.62115155950149,2022,10
19,宁波钢铁,121.876423,29.918776,0.036485965511005,7.180768753387827e-05,0.000218067644573,0.1207231550211715,0.2971783359476891,24.517295879531723,300.79094035606977,295.2223280349345,23.66556918974132,2022,10
20,安徽富鑫,118.067833,31.194505,0.0431325765208294,0.000113062762915,6.8978054169817e-05,0.1217568475124049,0.3886118906181893,27.80810858500286,299.6228242071922,295.407776867021,3.2706484165392617,2022,10
21,安徽贵航,117.251147,30.531068,0.04302810327256,9.797191323385915e-05,0.0002131530982357,0.1209903576474248,0.3380405996082077,28.28086564932164,304.0908946987388,295.99799825523513,4.100847631982866,2022,10
22,安钢信阳,114.038243,32.488704,0.0437293746548035,9.38495512843968e-05,0.0002239958284747,0.1225655139906257,0.4588592972375676,43.75586470928283,299.50974207121465,290.8300652593891,1.53260069942496,2022,10
23,安钢股份,114.283145,36.122129,0.0455120734076563,0.0002102992843873,0.0003266668788466,0.1270836086023935,0.4961271156128349,56.84666313228284,293.36132762032787,281.4781249902408,7.347592157302775,2022,10
24,宏兴钢铁,118.871477,39.700721,0.048731821248068,0.0002649979152145,0.0005001600293174,0.1348690062756547,0.3861348410930751,40.75569037809146,292.981450719529,280.14666984277903,2.872424792423442,2022,10
26,宝武鄂钢,114.861313,30.39574,0.0436803286310445,0.0001233333446383,2.4702232545428536e-05,0.1206010277917281,0.3290228813267489,44.74175921992417,303.0989050565687,294.0603975037977,8.570542046545732,2022,10
27,宝钢八钢,87.304639,43.852147,0.0298667656670221,0.0001143630771922,0.0005016003063761,0.1314802791466424,0.1880238211440336,22.05910005831928,292.58382593857243,275.98838875908024,6.6958294062737655,2022,10
28,宝钢股份,121.440087,31.41623,0.039423037636856,0.0001266897029128,9.975036520425322e-05,0.1223305332752949,0.3902277721210351,29.45141652966597,301.3964811697796,295.6504820811008,18.8484229130117,2022,10
29,山西中阳,111.161118,37.370796,0.0337090186296249,0.0001360584519377,0.0003978166275417,0.1266593849364106,0.2309516215129015,28.0340870517648,287.239335478013,278.23295013416765,2.817285868327111,2022,10
30,山西建邦,111.37916,35.668163,0.0509356689977896,0.0001547139690984,0.0005512010307594,0.1252165456962113,0.3461201709248702,45.97920063592641,292.31683622011207,279.8267437739277,3.79059937897705,2022,10
32,山西晋南,111.51465,35.678541,0.0510368683130405,0.0001517327513946,0.0004138768965908,0.1252575531827592,0.2959867279057201,43.13821833079601,292.1012752533786,279.13920362559594,2.047275519002224,2022,10
33,山西高义,111.258436,35.586841,0.0488718615768218,0.0001379466258747,0.0003649590695531,0.1250513062924154,0.359608336299987,47.34001743931302,291.2724866618134,280.7777455097906,1.76358636573761,2022,10
34,广东韶钢,113.654289,24.704815,0.0412662433819339,5.456758932947411e-05,0.0001130613160459,0.1196396388280197,0.2508655990578884,24.585842181760743,302.34549455185487,296.99604106452915,5.351764364145774,2022,10
35,建龙西林,129.287919,47.495036,0.0330434460874255,2.234468080791943e-05,0.0009048690698871,0.1518044087974157,0.1232927601749845,13.703089017328027,278.7946365529893,271.1955600741339,0.7352072487717959,2022,10
36,德龙控股,114.384832,37.086116,0.0518344241720296,0.0002515751654391,0.0004712315765962,0.128562292850689,0.5496940062928356,60.22106902037194,293.44278121898566,282.1166050592604,5.793189517916241,2022,10
38,攀钢集团,101.693628,26.551896,0.0396057785548584,7.669124322319334e-05,0.0001716111418803,0.1160523336924172,0.2764639993742124,32.08097609785909,299.23751843020204,290.1320835558034,6.315217583067135,2022,10
39,新兴铸管,114.128189,36.621504,0.0563989946799238,0.0002501001790393,0.0005209535960536,0.1275493522703462,0.4481929612441258,53.70817099200991,292.4865344348997,280.9999240651393,4.711240120182276,2022,10
40,新金钢铁,114.216151,36.715444,0.0596868110884607,0.0002701131079366,0.0004213998866897,0.1278165442793015,0.471927259671449,56.82784991154951,292.9294503906291,281.5241787291672,4.124793787577412,2022,10
41,新钢集团,114.932403,27.790574,0.0437196938761021,8.786830989655242e-05,0.0001674778081471,0.1197388744449459,0.2623831785425518,25.4710906499484,306.41164070760937,297.228596556391,6.78812892246255,2022,10
42,方大特钢,115.99204,28.645441,0.0406777460960389,6.963267046065124e-05,0.0001557299570878,0.120093066457299,0.2860927867862305,28.19559696831675,305.37486643964854,296.6809505776636,20.694920234442503,2022,10
43,日照钢铁,119.36115,35.158382,0.0565885961917571,0.0001565105439424,0.0002615957815995,0.1266639449075127,0.3641290147317919,29.1960020000474,294.6189511674527,283.40347036619653,11.194540432267004,2022,10
44,日钢营口,122.395441,40.671136,0.0426404044788802,0.0001257727294612,0.0004669956079595,0.1375812780800403,0.2916021046225755,50.48375939509242,288.6159750916226,278.7624924064169,5.354423554099754,2022,10
45,普阳钢铁,113.925994,36.733675,0.0571544725651566,0.0002581766872223,0.0006055928978928,0.1273165463789719,0.3696270652436901,52.01725900539664,291.4449131591802,280.4804461725026,2.1945764904611678,2022,10
46,本钢集团,123.722099,41.274132,0.0444410547591578,0.0001659309059035,0.0006565637671296,0.1387872525270866,0.1775348856690792,29.236225616265138,286.44746461074504,277.02887558215014,4.388768983716334,2022,10
47,柳钢集团,109.373148,24.379047,0.0435699832969519,7.707429957729204e-05,0.0001213056315353,0.1192165510139836,0.3572419100680574,32.566387377941545,304.70584178656594,298.26510386931074,14.476304487994977,2022,10
48,桂万钢,108.412344,21.687637,0.0424064940669925,6.761576131179642e-05,8.906599153217454e-05,0.1206418859243332,0.3590567104618302,35.90121977481431,299.9995545212524,295.47209830246027,9.883937778911967,2022,10
49,武安文安,114.177621,36.684389,0.0605334239276144,0.0002728522915513,0.0004396203313237,0.127738264267694,0.4681046534298107,55.43123872954249,293.01967948005006,281.3859106428428,5.356278486955803,2022,10
50,武汉武钢,114.444975,30.616222,0.0463115816152643,0.0001844848648269,0.0001565170889042,0.1206875498298035,0.4838972579234886,51.2157569687588,303.1377365675989,295.48818999410463,16.489734333149972,2022,10
51,永钢集团,120.739658,31.839485,0.0402666845210637,0.000110446795866,0.0001022062841613,0.1222822308451577,0.2607843828554552,26.714907619407317,298.15498199205626,293.9606628710902,8.137032233888743,2022,10
52,汉冶特钢,111.534635,33.269324,0.0459692071252594,7.26568479931687e-05,0.0001365816729689,0.1226820164668533,0.4206340777850237,42.04864723078572,297.44860234892263,288.51894344171296,1.409298559992704,2022,10
53,江苏镔鑫,119.279989,35.09556,0.0530655763747499,0.0001582284159282,0.0003041426756739,0.126525163852531,0.3628609825342941,30.82574770154617,294.99520676985867,282.76814494643287,8.942802926542615,2022,10
55,沙钢股份,120.647295,31.967456,0.0431673302196969,0.000138359421461,0.0001161346485061,0.1222734555280115,0.3109281293104213,26.18433367163008,298.655883588134,293.9501004815809,12.820134913391056,2022,10
57,河北新华,117.784839,38.288605,0.0431760158061969,0.0001702386306364,0.0003930856715525,0.1323096059413069,0.4737059436367923,39.046706177191,290.09689092623,283.95730172812847,8.41934659389585,2022,10
58,河北津西,118.220547,40.209844,0.0438813143262537,0.0001727352609466,0.0004857530462394,0.1350029773424285,0.3227835141535555,46.730392177761566,289.4988813758152,280.4029089346544,1.8537537999180849,2022,10
59,河北烘熔,113.981172,36.640411,0.0568360752198345,0.0002259727109675,0.0004741376320086,0.1273049196160741,0.4048504114199204,52.96268668075754,291.71799962563506,280.5118128849045,1.4060408035080445,2022,10
60,河北荣钢,118.558755,39.880661,0.0473935570105277,0.0002852347765548,0.0005106257214157,0.1349509855691753,0.3403938124145286,45.663225309342494,292.2254734923292,280.62625894856524,3.526964595766472,2022,10
61,河钢承钢,117.734527,40.952513,0.0407465746332562,0.0001221993663103,0.0006774121068969,0.1356396040994026,0.2268416730849147,34.0996521922868,289.5413725496732,277.70452807250604,2.349501824615922,2022,10
62,河钢舞钢,113.492311,33.28384,0.0451774739759481,0.0001226783451159,9.19882024452551e-05,0.1234290406213671,0.4718682249731432,49.055567866916974,292.71654213176225,284.05571913681086,2.210965605806189,2022,10
63,泰山钢铁,117.627728,36.22141,0.0452137975035159,0.0001624389560113,0.0002900164385199,0.1271380064589226,0.3815885426764285,40.0862987248729,292.8445124297102,281.3847749140345,5.94647324109124,2022,10
64,济源钢厂,112.553774,35.086396,0.0469523052731231,0.0001912193353297,0.0003237775373996,0.1248734284748763,0.4090169844118001,60.14691916484128,292.43031361138065,282.86452014500856,5.8038749778166405,2022,10
67,海城恒盛,122.83646,41.056042,0.0416217316232996,0.0001333926930901,0.0005846380824656,0.138382552172371,0.2309138105506504,41.023330510370215,288.7179634240968,276.47766896733145,2.5449970086383127,2022,10
68,涟钢,111.967343,27.747782,0.0435478709912608,8.701964206581726e-05,0.0001383048726345,0.1195107554056508,0.3586894220887699,32.460174992365864,303.9681938738701,297.65742213098,6.39969601319811,2022,10
69,淮钢特钢,118.988442,33.566039,0.0398594381265816,0.000106361744999,9.663493852861498e-05,0.1242984074683214,0.3446115842659493,30.011714105155978,297.33755045328843,284.4629963160623,16.400276807585755,2022,10
70,港陆钢铁,118.073913,40.183913,0.0439559657484886,0.0001974992870865,0.0006144202969841,0.1348718557498538,0.3544270839491886,46.57491103898792,290.16662370600915,279.71447223334417,2.1665046684410867,2022,10
71,湖北新冶,115.125838,30.204603,0.0450327774345252,0.0001162295881198,0.0001982696895885,0.1203481589855683,0.35187190208974,77.94466938548794,303.0621234781787,296.1464160564854,5.604181033974149,2022,10
72,潍坊特钢,119.238427,36.644469,0.0397825863316226,0.0001404505711397,0.0003425482285125,0.1291043197329917,0.4372077254571245,38.82997745563444,293.3687069796796,281.6274505757591,11.28085401627864,2022,10
73,玉溪仙福,102.186364,24.012309,0.0321600109554996,3.4849271908394175e-05,5.6489981754976e-05,0.1164211513389735,0.192310842643784,12.139452555828456,298.2906188079065,290.30556529546635,1.462037747970336,2022,10
74,玉溪玉昆集团,102.543682,24.465884,0.0287830171906174,4.416961550924085e-05,0.0001584482720423,0.1157821905493686,0.2215400775206506,18.01075777157605,292.6829610957937,284.98758956275555,2.2289261777354312,2022,10
75,瑞丰钢铁,118.272056,39.497472,0.0464108869983695,0.0002803263408361,0.0004654140155031,0.1342840684863177,0.4285704375473496,39.47345172004512,292.3164169169483,280.3398671786728,2.957789756939212,2022,10
76,甘肃兰鑫钢铁,103.933888,36.510351,0.0277761996689784,7.540372682575255e-05,0.0003529153852716,0.1233985059784311,0.3263778400221204,31.231422781274887,296.4774010495684,277.5976326176965,0.8578835082708893,2022,10
77,石横特钢,116.533981,36.229201,0.0420669960887142,0.0002125018218364,0.0003676377195314,0.1274336053628426,0.4001557522569912,45.98443598353033,292.0303908325957,282.00482401007747,4.605987581606043,2022,10
78,联鑫钢铁,120.774892,33.211332,0.0366198868863474,3.9490993206341765e-05,7.924049471408733e-05,0.1242272060343919,0.2884157453493244,18.294396184634408,294.708415198898,288.8512432487699,3.606176996397818,2022,10
79,荣程钢铁,117.495794,38.970638,0.0427139272109066,0.0002472538189206,0.0005583010560525,0.1331125646412975,0.4016199322244611,40.968714935754576,291.4297886318863,282.44469194674866,11.342636329132738,2022,10
80,萍钢股份,116.27527,29.778431,0.0417592997269753,8.013280040708321e-05,0.0001451051002728,0.1205435168040474,0.2735432954703022,27.15259835128933,303.09368454635,295.5873966400352,2.1681341823102804,2022,10
81,衢州元立,118.848341,28.902581,0.0404712082477609,7.803129840144708e-05,3.622144702548031e-05,0.1199011284435634,0.2871185552974729,20.03779897563618,305.3548166343628,296.0682714279933,10.275448565174065,2022,10
82,裕华钢铁,114.098377,36.731752,0.0640668293928995,0.0002732823920507,0.0004810386452762,0.1275947492677589,0.4505987508066293,52.15121409065387,292.737432213038,281.2430422884778,3.402171232834549,2022,10
83,西宁特钢,101.671414,36.66856,0.0263713936178728,6.75194548356365e-05,0.0001937662340594,0.1228951490255741,0.2403641996685654,22.474655025916945,289.3837070611185,272.3633854675526,7.290277248995167,2022,10
84,贵港桂宝,109.63938,23.089502,0.0429114254149628,6.040693274731725e-05,0.0001046700796292,0.1200533007051428,0.350237172923591,37.91670732566339,304.1474617606123,295.14951108018244,6.680810557913128,2022,10
85,辛集澳森,115.184798,37.752351,0.0467088763844151,0.0002293579350096,0.0005300044438462,0.1298507328146316,0.4951492035466776,49.32590513817559,294.1639981757464,280.16536233483544,1.5990565402928574,2022,10
86,达州钢铁,107.453099,31.18945,0.0438557549146871,9.250250693619815e-05,0.000301645349965,0.1193765750362325,0.3611030274082495,37.55020878531594,302.6892036360045,287.3532750456569,8.319430716346858,2022,10
87,迁安九江线材,118.563418,39.95945,0.0474241354501071,0.0002736844776125,0.0005587664581571,0.1350216060305114,0.3475287607566303,45.53438911828155,291.21089316960257,281.09491976118807,4.584062171180793,2022,10
88,通钢,126.022349,41.779125,0.0316272039797095,4.7496874074099e-05,0.0005267207489375,0.1399740372100942,0.11538796252968,20.198129391246766,283.6721675770792,273.2210235254537,2.1517931591481294,2022,10
89,邢台钢铁,114.452352,37.041601,0.0515515222568968,0.0002659275017622,0.0004934120980541,0.1285579386014591,0.5554639069440397,60.22106902037194,292.9770572669784,282.4556736898352,9.374850215682365,2022,10
90,邯郸中普,113.928977,36.711757,0.0574819593265246,0.0002536952791167,0.0005785651096133,0.1272958788874921,0.3775625102578959,52.7049519620568,291.53990370362874,280.4301523440884,3.813850447396062,2022,10
91,酒泉钢铁,98.286265,39.807065,0.0315037562643993,6.756214953042709e-05,0.00042811088921,0.1270460814210591,0.1776626581994541,26.582625375981088,295.3952968765283,277.18150678405954,6.4263743460129295,2022,10
92,重钢集团,107.040368,29.790253,0.0455257649636662,0.0001511581950922,9.574790700286256e-05,0.1186543657877138,0.3363907332792312,39.65248292417104,305.3735446412616,296.69535858770183,7.001822104617616,2022,10
93,金鼎重工,114.111677,36.718952,0.0638280976082356,0.0002757517163873,0.0004696054706949,0.1276119295939209,0.4564782452699917,52.82243639404041,292.870039149888,281.3159149045844,3.996090254733952,2022,10
94,铜陵富鑫,117.772866,30.907561,0.0422620648937721,0.0001099745656746,4.4160018177416526e-05,0.121146331495375,0.3783690074019112,27.465264269744903,302.25776799121536,296.1597670040168,5.925599840102987,2022,10
95,陕西略钢,106.167206,33.323678,0.0371830540331755,1.9968882997029545e-05,0.0002604900231703,0.1203228968448029,0.264547180574244,19.866229254102876,265.3,279.03489002231424,0.7363940543408121,2022,10
96,青钢控股,120.390032,36.216949,0.0389646601967839,0.0001821227963009,0.0002675474259264,0.1276388397684192,0.437233948025609,27.301437555138364,293.2506077197986,283.54149993358675,19.881145136753588,2022,10
97,鞍钢股份,122.983054,41.148267,0.0449601508106972,0.0001693377154119,0.0005258274875652,0.1386955038586584,0.2382338191285616,36.53567711880485,289.5353412355594,278.30234380727205,12.60831535801834,2022,10
98,首钢水城,104.877413,26.595229,0.0312996928880639,4.269398512964693e-05,5.645770399189591e-05,0.1159097001561393,0.1398135016692096,17.764802962005888,294.4625434228973,285.7069234311357,6.5666045249701295,2022,10
100,首钢长治,113.060809,36.356404,0.0361053966198836,0.0001278891110049,0.0004550085285276,0.1255832459155384,0.2643472611846066,42.87877256983037,289.762500458652,277.75125493649216,4.922203015876569,2022,10
101,马长江,118.465162,31.502272,0.0410836874063136,0.0001182344798117,0.0001022722918281,0.1220646583593351,0.3264533501594319,30.608541700888026,300.001840926519,295.20458675029863,6.558199249482063,2022,10
102,龙腾特钢,120.835685,31.723833,0.038656482188466,0.0001264088272753,9.791828017950744e-05,0.1222789900113212,0.309766632385714,26.714907619407317,298.5574165329056,295.1552296873804,11.86970883476634,2022,10
103,龙门钢铁,110.575788,35.618466,0.0455100945494214,0.0001288985428088,0.0003470097810903,0.1248669410354681,0.3245213160019524,41.76749687768118,289.73083678405953,280.48210867833,3.2110491945073747,2022,10
1,东华钢铁,118.256774,39.468366,0.0444465005662591,0.0002369691145573,0.0008540967697667,0.1382924412282313,0.3898345814520265,49.83627761668677,286.12798714635824,274.95188518211125,2.614539361895191,2022,11
2,东海钢铁,118.624794,39.748373,0.0477544771147724,0.0002387863229726,0.0009162196783746,0.1389569444237484,0.4095886913988352,55.448400291749415,286.7699033644236,274.0630733662189,3.519347216131285,2022,11
3,东特,121.759531,39.05443,0.0396735878272855,0.0001365550495326,0.0005845886686261,0.1381866437817754,0.425011394008797,31.825123340390185,285.5638578842544,277.73966799266697,16.391236336944253,2022,11
4,中天钢铁,120.081591,31.702681,0.0444013159553299,0.0003319546482895,8.074691130090795e-05,0.1182621062009411,0.5880429760178034,37.38687226473303,294.7665880250689,285.33596026894134,14.625804041457222,2022,11
6,佰工钢铁,118.819472,39.748773,0.0464371483516662,0.0002366451101832,0.0015360100469364,0.1391375001514827,0.4507822127081696,52.33010114125136,286.1193998720334,275.0901644399668,2.689426264559316,2022,11
8,兴澄特钢,120.320504,31.938905,0.045242380391105,0.000288319394472,0.0001086112123357,0.1186678401137231,0.643400552549551,34.60742293825683,293.5468445632229,285.48531325989137,17.98665510721841,2022,11
9,冷钢,111.437288,27.690401,0.0457372047199286,7.381597364883587e-05,0.0001154939671155,0.1138874424587719,0.5116810289632043,39.78278409330029,298.4608115595225,286.5068553986026,1.6289260782706727,2022,11
10,凌钢集团,119.41374,41.271048,0.0336530776977459,7.839599116117067e-05,0.0008049519775168,0.143503457639468,0.2318932816388879,30.782814173272072,280.9246629700077,270.3086897644432,4.584759195814341,2022,11
11,凤宝特钢,113.872158,36.131666,0.0486529904375279,0.0001435627022428,0.0008454695107965,0.1280573014274562,0.5449485184696093,68.452492680867,288.3542002608375,277.9115036682956,2.715454984592193,2022,11
13,南钢股份,118.746315,32.200797,0.0446820482946065,0.0002156974074314,7.266208078439576e-05,0.1198486429712219,0.6062044010151453,40.69402592676852,292.8737363208326,285.8677768678049,18.068804312274768,2022,11
17,太钢,112.57052,37.970033,0.0390408007310675,0.0002797537197731,0.0007230737551683,0.1319049218410573,0.4284307444827804,53.76936371097092,283.9224013874522,273.13381500348856,16.33479978989965,2022,11
19,宁波钢铁,121.876423,29.918776,0.0388772325478405,0.0001723135500536,0.0002076104857747,0.1143129112813359,0.4370185639044623,20.90605376984251,296.7713307344813,287.6601039640662,24.46090042931916,2022,11
20,安徽富鑫,118.067833,31.194505,0.045941224671275,0.0001364529572182,6.814805869648329e-05,0.117713991747643,0.5644987274221682,34.24777952666866,293.77883962212184,286.2317305446953,3.2598735528799447,2022,11
21,安徽贵航,117.251147,30.531068,0.0462390142021293,0.0001227599153505,0.000139356984733,0.1165521516306479,0.4005086989276794,35.67822304262336,296.46299270194766,285.6336264706117,4.05046878653195,2022,11
22,安钢信阳,114.038243,32.488704,0.0455765462090925,7.079847233405327e-05,0.0002227246112376,0.1203961194114308,0.6872378619091889,53.88620039070702,293.2047170713506,282.862255093338,1.653853662363136,2022,11
23,安钢股份,114.283145,36.122129,0.0509929828898013,0.0002205416671139,0.0010860881743062,0.1284598214700681,0.7577349104337943,81.06424932783762,288.3768327271395,279.00630241960005,7.244843938813761,2022,11
24,宏兴钢铁,118.871477,39.700721,0.047253323635957,0.000232502328244,0.0016118761844197,0.1390308170545772,0.4626214317649412,52.33010114125136,286.46639890852896,274.4748739965748,2.4877859101171644,2022,11
26,宝武鄂钢,114.861313,30.39574,0.0480220001374045,0.000137871268875,2.5657270116843652e-05,0.1166752117416776,0.5027149174941348,56.979732205280136,297.1036688458022,287.30341542650217,8.679210198202615,2022,11
27,宝钢八钢,87.304639,43.852147,0.0304352216098275,0.0001393256571316,0.0014726842674545,0.1384054387151556,0.2137153748659472,31.31575225322098,277.7641414902462,270.2908379686708,15.510761079725697,2022,11
28,宝钢股份,121.440087,31.41623,0.0413612363182376,0.0002961514016595,0.0001564941745804,0.1175230769555213,0.5346579805902517,39.38241245175357,296.07282920415804,286.69332946905456,18.501145876889485,2022,11
29,山西中阳,111.161118,37.370796,0.0352198589034145,0.0001560310381123,0.0006719109732294,0.1293214927617761,0.2316247758243838,35.2626230437636,283.34166697101534,273.883176443822,2.868783731940568,2022,11
30,山西建邦,111.37916,35.668163,0.0484196196936339,0.0001615827839576,0.0005356604420396,0.1261388124100644,0.6324762722989179,65.04232742758344,288.0892203508459,277.85000613425774,3.358461106286842,2022,11
32,山西晋南,111.51465,35.678541,0.0469411876250418,0.0001436108642514,0.0004819006843223,0.1261748719652858,0.5772031579597603,56.68142577519575,288.1182848004721,277.4964515773091,1.883985887083777,2022,11
33,山西高义,111.258436,35.586841,0.0492444466717647,0.0001763916928604,0.0005292875428251,0.1258607758392176,0.6550559760750643,66.73842402582625,287.7931837964482,278.2341020432981,1.6107432042456475,2022,11
34,广东韶钢,113.654289,24.704815,0.0414652046111802,9.895956744926794e-05,1.7380222972194263e-05,0.1110926687306426,0.2918082143937229,27.95788149806448,299.1367653632348,291.1146433404708,2.7755645549430588,2022,11
35,建龙西林,129.287919,47.495036,0.0338587920777732,2.8016158749643846e-05,,0.1632321731464953,0.1678854566654108,14.857033661384271,270.9245986787956,265.04306566498803,0.9413840611064233,2022,11
36,德龙控股,114.384832,37.086116,0.051979619941657,0.0002995277426127,0.0009532918091642,0.1309457150158085,0.7466265346786368,86.55321437345265,288.6166920049598,278.0277470438074,5.1726526121884016,2022,11
38,攀钢集团,101.693628,26.551896,0.0481677673857731,8.306907122082214e-05,0.0003108379629127,0.1122010033355198,0.148834642349626,37.31589259814427,296.7038439992471,287.5864812594969,7.480904655553124,2022,11
39,新兴铸管,114.128189,36.621504,0.0536669692290672,0.0002469171516352,0.0006131453883868,0.1296079964000082,0.5225491879667398,72.47613855962231,287.7360656021917,277.9549333608571,4.383177079497901,2022,11
40,新金钢铁,114.216151,36.715444,0.0550675673087594,0.0002783770817643,0.0010687991907308,0.1299418247294489,0.5726744467505528,79.3007910510878,287.9006663835805,277.9672994404957,4.083228426130796,2022,11
41,新钢集团,114.932403,27.790574,0.0428521071255582,9.803531037905908e-05,2.3112923713969905e-05,0.1131360146574416,0.3991374621369233,29.98127617263382,300.268947280745,288.781242597564,4.409317186721517,2022,11
42,方大特钢,115.99204,28.645441,0.0436005890205805,9.438259464612035e-05,7.259770003381698e-05,0.1138472345303688,0.402596125889538,36.32926137697723,299.46472092983026,288.6909289680926,14.708510452241391,2022,11
43,日照钢铁,119.36115,35.158382,0.0516337524707208,0.0002070615473675,0.0003721205788816,0.1269879226824819,0.6182362862317171,37.55696713880658,291.27789107919915,282.3040503523076,10.869555559872763,2022,11
44,日钢营口,122.395441,40.671136,0.0398650711294489,0.0001480925623486,0.0008691887237824,0.1428993145722552,0.2192918252930445,46.55385055229999,281.6831478720385,274.2794334753071,5.834240152012865,2022,11
45,普阳钢铁,113.925994,36.733675,0.0537447313857783,0.0002266320561323,0.0009597485837457,0.1295751647641909,0.4795952371510684,69.700948068506,287.1462055860076,277.39752309035094,1.842697593185913,2022,11
46,本钢集团,123.722099,41.274132,0.0430156788336226,0.0001998000580317,0.0012366310085726,0.1447892236191357,0.2095914226998472,37.09243840810137,279.4128875318634,272.4412892636019,5.288599220431051,2022,11
47,柳钢集团,109.373148,24.379047,0.0415355099783396,9.345406042750338e-05,0.0001143913995473,0.1124493962192289,0.4915406172907017,29.38440292362556,301.3303171970336,292.1767625787988,10.960652627097843,2022,11
48,桂万钢,108.412344,21.687637,0.0379155087513197,6.876022879634108e-05,0.0001998744075628,0.1121426107835896,0.2961529541884133,24.796253939030063,297.9696503526747,292.28425064937335,7.933187114742142,2022,11
49,武安文安,114.177621,36.684389,0.0555180698455358,0.0002753052129571,0.0009113629687109,0.1298058431083389,0.5536750140754473,76.1801739881975,287.84182517490467,277.9529451268423,5.069865967778978,2022,11
50,武汉武钢,114.444975,30.616222,0.0511669773591385,0.0002130104712852,0.0002710387621006,0.1169559824402118,0.586563233883273,65.89949919089122,295.598778343646,286.99065806250616,16.481647858798567,2022,11
51,永钢集团,120.739658,31.839485,0.0426396742864733,0.0002083337194984,0.0001218809845285,0.1185678211384497,0.4498335234021502,33.73985535404245,293.8681088501915,284.40556911896226,7.56760688186431,2022,11
52,汉冶特钢,111.534635,33.269324,0.0455225158547081,7.029774655158433e-05,0.00056591576337,0.1211879755935369,0.4612790127962828,53.79888534662314,290.21881672040115,283.177801540194,1.4839250303181826,2022,11
53,江苏镔鑫,119.279989,35.09556,0.0499254531300742,0.0001893759225077,0.0004088654184126,0.1268609735913636,0.6562520853341945,39.1897883324799,291.4098750475288,281.5467519267301,8.47975937955117,2022,11
55,沙钢股份,120.647295,31.967456,0.0460448076229857,0.0002280594354545,9.165008674352112e-05,0.118876199979647,0.5194776178039855,33.15524648438407,293.9535678157163,284.8136344908137,11.752616154829168,2022,11
57,河北新华,117.784839,38.288605,0.0430574586940664,0.0001976610145482,0.0013313985855046,0.1353368540312972,0.4954308673262544,52.63123832744244,285.19544479932875,279.9347251634608,8.313065984309361,2022,11
58,河北津西,118.220547,40.209844,0.040652497055896,0.0001217901038558,0.0008230371292924,0.1400689193517737,0.2987663093434851,57.82791952324896,285.3981284639963,274.7762795099288,1.711565625752971,2022,11
59,河北烘熔,113.981172,36.640411,0.0532535796697383,0.0002166180567914,0.0009114077118196,0.1294323409330313,0.499299591392378,70.87358966373358,287.10155825035537,277.5552278995336,1.3740955032054676,2022,11
60,河北荣钢,118.558755,39.880661,0.0477762445019147,0.0002362292313728,0.0009564326184378,0.1393419237676335,0.3488085323526561,58.69786642881916,286.2844664856509,274.94041626042264,3.408676839097162,2022,11
61,河钢承钢,117.734527,40.952513,0.0380895399085949,0.0001124218901875,0.0020169104475773,0.1423875383412918,0.239484129553492,37.20325022495656,282.3517836841195,271.17035075678507,2.790580715046077,2022,11
62,河钢舞钢,113.492311,33.28384,0.0449883442315861,8.463439307363238e-05,0.0003706040130522,0.1216978011086956,0.7564663548076515,61.73604487660614,290.9012265146087,283.74948710773697,2.411972450671983,2022,11
63,泰山钢铁,117.627728,36.22141,0.0475864086886947,0.000192195336138,0.0007366414063734,0.1295270016308589,0.688881671277553,48.56191537783161,288.86637227903856,277.9690811342111,6.318865284323847,2022,11
64,济源钢厂,112.553774,35.086396,0.047336237994486,0.0001770668774039,0.0005493880918955,0.1253455960298561,0.6659919772199437,81.07037611239693,289.44238049861565,280.5453538699575,6.123566249129124,2022,11
67,海城恒盛,122.83646,41.056042,0.0417278576004044,0.0001662759771953,0.000935083556945,0.144333752939319,0.2816957524322672,48.53315616060172,281.50143452339285,271.7434245648344,2.737903995260826,2022,11
68,涟钢,111.967343,27.747782,0.0456627016665244,0.0001099009145298,-7.860001633448054e-06,0.1136842180632891,0.5277206741324335,41.42316001320978,299.42055803363905,287.5904751218259,5.074638390494658,2022,11
69,淮钢特钢,118.988442,33.566039,0.0422643579221267,0.0001329100452051,0.0003901585556245,0.1231021926793798,0.5221398371249398,37.0602206795137,292.44426305757275,282.2363950895582,15.66077646718005,2022,11
70,港陆钢铁,118.073913,40.183913,0.0402381483149429,0.0001288025196147,0.0009653969992669,0.1399778944331077,0.3505167872418637,59.30032642709193,286.1272901426965,274.23677582121366,1.8537623328734665,2022,11
71,湖北新冶,115.125838,30.204603,0.0478651653450188,0.0001336134395283,0.0001928429856174,0.1160490996970597,0.4624969971862746,94.89836827469844,296.37524643250373,287.86515919421515,5.186086198642999,2022,11
72,潍坊特钢,119.238427,36.644469,0.0441284492302351,0.0002224323998465,0.0005384703796777,0.1310245617784869,0.5637231520310717,48.06016917768829,289.91198935794665,279.17631674280403,10.76014824171396,2022,11
73,玉溪仙福,102.186364,24.012309,0.0302068161767248,2.4284124037043545e-05,6.789308733138761e-05,0.1116532899566505,0.0816164884405822,9.44597447049213,296.2593763814525,288.0986929663359,1.6860649235023109,2022,11
74,玉溪玉昆集团,102.543682,24.465884,0.0303336027846549,3.932890442204655e-05,0.0001648199137446,0.1113337663728449,0.0901636081311602,14.788391943123482,293.66341619851295,283.74285079477664,2.8657584915122407,2022,11
75,瑞丰钢铁,118.272056,39.497472,0.0444521435608547,0.0002386591746995,0.0010102984275081,0.1383795792574301,0.3986153489497392,49.55706407469913,286.44457418045187,274.900780378042,2.838947763760903,2022,11
76,甘肃兰鑫钢铁,103.933888,36.510351,0.0289447399115022,0.0001225243532412,0.0004560262131182,0.1264201858392626,0.2774867844035141,42.53141838717056,287.2314505049874,270.95667681431405,1.0204466908288283,2022,11
77,石横特钢,116.533981,36.229201,0.0461308829392117,0.0001770792286776,0.0004935174505606,0.1294711696248772,0.8660234079869628,56.407060474547926,288.6849405149759,279.0716701407141,4.076662728775751,2022,11
78,联鑫钢铁,120.774892,33.211332,0.039224622510496,7.719178584116125e-05,0.0001528083717074,0.1219140803464525,0.6282702238715513,22.274392032482197,290.4449550545503,284.08107949350574,2.891106027013051,2022,11
79,荣程钢铁,117.495794,38.970638,0.0465159605864588,0.0002866016047111,0.0012946644699718,0.1369266799313596,0.393753472211616,54.02832563224925,286.1748125220327,277.1080403898968,11.58523881215129,2022,11
80,萍钢股份,116.27527,29.778431,0.0477205224726675,0.0001151513869119,0.0001160378228799,0.1148261031394057,0.4124727906693256,32.45940119989511,297.80249841351963,287.523585406123,1.89617995055252,2022,11
81,衢州元立,118.848341,28.902581,0.0421140924889873,0.0001009001767704,-4.300610459041573e-05,0.1133913157349199,0.2942184815182059,23.07891477926205,298.5737996812184,288.2496453510979,6.760073721133796,2022,11
82,裕华钢铁,114.098377,36.731752,0.0594174213188845,0.000276069407786,0.0009654084837073,0.1297861942299367,0.5629851942090239,69.92645388320564,287.7387338848457,277.5959770855842,3.409924069285304,2022,11
83,西宁特钢,101.671414,36.66856,0.0246378986743997,6.106784390482488e-05,0.0006804997296178,0.1257429777421222,0.2060101656527766,26.55815656282812,284.0151416487784,269.89756813187,8.556831077744187,2022,11
84,贵港桂宝,109.63938,23.089502,0.0390985235992017,6.0452656659503794e-05,9.227794328034852e-05,0.1120762502790981,0.3421374162592221,27.95708790277139,302.8477369674476,291.6586836410478,3.597328958775297,2022,11
85,辛集澳森,115.184798,37.752351,0.049043417836959,0.0002148657032837,0.0010363069232024,0.1327764118219703,0.7595702491738242,79.22362499357405,287.5819044794611,275.9467332771002,1.4661095535577502,2022,11
86,达州钢铁,107.453099,31.18945,0.0429091832259983,8.840293259506492e-05,1.262462821016697e-05,0.1178642748312812,0.3907858667706172,47.26146621236405,294.6416281448404,286.1369464667054,8.282259523318592,2022,11
87,迁安九江线材,118.563418,39.95945,0.0486590087989955,0.0002211491852116,0.0009798768641776,0.1395303584871156,0.3571296754265443,57.672162656760655,286.0324956494682,275.48304452695265,4.479821994154207,2022,11
88,通钢,126.022349,41.779125,0.0331697037462608,6.279246146109727e-05,0.0010245736461551,0.1460584470856953,0.170417293474996,25.90784298206472,277.29202370729024,269.64899820824354,2.4448929077182755,2022,11
89,邢台钢铁,114.452352,37.041601,0.0525351495135943,0.0002974079858512,0.0009910570314308,0.1308647762719465,0.7461803032187084,86.55321437345265,287.865770834082,278.3994285324263,8.439211991469968,2022,11
90,邯郸中普,113.928977,36.711757,0.0541047607230547,0.0002259015039623,0.0009755668141799,0.1295473634644732,0.4802974565506948,70.55391375455558,287.0450056238018,277.3444653750495,2.516676360041815,2022,11
91,酒泉钢铁,98.286265,39.807065,0.0311869889083882,9.49255354529278e-05,0.000620613670219,0.1359778123730656,0.1705096695032869,26.758108818328186,287.388526500732,270.62458607583443,9.981804947898183,2022,11
92,重钢集团,107.040368,29.790253,0.0470240097097009,0.0001004636287917,-8.653058070601154e-05,0.1160638411304876,0.6992751072225732,45.96482190745382,295.20058261474134,287.37378917618605,6.308586903936123,2022,11
93,金鼎重工,114.111677,36.718952,0.0589494311063512,0.0002781160345074,0.0009421031625046,0.1297799479072686,0.5662245757107787,70.9853220554703,287.73816934243104,277.66450841295153,3.9587431616859474,2022,11
94,铜陵富鑫,117.772866,30.907561,0.0455170738535772,0.0001762887874123,0.0002129453916049,0.1169498532678156,0.5007297706931948,34.992188816316485,294.2045720498671,286.4056780529877,6.071168027397172,2022,11
95,陕西略钢,106.167206,33.323678,0.0317533138358326,1.8549761664327093e-05,0.0004488698807954,0.1196120580607365,0.1232750054077112,23.574159984444517,283.79997313793467,279.240729349502,0.9731338432530784,2022,11
96,青钢控股,120.390032,36.216949,0.0415918093585787,0.0002174500921983,0.0004986146650597,0.1295306629965353,0.5015366728323438,31.97639841800992,289.8514139905707,280.4694167757049,20.64303135718969,2022,11
97,鞍钢股份,122.983054,41.148267,0.0441367964977863,0.0002057586779136,0.0008608356865125,0.1447585068703615,0.2449628774664755,43.69719050221539,281.7076299925972,274.39675134311807,13.731673084492536,2022,11
98,首钢水城,104.877413,26.595229,0.0308372074759167,5.597877681657087e-05,0.000154353387733,0.1122958928631077,0.2055534366730232,19.375249848962994,292.63573821685685,283.7157634619783,7.044188374080807,2022,11
100,首钢长治,113.060809,36.356404,0.0383054983022102,0.0001697728337793,0.0004533692009364,0.1274139169890066,0.3554139620470332,50.2287441680971,285.84639526494266,274.2489155756921,4.1042609497507865,2022,11
101,马长江,118.465162,31.502272,0.043777831746598,0.0001530312705283,1.2737243239025145e-06,0.1182383312486555,0.5328680233224629,36.450780379043614,294.85121025297235,286.5349431423645,6.30028141158482,2022,11
102,龙腾特钢,120.835685,31.723833,0.0412893419805542,0.0002308980486306,0.0001557487871403,0.1184224008434984,0.4893078018997566,33.73985535404245,294.4954498900387,285.29106281053816,10.988124732724607,2022,11
103,龙门钢铁,110.575788,35.618466,0.0520226174337241,0.0002368854756518,0.0007718168493948,0.126063851375955,0.6828048734610525,56.55757743350316,287.826537644956,278.7229059775871,2.706800888200965,2022,11
1,东华钢铁,118.256774,39.468366,0.0419232866506116,0.0001783527464528,,0.162306717252155,0.1961924849067806,35.327631297790305,275.5600274061994,261.88463395368586,3.0112028376998934,2022,12
2,东海钢铁,118.624794,39.748373,0.0468813522213678,0.000181433493664,,0.1644104800203173,0.2051877564356445,43.30081113825454,274.7193617570917,261.7635373699266,4.378001107998132,2022,12
3,东特,121.759531,39.05443,0.0393432997448428,0.0001176864051809,,0.1618379685684151,0.2309546447855946,19.66337974600008,273.1349169920986,265.4376044466544,19.318058751191657,2022,12
4,中天钢铁,120.081591,31.702681,0.0449525446524567,0.0002924785690614,0.0005325122456408,0.1256932119540358,0.3038063853512237,55.45158998643274,281.5820280842941,273.1467350961163,14.45040902506732,2022,12
6,佰工钢铁,118.819472,39.748773,0.0502029930949003,0.0001801866462364,,0.1648106625727688,0.1966156652474021,41.516415194564615,274.12469658016016,263.0799894689572,3.2096626462695745,2022,12
8,兴澄特钢,120.320504,31.938905,0.0465908451822342,0.0003132276242646,0.0003882106027483,0.1264935669504807,0.3556428884415309,51.752743486577295,281.238642736334,273.32286681961017,18.21578862021785,2022,12
9,冷钢,111.437288,27.690401,0.0506658319110048,0.0001245257944701,0.0002714286037787,0.1162110569545047,0.45905275879596,48.95406313635931,285.54769563719304,275.96189681586844,1.8600312032880195,2022,12
10,凌钢集团,119.41374,41.271048,0.0357994142292108,5.721063764435457e-05,,0.1708701788264559,0.1552598098419075,19.69336618179788,269.1603156712437,258.0859507688866,4.818688463977326,2022,12
11,凤宝特钢,113.872158,36.131666,0.0587361049958951,0.0003740405543536,0.001547580165778,0.142952414470198,0.3095198378982184,73.2906416207085,278.3270639488996,268.03775881371007,3.0853854322400323,2022,12
13,南钢股份,118.746315,32.200797,0.0461155323087402,0.0002563570709078,0.0005876326581253,0.1275244319056007,0.3092817463569806,60.68142965887091,280.7372648598776,273.2756708467536,19.53732572715147,2022,12
17,太钢,112.57052,37.970033,0.0371952053881008,0.0002118360720053,,0.1497994079806354,0.1543213076074928,49.93525455952109,273.7227398421055,263.0584855374756,20.508014777023376,2022,12
19,宁波钢铁,121.876423,29.918776,0.0407240149477462,0.0002156948147965,0.000425183126112,0.118766092731848,0.3209562784458153,24.3030796780331,282.6065358990732,275.52096755712193,23.962475600187894,2022,12
20,安徽富鑫,118.067833,31.194505,0.0451852748151419,0.0001932935926133,0.0007078665889907,0.1239091720622353,0.3694993801456719,53.58300880804931,280.81441901373057,274.56299480766575,3.1822115279484464,2022,12
21,安徽贵航,117.251147,30.531068,0.0440641031260584,0.0001417310477067,0.0004838434725363,0.1216112489197955,0.3861898835167752,47.18467039310781,281.7475248550573,273.7935922177795,4.463194336994802,2022,12
22,安钢信阳,114.038243,32.488704,0.0464130529584815,0.000109295075966,0.0006110923735317,0.1287498158111676,0.4257923339311384,66.79358932615287,281.54078298291296,270.53048097684785,1.5816872930472234,2022,12
23,安钢股份,114.283145,36.122129,0.0554317191359096,0.0004107929894211,0.0011560775301662,0.1434415433472064,0.3673051444612186,85.58590612779501,277.81541364032006,268.5376088027454,7.8020228522226205,2022,12
24,宏兴钢铁,118.871477,39.700721,0.052244955574736,0.0001860508764779,,0.1646500852473616,0.2068311599191291,41.516415194564615,274.7424297099947,262.47310520230934,3.078439599810925,2022,12
26,宝武鄂钢,114.861313,30.39574,0.0482671973266067,0.0001644263519256,0.0003402312638697,0.1224488800870621,0.4648976322231919,77.05997044966641,282.9129764464875,275.6190740855027,8.68782437816628,2022,12
27,宝钢八钢,87.304639,43.852147,0.0373972804095963,,,0.1479530608475991,,58.91291033304406,259.1550425687107,252.11543714954308,19.998991245931503,2022,12
28,宝钢股份,121.440087,31.41623,0.0481915030517728,0.0003440851373841,0.0003849671127793,0.1243575133601854,0.3208204995522003,57.76681694666637,283.70027876135464,274.5787076489675,20.212328708710256,2022,12
29,山西中阳,111.161118,37.370796,0.0361148522589137,0.0001437520976601,0.0073671502295127,0.146028594141874,0.1554748571487866,27.511216416087336,271.05553599076154,263.11330147961104,3.352201698879675,2022,12
30,山西建邦,111.37916,35.668163,0.0581252934510582,0.0001993697100775,0.0006449110030648,0.1397309010284898,0.3855251632774642,68.98504342025642,277.33558369702496,266.9171216454288,4.245199530740424,2022,12
32,山西晋南,111.51465,35.678541,0.0555789440822344,0.0001842946486704,0.000851220613501,0.1395278183329281,0.3782372622775223,58.71785901945259,277.4812080623067,266.5304038157687,2.314343669344275,2022,12
33,山西高义,111.258436,35.586841,0.0584046587178033,0.000206913849354,0.0007722274987513,0.1392605093961099,0.3811820759574634,72.39169314936652,276.9426778805245,267.3896385722999,1.82032568247168,2022,12
34,广东韶钢,113.654289,24.704815,0.0457798958775631,7.180665075532592e-05,0.000259958519358,0.1098437294915209,0.3246370819074909,27.035276741535373,287.5472436440407,279.5504808347036,4.847631698439386,2022,12
35,建龙西林,129.287919,47.495036,0.0383327698774637,,,0.19085158174128,0.1768513680928147,11.23017115053518,257.5900307334209,252.99325878322503,1.7087193054491927,2022,12
36,德龙控股,114.384832,37.086116,0.0568521807639023,0.0003980481695184,0.0021867705664595,0.1479024459380317,0.2797186910234335,86.39295145940196,277.935907874478,266.7877527000502,6.50380490555396,2022,12
38,攀钢集团,101.693628,26.551896,0.048558046426563,9.640866860637085e-05,0.0002796831806368,0.1127194887645684,0.2286286045099413,43.54108185111727,292.2836691987643,283.7576528791359,4.749901547442661,2022,12
39,新兴铸管,114.128189,36.621504,0.0644305648480591,0.0004310892163296,0.0023112863553258,0.145347267801837,0.2827537353571328,71.66163615097577,277.6666697875869,267.6100732872791,6.438681488880066,2022,12
40,新金钢铁,114.216151,36.715444,0.0659558943373493,0.0004452311524321,0.0020503603651768,0.1458913133711314,0.2963476514529571,79.29443234990487,277.924014788911,267.20374259787474,4.4405050589513415,2022,12
41,新钢集团,114.932403,27.790574,0.0470577402734093,0.0001624462466546,0.0005781698461365,0.1158302272935929,0.3226198980019828,34.72205275057574,284.8328784600915,276.28561781842217,7.133096416063848,2022,12
42,方大特钢,115.99204,28.645441,0.0449143875592695,0.0001583463495454,0.0002266057349031,0.1179311492074908,0.3800484014550089,43.02118483678896,284.3397219131088,275.8921433796881,20.665260632382108,2022,12
43,日照钢铁,119.36115,35.158382,0.058274347481279,0.0003086874451258,0.0013568691981672,0.1416271230102435,0.260305668158497,53.2935598935018,278.2876509076987,269.81073748135475,10.081310347652488,2022,12
44,日钢营口,122.395441,40.671136,0.0452879736712223,0.0001333883051932,,0.1696483137493687,0.255340391423248,36.76004567410018,270.2944443796714,259.79401709325936,6.348833788681348,2022,12
45,普阳钢铁,113.925994,36.733675,0.0670645513482743,0.0003851919562148,0.003120578950523,0.1455654596598188,0.2435640533254582,68.03225548161103,277.2206575900312,266.9574357481104,1.8933591506605376,2022,12
46,本钢集团,123.722099,41.274132,0.0498366991827043,0.000257845740567,,0.1730482106605946,0.1533603825260635,32.42548772732487,267.32687090161204,259.7056819122564,6.321751671584465,2022,12
47,柳钢集团,109.373148,24.379047,0.0500587688681604,9.041097969509294e-05,0.0001318731049379,0.1105860792405819,0.4282934669311061,34.12899109153514,290.0740028805349,281.18088083796727,11.696464842796294,2022,12
48,桂万钢,108.412344,21.687637,0.0465666440552654,8.82035607578756e-05,-1.3030691489617049e-05,0.1086788240796865,0.36118223284578,30.75731314083896,292.00899186391035,283.5736955551186,9.88739666523946,2022,12
49,武安文安,114.177621,36.684389,0.0665214468346431,0.0004440562698316,0.0023530941775781,0.1456631713402643,0.2929648801085284,75.86365118510983,277.8463617291006,267.42000156907864,5.457086196831681,2022,12
50,武汉武钢,114.444975,30.616222,0.0509271091416386,0.0002559186141852,0.0005966390523697,0.1228263102187108,0.5574047747713299,88.72517298641469,282.896567113924,275.8755283982201,18.715119428113304,2022,12
51,永钢集团,120.739658,31.839485,0.0483870644448365,0.0002957382602458,0.0003425668608523,0.1257775542432284,0.2808773981256702,48.144642050829134,281.4151249557096,272.8742816387484,7.319762667853045,2022,12
52,汉冶特钢,111.534635,33.269324,0.0456945033674513,0.0001164907847603,0.000371621269889,0.1294859103177073,0.3575228730863584,60.09049258182131,280.42574231077924,272.73040355448967,1.534376819445354,2022,12
53,江苏镔鑫,119.279989,35.09556,0.0537052963266615,0.0003110760709005,0.000890367252219,0.1412481360165199,0.2666703734203001,60.90721726556902,278.48035670709214,268.9313070194012,7.7324264258398365,2022,12
55,沙钢股份,120.647295,31.967456,0.0502627022358205,0.0002971180377939,0.0003952835204042,0.1263980432978938,0.3610185336585091,48.80803219192181,281.60257899345794,273.2630106521888,10.76127705788195,2022,12
57,河北新华,117.784839,38.288605,0.0460021236645705,0.0003002512106137,,0.1554153575909087,0.4389389538150298,53.8245595399376,274.1256224343495,268.4508504415212,8.269201758971258,2022,12
58,河北津西,118.220547,40.209844,0.0426559449071756,7.867745861666523e-05,,0.1656228186133072,0.1597921310722815,40.34751643585166,273.06875719005063,263.3364569640888,2.1273583977469857,2022,12
59,河北烘熔,113.981172,36.640411,0.0662611590432341,0.0004012697815551,0.0026558389616199,0.1452937231751873,0.2523823331524481,69.84363665196724,277.3276935735887,267.270871089627,1.510961479085552,2022,12
60,河北荣钢,118.558755,39.880661,0.0479675935393281,0.0001643039396738,,0.1650916718254206,0.1906016311700993,45.16026525548343,274.4431915878113,262.9611157650771,12.275468463455733,2022,12
61,河钢承钢,117.734527,40.952513,0.0351980473997279,5.031901471998197e-05,,0.1668629702433557,0.1204267877969334,21.61801061928238,268.52763489113624,259.5740834995327,3.086061103459234,2022,12
62,河钢舞钢,113.492311,33.28384,0.0438703470922605,0.0001293616817644,0.0007855810211212,0.1310096049833758,0.3776723976531521,73.83592933148914,280.4613355587248,271.8548366357742,2.644216236170032,2022,12
63,泰山钢铁,117.627728,36.22141,0.0491837282618634,0.0002627737693522,0.0011705596570922,0.147096021271133,0.3459793632720128,65.39475805311668,276.16916322052043,266.7837603080512,6.975799985956545,2022,12
64,济源钢厂,112.553774,35.086396,0.0540298764350129,0.0002865434476201,0.0012816124691744,0.1373708234315073,0.3805587065324629,78.25684897291738,280.23927389889707,270.6406682567041,6.688727099201431,2022,12
67,海城恒盛,122.83646,41.056042,0.0439571240391977,0.0001501331879629,,0.1717307005557667,0.2214803469163825,50.26549843023531,270.81765294294115,258.3003605666816,3.1703994249342635,2022,12
68,涟钢,111.967343,27.747782,0.0499792052989101,0.0001309793329363,0.0002596945663174,0.1162712478145246,0.4455365742635646,51.02934608203213,286.79811809827,276.2192477885362,6.395861225826084,2022,12
69,淮钢特钢,118.988442,33.566039,0.0448001972195733,0.0002052820909797,0.000560923918738,0.1334415333787445,0.4277657601088557,63.82540445436362,279.3941205763647,271.0181982182687,16.75586777970639,2022,12
70,港陆钢铁,118.073913,40.183913,0.0417089697626853,9.349045908382868e-05,,0.1653822131388264,0.1676947609823075,42.76973797345818,273.6574534204419,262.10661907959224,2.365439381562754,2022,12
71,湖北新冶,115.125838,30.204603,0.0480356309242523,0.0001768450995555,0.0005372338888596,0.1214639237182644,0.4246414355625129,127.58340517393664,282.68709666633623,275.8913648040692,6.419184374310612,2022,12
72,潍坊特钢,119.238427,36.644469,0.0453794976625473,0.0002942813879043,0.0010360566258405,0.1490369434950789,0.3962948765806415,59.32407987074839,276.721248905782,266.0839934800962,12.521778435988306,2022,12
73,玉溪仙福,102.186364,24.012309,0.0323811192271549,2.2433195470805663e-05,5.2019264745823725e-05,0.1099045771032693,0.1361963214595716,13.101845988623907,292.92215590297644,285.4473526602122,1.2221998347761145,2022,12
74,玉溪玉昆集团,102.543682,24.465884,0.0310394177039181,3.8552179386988174e-05,0.0001159331097533,0.1098880033200674,0.1077532690327543,16.111434166603107,289.83636972534987,280.8468174749075,1.8140955561969612,2022,12
75,瑞丰钢铁,118.272056,39.497472,0.0419661552078429,0.0001770863348672,,0.1625224235114983,0.1911242258122772,34.8881050616601,275.6619440882816,262.0212228136981,3.2151744379162617,2022,12
76,甘肃兰鑫钢铁,103.933888,36.510351,0.0324470424624471,0.0001194748875992,0.0021419825034918,0.1370653551330983,0.3051248084290042,53.13218309765944,275.13007117484847,259.0824695597224,1.013125963519653,2022,12
77,石横特钢,116.533981,36.229201,0.0470916496183664,0.0002394672943954,0.0021801904133999,0.1456447394911603,0.3169319526592422,73.34065346214526,277.1042640958915,267.39286791392345,4.460462337861865,2022,12
78,联鑫钢铁,120.774892,33.211332,0.0423876689590715,0.0001557898462095,0.0003558769935975,0.1316431107379488,0.4263047248089989,31.49066713213329,278.9544738426984,273.4789778612977,2.4548381078176544,2022,12
79,荣程钢铁,117.495794,38.970638,0.0431732725054658,0.000298533784451,,0.1585652230966843,0.2510883410438213,50.89107596679294,275.1721927383107,264.82832405639624,12.44820845061552,2022,12
80,萍钢股份,116.27527,29.778431,0.044845352712627,0.0001235444202261,0.0002485157554926,0.1205319767975695,0.4279955281743753,42.7524469536997,282.8607070698284,275.32513548771635,2.2254235581765505,2022,12
81,衢州元立,118.848341,28.902581,0.0436944954488175,0.0001498496210024,0.000624862229436,0.1169835646218511,0.2372950295388263,29.085320818467157,283.61886070137547,274.39402563982947,10.766469319749085,2022,12
82,裕华钢铁,114.098377,36.731752,0.0715305484630654,0.0004359957792643,0.0026097740419553,0.1457414256264296,0.2812746766180223,68.32302721379942,277.8688810631583,267.374101316438,3.778612296521545,2022,12
83,西宁特钢,101.671414,36.66856,0.0294127318002958,9.681016644140524e-05,0.000845482493435,0.1355817071849837,0.2206647274844844,31.77926899411432,273.05608382113144,260.14337899038145,9.96689948686792,2022,12
84,贵港桂宝,109.63938,23.089502,0.0487715855063148,6.613553869292859e-05,0.0001314354846221,0.1090814394547265,0.3824807295367748,39.21381423654594,291.46771132095466,282.8081761689841,6.997077321791925,2022,12
85,辛集澳森,115.184798,37.752351,0.0486541492566703,0.0003242801841031,,0.152059483419557,0.3200786209749992,85.57425701383181,277.72618956438134,263.9536325761809,1.635030406612773,2022,12
86,达州钢铁,107.453099,31.18945,0.0488359425709523,0.000107085259993,0.0004011955947605,0.1233106347625848,0.6172174068612898,64.23648032428581,281.5377580584856,276.38673133921696,8.014281409888603,2022,12
87,迁安九江线材,118.563418,39.95945,0.0457465698155745,0.0001462210613591,,0.1654304026216006,0.1875191739351993,43.04737560596619,273.90138648578795,263.33318593617963,13.739033731442646,2022,12
88,通钢,126.022349,41.779125,0.0369481994171828,3.551762541407269e-05,,0.1748424615039783,,28.73705184924802,260.3825785777132,256.1845002750887,3.803992620002523,2022,12
89,邢台钢铁,114.452352,37.041601,0.0567973735970438,0.0004154189140721,0.0021654626461475,0.1478101269508844,0.303952891363523,86.39295145940196,277.70858260552234,266.85257749262774,10.572209821256411,2022,12
90,邯郸中普,113.928977,36.711757,0.0674707673579391,0.0003889598182245,0.0027721355465339,0.1454733067399334,0.2443577152947187,69.34983281210842,277.28586708318306,266.9298043406572,2.689583314213219,2022,12
91,酒泉钢铁,98.286265,39.807065,0.0341769942377604,0.0001213687639767,,0.1446575065873934,0.1751731433718528,31.23023711066755,272.09958372929736,260.418826853131,10.221060016147591,2022,12
92,重钢集团,107.040368,29.790253,0.0531290317867204,0.0001452288912761,0.0002328502801745,0.1204728897376504,0.8819876150697696,53.75433070214595,283.1176802014649,278.21778759379964,6.120225872354009,2022,12
93,金鼎重工,114.111677,36.718952,0.0708757912924012,0.0004402583134724,0.0025596666114086,0.1457097993030395,0.2845374578465841,69.73915613418339,277.9431889483241,267.4686216630192,4.367676147370099,2022,12
94,铜陵富鑫,117.772866,30.907561,0.0430311765485624,0.000195221906473,0.0005576870885914,0.1222716649151148,0.3666405595728846,52.964667814393074,280.978170954788,274.70107548248103,5.889569925661495,2022,12
95,陕西略钢,106.167206,33.323678,0.0354691126213607,2.320844684939404e-05,0.0003207356589783,0.127738099854138,0.2242481967437642,35.01581374581538,276.7801586504657,272.4714134000281,0.7727605441868222,2022,12
96,青钢控股,120.390032,36.216949,0.0459344709725114,0.0003000768885889,0.0009257808485582,0.1474212834057413,0.3740471424346599,38.03717163464171,276.4073474828039,269.06961487898667,21.496998012849875,2022,12
97,鞍钢股份,122.983054,41.148267,0.0475884966626595,0.0001970636508746,,0.1721435392723668,0.1995703130680676,42.3145294963164,270.4384639182824,260.60890151794206,15.498203040814817,2022,12
98,首钢水城,104.877413,26.595229,0.0295463362219555,6.028470608717572e-05,0.0005002004784488,0.1125201833944809,0.3347872137727317,24.56098613379254,283.6193951560677,267.6301773584905,4.541712554338487,2022,12
100,首钢长治,113.060809,36.356404,0.0374440125938599,0.000172333385117,0.0009514625941767,0.1433031791740572,0.1865785783848161,50.97160016725451,276.5529857415782,264.08230710599395,4.854083249134771,2022,12
101,马长江,118.465162,31.502272,0.0426932422610826,0.0001847346926004,0.0007196594359791,0.1249476945335001,0.3102857951448665,56.7854164311143,281.0360046297611,273.1822336847616,6.6551980548300085,2022,12
102,龙腾特钢,120.835685,31.723833,0.0447522290369238,0.0003123809098122,0.0004861851609197,0.1253915000710672,0.2737193204190653,48.144642050829134,281.5207805322285,273.09244227563505,11.450863519135456,2022,12
103,龙门钢铁,110.575788,35.618466,0.0519132619282806,0.0001876653175071,0.0009030519895628,0.1386645873832846,0.2993636437129217,51.31628696708961,277.4988649215577,268.62442836854325,3.9831588676059657,2022,12
