Plant_CO_MEAN,Plant_LSTA_MEAN,Plant_LSTT_MEAN,Latitude,Longitude,Plant_NO2_MEAN,Plant_O3_MEAN,Plant_SO2_MEAN,Plant_NTL_MEAN,id,month,output,year
0.05057043,,12787.35847,43.883141,87.563057,0.001800029,0.152679211,,54.72011499,ID00340792,1,102.32,2019
0.049801587,,12899.83528,43.883141,87.563057,0.001299095,0.16242603,,69.46629666,ID00340792,2,143.19,2019
0.042666485,,13509.02535,43.883141,87.563057,5.15E-04,0.162917758,3.81E-04,36.63538692,ID00340792,3,129.73,2019
0.037811427,,13976.5366,43.883141,87.563057,1.97E-04,0.147908548,3.84E-05,35.33586502,ID00340792,4,132.42,2019
0.034834548,,,43.883141,87.563057,1.80E-04,0.155879186,2.97E-04,34.11355128,ID00340792,5,134.17,2019
0.031095503,,,43.883141,87.563057,1.44E-04,0.151575438,-7.10E-06,32.61275273,ID00340792,6,133.46,2019
0.033061634,,14814.22843,43.883141,87.563057,1.51E-04,0.1407867,2.23E-04,31.34725255,ID00340792,7,121.1,2019
0.033536995,,14768.68627,43.883141,87.563057,1.64E-04,0.128569455,-1.28E-05,34.97162217,ID00340792,8,125.53,2019
0.034416718,,,43.883141,87.563057,2.26E-04,0.129460661,2.66E-04,34.18880397,ID00340792,9,116.51,2019
0.035901929,-7064.512745,13767.26113,43.883141,87.563057,3.27E-04,0.130028134,4.72E-04,42.53497024,ID00340792,10,127.29,2019
0.038688307,13950.40294,13364.04346,43.883141,87.563057,6.28E-04,0.137391642,-3685.906024,48.6850021,ID00340792,11,142.52,2019
0.043443184,4454.764706,12881.51176,43.883141,87.563057,0.001271944,0.140906025,,64.61143789,ID00340792,12,157.68,2019
0.048456827,,12988.65654,43.883141,87.563057,0.001452343,0.165969332,,61.93016985,ID00340792,1,112.3,2020
0.042615211,,13150.24311,43.883141,87.563057,6.19E-04,0.160382209,,49.27403011,ID00340792,2,135.56,2020
0.040863567,,13613.51498,43.883141,87.563057,2.32E-04,0.16158046,5.90E-04,38.14934366,ID00340792,3,125.43,2020
0.038062333,,,43.883141,87.563057,1.90E-04,0.149445415,3.24E-04,38.93203901,ID00340792,4,143.43,2020
0.034859024,,13996.05098,43.883141,87.563057,1.56E-04,0.142821935,1.60E-04,40.89085594,ID00340792,5,164.47,2020
0.031492372,,,43.883141,87.563057,1.40E-04,0.144564337,2.98E-05,41.30978453,ID00340792,6,171.01,2020
0.030567269,,14792.61667,43.883141,87.563057,1.26E-04,0.138241159,2.18E-04,34.28877945,ID00340792,7,163.68,2020
0.030019678,,,43.883141,87.563057,1.01E-04,0.132019104,9.07E-05,28.8103578,ID00340792,8,171.44,2020
0.033944909,2327.845098,13905.82598,43.883141,87.563057,1.88E-04,0.131221957,4.12E-04,35.92400035,ID00340792,9,169.35,2020
0.038894164,,13796.66089,43.883141,87.563057,2.97E-04,0.130670767,7.62E-04,44.40043811,ID00340792,10,164.12,2020
0.040683161,,13608.52222,43.883141,87.563057,3.89E-04,0.127269668,5.73E-04,45.42456113,ID00340792,11,175.86,2020
0.053243604,,12776.00412,43.883141,87.563057,0.001585853,0.142795744,,54.35012413,ID00340792,12,201.54,2020
0.050396567,,12671.95718,43.883141,87.563057,0.001303109,0.145154623,,60.3159565,ID00340792,1,144.1,2021
0.046838542,,13091.26712,43.883141,87.563057,9.67E-04,0.153775373,-4999.499795,109.9817387,ID00340792,2,164.54,2021
0.042372032,2088.972059,13418.2049,43.883141,87.563057,5.46E-04,0.161103,-2.56E-04,50.37557057,ID00340792,3,142.13,2021
0.039975635,,13902.19902,43.883141,87.563057,2.47E-04,0.157496921,3.31E-04,43.8235323,ID00340792,4,169.2,2021
0.035799371,,13993.53824,43.883141,87.563057,1.63E-04,0.146755307,3.37E-04,40.62499934,ID00340792,5,168.58,2021
0.030061616,,,43.883141,87.563057,1.46E-04,0.14321785,-2.18E-04,35.70430963,ID00340792,6,173.05,2021
0.032617463,5845.942157,14872.23,43.883141,87.563057,1.41E-04,0.137036518,1.29E-05,36.96200967,ID00340792,7,167.4,2021
0.038921763,,-6732.027451,43.883141,87.563057,1.60E-04,0.137816574,1.14E-04,36.57827202,ID00340792,8,169.47,2021
0.037455922,,14083.98725,43.883141,87.563057,2.11E-04,0.130670078,1.25E-04,35.54744358,ID00340792,9,167.23,2021
0.036971512,,13775.18682,43.883141,87.563057,3.13E-04,0.132773157,4.38E-04,35.83758048,ID00340792,10,158.79,2021
0.037781043,10945.92206,13327.01397,43.883141,87.563057,5.81E-04,0.139819914,,45.6857282,ID00340792,11,175.41,2021
0.040403015,,12955.71642,43.883141,87.563057,0.001091441,0.14498408,,55.66805372,ID00340792,12,198.72,2021
0.046828575,,12970.01237,43.883141,87.563057,0.001104382,0.155842864,,51.35582189,ID00340792,1,133.6,2022
0.047425862,,13001.3641,43.883141,87.563057,0.001168287,0.168483375,,50.46008559,ID00340792,2,173.46,2022
0.037249111,,13588.8282,43.883141,87.563057,3.15E-04,0.153385601,3.02E-04,41.32797819,ID00340792,3,141.54,2022
0.035643886,,14155.46814,43.883141,87.563057,1.72E-04,0.149662859,-1.24E-04,42.87991377,ID00340792,4,171.52,2022
0.031754166,,,43.883141,87.563057,1.34E-04,0.137713032,7.21E-05,39.2996127,ID00340792,5,168.37,2022
0.02989197,,14934.7201,43.883141,87.563057,1.45E-04,0.143254511,5.57E-05,42.45221285,ID00340792,6,170.31,2022
0.028478437,,14887.6902,43.883141,87.563057,1.32E-04,0.139912284,2.75E-04,0,ID00340792,7,146.8,2022
0.03098909,,14836.32598,43.883141,87.563057,1.19E-04,0.132541147,2.31E-05,33.88321624,ID00340792,8,148.79,2022
0.029504329,,2398.872549,43.883141,87.563057,1.64E-04,0.130678497,2.87E-05,31.84942957,ID00340792,9,171.67,2022
0.030306284,,13779.91078,43.883141,87.563057,1.89E-04,0.13093501,7.49E-04,33.11608863,ID00340792,10,168.3,2022
0.031427996,13996.80588,13646.18196,43.883141,87.563057,2.74E-04,0.139942998,0.001842412,55.51717452,ID00340792,11,172.55,2022
0.039017456,,12820.53756,43.883141,87.563057,0.001157771,0.149009276,,62.45303419,ID00340792,12,203.51,2022
0.040006022,,7509.356652,39.800785,98.279902,1.75E-04,0.144750966,,36.27987483,ID00319714,1,62.27,2019
0.034733768,10366.74239,13301.37831,39.800785,98.279902,1.35E-04,0.149422548,5.77E-04,33.01105033,ID00319714,2,61.03,2019
0.036602446,8936.749086,13619.18688,39.800785,98.279902,1.26E-04,0.155723193,2.95E-04,27.89176177,ID00319714,3,67.08,2019
0.035830453,13074.54063,13877.18118,39.800785,98.279902,1.41E-04,0.141580846,7.55E-05,26.31600594,ID00319714,4,63.57,2019
0.033628016,13045.80205,6526.992944,39.800785,98.279902,1.18E-04,0.143397647,2.27E-04,24.74995596,ID00319714,5,58.92,2019
0.030476846,9570.633055,-758.41544,39.800785,98.279902,1.12E-04,0.136963135,6.85E-05,24.69318406,ID00319714,6,62.28,2019
0.030451899,3790.468559,14609.03429,39.800785,98.279902,1.06E-04,0.134233144,2.73E-05,26.03291922,ID00319714,7,68.3,2019
0.032644419,9569.65857,14651.50443,39.800785,98.279902,9.51E-05,0.125762405,9.26E-05,25.22108429,ID00319714,8,68.16,2019
0.031195839,-435.7681714,14304.10586,39.800785,98.279902,1.03E-04,0.124507074,1.78E-04,32.2592616,ID00319714,9,62.92,2019
0.034162257,8844.169905,13832.3269,39.800785,98.279902,1.20E-04,0.132897848,1.82E-04,34.78584634,ID00319714,10,60.01,2019
0.033970243,14142.45756,13695.15717,39.800785,98.279902,1.28E-04,0.13695727,3.43E-04,37.03971015,ID00319714,11,52.52,2019
0.033355936,13986.27142,5951.611384,39.800785,98.279902,1.36E-04,0.148119701,,36.97627125,ID00319714,12,60.79,2019
0.042137492,13914.89545,13128.12659,39.800785,98.279902,1.29E-04,0.159566721,1.31E-05,34.12069409,ID00319714,1,64.99,2020
0.037373585,14149.18002,13363.34466,39.800785,98.279902,1.11E-04,0.156316317,4.89E-04,27.97788715,ID00319714,2,52.38,2020
0.035072331,12567.38636,13626.67975,39.800785,98.279902,1.12E-04,0.156063493,4.26E-04,31.06986693,ID00319714,3,55.95,2020
0.036012482,12994.8154,13854.16679,39.800785,98.279902,1.08E-04,0.150047629,2.04E-04,32.38429838,ID00319714,4,64.79,2020
0.03241971,9274.080716,13984.78656,39.800785,98.279902,9.79E-05,0.140860702,8.89E-05,30.38607712,ID00319714,5,69.68,2020
0.031330728,13526.56264,14510.49965,39.800785,98.279902,1.09E-04,0.130980182,9.75E-05,30.90586367,ID00319714,6,68.39,2020
0.03065511,9632.72647,14652.35476,39.800785,98.279902,1.06E-04,0.128178051,1.18E-04,29.17242633,ID00319714,7,75.07,2020
0.03178093,13613.5974,14645.18341,39.800785,98.279902,1.15E-04,0.124700284,6.04E-05,29.87994383,ID00319714,8,87.04,2020
0.032240338,13030.53621,14292.44864,39.800785,98.279902,1.05E-04,0.124316404,9.64E-05,31.4666265,ID00319714,9,85.46,2020
0.035372745,8797.66876,13748.72908,39.800785,98.279902,1.14E-04,0.124872946,2.77E-04,40.76044906,ID00319714,10,86.9,2020
0.033270322,14216.67893,13571.49995,39.800785,98.279902,1.42E-04,0.125114251,3.71E-04,47.93068107,ID00319714,11,87.1,2020
0.037643077,-2751.47792,-5674.937193,39.800785,98.279902,2.65E-04,0.14505738,,52.41375135,ID00319714,12,77.57,2020
0.038492423,11992.85172,9578.100916,39.800785,98.279902,1.83E-04,0.143319579,3.04E-04,51.72150471,ID00319714,1,90.45,2021
0.036594252,8525.47678,13387.52849,39.800785,98.279902,1.14E-04,0.148355018,6.40E-04,41.7582383,ID00319714,2,84.2,2021
0.036744359,8674.810811,13628.33014,39.800785,98.279902,1.24E-04,0.148386416,5.94E-04,39.22124124,ID00319714,3,91.21,2021
0.033091267,9096.839338,13821.13593,39.800785,98.279902,1.05E-04,0.149750234,1.56E-04,35.46333171,ID00319714,4,81.44,2021
0.035588815,3662.265375,10574.94182,39.800785,98.279902,1.16E-04,0.143583769,1.77E-05,38.44168582,ID00319714,5,89.03,2021
0.033588185,-321.138371,14571.55047,39.800785,98.279902,1.13E-04,0.133804992,2.14E-05,31.35998743,ID00319714,6,87.01,2021
0.031466228,13712.85412,14691.00242,39.800785,98.279902,1.15E-04,0.13291958,-7.94E-05,36.83594017,ID00319714,7,86.22,2021
0.039389341,13568.10878,14542.77696,39.800785,98.279902,1.18E-04,0.130547826,1.02E-04,34.53795896,ID00319714,8,84.44,2021
0.032659299,13174.2213,8475.984972,39.800785,98.279902,1.16E-04,0.128579489,2.01E-04,30.55036519,ID00319714,9,74.29,2021
0.031135805,8736.914894,13739.49542,39.800785,98.279902,1.06E-04,0.127205522,2.40E-04,35.34567007,ID00319714,10,52.67,2021
0.030232886,14229.38481,13430.52774,39.800785,98.279902,1.38E-04,0.140761393,0.001222593,42.58444848,ID00319714,11,25.38,2021
0.035600518,13984.81598,13163.89058,39.800785,98.279902,1.66E-04,0.142120205,,43.29374573,ID00319714,12,28.81,2021
0.042402967,13965.73212,7765.407262,39.800785,98.279902,1.61E-04,0.156171359,6.53E-04,41.47985727,ID00319714,1,93.34,2022
0.038130707,13979.91623,13252.58489,39.800785,98.279902,1.37E-04,0.161088862,8.14E-04,52.03208415,ID00319714,2,85.59,2022
0.035740758,3175.403729,13636.15411,39.800785,98.279902,1.09E-04,0.144881536,2.71E-04,39.12198797,ID00319714,3,94.07,2022
0.036368063,-487.6504743,13903.51216,39.800785,98.279902,1.30E-04,0.148792296,2.83E-04,36.57242391,ID00319714,4,91.04,2022
0.034652901,9435.964998,14221.72301,39.800785,98.279902,1.14E-04,0.140176115,1.83E-04,34.54561599,ID00319714,5,86.82,2022
0.031695542,9579.375439,7697.467452,39.800785,98.279902,1.16E-04,0.135151551,4.88E-05,33.87471263,ID00319714,6,87.89,2022
0.031845434,9442.68247,14585.53731,39.800785,98.279902,1.22E-04,0.131482898,3.99E-05,34.7475924,ID00319714,7,84.31,2022
0.031766257,15573.28925,14549.84675,39.800785,98.279902,9.74E-05,0.124042873,-1.68E-05,27.92567158,ID00319714,8,61.35,2022
0.031217228,13333.96096,14386.22673,39.800785,98.279902,1.06E-04,0.127570336,2.32E-05,38.42037522,ID00319714,9,53.81,2022
0.034082098,12760.36339,13835.81129,39.800785,98.279902,1.27E-04,0.127737216,3.88E-04,36.84542721,ID00319714,10,57.22,2022
0.033668348,12344.84324,13558.64419,39.800785,98.279902,1.52E-04,0.134880047,6.65E-04,50.62951233,ID00319714,11,54.45,2022
0.036041422,8049.542362,,39.800785,98.279902,2.19E-04,0.14316014,,50.04955378,ID00319714,12,51.14,2022
0.043018553,14982.13521,5095.519187,26.551896,101.693628,1.70E-04,0.103584555,2.42E-04,9.010605356,ID00319655,1,86.98,2019
0.037173024,15239.05555,7424.9075,26.551896,101.693628,1.01E-04,0.106559696,6.49E-05,9.904370133,ID00319655,2,79.31,2019
0.044193612,15426.6688,14521.02943,26.551896,101.693628,1.22E-04,0.11445198,1.69E-04,10.05530643,ID00319655,3,89.09,2019
0.053121252,15847.52933,14730.61332,26.551896,101.693628,1.45E-04,0.121804328,5.02E-05,10.11921559,ID00319655,4,87.74,2019
0.045807304,13408.16032,14840.79415,26.551896,101.693628,1.22E-04,0.120338973,7.10E-05,10.67533313,ID00319655,5,91.8,2019
0.03888679,13286.56261,14878.4509,26.551896,101.693628,1.01E-04,0.124100904,-6.46E-05,9.909191231,ID00319655,6,87.79,2019
0.042209499,15547.30441,,26.551896,101.693628,1.01E-04,0.124571624,9.75E-05,0.512649502,ID00319655,7,84.23,2019
0.049835855,15518.13988,14746.31797,26.551896,101.693628,1.24E-04,0.124541664,1.96E-04,8.121916659,ID00319655,8,85.73,2019
0.038780214,12777.95309,2408.525,26.551896,101.693628,9.10E-05,0.119917687,2.16E-04,9.545789142,ID00319655,9,86.71,2019
0.043160207,15219.28136,7565.084755,26.551896,101.693628,1.22E-04,0.117579531,1.71E-04,10.34262987,ID00319655,10,92.96,2019
0.048311368,15116.42254,14407.01869,26.551896,101.693628,1.51E-04,0.108915882,4.17E-04,10.86501962,ID00319655,11,83.62,2019
0.050608268,14868.21253,9616.993312,26.551896,101.693628,1.63E-04,0.115017556,5.20E-04,10.39768145,ID00319655,12,82.06,2019
0.049902529,14936.66525,11928.30582,26.551896,101.693628,1.36E-04,0.115669357,4.63E-04,10.74734298,ID00319655,1,88.44,2020
0.054494714,15082.857,14294.93903,26.551896,101.693628,1.18E-04,0.125665913,1.61E-04,10.80063744,ID00319655,2,77.42,2020
0.047070912,15506.80753,14588.03417,26.551896,101.693628,1.10E-04,0.127440986,2.08E-04,10.85320099,ID00319655,3,77.58,2020
0.05148063,13129.08724,10005.19985,26.551896,101.693628,1.12E-04,0.131978545,3.94E-05,10.55918631,ID00319655,4,78.46,2020
0.045677351,15873.8502,14752.27874,26.551896,101.693628,1.22E-04,0.128335861,1.37E-04,11.81435305,ID00319655,5,80.33,2020
0.036589584,13430.18801,14847.79224,26.551896,101.693628,9.96E-05,0.122535293,1.42E-04,6.863963192,ID00319655,6,82.41,2020
0.035257931,15424.3598,14726.10686,26.551896,101.693628,7.68E-05,0.121305023,1.25E-04,9.032806333,ID00319655,7,91.13,2020
0.042518663,,799.272549,26.551896,101.693628,1.09E-04,0.121899705,-1.04E-04,8.88487253,ID00319655,8,92.56,2020
0.037727515,8272.571569,-1709.39281,26.551896,101.693628,1.01E-04,0.116651091,8.65E-05,9.980139836,ID00319655,9,90.24,2020
0.039858467,5867.798922,12299.61368,26.551896,101.693628,1.02E-04,0.111843694,3.82E-04,6.009053838,ID00319655,10,90.01,2020
0.050743661,15000.12885,9808.738954,26.551896,101.693628,1.53E-04,0.113261393,1.56E-04,11.21186024,ID00319655,11,87.75,2020
0.054634403,14927.25427,11843.66384,26.551896,101.693628,1.69E-04,0.110381069,6.06E-04,10.9847008,ID00319655,12,81.8,2020
0.059223525,14945.70318,7252.096928,26.551896,101.693628,1.83E-04,0.110522941,2.27E-04,11.9017401,ID00319655,1,94.24,2021
0.050044855,15226.34878,4467.434877,26.551896,101.693628,1.28E-04,0.122247443,2.69E-04,11.36673535,ID00319655,2,77.46,2021
0.050098566,15555.4875,14561.54035,26.551896,101.693628,1.16E-04,0.119867503,1.13E-04,11.837015,ID00319655,3,80.02,2021
0.051985568,15669.44217,14692.82026,26.551896,101.693628,1.16E-04,0.125977829,2.95E-04,11.17752718,ID00319655,4,93.17,2021
0.046792057,15808.65223,14849.61955,26.551896,101.693628,1.19E-04,0.127334053,1.33E-04,11.97854911,ID00319655,5,95.2,2021
0.040243942,15762.98892,,26.551896,101.693628,9.44E-05,0.123562993,7.97E-05,1.521120107,ID00319655,6,89.43,2021
0.03803173,15629.84534,14751.48652,26.551896,101.693628,9.58E-05,0.128887571,1.16E-04,10.20542654,ID00319655,7,80.58,2021
0.043785924,15514.6612,14760.50229,26.551896,101.693628,1.06E-04,0.127378852,3.93E-05,21.32369164,ID00319655,8,84.96,2021
0.035456131,12916.25711,12267.45242,26.551896,101.693628,9.77E-05,0.123669541,1.37E-04,9.170639733,ID00319655,9,76.89,2021
0.036100749,15299.40319,14539.20904,26.551896,101.693628,1.03E-04,0.119640226,3.59E-04,9.54732336,ID00319655,10,85.1,2021
0.04088706,15047.5773,14427.88292,26.551896,101.693628,1.35E-04,0.117012557,2.54E-04,10.82390693,ID00319655,11,79.28,2021
0.047380934,14937.75525,11830.75946,26.551896,101.693628,1.46E-04,0.113645434,5.35E-04,11.88859302,ID00319655,12,81.8,2021
0.044674855,14925.35724,5086.504379,26.551896,101.693628,1.44E-04,0.122688985,3.40E-04,13.19429195,ID00319655,1,90.33,2022
0.037673095,15115.75399,14245.79585,26.551896,101.693628,8.98E-05,0.126481292,-4.99E-05,13.51555404,ID00319655,2,72.62,2022
0.048743546,15560.20412,14542.47527,26.551896,101.693628,1.31E-04,0.127503887,7.88E-05,13.05736761,ID00319655,3,80.26,2022
0.049850055,15705.61821,10089.23779,26.551896,101.693628,1.10E-04,0.131650498,1.55E-04,12.62689218,ID00319655,4,82.49,2022
0.046579896,15630.97165,-7771.968627,26.551896,101.693628,1.01E-04,0.130782256,4.14E-05,10.44391914,ID00319655,5,89.33,2022
0.038362125,1873.962255,,26.551896,101.693628,8.57E-05,0.129381472,1.95E-04,9.257698589,ID00319655,6,86.2,2022
0.037905092,15657.68405,7798.264412,26.551896,101.693628,1.00E-04,0.128831979,1.77E-04,0,ID00319655,7,89.75,2022
0.046072999,15504.86562,-1665.815686,26.551896,101.693628,1.11E-04,0.12527694,9.89E-05,1.340605406,ID00319655,8,89.97,2022
0.039269845,-2058.506863,,26.551896,101.693628,9.48E-05,0.122910476,1.28E-04,8.063821123,ID00319655,9,88.31,2022
0.039944544,12798.32268,14499.19926,26.551896,101.693628,1.18E-04,0.116077862,1.60E-04,9.75732841,ID00319655,10,89.21,2022
0.050745894,15102.3266,14325.89006,26.551896,101.693628,1.36E-04,0.112602061,1.78E-04,11.19940455,ID00319655,11,80.47,2022
0.051492885,14928.58978,14158.42998,26.551896,101.693628,1.51E-04,0.110737239,1.47E-04,9.596335852,ID00319655,12,79.15,2022
0.04299193,14979.94471,3574.814809,26.553205,101.695655,1.70E-04,0.103569256,2.37E-04,9.878017634,ID00319721,1,334.84,2019
0.037214243,15241.02473,7476.932139,26.553205,101.695655,1.01E-04,0.106568574,6.84E-05,11.03642055,ID00319721,2,297.56,2019
0.044387382,15427.3506,14527.10763,26.553205,101.695655,1.23E-04,0.114458493,1.77E-04,10.81811099,ID00319721,3,337.8,2019
0.053222029,15843.31258,14741.46748,26.553205,101.695655,1.46E-04,0.121855133,5.21E-05,11.01693319,ID00319721,4,328.2,2019
0.045829781,14265.93634,14850.75867,26.553205,101.695655,1.22E-04,0.120354912,7.44E-05,11.94501942,ID00319721,5,340.18,2019
0.038860577,14144.7542,14887.4219,26.553205,101.695655,1.01E-04,0.124102385,-6.27E-05,10.59194803,ID00319721,6,332.55,2019
0.042164253,15566.58047,,26.553205,101.695655,1.01E-04,0.12459001,1.01E-04,0.715836593,ID00319721,7,327.89,2019
0.049738476,15515.91086,14753.98544,26.553205,101.695655,1.23E-04,0.124546337,1.95E-04,8.644197748,ID00319721,8,321.33,2019
0.038781706,13612.59223,-544.9803729,26.553205,101.695655,9.09E-05,0.119905756,2.13E-04,10.33768884,ID00319721,9,323.03,2019
0.043381887,15215.47184,7612.773324,26.553205,101.695655,1.22E-04,0.117566137,1.71E-04,11.74657013,ID00319721,10,341.05,2019
0.048376511,15121.00646,14420.24254,26.553205,101.695655,1.51E-04,0.108924771,4.09E-04,12.22932772,ID00319721,11,318.52,2019
0.050725449,14872.56461,8854.9146,26.553205,101.695655,1.64E-04,0.115013508,5.14E-04,11.83865812,ID00319721,12,317.5,2019
0.049899412,14938.3754,10367.6559,26.553205,101.695655,1.36E-04,0.115660559,4.84E-04,12.29531384,ID00319721,1,313.72,2020
0.054453385,15082.51227,14303.37719,26.553205,101.695655,1.18E-04,0.125669421,1.79E-04,12.13896732,ID00319721,2,286.33,2020
0.047093954,15506.29228,14597.01604,26.553205,101.695655,1.11E-04,0.127426603,1.92E-04,12.13860155,ID00319721,3,288.33,2020
0.051432177,13983.85113,9232.515211,26.553205,101.695655,1.13E-04,0.132021206,4.26E-05,11.70634206,ID00319721,4,282.8,2020
0.045842128,15878.10727,14767.54738,26.553205,101.695655,1.21E-04,0.128298911,1.33E-04,13.74162672,ID00319721,5,309.8,2020
0.036631524,14287.75437,14858.93073,26.553205,101.695655,9.94E-05,0.122522182,1.41E-04,8.1928238,ID00319721,6,320.93,2020
0.035343832,15419.71639,14734.75761,26.553205,101.695655,7.68E-05,0.121276098,1.37E-04,10.06195284,ID00319721,7,340.57,2020
0.042541131,,1450.322866,26.553205,101.695655,1.09E-04,0.121900889,-9.94E-05,9.974845431,ID00319721,8,341.51,2020
0.037667548,5832.112856,-269.4497874,26.553205,101.695655,1.00E-04,0.11666583,8.27E-05,11.01847908,ID00319721,9,324.77,2020
0.039674501,4274.607033,13139.58728,26.553205,101.695655,1.02E-04,0.111846006,3.79E-04,6.5682236,ID00319721,10,344.65,2020
0.050868347,15000.75548,9049.508514,26.553205,101.695655,1.54E-04,0.113238299,1.64E-04,12.65936692,ID00319721,11,337.6,2020
0.054593508,14927.56876,12666.68197,26.553205,101.695655,1.69E-04,0.110378794,5.94E-04,12.31248997,ID00319721,12,328.36,2020
0.05911804,14948.2472,7310.057311,26.553205,101.695655,1.83E-04,0.110518493,2.44E-04,13.0968595,ID00319721,1,354.97,2021
0.050220352,15226.59302,3131.70054,26.553205,101.695655,1.29E-04,0.122258292,2.75E-04,12.84948488,ID00319721,2,308.68,2021
0.050224403,15553.99493,14572.70414,26.553205,101.695655,1.16E-04,0.119895752,9.54E-05,13.09371228,ID00319721,3,348.51,2021
0.052296427,15666.87345,14706.8062,26.553205,101.695655,1.16E-04,0.125974861,3.05E-04,12.56361158,ID00319721,4,351.92,2021
0.046819046,15803.71787,14863.91003,26.553205,101.695655,1.19E-04,0.12737189,1.50E-04,13.37907273,ID00319721,5,364.53,2021
0.040314461,15757.78714,,26.553205,101.695655,9.44E-05,0.123541846,8.14E-05,1.550296864,ID00319721,6,350.81,2021
0.037956154,15622.4219,14760.31501,26.553205,101.695655,9.58E-05,0.128890394,1.17E-04,12.06633964,ID00319721,7,318.06,2021
0.043723953,15515.82219,14770.90644,26.553205,101.695655,1.06E-04,0.12731093,4.08E-05,22.90667118,ID00319721,8,303.39,2021
0.035426083,13767.70551,13096.98521,26.553205,101.695655,9.77E-05,0.123672254,1.37E-04,10.12682292,ID00319721,9,267.35,2021
0.036158489,15298.8121,14543.33639,26.553205,101.695655,1.03E-04,0.119632226,3.64E-04,11.09151599,ID00319721,10,380.8,2021
0.040938125,15048.99043,14438.28091,26.553205,101.695655,1.35E-04,0.117011163,2.69E-04,12.48376354,ID00319721,11,352.43,2021
0.047487375,14940.32367,12650.32895,26.553205,101.695655,1.46E-04,0.113650545,5.25E-04,13.7990774,ID00319721,12,479.16,2021
0.044822557,14926.06298,3562.541773,26.553205,101.695655,1.45E-04,0.12268943,3.39E-04,15.26125159,ID00319721,1,492.59,2022
0.037696901,15114.40463,14255.37742,26.553205,101.695655,9.07E-05,0.126476493,-5.22E-05,15.14255661,ID00319721,2,436.09,2022
0.048866724,15559.04703,14549.46502,26.553205,101.695655,1.32E-04,0.127505618,7.70E-05,14.90383947,ID00319721,3,488.44,2022
0.049893058,15706.56348,9317.400089,26.553205,101.695655,1.10E-04,0.131662761,1.66E-04,13.94574332,ID00319721,4,449.9,2022
0.046902271,15631.77337,-6170.562316,26.553205,101.695655,1.01E-04,0.130788046,4.29E-05,11.79833177,ID00319721,5,474.27,2022
0.038343659,1879.451423,,26.553205,101.695655,8.56E-05,0.129383999,1.90E-04,11.00480387,ID00319721,6,462.95,2022
0.037798536,15652.80391,7867.023454,26.553205,101.695655,1.00E-04,0.128838267,1.80E-04,0,ID00319721,7,436.76,2022
0.045774249,15499.24398,-217.1766438,26.553205,101.695655,1.11E-04,0.125269002,9.21E-05,1.108888633,ID00319721,8,424.55,2022
0.039285569,-2854.764475,,26.553205,101.695655,9.49E-05,0.122895319,1.33E-04,9.015718929,ID00319721,9,462.35,2022
0.040026003,13639.72479,14508.90088,26.553205,101.695655,1.18E-04,0.116083151,1.58E-04,11.20026987,ID00319721,10,510.03,2022
0.05079131,15104.84154,14337.82194,26.553205,101.695655,1.36E-04,0.112617301,1.92E-04,12.82911692,ID00319721,11,492.27,2022
0.051355074,14931.44973,14169.20926,26.553205,101.695655,1.52E-04,0.110731686,1.45E-04,10.70174445,ID00319721,12,434.71,2022
0.037194689,14974.81709,14109.93307,24.011318,102.186488,6.83E-05,0.101984114,-1.72E-05,10.86745369,ID00368378,1,18.87,2019
0.035438709,15249.56883,14212.13156,24.011318,102.186488,6.00E-05,0.104050474,7.07E-05,14.9351446,ID00368378,2,19.32,2019
0.042364095,15458.48221,14342.55971,24.011318,102.186488,8.22E-05,0.111591378,5.44E-05,11.87546043,ID00368378,3,21.42,2019
0.045093472,15705.22237,14559.12403,24.011318,102.186488,7.69E-05,0.12033709,2.98E-05,12.15021554,ID00368378,4,16.41,2019
0.041781729,15807.31182,14736.40046,24.011318,102.186488,8.18E-05,0.120584843,-2.50E-05,13.43811983,ID00368378,5,19.13,2019
0.033071917,15626.8451,14785.68382,24.011318,102.186488,6.88E-05,0.123275583,5.92E-05,8.271164326,ID00368378,6,18.61,2019
0.030389105,-1631.304902,14645.8,24.011318,102.186488,6.42E-05,0.123385267,-1.02E-04,7.663720529,ID00368378,7,35.9,2019
0.037029846,15519.42181,14654.26148,24.011318,102.186488,7.71E-05,0.124315029,6.59E-05,3.849688683,ID00368378,8,18.15,2019
0.035932965,15512.4427,14557.78913,24.011318,102.186488,7.00E-05,0.119923413,2.59E-05,8.633933933,ID00368378,9,13.84,2019
0.036262402,15349.80686,14539.60588,24.011318,102.186488,6.20E-05,0.117357452,1.01E-04,7.509345562,ID00368378,10,23.55,2019
0.033445032,15217.43686,14368.72107,24.011318,102.186488,5.90E-05,0.109619307,7.11E-05,9.40231367,ID00368378,11,11.64,2019
0.034445056,15037.40489,14056.1801,24.011318,102.186488,6.18E-05,0.110644714,-3.55E-05,11.50101509,ID00368378,12,16.09,2019
0.034204988,15052.7601,14151.8568,24.011318,102.186488,5.57E-05,0.110704581,2.64E-04,17.93202945,ID00368378,1,18.05,2020
0.04073746,15116.13163,14155.78485,24.011318,102.186488,5.30E-05,0.11750514,1.49E-04,16.52398745,ID00368378,2,16.75,2020
0.048745794,15502.6,14420.56938,24.011318,102.186488,7.54E-05,0.121715929,4.27E-05,11.36205184,ID00368378,3,15.51,2020
0.04970232,15476.29603,14529.34534,24.011318,102.186488,6.95E-05,0.128720562,-4.77E-05,9.627046672,ID00368378,4,14.76,2020
0.037012085,15858.56324,14702.21144,24.011318,102.186488,6.34E-05,0.125707781,1.30E-04,7.627627415,ID00368378,5,18.58,2020
0.030292024,15761.73971,14782.61201,24.011318,102.186488,6.33E-05,0.123280531,1.69E-04,10.5240004,ID00368378,6,19.76,2020
0.03009592,15477.42647,14665.63186,24.011318,102.186488,6.61E-05,0.123325368,7.73E-05,1.880441136,ID00368378,7,19.27,2020
0.031348711,,,24.011318,102.186488,6.66E-05,0.121818139,-1.63E-05,10.51483787,ID00368378,8,17.3,2020
0.032237864,15638.75,14675.80294,24.011318,102.186488,5.89E-05,0.118854457,2.32E-05,1.294674042,ID00368378,9,19.53,2020
0.035125422,15114.71598,14445.02034,24.011318,102.186488,7.53E-05,0.112809571,1.96E-04,8.453431404,ID00368378,10,13.55,2020
0.038983376,15099.41041,14223.9965,24.011318,102.186488,6.98E-05,0.112164978,1.22E-04,16.72181861,ID00368378,11,17.05,2020
0.035926178,15070.307,14120.30077,24.011318,102.186488,5.90E-05,0.107379021,-5.68E-06,16.48662782,ID00368378,12,24.89,2020
0.041283823,15048.28568,14171.51941,24.011318,102.186488,6.19E-05,0.109203298,1.22E-04,14.17996813,ID00368378,1,29.04,2021
0.041434064,15155.26549,14229.60079,24.011318,102.186488,6.64E-05,0.118034904,-1.99E-05,13.90939431,ID00368378,2,29.97,2021
0.055972657,15455.0731,14425.84567,24.011318,102.186488,8.40E-05,0.116442542,3.40E-05,17.02720601,ID00368378,3,27.01,2021
0.05055959,15658.86954,14552.69684,24.011318,102.186488,8.36E-05,0.125769192,6.65E-05,14.30078639,ID00368378,4,27.59,2021
0.036223356,15716.23015,14710.69554,24.011318,102.186488,7.50E-05,0.125638936,7.41E-06,22.1735101,ID00368378,5,27.67,2021
0.035492653,-2772.403922,14754.25915,24.011318,102.186488,7.19E-05,0.125417421,3.16E-04,10.35101707,ID00368378,6,29.22,2021
0.029972237,11225.83627,14727.26814,24.011318,102.186488,6.84E-05,0.126743347,1.39E-07,4.470326052,ID00368378,7,28.68,2021
0.034463916,15475.62598,14585.68922,24.011318,102.186488,7.08E-05,0.127367908,-6.61E-05,0,ID00368378,8,20.38,2021
0.028955485,15596.99641,14543.55828,24.011318,102.186488,7.07E-05,0.124450121,-6.49E-05,15.25980616,ID00368378,9,14.94,2021
0.032983603,15420.87304,14556.85833,24.011318,102.186488,6.83E-05,0.121989209,-2.32E-05,12.90969112,ID00368378,10,14.46,2021
0.032045707,15138.35948,14342.18301,24.011318,102.186488,5.69E-05,0.114594382,2.58E-04,15.15363208,ID00368378,11,23.25,2021
0.034883662,14852.47523,14094.01373,24.011318,102.186488,6.02E-05,0.111823021,2.41E-04,15.89302951,ID00368378,12,28.74,2021
0.033160368,14882.98553,14087.57507,24.011318,102.186488,5.90E-05,0.118224403,1.03E-04,21.41278456,ID00368378,1,22.5,2022
0.036051564,15055.44847,14110.25651,24.011318,102.186488,6.61E-05,0.120166912,-1.04E-04,19.27573791,ID00368378,2,26.85,2022
0.043037745,15449.32466,14403.33852,24.011318,102.186488,7.36E-05,0.123047104,1.18E-04,17.99433283,ID00368378,3,28.74,2022
0.043910925,15511.71405,14544.98814,24.011318,102.186488,6.77E-05,0.126214063,1.64E-04,17.49772025,ID00368378,4,31.95,2022
0.034805091,574.5696078,14666.61078,24.011318,102.186488,6.14E-05,0.131180365,2.03E-04,15.18473261,ID00368378,5,26.72,2022
0.035137184,,,24.011318,102.186488,5.83E-05,0.129726409,1.25E-04,1.202289209,ID00368378,6,30.07,2022
0.02854814,15439.77402,14694.42108,24.011318,102.186488,6.81E-05,0.128324786,-5.30E-05,3.973301514,ID00368378,7,29.28,2022
0.028816289,7752.95098,14681.02206,24.011318,102.186488,6.55E-05,0.125262329,5.55E-05,8.588397163,ID00368378,8,27.59,2022
0.031829318,15480.34608,14509.32647,24.011318,102.186488,6.93E-05,0.122744915,-2.03E-05,13.64119607,ID00368378,9,21.96,2022
0.034210024,15174.56368,14474.09346,24.011318,102.186488,7.40E-05,0.116338427,7.24E-05,13.75829436,ID00368378,10,19.37,2022
0.03052983,15231.75545,14318.98937,24.011318,102.186488,6.33E-05,0.111845859,-4.84E-05,24.23977515,ID00368378,11,24.85,2022
0.033154801,15068.90821,14192.4482,24.011318,102.186488,6.60E-05,0.110024455,1.02E-04,11.46007083,ID00368378,12,22.27,2022
0.040658144,14948.7994,14083.83883,24.054983,102.205978,7.09E-05,0.101687903,9.11E-06,4.870495202,ID00351934,1,34.65,2019
0.03777393,15170.25331,14175.3,24.054983,102.205978,6.81E-05,0.103810346,1.77E-04,3.607414237,ID00351934,2,28.16,2019
0.043573187,15393.84906,14272.19894,24.054983,102.205978,8.42E-05,0.111434256,1.05E-04,4.9206617,ID00351934,3,27.93,2019
0.046269637,15670.65816,14494.49185,24.054983,102.205978,7.90E-05,0.12058332,8.09E-05,3.512654387,ID00351934,4,31.49,2019
0.042162378,15788.89293,14673.31874,24.054983,102.205978,8.45E-05,0.120425674,-4.31E-05,6.586779397,ID00351934,5,34.84,2019
0.034191982,15573.77843,14730.90294,24.054983,102.205978,6.89E-05,0.123333062,4.96E-06,9.438279592,ID00351934,6,34.92,2019
0.031784721,6067.97549,14663.22647,24.054983,102.205978,6.68E-05,0.123500819,-7.50E-05,5.261654318,ID00351934,7,18.52,2019
0.037741568,15534.91618,14648.16167,24.054983,102.205978,7.41E-05,0.12449896,7.11E-05,6.635602872,ID00351934,8,34.65,2019
0.037939099,15439.94435,14580.19828,24.054983,102.205978,6.88E-05,0.119550115,5.92E-05,6.018607639,ID00351934,9,31.74,2019
0.037742145,15320.16029,14494.4923,24.054983,102.205978,6.19E-05,0.117445875,6.50E-05,7.89549265,ID00351934,10,33.89,2019
0.035966923,15188.35352,14309.78662,24.054983,102.205978,6.37E-05,0.109115057,1.71E-04,11.10082137,ID00351934,11,35.07,2019
0.039065671,15014.18192,14023.57319,24.054983,102.205978,7.79E-05,0.110903898,1.71E-05,11.3964975,ID00351934,12,35.5,2019
0.035849861,15054.38282,14088.33433,24.054983,102.205978,5.86E-05,0.110363115,-2.50E-05,11.82081366,ID00351934,1,25.93,2020
0.042534304,15114.73757,14127.87053,24.054983,102.205978,5.32E-05,0.117689838,1.79E-04,8.035213115,ID00351934,2,21.53,2020
0.050891539,15468.66581,14365.63423,24.054983,102.205978,8.01E-05,0.121677777,-3.18E-05,12.62453945,ID00351934,3,22.61,2020
0.049137093,15417.35964,14466.64219,24.054983,102.205978,8.19E-05,0.12866998,8.41E-06,13.43356356,ID00351934,4,38.35,2020
0.03678673,15846.42304,14646.65685,24.054983,102.205978,6.65E-05,0.125288466,8.90E-06,17.77066609,ID00351934,5,36.81,2020
0.031456196,-6776.852941,14743.2901,24.054983,102.205978,6.42E-05,0.1234195,2.21E-06,5.357669156,ID00351934,6,42.31,2020
0.031598877,15359.68235,14663.72745,24.054983,102.205978,6.79E-05,0.123479911,6.31E-05,6.283031693,ID00351934,7,43.44,2020
0.031316511,,14676.84608,24.054983,102.205978,6.64E-05,0.121903613,-8.49E-05,21.89554183,ID00351934,8,38.39,2020
0.032722212,15498.81618,14623.89314,24.054983,102.205978,6.13E-05,0.119037178,-7.49E-05,1.539551476,ID00351934,9,38.81,2020
0.036106257,15152.60173,14422.88309,24.054983,102.205978,7.79E-05,0.112543328,-7.48E-05,11.76991193,ID00351934,10,32.46,2020
0.041912867,15111.15406,14203.94319,24.054983,102.205978,8.30E-05,0.112437492,1.05E-04,19.18573773,ID00351934,11,35.25,2020
0.039880121,15067.49141,14121.11132,24.054983,102.205978,7.15E-05,0.107201782,6.09E-05,15.71185796,ID00351934,12,40.18,2020
0.044361915,15066.50132,14140.53079,24.054983,102.205978,7.59E-05,0.109388936,6.06E-05,15.65129922,ID00351934,1,40.75,2021
0.04674816,15147.84308,14160.53712,24.054983,102.205978,7.74E-05,0.118751018,1.24E-05,15.44309793,ID00351934,2,29.14,2021
0.056147057,15453.1064,14332.0529,24.054983,102.205978,9.31E-05,0.11668363,9.72E-05,13.13717208,ID00351934,3,37.81,2021
0.05243209,15639.46818,14516.40822,24.054983,102.205978,9.27E-05,0.12576231,8.30E-05,13.7174389,ID00351934,4,39.51,2021
0.037496837,15799.82794,14678.86415,24.054983,102.205978,7.84E-05,0.125399334,4.34E-05,19.31194896,ID00351934,5,37.09,2021
0.035338942,,14735.89755,24.054983,102.205978,7.62E-05,0.12523225,-2.81E-04,10.36776736,ID00351934,6,38.43,2021
0.029330651,,14655.12549,24.054983,102.205978,7.34E-05,0.127039993,-9.84E-05,4.510120171,ID00351934,7,35.41,2021
0.034801651,-3493.980392,14511.7549,24.054983,102.205978,7.05E-05,0.127164211,3.42E-05,0,ID00351934,8,27.15,2021
0.030744107,15491.75,14566.92574,24.054983,102.205978,7.39E-05,0.124437816,1.25E-04,8.94638732,ID00351934,9,17.68,2021
0.033983431,15346.3183,14579.05686,24.054983,102.205978,7.40E-05,0.12209797,7.02E-05,12.94226746,ID00351934,10,15.04,2021
0.034163416,15080.7433,14341.22549,24.054983,102.205978,7.18E-05,0.114763083,1.47E-04,16.26021821,ID00351934,11,29.29,2021
0.038213714,14818.03196,14110.04422,24.054983,102.205978,7.41E-05,0.111777649,8.39E-05,8.689054104,ID00351934,12,25.16,2021
0.034864353,14858.08576,14081.11009,24.054983,102.205978,6.74E-05,0.117805319,1.68E-04,12.94943377,ID00351934,1,26.13,2022
0.039696697,15049.1558,14086.00102,24.054983,102.205978,7.41E-05,0.120474712,2.90E-06,15.12716927,ID00351934,2,25.38,2022
0.046138862,15429.24398,14372.1448,24.054983,102.205978,9.05E-05,0.123156038,-6.68E-05,12.95351951,ID00351934,3,36.7,2022
0.04443866,15540.44594,14521.22451,24.054983,102.205978,7.76E-05,0.126279703,-5.73E-05,9.824460599,ID00351934,4,35.86,2022
0.035110581,-6136.360784,14644.26536,24.054983,102.205978,5.94E-05,0.13127765,1.72E-04,8.050759996,ID00351934,5,37.13,2022
0.03700496,,,24.054983,102.205978,6.08E-05,0.129451773,1.80E-04,0.965078429,ID00351934,6,39.2,2022
0.032284028,-9169.438235,14698.11189,24.054983,102.205978,7.24E-05,0.128438185,6.84E-05,0.021806372,ID00351934,7,26.59,2022
0.030169702,15163.5951,14679.70752,24.054983,102.205978,7.12E-05,0.125917608,2.67E-06,0.846953406,ID00351934,8,36.93,2022
0.032919853,15369.39542,8997.267647,24.054983,102.205978,7.11E-05,0.122566823,-1.88E-05,5.218098143,ID00351934,9,27.25,2022
0.032472853,15132.3875,14405.65941,24.054983,102.205978,7.47E-05,0.115472738,1.69E-04,15.03115874,ID00351934,10,25.76,2022
0.034111913,15208.60411,14294.79581,24.054983,102.205978,7.07E-05,0.111738,1.57E-04,23.84644862,ID00351934,11,27.73,2022
0.035471933,15058.43354,14175.12224,24.054983,102.205978,6.88E-05,0.109348659,-7.07E-05,14.16211779,ID00351934,12,27.1,2022
0.03063197,14862.85493,13971.66897,24.923507,102.848607,1.10E-04,0.101538239,1.20E-04,38.34827441,ID00319670,1,59.43,2019
0.030370088,15066.13681,14081.83783,24.923507,102.848607,7.59E-05,0.104297281,-7.36E-05,36.65111637,ID00319670,2,63.32,2019
0.036224928,15292.53177,14190.78787,24.923507,102.848607,1.08E-04,0.111339338,2.74E-04,37.76691772,ID00319670,3,68.9,2019
0.041508542,15586.03059,14387.52137,24.923507,102.848607,1.00E-04,0.120881086,-2.70E-05,32.2995277,ID00319670,4,67.79,2019
0.038332273,15767.86381,14561.18759,24.923507,102.848607,1.07E-04,0.119989327,1.39E-05,30.0905434,ID00319670,5,60.22,2019
0.033031864,5777.030852,14532.70035,24.923507,102.848607,9.19E-05,0.123400998,8.43E-05,34.1966436,ID00319670,6,69.2,2019
0.030627182,-3721.15475,8726.472086,24.923507,102.848607,8.99E-05,0.124033269,3.67E-05,20.45706912,ID00319670,7,69.38,2019
0.031144177,15506.0728,14527.15996,24.923507,102.848607,8.87E-05,0.124361094,6.57E-06,20.37285467,ID00319670,8,65.99,2019
0.031788033,15291.05232,14453.80353,24.923507,102.848607,8.46E-05,0.119996612,6.74E-05,22.99176503,ID00319670,9,58.73,2019
0.03256223,15098.7996,14338.82821,24.923507,102.848607,8.67E-05,0.116915361,2.29E-04,30.71915746,ID00319670,10,63.06,2019
0.029334991,15001.35449,14155.98085,24.923507,102.848607,9.42E-05,0.109043493,3.79E-04,33.93552676,ID00319670,11,63.75,2019
0.030379859,14778.22966,13850.0663,24.923507,102.848607,1.23E-04,0.111769857,2.40E-04,39.19204679,ID00319670,12,63.62,2019
0.030661783,14802.11297,13932.62997,24.923507,102.848607,7.68E-05,0.111581148,8.02E-05,41.89045581,ID00319670,1,59.39,2020
0.03681599,14934.84967,13932.28123,24.923507,102.848607,6.42E-05,0.120066102,9.46E-05,41.76273997,ID00319670,2,46.94,2020
0.040713217,15327.61402,14264.95749,24.923507,102.848607,9.69E-05,0.122983937,7.70E-05,41.43567824,ID00319670,3,52.85,2020
0.039277672,15424.11597,14369.31886,24.923507,102.848607,1.04E-04,0.129140212,3.96E-05,45.47600174,ID00319670,4,53.39,2020
0.033542489,15667.64842,14497.14726,24.923507,102.848607,9.19E-05,0.126055961,-3.21E-05,39.57244896,ID00319670,5,60.96,2020
0.029790346,6236.355044,14550.34022,24.923507,102.848607,8.14E-05,0.122858006,2.96E-05,31.50117048,ID00319670,6,58.98,2020
0.027913721,,14483.11557,24.923507,102.848607,8.88E-05,0.122873296,1.60E-04,35.50081359,ID00319670,7,62.9,2020
0.028047361,,14485.05436,24.923507,102.848607,8.60E-05,0.121651162,-8.26E-05,34.84111987,ID00319670,8,63.44,2020
0.031894547,,14561.2429,24.923507,102.848607,8.74E-05,0.11997229,8.29E-05,17.92947165,ID00319670,9,61.59,2020
0.033026448,15090.21401,14328.97245,24.923507,102.848607,9.42E-05,0.112000832,1.21E-04,25.99417165,ID00319670,10,64.52,2020
0.032771074,14962.93239,14086.55102,24.923507,102.848607,1.12E-04,0.111257315,2.59E-04,41.42964045,ID00319670,11,63.23,2020
0.032010123,14807.65302,14064.85352,24.923507,102.848607,1.03E-04,0.10721142,1.76E-04,37.11630868,ID00319670,12,64.04,2020
0.035336347,14835.63133,13949.75672,24.923507,102.848607,1.14E-04,0.108741233,1.98E-04,24.10452756,ID00319670,1,60.18,2021
0.03442406,15009.27382,13956.05742,24.923507,102.848607,8.28E-05,0.119199966,2.45E-05,32.94024991,ID00319670,2,53.26,2021
0.042709775,15347.3209,14264.57576,24.923507,102.848607,1.06E-04,0.117444954,7.48E-05,34.99925049,ID00319670,3,61.05,2021
0.040701626,15398.48829,14390.49494,24.923507,102.848607,1.12E-04,0.124276229,-1.55E-07,33.83437557,ID00319670,4,69.16,2021
0.034683431,15671.39407,14504.38905,24.923507,102.848607,9.34E-05,0.12572462,-2.44E-05,35.84688542,ID00319670,5,76.28,2021
0.031230345,15676.47013,14486.21884,24.923507,102.848607,8.81E-05,0.124676749,-1.63E-04,23.55366772,ID00319670,6,74.09,2021
0.027297053,,14537.47135,24.923507,102.848607,8.08E-05,0.127457515,4.11E-05,35.72217908,ID00319670,7,70,2021
0.031883283,-80.25954946,14532.6127,24.923507,102.848607,8.66E-05,0.12788546,-2.90E-05,6.297744853,ID00319670,8,60.69,2021
0.02649949,15331.92369,14459.9069,24.923507,102.848607,8.73E-05,0.124276198,1.38E-04,33.19034523,ID00319670,9,47.66,2021
0.029941917,15150.9383,2502.213516,24.923507,102.848607,8.64E-05,0.120946882,-2.06E-04,29.87827646,ID00319670,10,46.59,2021
0.029272156,14983.73053,14207.81468,24.923507,102.848607,9.38E-05,0.115017681,1.31E-04,28.41623931,ID00319670,11,31.24,2021
0.029094441,14744.71496,14002.12191,24.923507,102.848607,1.08E-04,0.11000794,3.09E-04,33.61333455,ID00319670,12,64.05,2021
0.02721003,14751.21404,13928.81333,24.923507,102.848607,8.64E-05,0.118372542,2.68E-04,34.1098548,ID00319670,1,50.15,2022
0.02920214,14905.58022,13950.8815,24.923507,102.848607,7.54E-05,0.1221652,-1.09E-04,34.54176704,ID00319670,2,46.23,2022
0.03575518,15287.01174,14262.96996,24.923507,102.848607,9.90E-05,0.124058866,-5.18E-05,36.6521996,ID00319670,3,63.31,2022
0.034224122,15478.86606,14450.55829,24.923507,102.848607,8.62E-05,0.127151465,9.15E-05,32.24396176,ID00319670,4,57.08,2022
0.032751737,15549.21009,14543.51698,24.923507,102.848607,8.32E-05,0.131559021,7.72E-05,29.21260274,ID00319670,5,56.84,2022
0.032647493,,14515.89814,24.923507,102.848607,6.75E-05,0.129626734,-5.06E-05,2.998952068,ID00319670,6,58.66,2022
0.024540116,15526.12145,14564.0752,24.923507,102.848607,8.50E-05,0.127642801,5.45E-05,0,ID00319670,7,45.78,2022
0.027141752,15482.85913,14469.32373,24.923507,102.848607,8.11E-05,0.12543563,1.04E-04,23.93721586,ID00319670,8,45.21,2022
0.029821484,-6674.883448,14401.07403,24.923507,102.848607,7.96E-05,0.122806859,-1.07E-04,24.78896369,ID00319670,9,44.24,2022
0.030471922,14963.99706,8534.985292,24.923507,102.848607,8.92E-05,0.115389485,-8.83E-05,20.2992606,ID00319670,10,46.31,2022
0.028001184,15039.0614,14155.4698,24.923507,102.848607,1.02E-04,0.111744571,3.05E-04,25.73109182,ID00319670,11,44.45,2022
0.028685236,14857.05462,14046.46027,24.923507,102.848607,9.32E-05,0.107980546,-1.15E-05,20.88768397,ID00319670,12,47.02,2022
0.034472444,14649.53443,,26.581187,104.889714,9.39E-05,0.103272583,1.48E-04,11.14960713,ID00319724,1,34.41,2019
0.033824927,14985.44689,14117.38998,26.581187,104.889714,7.50E-05,0.10618878,5.12E-05,16.63225465,ID00319724,2,29.31,2019
0.037175157,15075.40894,14167.46488,26.581187,104.889714,9.62E-05,0.112823378,-1.37E-04,17.84477896,ID00319724,3,25.98,2019
0.042325361,15338.7067,14423.59938,26.581187,104.889714,1.10E-04,0.120617159,1.66E-04,16.87863732,ID00319724,4,25.46,2019
0.038583057,15452.1841,14598.71906,26.581187,104.889714,1.01E-04,0.121948244,8.72E-05,0.494852657,ID00319724,5,33.63,2019
0.034871077,15530.9165,14489.01326,26.581187,104.889714,1.01E-04,0.12402216,1.57E-04,13.13335455,ID00319724,6,33.52,2019
0.032224698,15295.3389,14483.0704,26.581187,104.889714,8.17E-05,0.125305118,2.66E-05,11.7976179,ID00319724,7,33.48,2019
0.032470638,15448.72004,14518.85649,26.581187,104.889714,9.18E-05,0.124841367,5.11E-05,16.25523581,ID00319724,8,33.7,2019
0.033656101,15028.84676,14358.02603,26.581187,104.889714,7.58E-05,0.120387063,-3.31E-05,16.48744851,ID00319724,9,32.32,2019
0.034495965,14891.54813,,26.581187,104.889714,6.93E-05,0.118379749,3.42E-06,12.16442537,ID00319724,10,30.24,2019
0.032346109,10218.93975,-3908.557957,26.581187,104.889714,9.12E-05,0.113010504,2.89E-04,7.547421432,ID00319724,11,32.02,2019
0.033776803,14528.86402,,26.581187,104.889714,1.06E-04,0.113734228,4.11E-04,16.31096282,ID00319724,12,32.2,2019
0.032368976,14826.31118,13900.53438,26.581187,104.889714,8.71E-05,0.113090288,3.02E-05,20.83922365,ID00319724,1,32.07,2020
0.037044525,14916.189,,26.581187,104.889714,6.51E-05,0.12890552,3.49E-04,15.79796957,ID00319724,2,32.66,2020
0.039510796,15186.40881,13998.73772,26.581187,104.889714,9.42E-05,0.127866827,1.39E-04,16.87467092,ID00319724,3,30.74,2020
0.043029197,15265.16784,14411.49018,26.581187,104.889714,9.52E-05,0.133578583,-5.94E-05,15.1680916,ID00319724,4,31.69,2020
0.035172987,15730.81719,14568.60452,26.581187,104.889714,8.52E-05,0.128761882,-4.42E-05,16.66582983,ID00319724,5,36.03,2020
0.03246872,2588.032417,14544.47151,26.581187,104.889714,9.51E-05,0.122789521,-8.29E-05,19.24589384,ID00319724,6,32.91,2020
0.029261005,-1901.155206,14502.6611,26.581187,104.889714,8.45E-05,0.122040139,2.73E-05,16.61159607,ID00319724,7,34.93,2020
0.029285714,,14508.38556,26.581187,104.889714,8.21E-05,0.121443517,-1.02E-04,13.17281939,ID00319724,8,34.9,2020
0.034052338,5959.290766,14420.81827,26.581187,104.889714,7.17E-05,0.120653239,3.73E-05,6.632792112,ID00319724,9,35.68,2020
0.033893932,14798.07695,-5555.646365,26.581187,104.889714,7.50E-05,0.111336256,-6.78E-06,10.53394901,ID00319724,10,30.02,2020
0.034391861,14913.46869,14252.63605,26.581187,104.889714,1.06E-04,0.113061509,2.91E-04,19.59276777,ID00319724,11,33.49,2020
0.033537185,14432.39653,,26.581187,104.889714,1.13E-04,0.111293112,2.36E-04,2.860451829,ID00319724,12,35.29,2020
0.039504442,10007.61297,13734.88654,26.581187,104.889714,1.21E-04,0.113351727,7.20E-04,21.3643815,ID00319724,1,33.9,2021
0.036575936,14816.01081,,26.581187,104.889714,7.80E-05,0.121733852,6.12E-07,17.40944503,ID00319724,2,32.62,2021
0.044303611,15323.13474,14449.62672,26.581187,104.889714,1.08E-04,0.120726835,8.72E-05,17.52827378,ID00319724,3,33.66,2021
0.043665798,15314.53378,14494.89031,26.581187,104.889714,1.05E-04,0.125874559,1.25E-04,19.46165232,ID00319724,4,33.3,2021
0.03793545,5962.087917,14485.02685,26.581187,104.889714,1.12E-04,0.127750639,-1.67E-04,18.59235999,ID00319724,5,36.71,2021
0.033694889,15348.07597,,26.581187,104.889714,9.66E-05,0.124265726,1.97E-04,12.56890962,ID00319724,6,35.72,2021
0.028001358,6075.218075,14563.61526,26.581187,104.889714,9.11E-05,0.127610921,3.55E-04,13.21618132,ID00319724,7,33.46,2021
0.031404208,10894.29273,14563.8893,26.581187,104.889714,9.00E-05,0.127899536,2.52E-05,0,ID00319724,8,33.03,2021
0.02972147,15194.11976,14477.93301,26.581187,104.889714,8.91E-05,0.123660462,1.12E-05,16.19287801,ID00319724,9,29.2,2021
0.031883561,,14437.06876,26.581187,104.889714,8.35E-05,0.121893201,9.56E-05,11.30127927,ID00319724,10,10.01,2021
0.032273261,14846.12996,,26.581187,104.889714,1.28E-04,0.116706178,3.24E-04,9.095589251,ID00319724,11,39.34,2021
0.031975868,14627.98035,13828.10413,26.581187,104.889714,1.08E-04,0.114655008,2.99E-04,9.457679279,ID00319724,12,41.6,2021
0.029636037,14575.34971,,26.581187,104.889714,9.80E-05,0.123978437,3.29E-04,8.278848103,ID00319724,1,35.06,2022
0.031682312,14867.51113,5197.680747,26.581187,104.889714,1.11E-04,0.129752706,4.41E-04,17.06543715,ID00319724,2,32.85,2022
0.037732873,15125.43576,14298.31606,26.581187,104.889714,9.84E-05,0.127167694,-7.54E-05,19.10273087,ID00319724,3,36.68,2022
0.036364527,10570.60511,14447.39325,26.581187,104.889714,9.43E-05,0.130235312,7.27E-05,20.70061326,ID00319724,4,32.61,2022
0.034375195,15163.92043,-8374.08055,26.581187,104.889714,8.70E-05,0.131671341,5.69E-04,11.72223497,ID00319724,5,30.56,2022
0.035661357,,14460.55697,26.581187,104.889714,8.42E-05,0.130801266,3.32E-04,1.961343392,ID00319724,6,29.3,2022
0.025909283,15381.66372,14537.88652,26.581187,104.889714,9.14E-05,0.128276843,4.81E-05,0,ID00319724,7,21.42,2022
0.029476919,10700.67469,14491.53531,26.581187,104.889714,8.10E-05,0.125947217,7.27E-05,11.75023574,ID00319724,8,27.99,2022
0.030996029,,,26.581187,104.889714,7.95E-05,0.124093029,3.28E-04,11.66876001,ID00319724,9,33.3,2022
0.031429499,5777.166994,,26.581187,104.889714,8.48E-05,0.116256774,-2.15E-04,20.52320202,ID00319724,10,33.41,2022
0.030825914,14896.7006,14276.53291,26.581187,104.889714,1.04E-04,0.112399342,2.16E-04,20.65526012,ID00319724,11,31.36,2022
0.029938179,9830.448919,,26.581187,104.889714,1.17E-04,0.125058475,-6.86E-04,8.84458242,ID00319724,12,30.19,2022
0.053016624,14398.87843,,29.824698,106.441765,3.45E-04,0.104829444,-4.85E-04,11.72762273,ID00339462,1,28.46,2019
0.056110925,8030.846078,8334.677451,29.824698,106.441765,1.66E-04,0.118312358,-1.18E-04,10.68132108,ID00339462,2,20.63,2019
0.052019645,14438.61863,14325.7201,29.824698,106.441765,2.43E-04,0.12378621,1.04E-04,12.41095114,ID00339462,3,25.8,2019
0.051197063,14575.43742,14651.06052,29.824698,106.441765,1.58E-04,0.12888811,2.89E-04,11.5873503,ID00339462,4,28.59,2019
0.051057212,14631.19314,2845.713235,29.824698,106.441765,1.33E-04,0.124918539,-2.07E-04,0,ID00339462,5,30.07,2019
0.040551888,15362.59412,14744.07966,29.824698,106.441765,1.40E-04,0.131064908,5.06E-06,10.78272793,ID00339462,6,36.86,2019
0.041113243,,14922.09265,29.824698,106.441765,1.25E-04,0.129597756,4.81E-05,9.684605318,ID00339462,7,34.39,2019
0.041665288,15575.39314,14971.86201,29.824698,106.441765,1.27E-04,0.128013301,7.60E-05,11.9001299,ID00339462,8,50.53,2019
0.042328231,15363.62941,14937.9598,29.824698,106.441765,1.65E-04,0.124212391,-5.29E-05,11.69543878,ID00339462,9,47.67,2019
0.043655704,14905.02451,14437.77794,29.824698,106.441765,1.58E-04,0.120840514,6.98E-04,4.71798036,ID00339462,10,47.63,2019
0.045296618,14568.77647,,29.824698,106.441765,1.98E-04,0.114325254,3.42E-04,11.36080646,ID00339462,11,44.97,2019
0.047533626,12726,2582.626471,29.824698,106.441765,3.75E-04,0.128792821,1.96E-04,13.33424741,ID00339462,12,40.91,2019
0.060013648,,13927.82549,29.824698,106.441765,1.55E-04,0.128060749,4.80E-04,19.10107595,ID00339462,1,42.23,2020
0.052012224,14420.66667,14140.80178,29.824698,106.441765,1.05E-04,0.140010164,-3.09E-04,15.25337022,ID00339462,2,17.04,2020
0.055927486,14379.88301,13520.79608,29.824698,106.441765,1.66E-04,0.139656438,-2.12E-06,15.27079417,ID00339462,3,31.39,2020
0.050712268,15191.92712,14404.91315,29.824698,106.441765,2.33E-04,0.14348998,1.37E-04,17.92321302,ID00339462,4,40.9,2020
0.04573967,15303.07108,14727.0442,29.824698,106.441765,1.66E-04,0.134274156,-1.36E-05,19.05389733,ID00339462,5,45.31,2020
0.042017434,15299.44902,14879.6598,29.824698,106.441765,1.28E-04,0.124798403,-4.07E-05,12.50929376,ID00339462,6,41.84,2020
0.037875395,15541.4652,14914.21961,29.824698,106.441765,1.18E-04,0.127494367,-1.78E-04,18.62477418,ID00339462,7,41.13,2020
0.036900075,-3852.00098,14991.52132,29.824698,106.441765,1.18E-04,0.124510076,9.61E-06,14.56956891,ID00339462,8,40.4,2020
0.042626843,15349.60882,14686.22255,29.824698,106.441765,1.55E-04,0.121335991,4.85E-04,14.77591403,ID00339462,9,37.17,2020
0.045305315,,,29.824698,106.441765,2.68E-04,0.116174771,1.01E-04,21.33963707,ID00339462,10,42.73,2020
0.045718798,14148.3799,14349.84554,29.824698,106.441765,2.44E-04,0.119023846,4.95E-05,13.80690193,ID00339462,11,39.68,2020
0.054864302,,13808.79902,29.824698,106.441765,7.12E-04,-5332.739662,,15.0171917,ID00339462,12,48.54,2020
0.052962496,14203.45057,13820.89608,29.824698,106.441765,5.54E-04,0.122133746,7.19E-04,18.78067655,ID00339462,1,49.49,2021
0.05235873,14835.49902,14144.3826,29.824698,106.441765,2.67E-04,0.130839286,1.38E-05,18.23844601,ID00339462,2,43.6,2021
0.055934712,14940.11748,14302.04706,29.824698,106.441765,2.38E-04,0.128987042,2.30E-04,19.88260082,ID00339462,3,24.3,2021
0.049331985,15268.44657,14535.26225,29.824698,106.441765,2.02E-04,0.143692369,2.43E-04,19.89095104,ID00339462,4,28.91,2021
0.0465963,15350.29069,1858.972059,29.824698,106.441765,2.07E-04,0.136334313,1.23E-04,17.6854195,ID00339462,5,27.36,2021
0.043435595,,,29.824698,106.441765,1.88E-04,0.127720064,9.36E-05,18.00609112,ID00339462,6,20.88,2021
0.036392538,14025.08137,14973.06206,29.824698,106.441765,1.26E-04,0.134287513,-2.03E-05,15.85847549,ID00339462,7,32.78,2021
0.040520955,7677.108824,15067.0785,29.824698,106.441765,1.25E-04,0.130671792,-6.04E-05,11.64977947,ID00339462,8,41.39,2021
0.039105173,15347.50588,14794.50467,29.824698,106.441765,1.48E-04,0.127170235,2.35E-04,15.69684346,ID00339462,9,42.18,2021
0.041493078,15142.62029,14986.46618,29.824698,106.441765,2.27E-04,0.123573615,6.46E-05,18.66590677,ID00339462,10,48.26,2021
0.042144694,7879.746078,14057.23824,29.824698,106.441765,5.70E-04,0.127679853,-3.19E-04,14.10858325,ID00339462,11,34.2,2021
0.047727721,7888.697059,14080.5549,29.824698,106.441765,5.84E-04,0.125072182,2.92E-05,11.57653205,ID00339462,12,37.52,2021
0.052641788,1794.992157,1788.632353,29.824698,106.441765,3.38E-04,0.132834685,-1.52E-04,9.352799031,ID00339462,1,43.09,2022
0.05477835,7127.105882,,29.824698,106.441765,3.36E-04,0.139956701,-3.43E-04,0.556644613,ID00339462,2,40.09,2022
0.049796988,15096.2319,14332.79066,29.824698,106.441765,2.10E-04,0.13490521,1.78E-04,17.27134809,ID00339462,3,46.5,2022
0.045474367,2097.618627,14539.7902,29.824698,106.441765,1.82E-04,0.14131643,1.64E-04,17.70786277,ID00339462,4,55.65,2022
0.042726321,15204.11716,14699.20474,29.824698,106.441765,1.52E-04,0.138545197,1.39E-04,15.4225169,ID00339462,5,56.75,2022
0.040886468,14851.87255,14793.73431,29.824698,106.441765,1.42E-04,0.134223585,1.06E-04,12.32265691,ID00339462,6,48,2022
0.034717026,14901.19534,15010.05588,29.824698,106.441765,1.39E-04,0.131863619,-4.94E-05,0,ID00339462,7,46.54,2022
0.037164084,,15152.36189,29.824698,106.441765,1.25E-04,0.127920657,1.76E-05,14.63795119,ID00339462,8,50.76,2022
0.041650479,15299.85033,14759.19118,29.824698,106.441765,1.74E-04,0.126101159,9.01E-05,16.7975246,ID00339462,9,51.87,2022
0.041665687,15125.10523,1764.031863,29.824698,106.441765,1.89E-04,0.12045933,2.98E-04,15.2475906,ID00339462,10,51.1,2022
0.043228089,1227.947059,14348.38325,29.824698,106.441765,2.01E-04,0.115568006,1.94E-06,10.50937227,ID00339462,11,32.12,2022
0.057210389,14245.61275,-8707.093627,29.824698,106.441765,1.99E-04,0.128606079,3.39E-04,11.23100758,ID00339462,12,48.01,2022
0.053016624,14398.87843,,29.824698,106.441765,3.45E-04,0.104829444,-4.85E-04,11.72762273,ID00319628,1,8.4,2019
0.056110925,8030.846078,8334.677451,29.824698,106.441765,1.66E-04,0.118312358,-1.18E-04,10.68132108,ID00319628,2,12.01,2019
0.052019645,14438.61863,14325.7201,29.824698,106.441765,2.43E-04,0.12378621,1.04E-04,12.41095114,ID00319628,3,14.1,2019
0.051197063,14575.43742,14651.06052,29.824698,106.441765,1.58E-04,0.12888811,2.89E-04,11.5873503,ID00319628,4,14.15,2019
0.051057212,14631.19314,2845.713235,29.824698,106.441765,1.33E-04,0.124918539,-2.07E-04,0,ID00319628,5,15.51,2019
0.040551888,15362.59412,14744.07966,29.824698,106.441765,1.40E-04,0.131064908,5.06E-06,10.78272793,ID00319628,6,12.31,2019
0.041113243,,14922.09265,29.824698,106.441765,1.25E-04,0.129597756,4.81E-05,9.684605318,ID00319628,7,12.1,2019
0.041665288,15575.39314,14971.86201,29.824698,106.441765,1.27E-04,0.128013301,7.60E-05,11.9001299,ID00319628,8,10.7,2019
0.042328231,15363.62941,14937.9598,29.824698,106.441765,1.65E-04,0.124212391,-5.29E-05,11.69543878,ID00319628,9,11.6,2019
0.043655704,14905.02451,14437.77794,29.824698,106.441765,1.58E-04,0.120840514,6.98E-04,4.71798036,ID00319628,10,15.41,2019
0.045296618,14568.77647,,29.824698,106.441765,1.98E-04,0.114325254,3.42E-04,11.36080646,ID00319628,11,8.57,2019
0.047533626,12726,2582.626471,29.824698,106.441765,3.75E-04,0.128792821,1.96E-04,13.33424741,ID00319628,12,11.7,2019
0.060013648,,13927.82549,29.824698,106.441765,1.55E-04,0.128060749,4.80E-04,19.10107595,ID00319628,1,11.21,2020
0.052012224,14420.66667,14140.80178,29.824698,106.441765,1.05E-04,0.140010164,-3.09E-04,15.25337022,ID00319628,2,10,2020
0.055927486,14379.88301,13520.79608,29.824698,106.441765,1.66E-04,0.139656438,-2.12E-06,15.27079417,ID00319628,3,15.52,2020
0.050712268,15191.92712,14404.91315,29.824698,106.441765,2.33E-04,0.14348998,1.37E-04,17.92321302,ID00319628,4,16.51,2020
0.04573967,15303.07108,14727.0442,29.824698,106.441765,1.66E-04,0.134274156,-1.36E-05,19.05389733,ID00319628,5,13.31,2020
0.042017434,15299.44902,14879.6598,29.824698,106.441765,1.28E-04,0.124798403,-4.07E-05,12.50929376,ID00319628,6,16.5,2020
0.037875395,15541.4652,14914.21961,29.824698,106.441765,1.18E-04,0.127494367,-1.78E-04,18.62477418,ID00319628,7,16.7,2020
0.036900075,-3852.00098,14991.52132,29.824698,106.441765,1.18E-04,0.124510076,9.61E-06,14.56956891,ID00319628,8,16.01,2020
0.042626843,15349.60882,14686.22255,29.824698,106.441765,1.55E-04,0.121335991,4.85E-04,14.77591403,ID00319628,9,16.95,2020
0.045305315,,,29.824698,106.441765,2.68E-04,0.116174771,1.01E-04,21.33963707,ID00319628,10,11.75,2020
0.045718798,14148.3799,14349.84554,29.824698,106.441765,2.44E-04,0.119023846,4.95E-05,13.80690193,ID00319628,11,3.3,2020
0.054864302,,13808.79902,29.824698,106.441765,7.12E-04,-5332.739662,,15.0171917,ID00319628,12,9.5,2020
0.052962496,14203.45057,13820.89608,29.824698,106.441765,5.54E-04,0.122133746,7.19E-04,18.78067655,ID00319628,1,16.3,2021
0.05235873,14835.49902,14144.3826,29.824698,106.441765,2.67E-04,0.130839286,1.38E-05,18.23844601,ID00319628,2,16.5,2021
0.055934712,14940.11748,14302.04706,29.824698,106.441765,2.38E-04,0.128987042,2.30E-04,19.88260082,ID00319628,3,15.6,2021
0.049331985,15268.44657,14535.26225,29.824698,106.441765,2.02E-04,0.143692369,2.43E-04,19.89095104,ID00319628,4,19,2021
0.0465963,15350.29069,1858.972059,29.824698,106.441765,2.07E-04,0.136334313,1.23E-04,17.6854195,ID00319628,5,18.4,2021
0.043435595,,,29.824698,106.441765,1.88E-04,0.127720064,9.36E-05,18.00609112,ID00319628,6,18.8,2021
0.036392538,14025.08137,14973.06206,29.824698,106.441765,1.26E-04,0.134287513,-2.03E-05,15.85847549,ID00319628,7,18,2021
0.040520955,7677.108824,15067.0785,29.824698,106.441765,1.25E-04,0.130671792,-6.04E-05,11.64977947,ID00319628,8,19.5,2021
0.039105173,15347.50588,14794.50467,29.824698,106.441765,1.48E-04,0.127170235,2.35E-04,15.69684346,ID00319628,9,18.68,2021
0.041493078,15142.62029,14986.46618,29.824698,106.441765,2.27E-04,0.123573615,6.46E-05,18.66590677,ID00319628,10,17.97,2021
0.042144694,7879.746078,14057.23824,29.824698,106.441765,5.70E-04,0.127679853,-3.19E-04,14.10858325,ID00319628,11,12.3,2021
0.047727721,7888.697059,14080.5549,29.824698,106.441765,5.84E-04,0.125072182,2.92E-05,11.57653205,ID00319628,12,13.91,2021
0.052641788,1794.992157,1788.632353,29.824698,106.441765,3.38E-04,0.132834685,-1.52E-04,9.352799031,ID00319628,1,15.01,2022
0.05477835,7127.105882,,29.824698,106.441765,3.36E-04,0.139956701,-3.43E-04,0.556644613,ID00319628,2,15,2022
0.049796988,15096.2319,14332.79066,29.824698,106.441765,2.10E-04,0.13490521,1.78E-04,17.27134809,ID00319628,3,8.4,2022
0.045474367,2097.618627,14539.7902,29.824698,106.441765,1.82E-04,0.14131643,1.64E-04,17.70786277,ID00319628,4,19.36,2022
0.042726321,15204.11716,14699.20474,29.824698,106.441765,1.52E-04,0.138545197,1.39E-04,15.4225169,ID00319628,5,18.41,2022
0.040886468,14851.87255,14793.73431,29.824698,106.441765,1.42E-04,0.134223585,1.06E-04,12.32265691,ID00319628,6,20,2022
0.034717026,14901.19534,15010.05588,29.824698,106.441765,1.39E-04,0.131863619,-4.94E-05,0,ID00319628,7,14.49,2022
0.037164084,,15152.36189,29.824698,106.441765,1.25E-04,0.127920657,1.76E-05,14.63795119,ID00319628,8,13.55,2022
0.041650479,15299.85033,14759.19118,29.824698,106.441765,1.74E-04,0.126101159,9.01E-05,16.7975246,ID00319628,9,14.31,2022
0.041665687,15125.10523,1764.031863,29.824698,106.441765,1.89E-04,0.12045933,2.98E-04,15.2475906,ID00319628,10,14.59,2022
0.043228089,1227.947059,14348.38325,29.824698,106.441765,2.01E-04,0.115568006,1.94E-06,10.50937227,ID00319628,11,14.3,2022
0.057210389,14245.61275,-8707.093627,29.824698,106.441765,1.99E-04,0.128606079,3.39E-04,11.23100758,ID00319628,12,12.76,2022
0.061709018,-3224.347059,,29.490344,106.486144,3.10E-04,0.115170604,-4.19E-04,4.45672792,ID00319715,1,46.71,2019
0.060632834,-9249.985294,2264.885294,29.490344,106.486144,2.07E-04,0.117867678,1.06E-04,8.914887375,ID00319715,2,54.29,2019
0.053875741,14825.62219,-2186.135458,29.490344,106.486144,3.39E-04,0.123998427,3.19E-04,17.97218594,ID00319715,3,55.89,2019
0.05264081,15438.0705,14667.28301,29.490344,106.486144,2.55E-04,0.125758682,7.32E-05,28.35636292,ID00319715,4,53.96,2019
0.053148091,15456.51373,14606.55392,29.490344,106.486144,2.87E-04,0.12530768,-3.62E-04,0,ID00319715,5,58.6,2019
0.043640956,15417.88791,14793.11299,29.490344,106.486144,2.78E-04,0.131084147,7.52E-04,23.83245841,ID00319715,6,55.62,2019
0.041669609,10209.37794,14856.60833,29.490344,106.486144,1.77E-04,0.129672109,-9.37E-05,25.57856908,ID00319715,7,56.18,2019
0.042458838,10044.57745,15020.31008,29.490344,106.486144,1.69E-04,0.128037618,1.39E-04,23.45414427,ID00319715,8,57.04,2019
0.043923806,10017.48529,14944.504,29.490344,106.486144,2.24E-04,0.124374146,1.03E-05,23.24095376,ID00319715,9,53.35,2019
0.048880106,14935.35931,14413.80458,29.490344,106.486144,2.46E-04,0.121037516,9.88E-05,20.50969395,ID00319715,10,58.84,2019
0.051278282,14660.73039,14291.67843,29.490344,106.486144,2.77E-04,0.114567185,-1.27E-04,23.61748814,ID00319715,11,58.89,2019
0.049558609,-2245.04951,8817.531373,29.490344,106.486144,4.23E-04,0.126292874,-1.56E-04,24.66272535,ID00319715,12,62.99,2019
0.06185654,-9782.594118,13929.69216,29.490344,106.486144,1.83E-04,0.126150705,5.20E-04,20.73111329,ID00319715,1,61.27,2020
0.053869449,14475.86275,14235.11356,29.490344,106.486144,1.08E-04,0.139108281,2.48E-04,14.56448784,ID00319715,2,47.63,2020
0.059333753,9649.532516,-2960.217647,29.490344,106.486144,2.17E-04,0.138744169,6.85E-05,18.96282603,ID00319715,3,55.2,2020
0.053094183,15246.85989,14362.46814,29.490344,106.486144,2.54E-04,0.143777912,-2.16E-04,26.36704907,ID00319715,4,43.34,2020
0.046899818,10104.40778,14740.56456,29.490344,106.486144,2.29E-04,0.134449447,1.85E-04,24.31867426,ID00319715,5,52.59,2020
0.045355814,10010.27304,14916.51225,29.490344,106.486144,2.01E-04,0.125313377,1.59E-04,26.96284746,ID00319715,6,68,2020
0.040303907,-1840.594118,14924.19314,29.490344,106.486144,1.94E-04,0.127611372,-7.81E-05,25.92508041,ID00319715,7,73.99,2020
0.03708226,,15046.30392,29.490344,106.486144,1.49E-04,0.124643536,6.67E-05,25.08954692,ID00319715,8,69.78,2020
0.043172258,15476.87843,,29.490344,106.486144,2.19E-04,0.121844737,5.83E-04,20.37345857,ID00319715,9,57.64,2020
0.047447283,,14325.97255,29.490344,106.486144,4.43E-04,0.116315673,-3.38E-04,10.44977209,ID00319715,10,53.57,2020
0.045899432,14902.58346,14392.35402,29.490344,106.486144,2.96E-04,0.11926572,2.58E-05,21.69867891,ID00319715,11,58.59,2020
0.063544554,,13859.91021,29.490344,106.486144,7.27E-04,0.122174809,6.16E-05,15.78683349,ID00319715,12,69.96,2020
0.058835362,-8280.765359,13845.42034,29.490344,106.486144,7.34E-04,0.121300496,0.001258521,25.56961092,ID00319715,1,77.13,2021
0.05413883,14951.8723,14169.15417,29.490344,106.486144,4.19E-04,0.129641064,3.26E-05,26.61270563,ID00319715,2,74.18,2021
0.065269335,9613.480392,14300.15082,29.490344,106.486144,3.42E-04,0.129024138,2.23E-04,17.53875696,ID00319715,3,90.61,2021
0.054238283,15424.07892,14623.44297,29.490344,106.486144,3.56E-04,0.137525053,-1.08E-04,27.64049815,ID00319715,4,85.61,2021
0.048920384,-9236.643137,-3633.208824,29.490344,106.486144,3.87E-04,0.13537597,2.19E-04,28.02040908,ID00319715,5,91.05,2021
0.04362155,-8426.452941,,29.490344,106.486144,2.71E-04,0.12879012,4.26E-05,29.47012978,ID00319715,6,84.48,2021
0.0380451,,14988.39461,29.490344,106.486144,2.00E-04,0.134248064,2.19E-04,25.81028206,ID00319715,7,64.6,2021
0.042573843,-9218.012745,15106.76734,29.490344,106.486144,1.92E-04,0.130816694,-1.28E-04,24.24265729,ID00319715,8,40.1,2021
0.041038403,15438.47274,14883.98377,29.490344,106.486144,2.03E-04,0.126557151,1.61E-04,27.3177378,ID00319715,9,5.2,2021
0.04486216,15383.69044,14907.53725,29.490344,106.486144,2.99E-04,0.123381489,2.50E-04,16.73218358,ID00319715,10,12.73,2021
0.043080337,14534.2402,14044.71667,29.490344,106.486144,6.06E-04,0.127032169,-2.23E-04,17.82351439,ID00319715,11,12.98,2021
0.049175999,3027.794118,14067.48529,29.490344,106.486144,7.55E-04,0.122994546,1.97E-04,18.99961981,ID00319715,12,72.89,2021
0.055705479,-3266.973529,13956.86667,29.490344,106.486144,5.65E-04,0.130887586,1.41E-04,15.94122043,ID00319715,1,70.44,2022
0.05529443,3200.806863,8087.439216,29.490344,106.486144,4.51E-04,0.13937552,4.54E-04,18.67693635,ID00319715,2,60.01,2022
0.052310749,9856.868301,14334.90082,29.490344,106.486144,3.77E-04,0.135397026,2.11E-05,27.47525975,ID00319715,3,61.71,2022
0.047894113,-8451.22598,,29.490344,106.486144,2.53E-04,0.141264278,1.13E-04,30.87676423,ID00319715,4,66.4,2022
0.045845185,15299.60539,14724.76716,29.490344,106.486144,2.53E-04,0.138172972,3.74E-04,24.44588274,ID00319715,5,71.35,2022
0.043356862,,14877.61356,29.490344,106.486144,2.23E-04,0.133510246,8.15E-05,27.3387525,ID00319715,6,54.68,2022
0.036006255,10183.99673,15070.70195,29.490344,106.486144,1.73E-04,0.13211162,-5.81E-06,0,ID00319715,7,63.7,2022
0.038526553,10209.04167,15202.51333,29.490344,106.486144,1.35E-04,0.127587143,-3.03E-05,27.78175226,ID00319715,8,45.42,2022
0.045180685,15327.40082,14750.80392,29.490344,106.486144,2.28E-04,0.126533792,2.44E-04,25.16462016,ID00319715,9,81.42,2022
0.044556365,15178.45634,14612.50686,29.490344,106.486144,2.90E-04,0.120041863,2.06E-04,20.53981615,ID00319715,10,90.25,2022
0.047835595,-3091.67549,14380.05074,29.490344,106.486144,2.30E-04,0.11515408,-1.09E-04,17.85143914,ID00319715,11,45.14,2022
0.055167604,-2945.345098,13920.42647,29.490344,106.486144,3.04E-04,0.126165966,5.42E-04,17.18571298,ID00319715,12,76.83,2022
0.033527403,,,26.866576,106.733812,1.39E-04,,,1.006193625,ID00319725,1,2.37,2019
0.038692725,14839.49673,14108.58627,26.866576,106.733812,7.36E-05,0.107689267,-1.98E-04,4.160723018,ID00319725,2,1.3,2019
0.040618317,15196.84575,14118.08529,26.866576,106.733812,1.20E-04,0.116752097,2.80E-05,6.592107733,ID00319725,3,1.27,2019
0.046127749,15210.71953,14446.45376,26.866576,106.733812,1.03E-04,0.124150266,4.62E-06,8.138473128,ID00319725,4,2.59,2019
0.040175413,15448.8701,14354.91422,26.866576,106.733812,9.19E-05,0.121811027,4.31E-04,2.009122554,ID00319725,5,2.82,2019
0.036516815,15188.74804,14527.49379,26.866576,106.733812,9.54E-05,0.125187091,-9.36E-05,7.530617576,ID00319725,6,3,2019
0.032015966,-7355.027451,14618.03015,26.866576,106.733812,7.93E-05,0.126408751,3.49E-05,6.243237715,ID00319725,7,3.1,2019
0.033481103,15309.50735,14579.14975,26.866576,106.733812,7.50E-05,0.126208373,1.18E-04,6.733426477,ID00319725,8,3.2,2019
0.034914129,15207.1683,14498.48761,26.866576,106.733812,7.90E-05,0.120698135,4.77E-05,6.102367567,ID00319725,9,3.25,2019
0.037966001,14965.5474,14187.05196,26.866576,106.733812,7.50E-05,0.119421261,-1.01E-04,6.576872587,ID00319725,10,3.4,2019
0.035379681,14776.98775,14082.28627,26.866576,106.733812,7.52E-05,0.114026768,1.17E-04,9.487678993,ID00319725,11,3.04,2019
0.037366798,14602.14477,13812.80686,26.866576,106.733812,1.25E-04,0.115366503,2.10E-04,5.756343007,ID00319725,12,3.15,2019
0.038421599,-7931.205882,13601.33137,26.866576,106.733812,1.07E-04,0.115366576,8.93E-04,9.516553802,ID00319725,1,3.75,2020
0.042777139,14784.47647,14039.2049,26.866576,106.733812,8.77E-05,0.133319876,3.26E-04,8.727181349,ID00319725,2,2.49,2020
0.046915069,15097.79495,14037.68824,26.866576,106.733812,9.74E-05,0.130637128,1.91E-05,7.316867693,ID00319725,3,2.23,2020
0.043714969,15245.20961,-3316.95,26.866576,106.733812,1.02E-04,0.136494899,2.43E-05,9.706958502,ID00319725,4,2.22,2020
0.039163773,15608.73301,14586.20637,26.866576,106.733812,9.50E-05,0.131133084,4.92E-05,10.67507821,ID00319725,5,3.87,2020
0.033785003,,14519.64118,26.866576,106.733812,7.93E-05,0.124047481,3.91E-05,7.827918972,ID00319725,6,3.94,2020
0.031487851,-1354.756863,14569.73735,26.866576,106.733812,7.71E-05,0.124182768,-8.79E-05,9.40191906,ID00319725,7,3.84,2020
0.028865003,,14577.64069,26.866576,106.733812,7.14E-05,0.121928265,7.63E-07,7.273553863,ID00319725,8,3.09,2020
0.034858822,-9131.308824,-7812.917647,26.866576,106.733812,7.21E-05,0.121775435,-7763.929535,2.579100491,ID00319725,9,2.37,2020
0.036060585,14846.55343,,26.866576,106.733812,7.80E-05,0.111411391,1.06E-04,3.98158823,ID00319725,10,4.02,2020
0.036064216,14903.94336,13952.06742,26.866576,106.733812,9.01E-05,0.114953381,-6.19E-06,8.002041673,ID00319725,11,4.01,2020
0.039535694,14371.76275,,26.866576,106.733812,1.48E-04,0.11324521,5.09E-04,2.38303183,ID00319725,12,3.67,2020
0.046916255,14386.02002,13592.67884,26.866576,106.733812,1.83E-04,0.116627348,6.34E-04,5.142948522,ID00319725,1,3.7,2021
0.044249863,14767.83873,8792.747549,26.866576,106.733812,1.02E-04,0.125431237,4.24E-04,5.788100497,ID00319725,2,2.41,2021
0.049665906,15228.44775,14259.57516,26.866576,106.733812,1.22E-04,0.122491085,1.54E-04,5.553389787,ID00319725,3,3.18,2021
0.044711616,15297.62059,14342.08725,26.866576,106.733812,1.15E-04,0.131628419,2.32E-04,0.042470588,ID00319725,4,3.71,2021
0.041637135,-7876.739216,14477.10858,26.866576,106.733812,9.77E-05,0.130750941,-8.42E-05,6.588475429,ID00319725,5,4.5,2021
0.035643188,15234.96667,14439.98137,26.866576,106.733812,8.24E-05,0.12694452,-1.32E-04,6.542642248,ID00319725,6,4.21,2021
0.030120208,-8436.545098,14591.16765,26.866576,106.733812,8.66E-05,0.129247592,-5.55E-05,6.498218089,ID00319725,7,4.03,2021
0.033874401,5936.010784,14613.54387,26.866576,106.733812,7.95E-05,0.129113537,-2.46E-06,7.854713267,ID00319725,8,4.31,2021
0.03102602,15276.85229,14505.81275,26.866576,106.733812,8.69E-05,0.125221327,4.78E-05,6.547745043,ID00319725,9,4.21,2021
0.03238495,15111.47802,14388.1674,26.866576,106.733812,8.86E-05,0.122931155,5.94E-05,5.947181244,ID00319725,10,1.93,2021
0.035305282,14557.14003,13706.51569,26.866576,106.733812,1.17E-04,0.118470533,-4.72E-05,8.757794093,ID00319725,11,1.8,2021
0.036672336,14508.80621,13747.57328,26.866576,106.733812,1.18E-04,0.117304656,1.40E-04,4.709855424,ID00319725,12,1.48,2021
0.036389511,14550.74314,,26.866576,106.733812,1.19E-04,0.122116014,-2.68E-04,1.517129899,ID00319725,1,5.2,2022
0.042540187,14459.12549,,26.866576,106.733812,1.29E-04,0.131029409,-1392.017818,0.033774509,ID00319725,2,4.09,2022
0.04204337,15138.08426,14212.46242,26.866576,106.733812,1.04E-04,0.129767995,3.94E-06,7.382607725,ID00319725,3,4.56,2022
0.038921866,,14560.29706,26.866576,106.733812,7.58E-05,0.133547746,2.76E-04,9.158502461,ID00319725,4,4,2022
0.038992279,15087.96225,,26.866576,106.733812,8.17E-05,0.138922574,1.96E-04,5.144855361,ID00319725,5,4.02,2022
0.033115775,,14455.90784,26.866576,106.733812,8.40E-05,0.131130667,3.18E-04,0,ID00319725,6,3.62,2022
0.026255494,9572.979412,14618.96003,26.866576,106.733812,8.33E-05,0.128856477,7.95E-05,0.041519609,ID00319725,7,3.46,2022
0.029479199,-3032.479412,14614.25063,26.866576,106.733812,8.52E-05,0.126237939,1.13E-04,6.031830879,ID00319725,8,2.8,2022
0.034641465,15650.90196,14434.01005,26.866576,106.733812,7.32E-05,0.124741373,2.36E-05,6.297977878,ID00319725,9,1.83,2022
0.032515365,15070.2656,14583.4049,26.866576,106.733812,8.49E-05,0.115134136,4.50E-05,7.733036755,ID00319725,10,1.29,2022
0.033176442,14987.16041,14118.90701,26.866576,106.733812,9.95E-05,0.112983719,5.11E-04,13.92538502,ID00319725,11,3.99,2022
0.039891722,14324.10392,,26.866576,106.733812,1.34E-04,0.118364318,3.44E-04,0.900154413,ID00319725,12,1.22,2022
0.065116072,,8020.149853,31.195048,107.45612,1.70E-04,0.118745697,1.98E-04,38.64048019,ID00319624,1,21.45,2019
0.05891855,,,31.195048,107.45612,1.42E-04,0.121988006,3.42E-04,38.54612087,ID00319624,2,22.33,2019
0.052303369,15100.9716,13930.59158,31.195048,107.45612,1.39E-04,0.125984869,1.76E-04,33.04510804,ID00319624,3,24.7,2019
0.052176109,15512.8526,14559.3237,31.195048,107.45612,1.36E-04,0.131349409,1.89E-04,32.12074223,ID00319624,4,26.13,2019
0.054658484,,,31.195048,107.45612,1.47E-04,0.127224879,-6.43E-05,26.09907671,ID00319624,5,24.07,2019
0.044674657,15690.01077,14679.7383,31.195048,107.45612,1.40E-04,0.132731351,-1.20E-04,27.61312703,ID00319624,6,24.2,2019
0.042527961,,14848.44613,31.195048,107.45612,1.08E-04,0.130929226,-7.89E-05,26.4253429,ID00319624,7,23.31,2019
0.046326122,15679.25348,14898.47878,31.195048,107.45612,1.30E-04,0.127915947,1.66E-04,37.99131166,ID00319624,8,23.55,2019
0.044484545,15390.03134,14854.22135,31.195048,107.45612,1.19E-04,0.125465748,1.22E-04,33.66917206,ID00319624,9,22.67,2019
0.042179889,14887.07346,8491.699314,31.195048,107.45612,1.28E-04,0.122483294,7.92E-05,35.61731712,ID00319624,10,21.41,2019
0.042167082,14868.46523,,31.195048,107.45612,1.69E-04,0.117569168,2.24E-04,27.63201737,ID00319624,11,22.91,2019
0.05307662,14455.12765,6458.747307,31.195048,107.45612,2.11E-04,0.127356464,9.08E-04,31.78915278,ID00319624,12,23.02,2019
0.066484457,14437.74339,,31.195048,107.45612,1.74E-04,0.122874607,5.71E-04,33.14319502,ID00319624,1,20.17,2020
0.060111227,14434.52302,13948.43079,31.195048,107.45612,1.20E-04,0.139317886,8.59E-05,32.29325165,ID00319624,2,24.77,2020
0.061668669,15137.90132,8384.79236,31.195048,107.45612,1.80E-04,0.14321677,2.54E-04,28.89495315,ID00319624,3,21.6,2020
0.058700592,15133.91234,14341.8712,31.195048,107.45612,1.64E-04,0.147587936,4.26E-04,32.68833718,ID00319624,4,24.07,2020
0.05453049,15478.70519,14638.0284,31.195048,107.45612,1.67E-04,0.136238355,2.04E-04,32.10735101,ID00319624,5,24.82,2020
0.049011814,15661.43683,14855.08423,31.195048,107.45612,1.43E-04,0.124931558,5.55E-05,31.51418774,ID00319624,6,25.54,2020
0.042063722,15533.85211,14852.5524,31.195048,107.45612,1.16E-04,0.126841858,-1.55E-05,35.65516413,ID00319624,7,26.45,2020
0.038642944,,14973.90715,31.195048,107.45612,1.12E-04,0.124745823,4.07E-05,37.36532314,ID00319624,8,26.85,2020
0.044188399,15600.29677,,31.195048,107.45612,1.22E-04,0.123512435,6.09E-05,48.58270985,ID00319624,9,27.06,2020
0.043797091,,14286.20078,31.195048,107.45612,1.51E-04,0.118663795,7.65E-04,35.91600325,ID00319624,10,27.61,2020
0.04864945,14977.8308,14225.38622,31.195048,107.45612,1.93E-04,0.119466504,2.36E-04,40.5850413,ID00319624,11,28.37,2020
0.059123779,,,31.195048,107.45612,3.52E-04,0.119584335,5.71E-05,29.00942173,ID00319624,12,30.5,2020
0.060188732,14328.58733,13795.71743,31.195048,107.45612,2.56E-04,0.124637553,5.37E-04,35.53328253,ID00319624,1,24.04,2021
0.055896089,14832.92733,9715.951518,31.195048,107.45612,2.28E-04,0.133327732,3.04E-04,39.02921613,ID00319624,2,25.72,2021
0.057808126,15002.5302,14135.23604,31.195048,107.45612,1.77E-04,0.132882335,2.25E-04,34.59548461,ID00319624,3,24.35,2021
0.058862407,15322.71107,14415.40059,31.195048,107.45612,1.66E-04,0.143209557,1.38E-05,35.71604549,ID00319624,4,22.44,2021
0.051167736,15539.20486,14545.69344,31.195048,107.45612,1.67E-04,0.137196464,2.44E-04,34.7439271,ID00319624,5,23.15,2021
0.045119019,15454.08048,14699.75318,31.195048,107.45612,1.52E-04,0.128712764,5.14E-05,32.16146488,ID00319624,6,25.59,2021
0.041101408,4884.322233,14929.12194,31.195048,107.45612,1.21E-04,0.135112991,8.61E-05,35.97594094,ID00319624,7,26.04,2021
0.044089057,11472.39471,15058.04832,31.195048,107.45612,1.12E-04,0.13014882,-4.33E-05,17.4862098,ID00319624,8,25.25,2021
0.043466693,15418.75269,14684.69265,31.195048,107.45612,1.24E-04,0.128222085,1.22E-04,24.46091072,ID00319624,9,25.51,2021
0.041577233,,14839.18952,31.195048,107.45612,1.18E-04,0.125561944,1.72E-05,23.86982607,ID00319624,10,20.98,2021
0.044960518,14414.41038,13838.56905,31.195048,107.45612,2.05E-04,0.130058767,5.33E-04,40.108345,ID00319624,11,29.55,2021
0.048920485,14531.88541,13957.87806,31.195048,107.45612,2.00E-04,0.127362091,5.96E-04,30.83045714,ID00319624,12,35.29,2021
0.060153943,14431.44858,178.5142018,31.195048,107.45612,1.49E-04,0.138999282,2.93E-04,47.29938709,ID00319624,1,26.67,2022
0.054021317,14743.2096,1884.522037,31.195048,107.45612,1.82E-04,0.139005667,-3.82E-05,45.09920678,ID00319624,2,25.93,2022
0.049746356,15059.38878,14149.05583,31.195048,107.45612,1.49E-04,0.138990516,6.95E-05,37.75013977,ID00319624,3,24.9,2022
0.046668736,15390.25269,14342.44368,31.195048,107.45612,1.42E-04,0.141967171,1.65E-04,40.94452716,ID00319624,4,24.9,2022
0.044248525,15517.49559,14507.11459,31.195048,107.45612,1.36E-04,0.14085639,2.33E-05,41.3388723,ID00319624,5,25.2,2022
0.044910918,,14932.33252,31.195048,107.45612,1.27E-04,0.134278752,-4.07E-05,30.45549458,ID00319624,6,23.01,2022
0.037617907,15743.6026,14961.6456,31.195048,107.45612,1.33E-04,0.132836304,1.02E-04,0,ID00319624,7,21.32,2022
0.039980609,15965.2713,15083.8538,31.195048,107.45612,1.20E-04,0.127730612,6.63E-05,31.1398335,ID00319624,8,24.29,2022
0.048468636,,14689.22184,31.195048,107.45612,1.45E-04,0.126624918,2.36E-04,34.10823461,ID00319624,9,22.48,2022
0.04606854,15017.00406,14348.77767,31.195048,107.45612,1.48E-04,0.120064621,4.87E-04,33.99013949,ID00319624,10,23.22,2022
0.043970689,14637.37023,14253.73425,31.195048,107.45612,1.47E-04,0.11799714,-2.83E-06,33.98746766,ID00319624,11,22.5,2022
0.051310451,14270.29971,,31.195048,107.45612,1.73E-04,0.128510354,9.31E-05,33.27564656,ID00319624,12,23.66,2022
0.051557492,,14045.86765,30.936737,108.686739,9.94E-05,0.118199878,-1.48E-04,13.77213179,ID00319711,1,27,2019
-9861.758074,14494.00147,14055.97059,30.936737,108.686739,7.60E-05,0.121799614,5.09E-04,14.16565173,ID00319711,2,30,2019
0.053958804,14790.27743,14151.90817,30.936737,108.686739,9.84E-05,0.124869502,3.34E-05,10.83538465,ID00319711,3,22.95,2019
0.048986778,15152.34152,14555.68039,30.936737,108.686739,8.86E-05,0.131402193,8.32E-05,10.83055879,ID00319711,4,27.43,2019
0.048327533,15194.59461,14614.01961,30.936737,108.686739,8.66E-05,0.127656104,-1.29E-05,9.186488038,ID00319711,5,32.42,2019
0.043658312,15468.22255,14751.71137,30.936737,108.686739,8.94E-05,0.131250856,-4.77E-05,10.57318623,ID00319711,6,32.92,2019
0.039423073,15576.41078,14885.91454,30.936737,108.686739,8.24E-05,0.130616115,-1.38E-04,12.19173766,ID00319711,7,42.34,2019
0.041965404,15565.01161,14924.89012,30.936737,108.686739,7.89E-05,0.12873244,-5.86E-06,11.47476931,ID00319711,8,43.02,2019
0.042617944,15219.08458,14849.05575,30.936737,108.686739,7.53E-05,0.125760193,-2.34E-05,10.6098775,ID00319711,9,39.03,2019
0.043386465,14919.72765,14444.92941,30.936737,108.686739,7.99E-05,0.121581689,3.30E-04,4.52877215,ID00319711,10,41.95,2019
0.048160127,8902.252451,14318.9951,30.936737,108.686739,9.48E-05,0.118626512,-3.91E-04,4.343536581,ID00319711,11,34.33,2019
0.049774864,14522.5969,13793.50686,30.936737,108.686739,8.67E-05,0.12898725,3.54E-04,9.243598218,ID00319711,12,39.64,2019
0.054266371,,14011.32059,30.936737,108.686739,6.48E-05,0.126872518,-5.04E-04,15.61087234,ID00319711,1,37.86,2020
0.057148772,,14141.15547,30.936737,108.686739,6.95E-05,0.135975169,-4.40E-05,11.88773043,ID00319711,2,33.94,2020
0.053350567,15006.00511,14210.69559,30.936737,108.686739,8.51E-05,0.14070254,8.48E-05,8.409963351,ID00319711,3,32.22,2020
0.051052195,15101.49101,14390.30402,30.936737,108.686739,8.28E-05,0.145944394,5.55E-05,12.10714471,ID00319711,4,25.73,2020
0.044260762,15207.00904,14663.38333,30.936737,108.686739,8.32E-05,0.134916285,2.36E-05,12.54337787,ID00319711,5,33.61,2020
0.040768295,15445.08325,-8161.244118,30.936737,108.686739,8.02E-05,0.124682399,6.51E-05,12.24759092,ID00319711,6,37.99,2020
0.037689812,15424.09118,14799.21176,30.936737,108.686739,7.63E-05,0.125269239,-4.18E-05,11.19285738,ID00319711,7,38.07,2020
0.036023183,15472.42108,14956.04109,30.936737,108.686739,7.66E-05,0.124969993,-1.94E-05,10.35536536,ID00319711,8,38.52,2020
0.040768837,15376.63284,-7910.958824,30.936737,108.686739,7.94E-05,0.122988855,-4.18E-05,8.096875258,ID00319711,9,39.05,2020
0.04710285,14786.95196,,30.936737,108.686739,9.73E-05,0.118781102,1.64E-04,5.492833412,ID00319711,10,32.5,2020
0.04244161,14804.64108,14442.27724,30.936737,108.686739,7.52E-05,0.11964194,4.03E-04,14.27518873,ID00319711,11,32.43,2020
0.05531199,-8228.087255,14052.99853,30.936737,108.686739,1.27E-04,0.126078682,5.48E-04,8.940259594,ID00319711,12,34.54,2020
0.054465167,14388.39052,14011.77196,30.936737,108.686739,1.25E-04,0.124114901,4.49E-05,13.45828676,ID00319711,1,32.86,2021
0.048393977,14766.26259,14182.61491,30.936737,108.686739,8.30E-05,0.132031642,2.56E-04,16.94104689,ID00319711,2,29.3,2021
0.049802063,14864.93979,14294.0398,30.936737,108.686739,9.11E-05,0.131634415,2.46E-04,11.06203465,ID00319711,3,32.92,2021
0.050074552,15010.21013,14524.75833,30.936737,108.686739,8.69E-05,0.142493649,-2.02E-04,9.930838285,ID00319711,4,37.63,2021
0.048226051,15430.91062,4122.381373,30.936737,108.686739,9.79E-05,0.13790329,3.43E-04,9.853394642,ID00319711,5,44.56,2021
0.040104932,15435.86814,14691.21422,30.936737,108.686739,9.14E-05,0.128320055,-1.80E-04,13.48444329,ID00319711,6,40.45,2021
0.036597991,15408.97289,14841.09085,30.936737,108.686739,9.09E-05,0.13538639,-9.53E-05,10.7837622,ID00319711,7,42.04,2021
0.040483411,15459.10572,14955.82565,30.936737,108.686739,8.71E-05,0.130793147,-2.55E-05,9.38019101,ID00319711,8,41.41,2021
0.036514648,15288.93221,14784.08897,30.936737,108.686739,8.56E-05,0.127890181,3.32E-05,13.83138474,ID00319711,9,38.03,2021
0.039927239,15165.76951,14825.33676,30.936737,108.686739,8.38E-05,0.122976181,1.65E-05,13.04112769,ID00319711,10,29.91,2021
0.037638494,14544.44657,14100.71324,30.936737,108.686739,1.02E-04,0.127974384,2.10E-04,13.47835588,ID00319711,11,33.28,2021
0.042491337,14484.665,-8520.573529,30.936737,108.686739,1.05E-04,0.126085258,0.001443489,18.04820127,ID00319711,12,41,2021
0.052014421,14439.24248,14039.67778,30.936737,108.686739,8.49E-05,0.13656588,0.001069436,8.181080688,ID00319711,1,33.77,2022
0.053153822,-7918.703922,3818.664951,30.936737,108.686739,8.28E-05,0.140932476,-6.65E-05,19.24868339,ID00319711,2,33.69,2022
0.050321027,14959.27372,14279.96434,30.936737,108.686739,7.56E-05,0.139664464,4.47E-05,17.79518877,ID00319711,3,41.02,2022
0.044205666,15070.51961,14484.98824,30.936737,108.686739,7.55E-05,0.142693608,5.03E-06,16.54332299,ID00319711,4,37.97,2022
0.042242943,15216.93996,14528.30016,30.936737,108.686739,8.32E-05,0.140936911,1.65E-04,13.81487275,ID00319711,5,39.21,2022
0.039501752,4519.937745,14848.96603,30.936737,108.686739,8.11E-05,0.134521506,1.00E-04,9.25314933,ID00319711,6,30.86,2022
0.032702081,15434.92824,14892.80021,30.936737,108.686739,8.96E-05,0.132899636,5.67E-06,0,ID00319711,7,18.23,2022
0.037992188,15705.39477,14987.85049,30.936737,108.686739,7.93E-05,0.128192354,4.13E-05,20.33908762,ID00319711,8,22.5,2022
0.043431458,15442.56958,14848.52059,30.936737,108.686739,8.10E-05,0.128326474,-1.47E-04,12.49984809,ID00319711,9,32.66,2022
0.039342318,15057.56618,14621.24611,30.936737,108.686739,8.99E-05,0.120564233,-1.18E-04,12.93193367,ID00319711,10,18.9,2022
0.04025057,14878.02239,14490.88725,30.936737,108.686739,8.39E-05,0.117476547,1.33E-06,10.11137475,ID00319711,11,18.48,2022
0.049423161,14439.90096,13990.0866,30.936737,108.686739,9.36E-05,0.127728688,6.75E-04,11.90424235,ID00319711,12,18.42,2022
0.049464726,,,24.375361,109.397001,1.69E-04,0.102300739,7.30E-05,18.13533393,ID00319650,1,99.46,2019
0.046098738,,,24.375361,109.397001,1.22E-04,0.104307546,-9.56E-05,2.49296859,ID00319650,2,103.76,2019
0.067305141,-9949.820412,,24.375361,109.397001,2.09E-04,0.113267372,3.43E-04,16.66147679,ID00319650,3,108.47,2019
0.062928517,-3697.011776,-3808.059863,24.375361,109.397001,1.30E-04,0.123292978,3.89E-05,15.08822898,ID00319650,4,118.55,2019
0.059081029,,14979.17305,24.375361,109.397001,1.30E-04,0.124737386,1.53E-04,7.532136989,ID00319650,5,118,2019
0.040983328,,14927.25613,24.375361,109.397001,1.23E-04,0.126760329,-2.90E-05,22.70947722,ID00319650,6,117.41,2019
0.034190528,,15022.57164,24.375361,109.397001,1.17E-04,0.126096369,5.25E-05,23.0230273,ID00319650,7,119.45,2019
0.045334654,,14999.97015,24.375361,109.397001,1.75E-04,0.126778948,7.56E-05,21.3687807,ID00319650,8,124.89,2019
0.05123145,-6869.338567,14929.75252,24.375361,109.397001,1.60E-04,0.122483923,6.56E-06,23.43367045,ID00319650,9,135.07,2019
0.051541644,-6572.245339,14886.37995,24.375361,109.397001,1.61E-04,0.121533267,1.69E-04,23.22145705,ID00319650,10,128.97,2019
0.052909037,8749.576055,,24.375361,109.397001,1.62E-04,0.112967332,4.26E-04,25.82080971,ID00319650,11,122.23,2019
0.053785812,8749.748773,,24.375361,109.397001,1.68E-04,0.109065592,3.38E-04,25.79767162,ID00319650,12,131.21,2019
0.054690723,,,24.375361,109.397001,1.36E-04,0.10928783,-8.68E-05,25.23292892,ID00319650,1,113.13,2020
0.063416662,-9950.411187,,24.375361,109.397001,1.22E-04,0.116562396,3.64E-04,26.47889295,ID00319650,2,105.08,2020
0.065111428,,,24.375361,109.397001,1.01E-04,0.120443744,8.81E-05,9.738662923,ID00319650,3,124.59,2020
0.0710464,-3520.359176,,24.375361,109.397001,1.98E-04,0.130967209,3.25E-04,17.85566006,ID00319650,4,125.92,2020
0.050189037,,14991.71451,24.375361,109.397001,1.76E-04,0.127578756,4.51E-05,24.14733825,ID00319650,5,124.03,2020
0.033979008,,-9950.008832,24.375361,109.397001,1.02E-04,0.12555636,-6.12E-05,24.61745625,ID00319650,6,125.34,2020
0.03250553,,15013.44292,24.375361,109.397001,9.31E-05,0.12401432,1.22E-06,25.10093244,ID00319650,7,150.42,2020
0.034704572,,,24.375361,109.397001,1.30E-04,0.124521743,-7.92E-05,26.99626113,ID00319650,8,156.82,2020
0.038499319,,,24.375361,109.397001,1.09E-04,0.123165014,-9.97E-05,22.08254643,ID00319650,9,155.14,2020
0.044401689,15247.81011,14732.30324,24.375361,109.397001,1.10E-04,0.114274153,2.49E-04,22.95735051,ID00319650,10,170.45,2020
0.051792432,15188.09388,8228.631992,24.375361,109.397001,1.33E-04,0.115133853,4.96E-04,27.3983879,ID00319650,11,159.35,2020
0.05744015,,,24.375361,109.397001,1.80E-04,0.107255401,4.59E-04,16.41222263,ID00319650,12,173.38,2020
0.068082252,5648.007851,2002.764475,24.375361,109.397001,2.17E-04,0.111941248,2.52E-04,19.24730883,ID00319650,1,123.92,2021
0.07052936,,-9951.029441,24.375361,109.397001,2.17E-04,0.122439897,2.85E-04,25.66533602,ID00319650,2,147.78,2021
0.069197221,,,24.375361,109.397001,1.79E-04,0.120351268,7.71E-04,9.291346874,ID00319650,3,170.69,2021
0.054189739,9208.116781,,24.375361,109.397001,1.60E-04,0.129459011,-4.17E-06,15.9465872,ID00319650,4,165.06,2021
0.043430868,,8786.677134,24.375361,109.397001,2.03E-04,0.129679062,-2.21E-04,27.97345695,ID00319650,5,176.39,2021
0.039389086,,14809.44537,24.375361,109.397001,1.41E-04,0.127574441,3.71E-05,26.34145718,ID00319650,6,169.91,2021
0.034684826,,15098.54351,24.375361,109.397001,1.33E-04,0.130211565,-4.53E-05,26.35038372,ID00319650,7,176.01,2021
0.040063126,,14944.79097,24.375361,109.397001,1.28E-04,0.128369201,9.87E-05,11.94145236,ID00319650,8,149.39,2021
0.040564269,-9873.170756,14951.21551,24.375361,109.397001,1.79E-04,0.126375091,6.02E-05,23.83520368,ID00319650,9,137.55,2021
0.043274232,-6626.478901,14862.5857,24.375361,109.397001,1.60E-04,0.124039968,3.54E-04,22.78455079,ID00319650,10,154.73,2021
0.045721014,14867.87324,,24.375361,109.397001,1.86E-04,0.117822781,2.54E-04,28.29945053,ID00319650,11,132.62,2021
0.050638719,14869.30062,-4080.575074,24.375361,109.397001,1.61E-04,0.116887787,1.96E-04,23.27647487,ID00319650,12,140.32,2021
0.050651656,,,24.375361,109.397001,1.68E-04,0.117769951,4.92E-04,9.50086361,ID00319650,1,151.05,2022
0.051505442,,,24.375361,109.397001,1.33E-04,0.121209239,5.84E-04,11.86239678,ID00319650,2,154.67,2022
0.052600181,5887.093229,14610.41413,24.375361,109.397001,1.46E-04,0.126340995,2.69E-04,17.1101055,ID00319650,3,176.22,2022
0.056089557,,14976.77723,24.375361,109.397001,1.46E-04,0.129305326,1.38E-04,28.87886678,ID00319650,4,147.08,2022
0.042882694,,,24.375361,109.397001,1.33E-04,0.134791181,-1.98E-05,26.12752699,ID00319650,5,157.73,2022
0.03861067,,,24.375361,109.397001,9.37E-05,0.13445951,3.14E-05,0.129747299,ID00319650,6,142.57,2022
0.030311669,,15089.88863,24.375361,109.397001,9.68E-05,0.129024928,9.55E-05,0,ID00319650,7,122.64,2022
0.033709934,,15056.87226,24.375361,109.397001,9.90E-05,0.127542483,-2.16E-05,20.33956582,ID00319650,8,144.35,2022
0.052788795,-9822.343474,14984.9596,24.375361,109.397001,1.31E-04,0.126283971,5.46E-05,26.65130008,ID00319650,9,139.52,2022
0.042946977,15569.49428,14885.82188,24.375361,109.397001,1.35E-04,0.118924394,7.61E-05,26.07271413,ID00319650,10,156.61,2022
0.042256034,,,24.375361,109.397001,1.46E-04,0.113981756,2.23E-04,18.12440383,ID00319650,11,151.78,2022
0.05088748,14851.38592,,24.375361,109.397001,1.37E-04,0.109918064,2.25E-04,22.19376638,ID00319650,12,177.13,2022
0.050364244,,14144.74902,23.086846,109.638573,8.69E-05,0.101472136,3.61E-04,6.086029593,ID00344533,1,15.55,2019
0.04538791,,-4388.011765,23.086846,109.638573,7.04E-05,0.104357104,-1.42E-04,0.807362731,ID00344533,2,11.37,2019
0.056099759,15077.79804,-3273.715686,23.086846,109.638573,9.43E-05,0.112879164,1.71E-05,6.859039355,ID00344533,3,12.75,2019
0.063888845,15232.82353,14742.66789,23.086846,109.638573,9.22E-05,0.121693297,-1.83E-04,5.327073615,ID00344533,4,5.53,2019
0.054449846,-9423.052941,14883.09592,23.086846,109.638573,9.94E-05,0.123443388,-1.64E-04,8.226446121,ID00344533,5,15.12,2019
0.038289861,,-2739.293137,23.086846,109.638573,1.02E-04,0.125156349,8.75E-05,13.1274804,ID00344533,6,23.13,2019
0.033017673,,14945.44265,23.086846,109.638573,8.61E-05,0.126187872,-9.85E-05,7.422277057,ID00344533,7,16.9,2019
0.037804565,,14957.13162,23.086846,109.638573,9.35E-05,0.126722324,-7.56E-05,8.847786591,ID00344533,8,18.89,2019
0.04620404,15454.41972,14894.72696,23.086846,109.638573,8.57E-05,0.122125977,3.71E-05,8.79780878,ID00344533,9,25.97,2019
0.051769076,15319.60196,14736.04991,23.086846,109.638573,8.68E-05,0.121145999,3.06E-05,8.28204416,ID00344533,10,20.69,2019
0.048486909,15173.25465,14550.07561,23.086846,109.638573,1.01E-04,0.113291574,7.43E-05,11.26389727,ID00344533,11,17.64,2019
0.04924064,14912.77901,14241.69639,23.086846,109.638573,1.20E-04,0.107817379,-9.21E-05,10.22203934,ID00344533,12,23.18,2019
0.052258639,14900.37696,14508.28611,23.086846,109.638573,9.30E-05,0.107383674,3.05E-05,7.150992508,ID00344533,1,23.71,2020
0.05467033,14717.84134,14545.83431,23.086846,109.638573,8.73E-05,0.116705009,-1.08E-07,9.658588171,ID00344533,2,16.69,2020
0.069847044,15212.00441,1784.627451,23.086846,109.638573,8.82E-05,0.118473034,1.23E-04,3.499941075,ID00344533,3,49.85,2020
0.061506391,15369.85163,,23.086846,109.638573,1.07E-04,0.129546049,-4.52E-06,4.883191069,ID00344533,4,22.75,2020
0.047264573,,14822.51382,23.086846,109.638573,9.28E-05,0.126549883,-5.91E-05,10.34866169,ID00344533,5,24.23,2020
0.033391095,,14969.95098,23.086846,109.638573,7.62E-05,0.124912675,-1.14E-04,10.88295332,ID00344533,6,28.51,2020
0.031642003,15730.11373,15001.14926,23.086846,109.638573,7.94E-05,0.1239897,-1.38E-04,5.249460775,ID00344533,7,23.47,2020
0.033537668,,3602.62451,23.086846,109.638573,8.30E-05,0.124641485,7.17E-05,8.287316116,ID00344533,8,30.44,2020
0.039058643,8645.290196,2431.961765,23.086846,109.638573,9.36E-05,0.122321261,-9.78E-05,5.633544097,ID00344533,9,29.55,2020
0.042624769,15214.90703,14634.11783,23.086846,109.638573,7.95E-05,0.115674286,5.86E-04,12.61717196,ID00344533,10,30.46,2020
0.046772969,15137.49783,14509.44628,23.086846,109.638573,9.18E-05,0.1134393,6.36E-05,9.0185833,ID00344533,11,29.2,2020
0.054091418,14800.7593,14101.79121,23.086846,109.638573,1.30E-04,0.107652838,-3.06E-07,6.008718102,ID00344533,12,26.64,2020
0.057931254,14749.69985,14160.46922,23.086846,109.638573,1.42E-04,0.109700533,8.90E-05,12.01860062,ID00344533,1,29.83,2021
0.057114277,15211.00659,14462.11987,23.086846,109.638573,1.03E-04,0.12105935,1.02E-04,11.83048033,ID00344533,2,21.36,2021
0.069531878,,2315.641176,23.086846,109.638573,1.12E-04,0.119356805,-2.02E-04,6.71315189,ID00344533,3,30.63,2021
0.05714989,9027.566667,14808.28824,23.086846,109.638573,1.22E-04,0.129169867,-1.23E-04,2.908529499,ID00344533,4,27.89,2021
0.042848122,,14890.37843,23.086846,109.638573,1.05E-04,0.128086635,-5.65E-05,12.9093014,ID00344533,5,29.22,2021
0.037517815,15753.28824,14887.99804,23.086846,109.638573,9.90E-05,0.127808668,-9.75E-05,9.420999987,ID00344533,6,30.38,2021
0.036283054,,15014.27484,23.086846,109.638573,9.75E-05,0.129554694,-1.25E-04,9.753776986,ID00344533,7,24.49,2021
0.035870581,,14923.92377,23.086846,109.638573,9.65E-05,0.127431752,6.99E-05,10.43183098,ID00344533,8,23.47,2021
0.036112935,,14952.7761,23.086846,109.638573,1.05E-04,0.126631019,-9.64E-05,8.600191179,ID00344533,9,24.11,2021
0.040273472,15171.1848,14811.68324,23.086846,109.638573,1.03E-04,0.123475902,4.66E-05,10.18359838,ID00344533,10,27.52,2021
0.043681465,14961.39068,14498.16912,23.086846,109.638573,1.11E-04,0.116974414,6.71E-04,11.36122078,ID00344533,11,30.69,2021
0.047865397,14949.44127,14264.85305,23.086846,109.638573,1.19E-04,0.116495301,1.35E-05,11.0321665,ID00344533,12,29.65,2021
0.051191283,,14365.90817,23.086846,109.638573,1.11E-04,0.116972525,2.93E-05,6.981656786,ID00344533,1,22.42,2022
0.052241865,14765.62157,14175.43758,23.086846,109.638573,8.58E-05,0.118282958,-1.95E-04,9.775958295,ID00344533,2,26.4,2022
0.051095549,15126.9452,14537.11062,23.086846,109.638573,1.06E-04,0.122347799,1.50E-04,10.95095563,ID00344533,3,24.16,2022
0.052824553,,14203.10637,23.086846,109.638573,1.01E-04,0.127325056,2.49E-04,12.10405381,ID00344533,4,33.61,2022
0.046752339,15315.64412,14637.34167,23.086846,109.638573,1.03E-04,0.134739098,-1.56E-04,10.48911753,ID00344533,5,32.4,2022
0.038454921,,14909.28725,23.086846,109.638573,8.36E-05,0.133471521,-2.48E-05,9.420487852,ID00344533,6,25.74,2022
0.02969251,,15034.70116,23.086846,109.638573,9.16E-05,0.129981049,1.89E-05,0,ID00344533,7,24.59,2022
0.031720848,,14957.01386,23.086846,109.638573,8.87E-05,0.128112923,1.55E-05,6.049877402,ID00344533,8,16.65,2022
0.047775363,-4183.305882,14961.97691,23.086846,109.638573,1.06E-04,0.125805805,1.13E-04,10.72277943,ID00344533,9,15.77,2022
0.043527781,15356.84191,14825.61746,23.086846,109.638573,1.05E-04,0.119554942,1.32E-04,12.60542149,ID00344533,10,21.46,2022
0.039591326,15369.84624,14689.69582,23.086846,109.638573,1.14E-04,0.114015346,-1.28E-04,7.960000194,ID00344533,11,29.04,2022
0.050526072,14777.95456,14146.77029,23.086846,109.638573,1.18E-04,0.109257813,3.13E-04,12.44923272,ID00344533,12,30.64,2022
0.06796435,13732.80138,230.8261297,40.662459,109.797132,4.12E-04,0.147251608,8.72E-04,26.60001725,ID00319616,1,115.55,2019
0.057578949,13779.81983,-4153.10609,40.662459,109.797132,3.56E-04,0.158622706,6.32E-04,32.04280422,ID00319616,2,110.22,2019
0.044212168,,-1485.616896,40.662459,109.797132,2.27E-04,0.167266395,7.04E-04,26.00185869,ID00319616,3,124.09,2019
0.043078171,,7946.789293,40.662459,109.797132,2.52E-04,0.149050848,5.60E-04,26.99803059,ID00319616,4,124.47,2019
0.042304592,,14394.40373,40.662459,109.797132,2.11E-04,0.151350231,3.75E-04,27.00763037,ID00319616,5,142.57,2019
0.04701185,,-7293.121807,40.662459,109.797132,2.61E-04,0.145090474,2.80E-04,30.34956963,ID00319616,6,135.21,2019
0.049288267,,14668.52358,40.662459,109.797132,2.58E-04,0.141065846,1.37E-04,27.53691557,ID00319616,7,138.44,2019
0.048350924,-5815.227898,14590.43009,40.662459,109.797132,1.88E-04,0.132235865,2.86E-04,27.56674595,ID00319616,8,139.32,2019
0.042873291,,-5999.620825,40.662459,109.797132,2.18E-04,0.129577208,3.83E-04,24.18629403,ID00319616,9,119.48,2019
0.050257085,,6452.954813,40.662459,109.797132,3.32E-04,0.135980234,6.93E-04,27.59303276,ID00319616,10,127.1,2019
0.055650873,13885.32036,110.3664047,40.662459,109.797132,3.65E-04,0.142986639,0.001238661,34.18639578,ID00319616,11,134.28,2019
0.06580936,13734.0573,-171.7121807,40.662459,109.797132,4.15E-04,0.151434373,,37.87774095,ID00319616,12,135.64,2019
0.07504503,,-5554.891945,40.662459,109.797132,4.34E-04,0.16469097,,43.64901571,ID00319616,1,133.57,2020
0.059154204,14034.79028,13289.63589,40.662459,109.797132,2.81E-04,0.16372793,0.001120459,22.35750261,ID00319616,2,114.11,2020
0.047990567,-8655.440079,,40.662459,109.797132,2.22E-04,0.164060621,7.19E-04,22.56001693,ID00319616,3,111.36,2020
0.047728218,,4276.733792,40.662459,109.797132,2.14E-04,0.160056372,5.42E-04,25.94110323,ID00319616,4,109.17,2020
0.046437429,8723.010806,-7323.59725,40.662459,109.797132,2.26E-04,0.147755804,2.54E-04,27.02086922,ID00319616,5,129.13,2020
0.048098474,,14698.98919,40.662459,109.797132,2.54E-04,0.138539836,3.12E-04,29.07076397,ID00319616,6,135.77,2020
0.050707487,,14692.43631,40.662459,109.797132,2.69E-04,0.135209357,3.27E-04,22.1710951,ID00319616,7,141.17,2020
0.048823098,-7173.145383,14707.19581,40.662459,109.797132,2.43E-04,0.130917778,4.97E-04,26.02105412,ID00319616,8,135.07,2020
0.042944076,,-7325.742633,40.662459,109.797132,2.31E-04,0.134261885,5.71E-04,25.93614158,ID00319616,9,132.46,2020
0.049047053,,3209.452849,40.662459,109.797132,2.83E-04,0.1321337,6.48E-04,26.78486984,ID00319616,10,140.6,2020
0.048432391,,9358.790766,40.662459,109.797132,3.39E-04,0.1345218,7.39E-04,27.22630476,ID00319616,11,135.88,2020
0.082083425,13565.47233,7241.761952,40.662459,109.797132,6.97E-04,0.154033662,,30.31374506,ID00319616,12,142.78,2020
0.05864504,13644.37278,-5197.947937,40.662459,109.797132,3.75E-04,0.155339303,0.001213421,30.06175599,ID00319616,1,125.19,2021
0.054400306,13967.23551,-4104.400786,40.662459,109.797132,3.33E-04,0.158487036,0.001258048,48.81376212,ID00319616,2,113.37,2021
0.055216298,,-5444.416503,40.662459,109.797132,2.46E-04,0.162255315,2.50E-04,23.19994601,ID00319616,3,126.33,2021
0.050265489,,-4116.24165,40.662459,109.797132,2.07E-04,0.1586538,2.91E-04,28.32418992,ID00319616,4,143.85,2021
0.044450087,,,40.662459,109.797132,1.99E-04,0.155850688,1.28E-04,25.39317325,ID00319616,5,128.37,2021
0.043016001,-7224.634578,-2872.003929,40.662459,109.797132,2.22E-04,0.142866675,3.37E-04,23.63250754,ID00319616,6,145.5,2021
0.047337019,,14748.18762,40.662459,109.797132,2.35E-04,0.138695545,7.22E-05,28.36043735,ID00319616,7,140.46,2021
0.061471611,15320.96169,-7294.992141,40.662459,109.797132,2.36E-04,0.13757725,1.07E-04,25.82859295,ID00319616,8,153.85,2021
0.051200722,-8618.088409,,40.662459,109.797132,2.68E-04,0.133977674,2.13E-04,25.21962942,ID00319616,9,129.44,2021
0.047384355,-7323.872299,-5373.71611,40.662459,109.797132,2.63E-04,0.130954262,6.93E-04,24.5892687,ID00319616,10,131.98,2021
0.059325121,13985.20401,-307.0851343,40.662459,109.797132,4.53E-04,0.146767643,0.001616653,31.05958576,ID00319616,11,139.93,2021
0.064265822,13794.71136,,40.662459,109.797132,7.51E-04,0.15077684,,34.3675615,ID00319616,12,166.45,2021
0.060451444,13687.31713,2845.547151,40.662459,109.797132,5.78E-04,0.164574746,0.00114423,33.55056796,ID00319616,1,125.17,2022
0.057201281,13750.81532,-5557.031434,40.662459,109.797132,4.23E-04,0.173685992,0.001231344,38.64371631,ID00319616,2,113.34,2022
0.045654044,14075.30747,397.459725,40.662459,109.797132,2.50E-04,0.1558659,1.76E-04,28.52099223,ID00319616,3,140.27,2022
0.04424679,,7892.936149,40.662459,109.797132,1.89E-04,0.156335895,2.59E-04,27.90262222,ID00319616,4,148.83,2022
0.037600777,,365.9155206,40.662459,109.797132,1.62E-04,0.152858245,9.98E-05,30.63938633,ID00319616,5,137.19,2022
0.034555018,,3294.388998,40.662459,109.797132,1.73E-04,0.146700431,3.13E-04,27.87089586,ID00319616,6,114.89,2022
0.035621623,,14646.18471,40.662459,109.797132,1.71E-04,0.137069882,1.43E-04,0,ID00319616,7,112.41,2022
0.041967459,15550.49509,14778.54273,40.662459,109.797132,1.75E-04,0.129556736,5.18E-04,25.57494095,ID00319616,8,108.23,2022
0.047598312,-7208.901768,-7314.13556,40.662459,109.797132,2.60E-04,0.134964468,2.13E-04,26.92041989,ID00319616,9,106.82,2022
0.042842834,,-4091.945972,40.662459,109.797132,2.80E-04,0.132285327,5.30E-04,26.71342828,ID00319616,10,113.69,2022
0.038215976,13885.02227,-2488.112967,40.662459,109.797132,3.58E-04,0.141055957,0.001465935,25.71889978,ID00319616,11,96.25,2022
0.052385138,13587.08973,3961.54224,40.662459,109.797132,3.51E-04,0.155878063,,29.9671488,ID00319616,12,101.39,2022
0.072432473,-3041.686275,,35.619302,110.575387,4.41E-04,0.133837712,6.79E-04,26.92661294,ID00319718,1,96.02,2019
0.083438982,-2513.055392,-8237.871569,35.619302,110.575387,3.47E-04,0.135783928,6.93E-04,38.13074046,ID00319718,2,100.63,2019
0.055552407,15004.02207,,35.619302,110.575387,2.48E-04,0.148730169,3.16E-04,38.33428959,ID00319718,3,87.04,2019
0.065198849,15301.66917,-6795.163725,35.619302,110.575387,2.77E-04,0.141425931,4.18E-04,18.18234318,ID00319718,4,109.01,2019
0.059240676,15576.76518,14713.53693,35.619302,110.575387,2.20E-04,0.139087285,2.11E-04,32.08960566,ID00319718,5,109.57,2019
0.055681694,15794.12042,14807.58641,35.619302,110.575387,2.24E-04,0.137192395,1.34E-04,32.05116396,ID00319718,6,109.15,2019
0.058456527,15815.41788,14938.93416,35.619302,110.575387,1.86E-04,0.135531141,1.79E-04,32.51801664,ID00319718,7,108.79,2019
0.0496286,15740.57808,14881.74124,35.619302,110.575387,1.65E-04,0.130086334,1.53E-04,26.75386015,ID00319718,8,110.39,2019
0.06202313,15480.15013,9718.748137,35.619302,110.575387,2.34E-04,0.131019858,4.16E-04,29.30707135,ID00319718,9,107.11,2019
0.066783411,10009.275,-7739.930392,35.619302,110.575387,3.33E-04,0.129406445,-8.53E-06,35.53706343,ID00319718,10,102.58,2019
0.063000039,5400.994493,,35.619302,110.575387,2.89E-04,0.130239268,7.18E-04,24.29626247,ID00319718,11,100.01,2019
0.064784971,7533.270425,,35.619302,110.575387,2.84E-04,0.143595969,0.001473699,21.80907076,ID00319718,12,104.98,2019
0.066723516,,,35.619302,110.575387,2.33E-04,0.146838008,6.99E-04,16.45447266,ID00319718,1,100.1,2020
0.07385191,6872.538562,9732.909314,35.619302,110.575387,2.51E-04,0.151984419,4.64E-04,20.8414316,ID00319718,2,102.23,2020
0.059576795,15168.36673,4214.518627,35.619302,110.575387,2.10E-04,0.150912284,4.59E-04,23.04394392,ID00319718,3,95.26,2020
0.059110219,15264.53538,-6232.444118,35.619302,110.575387,2.13E-04,0.153338803,2.74E-04,31.69300715,ID00319718,4,99.1,2020
0.051499763,15540.65313,5435.213889,35.619302,110.575387,1.88E-04,0.143026498,3.90E-04,39.61999229,ID00319718,5,120.13,2020
0.057833842,15747.20479,14789.725,35.619302,110.575387,2.11E-04,0.13015345,3.14E-04,26.15795799,ID00319718,6,113.2,2020
0.055671296,15794.26569,14889.97394,35.619302,110.575387,1.69E-04,0.13066662,8.37E-05,20.16301257,ID00319718,7,118.37,2020
0.0519688,15462.56422,14854.42574,35.619302,110.575387,1.53E-04,0.127133287,1.97E-04,26.08860569,ID00319718,8,117.05,2020
0.052541377,15464.9418,4254.563105,35.619302,110.575387,2.05E-04,0.129301307,3.34E-04,66.37958817,ID00319718,9,111.14,2020
0.055143554,9875.449099,,35.619302,110.575387,2.56E-04,0.123512304,2.13E-04,36.5054945,ID00319718,10,112.91,2020
0.057833201,9795.740686,,35.619302,110.575387,2.80E-04,0.125022559,7.69E-04,30.28706382,ID00319718,11,115.85,2020
0.059160839,5047.974183,,35.619302,110.575387,2.21E-04,0.136179482,1.72E-04,39.98893192,ID00319718,12,112.61,2020
0.063269678,8736.679739,,35.619302,110.575387,2.42E-04,0.138671684,7.90E-04,37.2169269,ID00319718,1,103.3,2021
0.073334701,4877.868627,3053.211601,35.619302,110.575387,2.30E-04,0.139869826,6.96E-04,28.70716185,ID00319718,2,94.83,2021
0.067633563,9273.552369,14034.39951,35.619302,110.575387,2.45E-04,0.146747751,8.49E-04,23.73279611,ID00319718,3,95.4,2021
0.058052161,15330.26552,,35.619302,110.575387,2.08E-04,0.146196951,5.45E-04,33.22971024,ID00319718,4,100.33,2021
0.05607355,15432.97936,9596.91482,35.619302,110.575387,1.87E-04,0.142899182,4.03E-04,35.10444185,ID00319718,5,123.68,2021
0.060516772,15760.63866,14768.0585,35.619302,110.575387,2.51E-04,0.133961915,3.54E-04,39.03294582,ID00319718,6,118.03,2021
0.052015557,15846.79463,14953.45585,35.619302,110.575387,2.16E-04,0.136879652,1.64E-04,24.3253189,ID00319718,7,120.51,2021
0.060489828,15791.00345,14870.98912,35.619302,110.575387,1.70E-04,0.133790366,3.64E-04,13.25339486,ID00319718,8,117.48,2021
0.053795354,15407.28476,14693.09067,35.619302,110.575387,2.02E-04,0.131293123,3.34E-04,31.78219809,ID00319718,9,96.78,2021
0.053320315,15083.12124,4760.590196,35.619302,110.575387,2.84E-04,0.124363182,2.21E-04,7.800968316,ID00319718,10,97.91,2021
0.053762804,9552.363558,13837.74869,35.619302,110.575387,3.00E-04,0.141413434,9.06E-04,34.09648767,ID00319718,11,66.88,2021
0.052433045,-758.8764706,,35.619302,110.575387,2.60E-04,0.136922824,7.41E-04,26.9170978,ID00319718,12,103.72,2021
0.060784998,-1975.968725,,35.619302,110.575387,3.23E-04,0.150649423,5.44E-04,26.21212472,ID00319718,1,83.65,2022
0.062287354,14213.07108,,35.619302,110.575387,2.54E-04,0.156653675,3.84E-04,28.82777446,ID00319718,2,115.21,2022
0.051759779,10013.65425,-7780.563725,35.619302,110.575387,2.16E-04,0.146291445,4.66E-04,30.7392537,ID00319718,3,112.55,2022
0.05375943,15285.17892,14084.91863,35.619302,110.575387,1.81E-04,0.152913368,1.73E-04,30.0199484,ID00319718,4,111.39,2022
0.050904583,15515.16975,10093.43627,35.619302,110.575387,1.57E-04,0.147176608,2.56E-04,25.92324284,ID00319718,5,119.55,2022
0.047904286,15822.51518,14911.76897,35.619302,110.575387,1.84E-04,0.140063064,8.75E-05,28.78219561,ID00319718,6,95.7,2022
0.04557244,15828.60215,14895.96284,35.619302,110.575387,1.69E-04,0.135588754,-3.47E-07,24.30920816,ID00319718,7,82.39,2022
0.053264995,15953.12451,14980.58828,35.619302,110.575387,1.43E-04,0.128259879,2.99E-04,18.87957571,ID00319718,8,103.36,2022
0.057144316,15475.71319,14579.60433,35.619302,110.575387,2.25E-04,0.131760446,4.97E-04,30.17111072,ID00319718,9,109.23,2022
0.05017382,9953.263742,13225.24951,35.619302,110.575387,1.99E-04,0.127740114,2.98E-04,21.36437992,ID00319718,10,112.44,2022
0.05675409,-803.5182353,13966.84118,35.619302,110.575387,3.08E-04,0.129182112,6.29E-04,15.76450492,ID00319718,11,86.88,2022
0.058551001,-837.45,,35.619302,110.575387,2.66E-04,0.138710513,0.001092799,34.05348705,ID00319718,12,84.63,2022
0.050054229,13896.59437,10271.22669,37.367241,111.172651,3.85E-04,0.134803847,0.001661262,8.784175432,ID00319644,1,23.14,2019
0.054034302,14029.87619,-7024.819431,37.367241,111.172651,2.87E-04,0.138478724,8.47E-04,59.04710563,ID00319644,2,26.03,2019
0.038079768,14624.28636,13579.60263,37.367241,111.172651,2.08E-04,0.155254405,2.79E-04,10.01562823,ID00319644,3,21.32,2019
0.043547511,15278.53628,13905.11121,37.367241,111.172651,1.74E-04,0.144874843,4.16E-04,9.934734954,ID00319644,4,22.27,2019
0.043282208,15284.95799,14160.84967,37.367241,111.172651,1.62E-04,0.142832332,3.91E-04,11.22292906,ID00319644,5,30.98,2019
0.046946735,15586.97264,14376.5633,37.367241,111.172651,1.58E-04,0.139048336,1.98E-04,13.18827507,ID00319644,6,31.96,2019
0.039108735,15503.98985,14572.21117,37.367241,111.172651,1.23E-04,0.137105719,-9.25E-05,11.68290703,ID00319644,7,33.8,2019
0.044393942,15260.19607,14478.27402,37.367241,111.172651,1.46E-04,0.130518606,-4.08E-05,11.51901353,ID00319644,8,34.2,2019
0.038625227,15171.06397,14356.61891,37.367241,111.172651,1.38E-04,0.129164425,2.96E-06,15.02005131,ID00319644,9,32.58,2019
0.040276649,14531.1366,13842.57802,37.367241,111.172651,1.53E-04,0.131639226,5.47E-04,15.26662885,ID00319644,10,30.49,2019
0.043188777,14251.22314,13727.18847,37.367241,111.172651,2.19E-04,0.13204065,0.001200718,15.75580204,ID00319644,11,30.09,2019
0.040574259,14026.35247,12887.47007,37.367241,111.172651,2.21E-04,0.14788466,9.31E-04,20.73630944,ID00319644,12,30.38,2019
0.05661307,13964.42273,-527.6099117,37.367241,111.172651,2.65E-04,0.150643928,-8752.804737,49.54660713,ID00319644,1,31.17,2020
0.05259123,14302.70208,13454.65987,37.367241,111.172651,1.41E-04,0.157672341,9.70E-04,19.40668315,ID00319644,2,28.75,2020
0.04263679,14699.99094,13626.91998,37.367241,111.172651,1.84E-04,0.154375641,4.95E-04,16.45719583,ID00319644,3,29.29,2020
0.045691927,15061.06861,13897.67296,37.367241,111.172651,1.80E-04,0.154670484,4.19E-04,15.54802751,ID00319644,4,26.82,2020
0.040837383,15358.24267,14207.57344,37.367241,111.172651,1.37E-04,0.146630666,2.16E-04,16.28391077,ID00319644,5,28.58,2020
0.041489239,15619.18828,14518.91646,37.367241,111.172651,1.25E-04,0.132714629,2.45E-04,16.33420515,ID00319644,6,28.44,2020
0.041402548,15469.30216,14562.5563,37.367241,111.172651,1.05E-04,0.131524964,2.12E-04,16.33401857,ID00319644,7,30.97,2020
0.03802399,15290.10173,14480.37763,37.367241,111.172651,1.13E-04,0.129148899,4.03E-04,17.37896979,ID00319644,8,31.83,2020
0.039859015,14986.86186,14217.84617,37.367241,111.172651,1.22E-04,0.129804475,1.81E-04,18.55681326,ID00319644,9,31.16,2020
0.043413998,14557.4561,13779.72792,37.367241,111.172651,1.59E-04,0.123660909,4.13E-04,16.54574342,ID00319644,10,30.84,2020
0.045878639,14457.64618,13794.80555,37.367241,111.172651,1.82E-04,0.127203271,0.001145305,16.46384462,ID00319644,11,24.06,2020
0.046561363,13674.13953,-7747.646712,37.367241,111.172651,2.95E-04,0.141280947,5.02E-04,19.27141535,ID00319644,12,34.12,2020
0.046761077,13843.70989,13205.57115,37.367241,111.172651,2.21E-04,0.142561962,8.20E-04,21.52985262,ID00319644,1,34.46,2021
0.044030078,14197.09024,13370.16892,37.367241,111.172651,1.87E-04,0.148350033,7.92E-04,79.05486356,ID00319644,2,28.67,2021
0.044814905,14625.8955,13650.36809,37.367241,111.172651,2.02E-04,0.153442578,2.42E-04,16.38896681,ID00319644,3,32.37,2021
0.041059723,14932.57107,13752.2561,37.367241,111.172651,1.43E-04,0.159871031,-7.43E-05,12.73468326,ID00319644,4,31.19,2021
0.038709657,15351.25562,14158.59859,37.367241,111.172651,1.28E-04,0.148349664,3.38E-05,17.72875887,ID00319644,5,32.86,2021
0.042967033,15526.08165,14386.03795,37.367241,111.172651,1.46E-04,0.135707552,3.49E-04,14.03398687,ID00319644,6,31.34,2021
0.038333147,15661.61376,14592.66032,37.367241,111.172651,1.21E-04,0.13672008,-7.59E-05,19.45961735,ID00319644,7,32.11,2021
0.045707592,15463.45835,14499.41757,37.367241,111.172651,1.25E-04,0.13390333,1.33E-04,19.43197783,ID00319644,8,31.38,2021
0.03971727,15096.44494,14294.87733,37.367241,111.172651,1.17E-04,0.130757919,1.90E-04,20.18318426,ID00319644,9,27.99,2021
0.036481274,14561.18646,13673.05512,37.367241,111.172651,2.00E-04,0.128741249,7.14E-04,5.256668289,ID00319644,10,27.99,2021
0.036984138,14176.79962,13638.79809,37.367241,111.172651,2.29E-04,0.143099635,0.0014264,27.06117057,ID00319644,11,22.4,2021
0.04127637,13826.15168,13198.18384,37.367241,111.172651,2.55E-04,0.142962101,-8752.804759,27.24627528,ID00319644,12,27.43,2021
0.048386105,13892.63808,13118.6212,37.367241,111.172651,3.06E-04,0.15821642,0.001565833,56.51552758,ID00319644,1,34.46,2022
0.042768646,14048.17181,13086.85525,37.367241,111.172651,1.88E-04,0.162885858,0.001529188,86.73900396,ID00319644,2,24.45,2022
0.038666294,14687.07898,13681.76227,37.367241,111.172651,1.63E-04,0.148441467,3.18E-04,22.79497066,ID00319644,3,31.25,2022
0.038680608,15201.92311,13895.34977,37.367241,111.172651,1.65E-04,0.152967067,2.29E-04,24.30637908,ID00319644,4,32.99,2022
0.038240213,15322.00121,14094.90388,37.367241,111.172651,1.42E-04,0.149232037,1.48E-04,22.33431032,ID00319644,5,34.5,2022
0.036199657,15566.30469,14487.52982,37.367241,111.172651,1.23E-04,0.141784966,6.84E-05,16.48187435,ID00319644,6,33.38,2022
0.038384141,15301.17023,14532.45703,37.367241,111.172651,1.31E-04,0.135545655,1.10E-04,5.612595753,ID00319644,7,35.67,2022
0.037759818,15198.31722,14656.09643,37.367241,111.172651,1.03E-04,0.129062258,2.37E-04,16.10781872,ID00319644,8,20.5,2022
0.039147258,15007.3347,14200.96829,37.367241,111.172651,1.45E-04,0.13080762,2.34E-04,23.10641989,ID00319644,9,31.1,2022
0.035876797,14602.14176,13834.24731,37.367241,111.172651,1.98E-04,0.128774852,2.43E-04,18.71796099,ID00319644,10,30.09,2022
0.042322972,14398.36937,13652.06802,37.367241,111.172651,2.36E-04,0.130925197,2.99E-04,20.25206279,ID00319644,11,21,2022
0.040101961,13770.40397,-4238.602552,37.367241,111.172651,2.23E-04,0.144789172,-3748.392487,24.19241104,ID00319644,12,17.4,2022
0.105844139,410.0443213,13198.0554,35.668162,111.379095,5.35E-04,0.134299991,9.54E-04,14.62485439,ID00338841,1,27.89,2019
0.081707918,14329.60757,,35.668162,111.379095,3.09E-04,0.135462135,7.99E-04,18.35993961,ID00338841,2,25.61,2019
0.059951979,15108.33645,13633.2767,35.668162,111.379095,2.56E-04,0.1496326,1.71E-04,17.23529302,ID00338841,3,18.85,2019
0.075002724,15317.01261,326.7072946,35.668162,111.379095,2.23E-04,0.144569107,6.04E-04,20.71628616,ID00338841,4,18.69,2019
0.072009674,15614.54731,-7126.886427,35.668162,111.379095,1.77E-04,0.137748098,3.40E-04,15.37168538,ID00338841,5,11.66,2019
0.069837274,15801.87195,14633.25392,35.668162,111.379095,1.95E-04,0.138658812,2.93E-04,15.23957044,ID00338841,6,23.65,2019
0.068153078,15965.333,14800.70515,35.668162,111.379095,1.59E-04,0.135486394,1.85E-04,24.17307499,ID00338841,7,33.05,2019
0.072062146,15648.37357,14733.98008,35.668162,111.379095,1.50E-04,0.13097119,1.46E-04,13.24030252,ID00338841,8,30.14,2019
0.076739857,15417.73529,14498.1856,35.668162,111.379095,1.75E-04,0.130229085,2.58E-04,18.32494014,ID00338841,9,28.77,2019
0.069440395,14874.17858,14022.69037,35.668162,111.379095,2.63E-04,0.129169944,4.07E-04,23.37849285,ID00338841,10,33.3,2019
0.06323179,14538.48586,13700.90259,35.668162,111.379095,2.25E-04,0.129245201,3.45E-04,9.054787733,ID00338841,11,31.4,2019
0.080413091,14189.69009,-4502.407202,35.668162,111.379095,3.18E-04,0.142544743,5.12E-04,9.771821327,ID00338841,12,33.46,2019
0.077785034,14118.13897,13421.13966,35.668162,111.379095,2.37E-04,0.145965432,0.001587331,8.532633634,ID00338841,1,30.83,2020
0.073192692,14682.65138,13675.59588,35.668162,111.379095,1.61E-04,0.153075338,7.37E-04,8.324224529,ID00338841,2,27.12,2020
0.061844536,14991.82252,13695.87351,35.668162,111.379095,2.13E-04,0.151811988,4.81E-04,10.00843483,ID00338841,3,21.03,2020
0.068112283,15305.82147,14100.42382,35.668162,111.379095,2.04E-04,0.153963335,4.73E-04,11.86218382,ID00338841,4,25.39,2020
0.061166665,15520.34033,-1450.993998,35.668162,111.379095,1.59E-04,0.143064941,3.90E-04,12.26202928,ID00338841,5,32.67,2020
0.063750933,15676.51146,14659.16759,35.668162,111.379095,1.57E-04,0.130513326,-3.31E-05,9.862657162,ID00338841,6,31,2020
0.062285453,15759.37891,14714.6265,35.668162,111.379095,1.38E-04,0.130588086,3.40E-04,11.67801233,ID00338841,7,34.63,2020
0.058717877,15514.0494,14727.9803,35.668162,111.379095,1.27E-04,0.127852235,1.80E-04,13.79128107,ID00338841,8,31.19,2020
0.069259951,15391.84901,14416.38566,35.668162,111.379095,1.78E-04,0.129745368,2.51E-04,14.72781629,ID00338841,9,32.46,2020
0.068283453,14862.65512,1263.421514,35.668162,111.379095,2.61E-04,0.125166322,6.81E-04,18.51092356,ID00338841,10,34.36,2020
0.065316569,14736.0614,4927.717452,35.668162,111.379095,2.79E-04,0.12371565,5.58E-04,14.25553806,ID00338841,11,33.49,2020
0.078543745,13996.0645,,35.668162,111.379095,3.64E-04,0.134640119,0.001881671,21.05730646,ID00338841,12,34.61,2020
0.073165742,14080.59689,-9077.775623,35.668162,111.379095,3.16E-04,0.139055466,7.01E-04,12.58864968,ID00338841,1,33.38,2021
0.072005895,14693.06855,13542.26931,35.668162,111.379095,2.59E-04,0.142274627,8.54E-04,12.23081494,ID00338841,2,31.16,2021
0.071633099,14771.63504,13844.19777,35.668162,111.379095,2.48E-04,0.14743663,7.98E-04,9.937366326,ID00338841,3,34.54,2021
0.061002885,15199.73576,13878.12142,35.668162,111.379095,1.75E-04,0.148965539,2.13E-04,12.17764511,ID00338841,4,33.35,2021
0.059901189,15437.43097,-4249.902124,35.668162,111.379095,1.50E-04,0.144818855,2.91E-04,12.8039103,ID00338841,5,32.18,2021
0.063551832,15862.60265,14712.62281,35.668162,111.379095,1.63E-04,0.136181653,1.77E-04,12.01172226,ID00338841,6,35.69,2021
0.058971536,15846.28778,14798.28294,35.668162,111.379095,1.43E-04,0.137170686,8.82E-05,11.36510858,ID00338841,7,35.76,2021
0.065502106,15689.85767,14739.08015,35.668162,111.379095,1.39E-04,0.133708075,1.79E-04,11.04187893,ID00338841,8,41.26,2021
0.056820036,15366.01027,14509.19013,35.668162,111.379095,1.59E-04,0.13177312,3.08E-04,11.40093952,ID00338841,9,38.2,2021
0.066083565,14987.11881,14113.01213,35.668162,111.379095,2.65E-04,0.127032005,3.31E-04,7.7493283,ID00338841,10,39.47,2021
0.055706851,14392.92728,13701.29117,35.668162,111.379095,3.26E-04,0.142228356,0.001322473,10.73411826,ID00338841,11,19.74,2021
0.066345462,14159.91549,-9069.437673,35.668162,111.379095,3.70E-04,0.137276162,0.002337261,8.490484884,ID00338841,12,19.15,2021
0.069426003,14204.8608,,35.668162,111.379095,4.11E-04,0.151942756,0.001091438,9.610618809,ID00338841,1,35.79,2022
0.064378961,14552.0014,8236.569714,35.668162,111.379095,2.34E-04,0.158035314,4.26E-04,10.40839558,ID00338841,2,35.84,2022
0.056272967,14989.35226,13915.92893,35.668162,111.379095,1.97E-04,0.147673071,5.10E-04,10.25307951,ID00338841,3,38.84,2022
0.061592675,15273.4593,14272.70268,35.668162,111.379095,1.80E-04,0.15320128,3.74E-04,12.8977842,ID00338841,4,37.45,2022
0.058756281,15579.06213,14159.33495,35.668162,111.379095,1.60E-04,0.14865385,2.79E-04,11.11545935,ID00338841,5,39.08,2022
0.055298893,15783.24483,14742.74844,35.668162,111.379095,1.50E-04,0.141179176,2.04E-04,9.316694432,ID00338841,6,33.52,2022
0.047331849,15697.46614,14778.60841,35.668162,111.379095,1.29E-04,0.136073101,3.10E-04,0.108961216,ID00338841,7,25.4,2022
0.049256819,15825.14497,14873.64247,35.668162,111.379095,1.12E-04,0.129179025,1.87E-04,8.04760372,ID00338841,8,37.56,2022
0.061637577,15326.13436,14397.80482,35.668162,111.379095,1.55E-04,0.131223588,2.11E-04,8.884206006,ID00338841,9,37.28,2022
0.053613392,14944.20452,13969.30181,35.668162,111.379095,2.00E-04,0.127985758,4.57E-04,8.297172136,ID00338841,10,35.33,2022
0.051897049,14691.59187,13808.82272,35.668162,111.379095,2.08E-04,0.12842114,6.36E-04,7.518473978,ID00338841,11,26.03,2022
0.060497263,14085.03903,,35.668162,111.379095,2.56E-04,0.140574028,5.74E-04,9.449346568,ID00338841,12,24.54,2022
0.056840945,8448.219608,13689.74608,27.690219,111.442146,1.71E-04,0.107315721,7.40E-04,1.105700992,ID00319614,1,21.82,2019
0.057672276,2556.768627,-3844.944118,27.690219,111.442146,9.64E-05,0.111472599,1.29E-04,5.89744855,ID00319614,2,18.1,2019
0.063459737,14884.27498,,27.690219,111.442146,1.39E-04,0.118560702,3.58E-04,8.352259805,ID00319614,3,28.73,2019
0.061161858,8959.04902,14506.67484,27.690219,111.442146,1.25E-04,0.126751877,5.22E-04,13.54538743,ID00319614,4,29.44,2019
0.055173027,1880.584314,-679.0509804,27.690219,111.442146,1.04E-04,0.123443222,1.66E-04,17.92902459,ID00319614,5,30.01,2019
0.04407318,2893.030882,9756.496732,27.690219,111.442146,1.03E-04,0.127989082,3.71E-04,14.59437267,ID00319614,6,28.57,2019
0.039240074,,14983.84098,27.690219,111.442146,8.49E-05,0.128893459,3.50E-05,16.93750998,ID00319614,7,28.42,2019
0.043423969,14813.13873,14955.95828,27.690219,111.442146,9.44E-05,0.128176496,9.10E-05,9.062639577,ID00319614,8,25.92,2019
0.054454488,9322.685163,14716.52782,27.690219,111.442146,9.06E-05,0.123902591,1.42E-04,11.39976943,ID00319614,9,19.47,2019
0.051740461,15255.73925,14517.98464,27.690219,111.442146,1.03E-04,0.121236542,8.68E-05,12.70410026,ID00319614,10,19.76,2019
0.05441036,14970.5957,14220.84526,27.690219,111.442146,1.30E-04,0.113624151,3.19E-04,13.50298531,ID00319614,11,25.06,2019
0.063053299,14624.75877,13909.94853,27.690219,111.442146,1.63E-04,0.115688483,2.13E-04,11.41828457,ID00319614,12,27.17,2019
0.062459819,-7915.435294,-7011.935294,27.690219,111.442146,1.07E-04,0.11444845,2.62E-05,11.90144837,ID00319614,1,23,2020
0.061262371,5470.133824,-4889.22549,27.690219,111.442146,8.12E-05,0.126370982,-1.38E-04,5.899269589,ID00319614,2,20.5,2020
0.062946106,2531.77549,14148.31324,27.690219,111.442146,1.00E-04,0.129450474,4.21E-04,7.031039332,ID00319614,3,21.65,2020
0.057353212,12401.32042,14407.73333,27.690219,111.442146,1.19E-04,0.140632801,1.22E-04,6.549355383,ID00319614,4,24.62,2020
0.059654199,15289.22141,14767.71176,27.690219,111.442146,1.26E-04,0.131662243,2.95E-04,11.91666909,ID00319614,5,26.65,2020
0.038434169,,14659.21373,27.690219,111.442146,8.71E-05,0.124625902,-1.24E-04,6.679892046,ID00319614,6,25.6,2020
0.035068621,740.8696078,14909.01667,27.690219,111.442146,8.16E-05,0.124782731,9.41E-06,5.792244978,ID00319614,7,26.35,2020
0.036874471,,14978.9201,27.690219,111.442146,8.64E-05,0.124314654,6.75E-05,12.42949764,ID00319614,8,27.47,2020
0.040650765,,,27.690219,111.442146,7.57E-05,0.125498957,-8401.120605,2.493031858,ID00319614,9,27.4,2020
0.044680118,15044.18529,14206.17451,27.690219,111.442146,9.94E-05,0.111668518,4.54E-05,8.840536832,ID00319614,10,24.3,2020
0.055028224,14982.14165,14217.30191,27.690219,111.442146,1.40E-04,0.118261772,7.87E-04,12.01056382,ID00319614,11,23.09,2020
0.062328775,3280.044608,,27.690219,111.442146,2.08E-04,0.109865545,8.17E-04,9.342747526,ID00319614,12,27.53,2020
0.063410559,14624.83362,13784.37239,27.690219,111.442146,2.06E-04,0.119016061,1.47E-04,9.039051517,ID00319614,1,26.24,2021
0.061112123,14866.8651,14047.07451,27.690219,111.442146,1.22E-04,0.12886226,6.43E-05,6.066384817,ID00319614,2,20.58,2021
0.068726432,15032.76324,2185.078431,27.690219,111.442146,1.60E-04,0.122236868,6.34E-05,3.018553968,ID00319614,3,24.04,2021
0.056903465,15127.2848,,27.690219,111.442146,1.20E-04,0.138880429,3.85E-05,0.035975489,ID00319614,4,30.07,2021
0.05389556,15499.38824,14723.03039,27.690219,111.442146,1.32E-04,0.135026332,3.10E-04,18.94048242,ID00319614,5,29.6,2021
0.048262053,706.1098039,14786.87712,27.690219,111.442146,1.15E-04,0.127612682,5.30E-05,8.072323591,ID00319614,6,25.63,2021
0.033989111,,14965.4126,27.690219,111.442146,1.01E-04,0.130872345,-7.83E-05,6.718698429,ID00319614,7,22.92,2021
0.039541728,,14976.25672,27.690219,111.442146,9.92E-05,0.129092422,1.11E-04,6.581360168,ID00319614,8,25.56,2021
0.042761624,14539.16716,14883.49835,27.690219,111.442146,1.13E-04,0.127495291,4.51E-05,9.367835976,ID00319614,9,18.54,2021
0.044736178,3885.436275,14926.28627,27.690219,111.442146,1.10E-04,0.125379526,2.69E-04,7.923115073,ID00319614,10,23.77,2021
0.049122502,14644.80869,14072.17451,27.690219,111.442146,1.51E-04,0.122312684,4.89E-04,12.78725974,ID00319614,11,22.66,2021
0.054041818,12717.06699,13982.58611,27.690219,111.442146,2.08E-04,0.120405621,6.09E-04,10.98438486,ID00319614,12,28.48,2021
0.057227895,,,27.690219,111.442146,1.48E-04,0.122717099,8.79E-04,3.361318651,ID00319614,1,23.72,2022
0.05854017,-5790.929412,13960.15261,27.690219,111.442146,1.30E-04,0.131050567,-4.87E-04,11.35976488,ID00319614,2,21.74,2022
0.051055483,10924.49833,7167.152941,27.690219,111.442146,1.23E-04,0.133170927,3.48E-04,11.55522084,ID00319614,3,24.77,2022
0.054342054,-1478.629412,8513.877451,27.690219,111.442146,1.17E-04,0.136291202,5.61E-04,12.63516174,ID00319614,4,23.03,2022
0.049837617,2873.909804,,27.690219,111.442146,1.13E-04,0.139829784,1.85E-04,20.20013736,ID00319614,5,24.09,2022
0.041069603,12464.17549,14925.82647,27.690219,111.442146,1.02E-04,0.134314775,2.68E-04,8.924975607,ID00319614,6,18.97,2022
0.032042038,11727.51618,15040.16501,27.690219,111.442146,8.15E-05,0.129800597,7.21E-05,5.367076083,ID00319614,7,10.88,2022
0.036908568,11800.48725,15013.79515,27.690219,111.442146,9.17E-05,0.127420047,-6.82E-06,10.96138006,ID00319614,8,10.84,2022
0.050703901,15635.64379,14755.44951,27.690219,111.442146,1.08E-04,0.126502394,4.13E-05,12.37395834,ID00319614,9,16.21,2022
0.044898333,15314.68349,14753.54534,27.690219,111.442146,1.28E-04,0.119544115,3.09E-06,10.01466665,ID00319614,10,18.72,2022
0.047197429,15086.38431,14635.11569,27.690219,111.442146,1.19E-04,0.115418743,-5.82E-06,7.83383331,ID00319614,11,18.17,2022
0.053164966,11456.19837,13820.15357,27.690219,111.442146,1.90E-04,0.117477897,5.09E-05,10.7480712,ID00319614,12,18.61,2022
0.057407721,14581.13039,,33.270764,111.568748,1.58E-04,0.126501487,5.28E-04,1.488235282,ID00319694,1,11.93,2019
0.056748505,14427.66373,,33.270764,111.568748,1.05E-04,0.132467562,8.61E-04,1.590098015,ID00319694,2,21.13,2019
0.062397126,15193.56784,13778.18407,33.270764,111.568748,1.26E-04,0.134851274,6.32E-04,1.871840694,ID00319694,3,23.58,2019
0.052279796,15348.31287,4120.988235,33.270764,111.568748,1.09E-04,0.137437894,1.58E-04,1.606181364,ID00319694,4,20.78,2019
0.054390571,15567.32681,14438.30441,33.270764,111.568748,1.23E-04,0.132416835,4.49E-04,1.451196108,ID00319694,5,24.05,2019
0.049218074,15745.05261,14576.52647,33.270764,111.568748,1.19E-04,0.134712998,1.39E-04,1.618750051,ID00319694,6,21.1,2019
0.048488688,15684.79265,14705.66882,33.270764,111.568748,9.89E-05,0.131740336,2.12E-05,1.748367606,ID00319694,7,24.32,2019
0.054684592,15534.11497,14739.24359,33.270764,111.568748,9.77E-05,0.130086971,-3.39E-05,1.251041658,ID00319694,8,23.16,2019
0.04933244,15368.34076,14457.41144,33.270764,111.568748,1.02E-04,0.12785498,-1.12E-04,1.441154393,ID00319694,9,21.78,2019
0.049069591,15023.14216,14135.9518,33.270764,111.568748,1.23E-04,0.123019821,8.66E-05,1.852558804,ID00319694,10,24.13,2019
0.048288551,14831.46618,13908.38431,33.270764,111.568748,1.31E-04,0.125215821,5.88E-04,1.840147029,ID00319694,11,21.32,2019
0.050278829,14473.31967,13612.98725,33.270764,111.568748,1.46E-04,0.135362873,8.69E-04,1.942352958,ID00319694,12,21.53,2019
0.061765784,14389.44141,,33.270764,111.568748,9.87E-05,0.132576467,7.54E-04,1.13462009,ID00319694,1,9.25,2020
0.0555746,14666.384,13831.61765,33.270764,111.568748,8.06E-05,0.143698558,5.94E-04,1.310946086,ID00319694,2,8.86,2020
0.052708474,15011.42194,13886.3098,33.270764,111.568748,9.96E-05,0.145980676,2.25E-04,1.287409317,ID00319694,3,9.44,2020
0.057066493,15159.33801,14020.79395,33.270764,111.568748,1.20E-04,0.152259623,1.01E-04,1.568026936,ID00319694,4,23.03,2020
0.052790056,15458.7284,14466.57958,33.270764,111.568748,1.13E-04,0.139109646,3.16E-04,1.675323566,ID00319694,5,27.19,2020
0.056216591,15637.94588,14614.00719,33.270764,111.568748,1.13E-04,0.129244923,1.53E-04,1.463078428,ID00319694,6,27.37,2020
0.047162253,15571.90294,14757.40784,33.270764,111.568748,9.03E-05,0.130343234,2.61E-04,1.119573522,ID00319694,7,27.28,2020
0.047526219,15499.17353,14877.33529,33.270764,111.568748,8.63E-05,0.126147532,1.24E-04,1.68577205,ID00319694,8,28.58,2020
0.052312652,15401.59725,14586.21127,33.270764,111.568748,9.86E-05,0.127336616,1.01E-06,1.598835789,ID00319694,9,28.87,2020
0.053416418,14881.92255,14053.96667,33.270764,111.568748,1.10E-04,0.122429504,-3.74E-06,1.935732855,ID00319694,10,29.22,2020
0.049260352,14870.77428,13965.87121,33.270764,111.568748,1.08E-04,0.120864995,4.16E-04,1.906519648,ID00319694,11,28.42,2020
0.060475165,14150.75801,13652.36912,33.270764,111.568748,1.86E-04,0.124706768,3.25E-04,2.194688727,ID00319694,12,24.28,2020
0.062011022,14441.76515,12887.10392,33.270764,111.568748,1.40E-04,0.129961856,3.10E-04,1.755424,ID00319694,1,27.48,2021
0.057734978,14867.7384,13742.23151,33.270764,111.568748,1.13E-04,0.136341921,5.97E-04,1.919882333,ID00319694,2,26.57,2021
0.059918983,14957.89314,13942.35662,33.270764,111.568748,1.10E-04,0.140078681,5.03E-04,1.908191173,ID00319694,3,29.22,2021
0.052634467,15005.0172,14203.7201,33.270764,111.568748,1.06E-04,0.144476668,-8.76E-05,2.000845601,ID00319694,4,26.29,2021
0.049447609,15433.52908,14507.95098,33.270764,111.568748,1.13E-04,0.139569912,3.72E-04,1.470617639,ID00319694,5,29.57,2021
0.048932573,15665.51307,14596.26446,33.270764,111.568748,1.08E-04,0.134601629,3.51E-05,1.330855392,ID00319694,6,28.5,2021
0.042887334,15417.5549,14823.07153,33.270764,111.568748,9.98E-05,0.137020116,-2.57E-05,1.587764702,ID00319694,7,19.88,2021
0.047714594,15463.13137,14656.43946,33.270764,111.568748,9.36E-05,0.132900501,1.92E-04,1.983735275,ID00319694,8,19.92,2021
0.044097942,15299.53186,14586.45862,33.270764,111.568748,9.59E-05,0.130999809,-2.57E-04,1.485943638,ID00319694,9,6.22,2021
0.043542202,15059.09657,14607.72729,33.270764,111.568748,1.10E-04,0.123938832,6.71E-04,1.378068631,ID00319694,10,12.01,2021
0.041849497,14670.17871,13794.84654,33.270764,111.568748,1.16E-04,0.134627321,1.18E-04,2.851149409,ID00319694,11,24.11,2021
0.04560652,14531.64979,13647.89033,33.270764,111.568748,1.47E-04,0.130563759,8.61E-04,1.884110337,ID00319694,12,21.96,2021
0.060172928,14374.64395,-7315.87451,33.270764,111.568748,1.23E-04,0.142408429,1.85E-04,2.300281827,ID00319694,1,18.28,2022
0.056243712,14690.07206,13577.77157,33.270764,111.568748,1.11E-04,0.146744002,8.32E-04,1.407416673,ID00319694,2,6.65,2022
0.047086877,14981.56539,13923.68987,33.270764,111.568748,9.35E-05,0.142766096,6.78E-04,2.073301441,ID00319694,3,30.31,2022
0.046631642,15178.30605,3943.062745,33.270764,111.568748,9.71E-05,0.151286144,2.24E-04,2.543048948,ID00319694,4,28.56,2022
0.04762695,15430.97305,14466.54114,33.270764,111.568748,9.79E-05,0.146401606,2.17E-04,2.179556366,ID00319694,5,30.15,2022
0.042180737,15748.35095,14790.20806,33.270764,111.568748,1.13E-04,0.138338274,3.53E-05,2.073588256,ID00319694,6,31.35,2022
0.03962189,15542.90196,14811.15221,33.270764,111.568748,1.01E-04,0.134485389,2.26E-05,0,ID00319694,7,30.24,2022
0.042423989,15759.07941,14883.36737,33.270764,111.568748,1.03E-04,0.128845728,2.45E-05,1.701066131,ID00319694,8,30.11,2022
0.047019942,15338.38407,-5319.758824,33.270764,111.568748,1.05E-04,0.130268419,1.55E-04,2.35448041,ID00319694,9,20.21,2022
0.047072313,14965.84134,14262.69559,33.270764,111.568748,1.25E-04,0.124228086,1.76E-04,2.021098037,ID00319694,10,15.11,2022
0.048139033,14670.70684,14113.70392,33.270764,111.568748,1.36E-04,0.121954451,1.10E-04,2.278056338,ID00319694,11,18.16,2022
0.048212189,14264.46286,13665.33971,33.270764,111.568748,1.74E-04,0.131152204,5.54E-04,2.195772068,ID00319694,12,12.58,2022
0.047322105,12265.59902,14318.52565,22.17041,111.791587,8.39E-05,0.10310884,1.39E-05,18.81373297,ID00365874,1,30.01,2019
0.04261615,,,22.17041,111.791587,6.90E-05,0.102163422,-1.43E-04,10.65698304,ID00365874,2,26.6,2019
0.05588614,6179.036275,-3881.298039,22.17041,111.791587,8.30E-05,0.10992518,-1.37E-04,12.59009549,ID00365874,3,30.02,2019
0.055491293,,-1192.57451,22.17041,111.791587,7.18E-05,0.120496177,3.29E-04,8.000625096,ID00365874,4,29.02,2019
0.047996497,,,22.17041,111.791587,8.51E-05,0.12379755,-5.03E-05,10.83227696,ID00365874,5,27.85,2019
0.032322739,,,22.17041,111.791587,7.73E-05,0.125534951,-3.19E-04,11.51470835,ID00365874,6,29.11,2019
0.031159502,,,22.17041,111.791587,6.92E-05,0.125397584,-8.68E-05,10.76450991,ID00365874,7,30.1,2019
0.034758978,,14908.33072,22.17041,111.791587,7.21E-05,0.125474164,5.82E-05,17.42149264,ID00365874,8,30.11,2019
0.042086447,15509.87873,14876.94436,22.17041,111.791587,7.35E-05,0.121407886,-2.23E-05,20.52082125,ID00365874,9,29.2,2019
0.047391339,15306.36225,14842.07565,22.17041,111.791587,7.23E-05,0.120385756,1.77E-04,20.63322546,ID00365874,10,30.81,2019
0.046349136,15067.49032,14547.6316,22.17041,111.791587,8.53E-05,0.112944344,-6.46E-05,25.00988745,ID00365874,11,29.61,2019
0.045828657,14788.88386,14299.12758,22.17041,111.791587,9.81E-05,0.108679673,2.10E-04,24.73669627,ID00365874,12,25.12,2019
0.048118449,14610.18497,4641.228023,22.17041,111.791587,8.29E-05,0.106316158,-4.55E-05,23.70446855,ID00365874,1,29.59,2020
0.048514023,14888.35441,14428.31585,22.17041,111.791587,7.04E-05,0.114881302,7.81E-05,19.45802196,ID00365874,2,27.91,2020
0.058220047,,,22.17041,111.791587,6.52E-05,0.119611146,-1.31E-04,11.25257598,ID00365874,3,29.28,2020
0.057839082,,,22.17041,111.791587,8.05E-05,0.128133922,-5.87E-05,16.38524023,ID00365874,4,31.31,2020
0.043963807,,14867.49592,22.17041,111.791587,7.97E-05,0.127880444,-1.73E-04,18.21643884,ID00365874,5,32.1,2020
0.029824261,,14935.9433,22.17041,111.791587,6.97E-05,0.125926997,-3.76E-05,17.2650146,ID00365874,6,31.32,2020
0.028103727,,15024.54804,22.17041,111.791587,6.51E-05,0.124483092,4.87E-05,21.05736066,ID00365874,7,25.01,2020
0.032476313,,14932.44706,22.17041,111.791587,6.98E-05,0.124437136,2.99E-05,16.36721087,ID00365874,8,30.02,2020
0.039764974,,14935.73922,22.17041,111.791587,6.69E-05,0.121777904,-9.24E-05,12.43558595,ID00365874,9,30.12,2020
0.040836799,15203.70539,14754.56013,22.17041,111.791587,7.04E-05,0.116569882,3.81E-04,18.16012236,ID00365874,10,33.01,2020
0.04366349,15015.23556,14523.66142,22.17041,111.791587,8.10E-05,0.112917955,6.37E-05,17.95851707,ID00365874,11,33.01,2020
0.047310002,14870.88064,14242.41263,22.17041,111.791587,1.04E-04,0.105910968,-3.43E-05,14.72256609,ID00365874,12,30.34,2020
0.050301076,14811.26985,14164.64377,22.17041,111.791587,1.18E-04,0.106808095,1.32E-04,22.86336483,ID00365874,1,34.81,2021
0.05132513,15129.58079,14429.62415,22.17041,111.791587,7.49E-05,0.118919844,1.45E-04,24.14903225,ID00365874,2,31.51,2021
0.060896,,,22.17041,111.791587,8.81E-05,0.114431662,-4.62E-05,18.56796814,ID00365874,3,34.81,2021
0.058524688,,,22.17041,111.791587,9.26E-05,0.128166159,-7.00E-05,18.56037766,ID00365874,4,34.3,2021
0.035983737,,14905.84314,22.17041,111.791587,8.28E-05,0.127845488,-4.14E-05,20.30268675,ID00365874,5,35.02,2021
0.03436193,229.0656863,14929.19118,22.17041,111.791587,8.12E-05,0.126454069,2.82E-04,17.84684283,ID00365874,6,32.63,2021
0.03075323,,14969.91765,22.17041,111.791587,7.85E-05,0.129137908,-5.95E-05,21.33235544,ID00365874,7,28.81,2021
0.033324284,,14893.4049,22.17041,111.791587,7.26E-05,0.126506284,-3.86E-05,24.34833582,ID00365874,8,27.02,2021
0.034264101,2803.113725,14896.19745,22.17041,111.791587,7.81E-05,0.126428542,7.97E-06,20.58080413,ID00365874,9,6,2021
0.039313084,15123.09314,14800.69771,22.17041,111.791587,7.69E-05,0.124016218,5.88E-05,18.68551478,ID00365874,10,3.88,2021
0.040886677,14920.97199,14436.91275,22.17041,111.791587,8.43E-05,0.116486597,2.53E-04,17.29171585,ID00365874,11,10.98,2021
0.043341199,14823.35103,14291.78172,22.17041,111.791587,8.71E-05,0.11575851,1.80E-04,25.18891955,ID00365874,12,26.69,2021
0.046806585,14899.63922,4753.325327,22.17041,111.791587,1.03E-04,0.116842855,-1.78E-04,17.31068898,ID00365874,1,27.15,2022
0.041660102,14748.4951,14122.60882,22.17041,111.791587,6.65E-05,0.116545815,2.20E-04,26.4681962,ID00365874,2,24.05,2022
0.04764046,6300.383007,,22.17041,111.791587,7.48E-05,0.119913321,3.89E-04,31.47205792,ID00365874,3,37.05,2022
0.048382656,,,22.17041,111.791587,7.97E-05,0.127113655,4.94E-05,20.70643866,ID00365874,4,24.77,2022
0.041905183,,14535.10098,22.17041,111.791587,6.81E-05,0.133589661,1.71E-04,16.54806618,ID00365874,5,23.26,2022
0.028611154,,14960.82647,22.17041,111.791587,6.61E-05,0.132286482,-1.54E-06,20.45001777,ID00365874,6,24.78,2022
0.028434095,-6257.785294,15007.2966,22.17041,111.791587,6.90E-05,0.12987453,-1.97E-05,0,ID00365874,7,25.78,2022
0.028500139,,12367.80588,22.17041,111.791587,7.33E-05,0.127843271,5.94E-05,15.88251988,ID00365874,8,15.61,2022
0.042271535,,14933.11299,22.17041,111.791587,9.42E-05,0.126793937,-2.65E-05,20.30145836,ID00365874,9,14.1,2022
0.037859994,15243.75366,14813.18301,22.17041,111.791587,9.02E-05,0.1203578,-3.80E-05,22.01961732,ID00365874,10,14.4,2022
0.035168065,6281.577451,14730.39118,22.17041,111.791587,8.36E-05,0.114332699,1.29E-04,8.338051646,ID00365874,11,14.6,2022
0.042292949,14728.55588,14212.85536,22.17041,111.791587,1.16E-04,0.106994612,1.60E-04,22.46729658,ID00365874,12,14,2022
0.05957907,,,27.749324,111.980159,1.63E-04,0.107251108,3.75E-04,4.306721522,ID00319698,1,80.09,2019
0.066349044,,,27.749324,111.980159,1.62E-04,0.110821702,6.66E-04,17.2594772,ID00319698,2,70.38,2019
0.067237605,,,27.749324,111.980159,1.76E-04,0.117912621,5.18E-04,16.29890478,ID00319698,3,81.58,2019
0.064417924,,-7396.390963,27.749324,111.980159,1.68E-04,0.126575102,5.76E-04,19.43081781,ID00319698,4,78.16,2019
0.060309378,-7310.988212,,27.749324,111.980159,1.46E-04,0.124348754,-1.15E-05,26.15349206,ID00319698,5,82.05,2019
0.042531264,15349.17191,14701.78536,27.749324,111.980159,1.33E-04,0.128938522,2.02E-04,13.64767933,ID00319698,6,79.54,2019
0.040454461,,15070.14936,27.749324,111.980159,1.05E-04,0.128395159,-3.10E-05,21.14800332,ID00319698,7,78.68,2019
0.043075527,,15009.82092,27.749324,111.980159,1.16E-04,0.128097067,-6.05E-05,18.56489674,ID00319698,8,81.85,2019
0.054525307,-7283.776031,14867.47701,27.749324,111.980159,1.14E-04,0.124166007,8.64E-05,19.30835969,ID00319698,9,79.53,2019
0.057397425,-7339.632613,14932.34971,27.749324,111.980159,1.78E-04,0.121083045,3.28E-04,20.57028728,ID00319698,10,81.77,2019
0.053470453,,-6529.420432,27.749324,111.980159,1.70E-04,0.11421673,5.12E-04,19.22039052,ID00319698,11,78.42,2019
0.060837021,,-4934.988212,27.749324,111.980159,1.66E-04,0.115701583,8.04E-06,21.15070698,ID00319698,12,79.8,2019
0.072475764,,,27.749324,111.980159,1.45E-04,0.115211859,2.28E-04,19.0452578,ID00319698,1,83,2020
0.061038798,2284.585462,1106.481336,27.749324,111.980159,7.97E-05,0.126770997,3.99E-04,18.54648583,ID00319698,2,75.57,2020
0.063948207,,-520.7465619,27.749324,111.980159,1.18E-04,0.13089374,6.67E-04,16.34597767,ID00319698,3,85.6,2020
0.059183702,,,27.749324,111.980159,1.58E-04,0.140415314,1.52E-04,21.83367651,ID00319698,4,82.93,2020
0.052880627,-3646.043222,14806.73281,27.749324,111.980159,1.66E-04,0.132270129,5.61E-07,20.04122062,ID00319698,5,89.13,2020
0.040979522,,14930.68713,27.749324,111.980159,1.08E-04,0.124705809,-4.85E-05,17.56271392,ID00319698,6,82.61,2020
0.035507536,,14985.94155,27.749324,111.980159,1.08E-04,0.12400067,-2.97E-05,19.78755339,ID00319698,7,88.12,2020
0.037632016,,15032.61248,27.749324,111.980159,1.05E-04,0.124475527,1.03E-04,29.90665236,ID00319698,8,91.55,2020
0.043407411,,,27.749324,111.980159,1.12E-04,0.125508359,-4.01E-05,4.16605841,ID00319698,9,89.4,2020
0.047270194,-6407.801572,1254.792731,27.749324,111.980159,1.28E-04,0.113426453,5.58E-04,17.93943543,ID00319698,10,96.13,2020
0.049183718,15052.44941,2150.416994,27.749324,111.980159,2.03E-04,0.118209273,-5.68E-05,27.45107529,ID00319698,11,92.42,2020
0.061382235,7298.431238,,27.749324,111.980159,2.54E-04,0.110551708,4.69E-04,23.39619304,ID00319698,12,81.03,2020
0.062507394,1254.506876,,27.749324,111.980159,3.35E-04,0.118936965,3.77E-04,24.97721254,ID00319698,1,92.69,2021
0.063867998,,,27.749324,111.980159,1.89E-04,0.12873582,2.04E-04,25.98957779,ID00319698,2,92.18,2021
0.068657481,-7369.868369,,27.749324,111.980159,1.85E-04,0.12257624,7.76E-05,34.23090394,ID00319698,3,99.68,2021
0.058231046,,,27.749324,111.980159,1.66E-04,0.139262553,1.58E-05,0.344992622,ID00319698,4,101.65,2021
0.053247723,,14915.22102,27.749324,111.980159,1.55E-04,0.134856195,1.58E-04,20.11051771,ID00319698,5,103.85,2021
0.043789457,,2461.370334,27.749324,111.980159,1.51E-04,0.127902591,3.01E-04,16.68108316,ID00319698,6,96.23,2021
0.036289859,,15052.67272,27.749324,111.980159,1.22E-04,0.130783141,2.22E-05,14.61077851,ID00319698,7,92.01,2021
0.040671558,,15066.72921,27.749324,111.980159,1.11E-04,0.129474713,-1.37E-04,19.1148865,ID00319698,8,88.08,2021
0.045559727,,14980.63914,27.749324,111.980159,1.61E-04,0.127490783,4.08E-05,42.13227057,ID00319698,9,75.9,2021
0.045877579,,14974.75868,27.749324,111.980159,1.74E-04,0.124534281,-1.85E-05,18.84511552,ID00319698,10,80.71,2021
0.050040332,,10641.45383,27.749324,111.980159,2.35E-04,0.122421482,3.29E-04,27.76381817,ID00319698,11,53.46,2021
0.056386812,,,27.749324,111.980159,2.59E-04,0.120972944,4.34E-04,35.11635979,ID00319698,12,61.17,2021
0.058477525,,,27.749324,111.980159,1.68E-04,0.12202818,-9.67E-05,14.25910647,ID00319698,1,89.5,2022
0.056891457,,,27.749324,111.980159,2.07E-04,0.131703687,-1.02E-04,25.38677584,ID00319698,2,81.98,2022
0.060076681,,-7436.811395,27.749324,111.980159,1.73E-04,0.132717635,2.05E-04,26.70470249,ID00319698,3,84.01,2022
0.056129603,,8516.693517,27.749324,111.980159,1.44E-04,0.136430456,9.91E-05,25.92483067,ID00319698,4,83.89,2022
0.049224521,,,27.749324,111.980159,1.57E-04,0.139259599,3.90E-04,29.11189168,ID00319698,5,110.16,2022
0.043780729,,-4695.75442,27.749324,111.980159,1.08E-04,0.133605668,1.15E-04,22.23658937,ID00319698,6,82.36,2022
0.032606002,,15110.10852,27.749324,111.980159,1.16E-04,0.129786405,3.66E-05,0,ID00319698,7,84.91,2022
0.036795028,,15088.86555,27.749324,111.980159,1.13E-04,0.127624492,-5.28E-05,17.3943567,ID00319698,8,85.24,2022
0.05175193,-4560.064833,14944.70792,27.749324,111.980159,1.35E-04,0.126988973,3.33E-04,25.89071963,ID00319698,9,82.45,2022
0.044968909,5321.733792,15087.44303,27.749324,111.980159,1.38E-04,0.119540945,1.06E-04,25.46143686,ID00319698,10,108.08,2022
0.047412231,,,27.749324,111.980159,1.77E-04,0.115034075,-1.89E-04,19.85900248,ID00319698,11,101.75,2022
0.051884756,,-4051.337917,27.749324,111.980159,1.99E-04,0.117759725,5.51E-04,28.10204133,ID00319698,12,99.36,2022
0.072626725,,,37.07858,111.99037,5.04E-04,0.134813925,0.001701585,10.40438316,ID00319645,1,23.43,2019
0.07052334,,,37.07858,111.99037,3.83E-04,0.139148653,0.001113185,19.78544742,ID00319645,2,22.1,2019
0.047798719,11171.64798,13671.10128,37.07858,111.99037,3.29E-04,0.154511267,4.13E-04,11.98308029,ID00319645,3,25.95,2019
0.048447388,15188.46716,,37.07858,111.99037,2.47E-04,0.145902793,5.02E-04,11.28383246,ID00319645,4,25.85,2019
0.046857283,8718.280482,,37.07858,111.99037,2.64E-04,0.142914361,4.84E-04,15.79429943,ID00319645,5,28.07,2019
0.055492922,4157.258931,14714.47886,37.07858,111.99037,2.46E-04,0.139458816,3.18E-04,12.90155121,ID00319645,6,21.47,2019
0.049693967,8656.904832,14774.44123,37.07858,111.99037,2.17E-04,0.138821649,1.96E-04,16.9215315,ID00319645,7,28.8,2019
0.047612829,9291.248389,14706.50426,37.07858,111.99037,2.03E-04,0.131333495,2.34E-04,16.74732323,ID00319645,8,25.33,2019
0.050440663,2067.768437,6761.723697,37.07858,111.99037,2.51E-04,0.129878272,2.35E-04,17.02924729,ID00319645,9,25.41,2019
0.050474931,8576.91511,-4472.540806,37.07858,111.99037,2.87E-04,0.130838111,4.77E-04,25.21779257,ID00319645,10,26.69,2019
0.053419983,14216.72507,13631.53982,37.07858,111.99037,3.41E-04,0.130216949,7.12E-04,17.10701366,ID00319645,11,26.02,2019
0.055806578,-6116.490659,13358.92232,37.07858,111.99037,3.72E-04,0.14587501,8.64E-05,18.55570053,ID00319645,12,26.16,2019
0.063138886,,-7696.127827,37.07858,111.99037,3.89E-04,0.150679318,0.002033354,20.37348047,ID00319645,1,22.29,2020
0.054883128,,9193.53589,37.07858,111.99037,2.02E-04,0.156688495,8.89E-04,16.42532682,ID00319645,2,13.69,2020
0.048386383,4920.537758,10153.66224,37.07858,111.99037,2.76E-04,0.154462525,6.44E-04,22.97162251,ID00319645,3,27.05,2020
0.052291017,15002.40337,,37.07858,111.99037,2.59E-04,0.154836398,5.17E-04,21.29910499,ID00319645,4,25.35,2020
0.04716609,11474.88496,,37.07858,111.99037,1.95E-04,0.146613922,2.10E-04,24.51650245,ID00319645,5,26.11,2020
0.050699708,15655.99754,14647.67847,37.07858,111.99037,1.96E-04,0.133805907,5.18E-04,22.68766232,ID00319645,6,23.55,2020
0.053810214,15539.27458,14735.2101,37.07858,111.99037,1.88E-04,0.133016757,3.13E-04,13.60040068,ID00319645,7,15.92,2020
0.055802149,15342.12225,14636.74304,37.07858,111.99037,2.07E-04,0.128071019,4.56E-04,14.10883978,ID00319645,8,21.65,2020
0.057316936,5994.15372,-8380.573255,37.07858,111.99037,2.15E-04,0.130026802,2.42E-04,17.77618727,ID00319645,9,24.6,2020
0.055804275,14680.7002,-5776.853491,37.07858,111.99037,3.18E-04,0.123541805,0.001004554,21.06839681,ID00319645,10,27.76,2020
0.061991059,48.27433628,,37.07858,111.99037,3.69E-04,0.127336023,0.001626167,17.29611617,ID00319645,11,27.58,2020
0.052560389,14019.15798,-1715.256637,37.07858,111.99037,4.43E-04,0.140511221,,23.23380744,ID00319645,12,27.15,2020
0.052520789,5273.531629,13508.5762,37.07858,111.99037,3.59E-04,0.1417573,0.001349832,22.65880082,ID00319645,1,28.72,2021
0.05033626,8318.632743,13608.62045,37.07858,111.99037,3.37E-04,0.147497423,0.001706778,37.73753994,ID00319645,2,24.59,2021
0.049470929,4881.089315,13713.37059,37.07858,111.99037,3.24E-04,0.151241615,4.12E-04,20.70887389,ID00319645,3,21.99,2021
0.050695941,1316.048181,10838.26549,37.07858,111.99037,2.52E-04,0.158999448,1.57E-04,21.97127065,ID00319645,4,23.28,2021
0.044117076,15273.9796,,37.07858,111.99037,2.19E-04,0.147657575,2.47E-04,21.40697872,ID00319645,5,19.45,2021
0.052729788,15780.11783,14883.647,37.07858,111.99037,2.07E-04,0.138319417,1.49E-04,21.95222506,ID00319645,6,24.59,2021
0.046516099,15687.93917,14796.54906,37.07858,111.99037,1.62E-04,0.13740369,1.79E-04,20.24746809,ID00319645,7,22.48,2021
0.058553692,10467.45888,14643.12586,37.07858,111.99037,1.95E-04,0.134574355,2.54E-04,13.42762289,ID00319645,8,28.09,2021
0.054139034,14159.7822,14355.10226,37.07858,111.99037,2.12E-04,0.132366462,2.71E-04,17.56982566,ID00319645,9,23.98,2021
0.046799157,15087.84566,,37.07858,111.99037,3.49E-04,0.12872857,0.001088083,12.01296968,ID00319645,10,20.71,2021
0.04170779,-3424.824975,13641.22812,37.07858,111.99037,3.81E-04,0.143251871,7.00E-04,19.76444414,ID00319645,11,17.67,2021
0.046003704,3579.662078,,37.07858,111.99037,3.34E-04,0.142846395,0.004360612,22.26329195,ID00319645,12,27.15,2021
0.055478438,,-3055.032448,37.07858,111.99037,5.54E-04,0.157054477,0.002448494,23.96253155,ID00319645,1,28.35,2022
0.052036852,-3447.133727,,37.07858,111.99037,2.75E-04,0.161923312,9.57E-04,25.87326966,ID00319645,2,18.79,2022
0.047603738,1948.92527,-8432.59292,37.07858,111.99037,2.66E-04,0.149720828,8.46E-05,18.6273849,ID00319645,3,27.84,2022
0.049153161,-3075.304326,,37.07858,111.99037,2.25E-04,0.155560719,2.89E-04,20.28893559,ID00319645,4,27.4,2022
0.043526471,1490.865384,14184.06981,37.07858,111.99037,2.30E-04,0.148812906,7.96E-05,24.14818837,ID00319645,5,26.1,2022
0.046195302,10678.82532,14739.01786,37.07858,111.99037,1.83E-04,0.143028644,1.40E-04,21.26494085,ID00319645,6,18.92,2022
0.044253848,15499.85741,14729.20698,37.07858,111.99037,1.70E-04,0.136212097,9.87E-05,12.26682658,ID00319645,7,14.69,2022
0.052802265,15391.37742,14756.69567,37.07858,111.99037,1.63E-04,0.128321665,1.72E-04,15.49684614,ID00319645,8,18.09,2022
0.048422992,11456.2782,3327.894789,37.07858,111.99037,2.71E-04,0.13187626,4.21E-04,20.16278748,ID00319645,9,21.96,2022
0.044446706,5159.236447,833.4306785,37.07858,111.99037,3.17E-04,0.129332872,3.97E-04,14.82404118,ID00319645,10,21.99,2022
0.045681357,66.95575221,13776.06227,37.07858,111.99037,3.35E-04,0.131734027,0.001007532,15.39142777,ID00319645,11,19.19,2022
0.04334644,13998.28122,,37.07858,111.99037,3.40E-04,0.145511173,,16.28367986,ID00319645,12,21.58,2022
0.075692867,-8408.09002,-7123.782779,35.085516,112.559308,5.79E-04,0.130628575,0.001573264,16.753178,ID00319695,1,30.33,2019
0.067450297,5004.035225,4532.815068,35.085516,112.559308,3.11E-04,0.13410102,7.82E-04,9.950626084,ID00319695,2,28.05,2019
0.058153454,5397.48749,8880.509295,35.085516,112.559308,2.87E-04,0.148009079,4.02E-04,18.52107911,ID00319695,3,31.91,2019
0.056089342,-768.1512557,-6962.744129,35.085516,112.559308,2.31E-04,0.145187511,5.81E-04,16.7204063,ID00319695,4,35.56,2019
0.057512656,-640.2451775,14683.22701,35.085516,112.559308,1.66E-04,0.136720322,3.79E-05,20.54721101,ID00319695,5,36.77,2019
0.054267123,5894.593444,14762.96944,35.085516,112.559308,1.84E-04,0.138800381,5.38E-07,22.13785968,ID00319695,6,33.52,2019
0.052403041,-513.810013,14913.23549,35.085516,112.559308,1.50E-04,0.135066415,1.01E-04,19.4216733,ID00319695,7,37,2019
0.054527908,6077.35225,14811.13973,35.085516,112.559308,1.50E-04,0.129963245,9.97E-05,19.90867887,ID00319695,8,36.89,2019
0.056505041,10637.9323,14711.43689,35.085516,112.559308,1.38E-04,0.130691057,1.77E-04,16.31447367,ID00319695,9,32.68,2019
0.053352803,5386.524951,-2447.475538,35.085516,112.559308,2.47E-04,0.128248472,5.18E-04,20.1598826,ID00319695,10,29.67,2019
0.049913303,5390.359622,-7009.574364,35.085516,112.559308,2.28E-04,0.126601872,5.89E-04,18.61180268,ID00319695,11,30.46,2019
0.052672733,5014.154436,13693.2964,35.085516,112.559308,2.47E-04,0.140226178,0.002242906,20.92363284,ID00319695,12,34.62,2019
0.072842468,-6936.011252,12217.36008,35.085516,112.559308,2.09E-04,0.140737009,4.91E-04,20.68575363,ID00319695,1,32.78,2020
0.059794059,5172.09638,13690.43474,35.085516,112.559308,1.40E-04,0.151666378,4.94E-04,17.44304324,ID00319695,2,24.33,2020
0.05715714,14549.85254,13567.6409,35.085516,112.559308,2.26E-04,0.151209216,2.02E-04,18.96282264,ID00319695,3,34.91,2020
0.055806144,5491.369673,3075.776582,35.085516,112.559308,2.29E-04,0.153120154,5.21E-04,22.60994836,ID00319695,4,37.58,2020
0.053692856,10455.3822,9483.261986,35.085516,112.559308,1.52E-04,0.143155883,1.56E-04,20.02265152,ID00319695,5,39.24,2020
0.055774467,5818.351076,14766.98092,35.085516,112.559308,1.71E-04,0.132173003,5.68E-05,25.09922213,ID00319695,6,37.52,2020
0.052040899,5837.491031,14782.86807,35.085516,112.559308,1.26E-04,0.132109828,-4.83E-05,14.11065774,ID00319695,7,38.54,2020
0.048470352,-6794.598826,14893.35714,35.085516,112.559308,1.23E-04,0.127771765,-1.08E-04,22.66327319,ID00319695,8,37.53,2020
0.05594935,5689.26293,14749.64481,35.085516,112.559308,1.51E-04,0.130798824,2.52E-04,28.75479892,ID00319695,9,38.15,2020
0.052614951,-628.6506849,-1250.937378,35.085516,112.559308,2.53E-04,0.125339947,4.44E-04,19.67933445,ID00319695,10,39.28,2020
0.055693731,-940.1587573,14075.60509,35.085516,112.559308,2.60E-04,0.124299866,0.001093904,20.18206733,ID00319695,11,36.56,2020
0.061945775,5134.928474,,35.085516,112.559308,3.94E-04,0.132755381,0.001694865,25.53168312,ID00319695,12,38,2020
0.056720322,13888.69667,13369.54648,35.085516,112.559308,4.87E-04,0.13667563,0.001003146,25.70581756,ID00319695,1,36.85,2021
0.06121651,5340.380724,13854.64126,35.085516,112.559308,3.03E-04,0.141333684,4.24E-04,28.95433177,ID00319695,2,37.93,2021
0.053924255,5500.222114,2927.335127,35.085516,112.559308,2.13E-04,0.147586711,4.80E-05,19.97463066,ID00319695,3,46.52,2021
0.058335695,-6823.049413,-1233.945205,35.085516,112.559308,2.05E-04,0.146612778,5.39E-04,25.29310234,ID00319695,4,41.95,2021
0.051674871,5943.333762,14628.2743,35.085516,112.559308,1.61E-04,0.142797029,6.68E-04,23.70676832,ID00319695,5,36.9,2021
0.052448413,-562.4931507,14787.61215,35.085516,112.559308,2.04E-04,0.13586836,3.03E-04,19.14582177,ID00319695,6,33.59,2021
0.047816754,5803.616438,14902.54362,35.085516,112.559308,1.57E-04,0.137867088,1.98E-04,25.34736528,ID00319695,7,26.41,2021
0.056943242,-361.1614481,14889.58317,35.085516,112.559308,1.28E-04,0.135757065,1.27E-04,13.48035469,ID00319695,8,24.37,2021
0.048525368,15327.16102,14686.25523,35.085516,112.559308,1.41E-04,0.133249058,1.60E-04,41.11292894,ID00319695,9,26.61,2021
0.050469603,14834.69602,7613.856099,35.085516,112.559308,2.83E-04,0.125521231,4.33E-04,10.59876214,ID00319695,10,36.25,2021
0.05032591,9907.731314,13847.93689,35.085516,112.559308,3.24E-04,0.141814111,9.81E-04,20.0441317,ID00319695,11,20.37,2021
0.053348407,4971.399217,13705.69561,35.085516,112.559308,3.62E-04,0.134820789,0.001636848,20.23063848,ID00319695,12,23.23,2021
0.068337802,4863.508806,-7055.695695,35.085516,112.559308,4.41E-04,0.15198123,4.48E-04,19.22271079,ID00319695,1,25.7,2022
0.062049071,5086.57045,13731.79061,35.085516,112.559308,2.57E-04,0.155658581,6.97E-04,17.99444999,ID00319695,2,26.55,2022
0.054309147,-6877.969178,-2760.40998,35.085516,112.559308,2.57E-04,0.148800984,2.46E-04,17.81430051,ID00319695,3,36.14,2022
0.054177186,-6816.129811,,35.085516,112.559308,1.78E-04,0.155618569,2.04E-04,20.15228973,ID00319695,4,39.95,2022
0.051205261,5759.862697,-6958.725049,35.085516,112.559308,1.44E-04,0.148967716,1.45E-04,18.59693263,ID00319695,5,39.3,2022
0.046992302,5888.20722,14908.23767,35.085516,112.559308,1.80E-04,0.141544346,1.23E-04,16.44415364,ID00319695,6,34.8,2022
0.042871585,-581.8695695,14913.27837,35.085516,112.559308,1.40E-04,0.13587797,1.71E-04,12.82479459,ID00319695,7,35.25,2022
0.04715363,-79.84393346,15000.96657,35.085516,112.559308,1.46E-04,0.130045522,-1.05E-05,15.33011979,ID00319695,8,37.87,2022
0.052605538,10547.42532,14691.99674,35.085516,112.559308,1.73E-04,0.131651785,3.71E-04,26.75875638,ID00319695,9,36.63,2022
0.04778617,5658.124266,-1218.189172,35.085516,112.559308,2.53E-04,0.127566359,3.87E-04,19.27488564,ID00319695,10,42.31,2022
0.050333935,5070.092792,9455.329338,35.085516,112.559308,2.46E-04,0.127376457,4.75E-04,18.25818475,ID00319695,11,27.25,2022
0.058605468,4868.534247,-8522.895303,35.085516,112.559308,3.60E-04,0.138474042,8.74E-05,18.27224859,ID00319695,12,22.01,2022
0.064431634,3629.885784,,37.916564,112.560115,4.65E-04,0.136954619,0.001499265,49.79752766,ID00319629,1,90,2019
0.05405697,4211.978431,13549.03137,37.916564,112.560115,3.27E-04,0.144958408,4.38E-04,48.87423598,ID00319629,2,85.01,2019
0.047004561,-8413.990196,13808.98464,37.916564,112.560115,2.79E-04,0.158401822,3.80E-04,41.39552437,ID00319629,3,89.81,2019
0.048977322,-9133.058824,13933.02181,37.916564,112.560115,3.18E-04,0.144380458,2.65E-04,38.41294401,ID00319629,4,91.58,2019
0.044217963,,1291.202941,37.916564,112.560115,2.40E-04,0.144084708,3.27E-04,38.10918399,ID00319629,5,93.53,2019
0.046023711,-9246.205882,-8472.015686,37.916564,112.560115,2.01E-04,0.140314162,1.52E-04,37.17782135,ID00319629,6,89.4,2019
0.048614351,-8427.077451,14779.97521,37.916564,112.560115,2.33E-04,0.138231076,1.12E-04,34.7538527,ID00319629,7,95.45,2019
0.045499719,15635.92598,14707.22892,37.916564,112.560115,1.96E-04,0.131937902,9.40E-05,35.23623314,ID00319629,8,94.95,2019
0.049277209,-9258.058824,6793.018627,37.916564,112.560115,2.69E-04,0.130030857,-7.31E-07,35.98189917,ID00319629,9,77.99,2019
0.04537839,-8426.715686,-9905.254902,37.916564,112.560115,2.93E-04,0.132751296,3.26E-04,45.7601238,ID00319629,10,91.34,2019
0.046500649,12717.10343,13779.24265,37.916564,112.560115,4.28E-04,0.135433318,5.61E-04,37.88586072,ID00319629,11,92.75,2019
0.045672277,14043.12364,,37.916564,112.560115,3.28E-04,0.14892604,,48.2560287,ID00319629,12,94.07,2019
0.058782357,9420.858824,,37.916564,112.560115,3.77E-04,0.155237785,6.10E-04,46.16734549,ID00319629,1,96.12,2020
0.049596731,-8449.63848,13581.34028,37.916564,112.560115,2.23E-04,0.157748586,4.97E-04,37.82756398,ID00319629,2,90.3,2020
0.049423596,-6945.436275,13756.7617,37.916564,112.560115,2.52E-04,0.158216571,3.73E-04,37.31816424,ID00319629,3,92.7,2020
0.048696585,-2925.256863,13923.20425,37.916564,112.560115,2.31E-04,0.156324904,3.07E-04,43.45235058,ID00319629,4,91.44,2020
0.04533894,-9026.721078,,37.916564,112.560115,1.95E-04,0.147972754,2.25E-04,39.51003431,ID00319629,5,96.8,2020
0.047678888,-9247.588235,2966.518627,37.916564,112.560115,1.80E-04,0.135377794,4.11E-04,40.43063764,ID00319629,6,78.35,2020
0.04454354,-9242.705882,14783.86487,37.916564,112.560115,1.60E-04,0.133521837,4.04E-05,27.58440864,ID00319629,7,80.22,2020
0.044848397,-9255.161765,14807.65686,37.916564,112.560115,1.91E-04,0.127943274,8.69E-05,84.46786984,ID00319629,8,76.14,2020
0.045528782,-3662.578431,,37.916564,112.560115,2.10E-04,0.131309806,-6.20E-06,38.8215294,ID00319629,9,75.86,2020
0.045266191,-3974.242157,-4855.766667,37.916564,112.560115,3.14E-04,0.124924379,5.17E-04,48.57892395,ID00319629,10,93,2020
0.047195584,-2948.336275,13845.02647,37.916564,112.560115,3.61E-04,0.131198626,9.61E-04,46.87750023,ID00319629,11,96.84,2020
0.046203193,13935.31503,13252.59216,37.916564,112.560115,3.18E-04,0.144242088,,54.83131915,ID00319629,12,101.12,2020
0.046002096,13989.97899,,37.916564,112.560115,3.48E-04,0.146524146,0.002193055,53.1552669,ID00319629,1,100.52,2021
0.047194534,-3078.701961,13585.70686,37.916564,112.560115,2.86E-04,0.150341659,8.78E-04,56.62530938,ID00319629,2,95,2021
0.048611263,-9273.161765,13843.0152,37.916564,112.560115,2.62E-04,0.154854293,4.14E-04,44.82554842,ID00319629,3,107.79,2021
0.047416773,,13912.7152,37.916564,112.560115,2.04E-04,0.158208756,5.60E-04,54.96793359,ID00319629,4,103.64,2021
0.043998737,-2192.588235,,37.916564,112.560115,1.86E-04,0.152316642,6.59E-05,57.56421818,ID00319629,5,108.7,2021
0.046507042,-8362.946078,,37.916564,112.560115,1.91E-04,0.138790692,2.26E-04,53.19145967,ID00319629,6,108.35,2021
0.042980197,15592.31618,14826.21683,37.916564,112.560115,1.83E-04,0.138952486,4.57E-05,38.74795037,ID00319629,7,110,2021
0.055997532,-9124.566176,,37.916564,112.560115,2.01E-04,0.135794206,7.10E-05,42.59007963,ID00319629,8,108.99,2021
0.043330454,-8398.72549,,37.916564,112.560115,2.24E-04,0.132494673,2.94E-04,55.04261342,ID00319629,9,80.81,2021
0.044490894,-8435.57598,,37.916564,112.560115,3.24E-04,0.129122123,2.90E-04,39.5642948,ID00319629,10,125,2021
0.040866472,-9179.039216,13818.48824,37.916564,112.560115,3.97E-04,0.144931399,5.39E-04,60.08648801,ID00319629,11,115.27,2021
0.045366361,13973.83946,13525.65784,37.916564,112.560115,3.25E-04,0.145150238,,63.49945114,ID00319629,12,108.98,2021
0.055450344,14034.7817,,37.916564,112.560115,5.40E-04,0.160970926,0.001248489,53.67408882,ID00319629,1,104.52,2022
0.048691255,2171.938235,13312.54314,37.916564,112.560115,2.66E-04,0.165248095,6.32E-04,58.12085006,ID00319629,2,82.71,2022
0.038817432,-2882.639216,13765.92296,37.916564,112.560115,2.49E-04,0.152214332,3.13E-04,53.41071067,ID00319629,3,93.56,2022
0.044621629,,-4750.410784,37.916564,112.560115,2.00E-04,0.155094891,2.96E-04,51.09304654,ID00319629,4,105.76,2022
0.042132067,,-113.6,37.916564,112.560115,2.13E-04,0.152291481,1.61E-04,46.68614431,ID00319629,5,110.3,2022
0.039059645,-8259.972549,-9274.852941,37.916564,112.560115,1.74E-04,0.145156523,1.67E-04,48.03987366,ID00319629,6,104.86,2022
0.041911182,15364.79902,14761.6201,37.916564,112.560115,1.73E-04,0.136476899,1.54E-04,12.13817413,ID00319629,7,107.33,2022
0.04213364,-9158.352941,14874.36765,37.916564,112.560115,1.45E-04,0.129559084,3.05E-05,42.18243581,ID00319629,8,93.16,2022
0.041423103,-9260.823529,,37.916564,112.560115,2.36E-04,0.133734912,1.84E-04,45.0666695,ID00319629,9,99.09,2022
0.042295221,,,37.916564,112.560115,3.17E-04,0.130268175,4.78E-04,40.52303737,ID00319629,10,105.43,2022
0.03879511,,13791.8594,37.916564,112.560115,3.39E-04,0.133560954,1.94E-04,41.3117457,ID00319629,11,100.41,2022
0.039892967,13838.92104,,37.916564,112.560115,2.90E-04,0.148610247,,52.41330805,ID00319629,12,109.75,2022
0.055360016,,3341.60098,26.894216,112.572016,2.34E-04,0.104898622,6.12E-04,3.963227983,ID00319701,1,14.61,2019
0.053279049,12080.75,-8511.359804,26.894216,112.572016,9.10E-05,0.111707157,2.04E-04,20.46745603,ID00319701,2,13.69,2019
0.057689003,14983.93456,11494.24804,26.894216,112.572016,1.62E-04,0.116300406,1.16E-04,22.30624058,ID00319701,3,14.32,2019
0.060337243,15288.76283,14679.76386,26.894216,112.572016,1.09E-04,0.125868382,2.50E-04,20.68578419,ID00319701,4,14.5,2019
0.060036049,1195.166667,,26.894216,112.572016,1.26E-04,0.125503173,-6.06E-05,18.28171598,ID00319701,5,13.55,2019
0.043467971,-493.0764706,14733.62696,26.894216,112.572016,1.01E-04,0.127842519,1.19E-04,20.78379917,ID00319701,6,13.04,2019
0.037581726,,15058.46152,26.894216,112.572016,8.67E-05,0.127479804,-4.20E-05,19.25446811,ID00319701,7,15.08,2019
0.039173623,9781.886765,15039.28887,26.894216,112.572016,1.04E-04,0.127982154,8.52E-05,21.29628646,ID00319701,8,15.1,2019
0.050703746,15678.85291,14832.95392,26.894216,112.572016,1.05E-04,0.123358311,9.17E-06,24.44247562,ID00319701,9,13.1,2019
0.052019975,15394.78611,14583.68027,26.894216,112.572016,1.40E-04,0.121181791,1.56E-04,22.12761486,ID00319701,10,15.2,2019
0.05344842,15047.30832,14349.50736,26.894216,112.572016,1.41E-04,0.113832313,1.70E-04,21.40532591,ID00319701,11,14.8,2019
0.054172255,14688.07333,14003.69047,26.894216,112.572016,1.77E-04,0.1134322,4.76E-05,22.66059049,ID00319701,12,14.2,2019
0.059012089,14727.87794,13854.60776,26.894216,112.572016,1.21E-04,0.110675989,2.90E-04,20.02028203,ID00319701,1,15.3,2020
0.055609496,14843.69984,-9669.437255,26.894216,112.572016,8.42E-05,0.123601268,9.26E-06,16.3179605,ID00319701,2,14.21,2020
0.063817766,15173.00735,14107.73529,26.894216,112.572016,1.01E-04,0.128204331,9.12E-05,18.33413477,ID00319701,3,12,2020
0.059697346,15331.81902,14359.53521,26.894216,112.572016,1.29E-04,0.13788288,3.14E-04,23.05525278,ID00319701,4,13.87,2020
0.052974162,15406.48284,14788.81569,26.894216,112.572016,1.21E-04,0.13113983,-1.34E-04,20.90057575,ID00319701,5,15.01,2020
0.037275789,,,26.894216,112.572016,8.96E-05,0.124869912,-9.94E-05,23.99500234,ID00319701,6,15,2020
0.034617947,,15034.74395,26.894216,112.572016,8.57E-05,0.124677509,-8.16E-05,23.18245306,ID00319701,7,15.5,2020
0.03419101,,15028.43078,26.894216,112.572016,9.28E-05,0.125180225,4.10E-05,21.43936009,ID00319701,8,13.61,2020
0.041753152,,,26.894216,112.572016,9.53E-05,0.123087476,1.74E-04,7.25333821,ID00319701,9,15.61,2020
0.047582037,15111.87239,14469.69755,26.894216,112.572016,1.30E-04,0.114656986,2.41E-04,16.93510059,ID00319701,10,15.7,2020
0.048747432,15031.20699,14402.74254,26.894216,112.572016,1.41E-04,0.116976277,3.09E-04,21.36454882,ID00319701,11,15.56,2020
0.063005923,14300.2,13852.80392,26.894216,112.572016,1.99E-04,0.109347157,0.001025859,6.822710704,ID00319701,12,15.63,2020
0.06094088,14453.60085,13830.17986,26.894216,112.572016,2.71E-04,0.115733346,-1.78E-05,14.59563732,ID00319701,1,16,2021
0.05660179,15030.21201,14154.49624,26.894216,112.572016,9.75E-05,0.127901638,7.45E-05,17.25909091,ID00319701,2,14.8,2021
0.073540486,14983.50147,14264.25539,26.894216,112.572016,1.41E-04,0.122280239,-5.49E-05,7.104090633,ID00319701,3,16.7,2021
0.054617688,12387.91618,14506.66275,26.894216,112.572016,1.13E-04,0.132421615,3.98E-04,0.014960785,ID00319701,4,16.2,2021
0.055563002,4378.786275,,26.894216,112.572016,1.21E-04,0.13192913,-2.33E-04,18.64830401,ID00319701,5,16,2021
0.040123058,9670.394608,14793.53252,26.894216,112.572016,1.23E-04,0.129547305,1.84E-04,19.46540679,ID00319701,6,15.36,2021
0.033724678,-2.544117647,15075.31438,26.894216,112.572016,9.33E-05,0.130799115,-8.21E-05,20.93054142,ID00319701,7,15.8,2021
0.038819258,13033.19216,15072.225,26.894216,112.572016,9.93E-05,0.128368762,-5.06E-05,16.77792143,ID00319701,8,15.51,2021
0.041937444,-185.2009804,14997.2639,26.894216,112.572016,1.14E-04,0.127352242,9.62E-05,18.60133294,ID00319701,9,14.6,2021
0.043452777,15299.67941,14888.23627,26.894216,112.572016,1.25E-04,0.125169049,-9.93E-06,14.39653881,ID00319701,10,15.45,2021
0.042715106,14716.00613,14167.37711,26.894216,112.572016,1.69E-04,0.120528194,2.15E-04,15.92581861,ID00319701,11,8.91,2021
0.051876799,14662.21377,14057.37032,26.894216,112.572016,1.91E-04,0.119467125,-2.19E-04,18.44073529,ID00319701,12,11.61,2021
0.060316719,5062.512745,11136.29967,26.894216,112.572016,1.26E-04,0.121586799,4.64E-05,8.392899405,ID00319701,1,20.03,2022
0.05615769,14674.32745,14134.08039,26.894216,112.572016,1.50E-04,0.130238855,4.00E-04,14.121039,ID00319701,2,17,2022
0.053911259,15049.55333,14234.60163,26.894216,112.572016,1.31E-04,0.130358386,1.31E-04,16.35422336,ID00319701,3,19.05,2022
0.055170794,4125.081373,14713.02745,26.894216,112.572016,9.49E-05,0.133719017,2.70E-04,22.56075741,ID00319701,4,18.5,2022
0.047162731,12503.37549,11581.98137,26.894216,112.572016,1.08E-04,0.138113973,1.42E-04,23.11771096,ID00319701,5,19.13,2022
0.037929774,,14990.12059,26.894216,112.572016,8.86E-05,0.133482569,-7.24E-05,20.64052199,ID00319701,6,11.7,2022
0.031633406,9846.37451,15097.75501,26.894216,112.572016,9.32E-05,0.130185643,-9.04E-06,0,ID00319701,7,12.11,2022
0.034855587,,15113.75667,26.894216,112.572016,9.41E-05,0.127889797,-7.01E-05,10.77386765,ID00319701,8,16.2,2022
0.051278347,15613.53734,14979.67376,26.894216,112.572016,1.09E-04,0.127033046,2.47E-04,20.89554874,ID00319701,9,18.01,2022
0.042426667,15286.58718,14711.48069,26.894216,112.572016,1.18E-04,0.119521637,1.28E-04,18.44652653,ID00319701,10,12.25,2022
0.04289153,15080.6691,14664.46193,26.894216,112.572016,1.29E-04,0.114375044,1.31E-04,6.84176468,ID00319701,11,13,2022
0.047699058,14448.58382,13893.34289,26.894216,112.572016,1.74E-04,0.116623572,2.46E-04,17.93893842,ID00319701,12,11.64,2022
0.047350188,14874.48157,14270.63309,22.13229,112.690826,1.31E-04,0.10331549,2.26E-04,0.292977938,ID00319649,1,63.58,2019
0.044973039,14847.7098,14555.52892,22.13229,112.690826,6.65E-05,0.101612301,-6.45E-05,0.365041665,ID00319649,2,52.88,2019
0.061810608,-692.5539216,14372.4,22.13229,112.690826,9.16E-05,0.113539023,1.79E-06,0.37542403,ID00319649,3,61.54,2019
0.053152794,,,22.13229,112.690826,7.41E-05,0.120325971,1.27E-04,0.460313728,ID00319649,4,59.1,2019
0.048539374,,14744.72402,22.13229,112.690826,7.58E-05,0.123343003,-7.79E-05,0.475622544,ID00319649,5,63.26,2019
0.034127463,,,22.13229,112.690826,7.22E-05,0.125835856,-1.30E-04,0.489416658,ID00319649,6,64.02,2019
0.030153383,,14893.76471,22.13229,112.690826,6.81E-05,0.125360689,-1.63E-05,0.339041667,ID00319649,7,66.66,2019
0.033234056,-7537.411765,14864.53856,22.13229,112.690826,7.38E-05,0.125725639,-6.74E-05,0.484933824,ID00319649,8,64.14,2019
0.039833076,15200.32768,14783.3857,22.13229,112.690826,7.98E-05,0.12156239,-7.69E-07,0.432122545,ID00319649,9,60.61,2019
0.045043354,15087.16797,14729.43382,22.13229,112.690826,8.73E-05,0.119847487,7.73E-05,0.513742638,ID00319649,10,65.51,2019
0.04612978,14922.02726,14463.65417,22.13229,112.690826,1.27E-04,0.112965568,1.49E-04,0.475134804,ID00319649,11,64.39,2019
0.044709022,14750.71343,14228.99094,22.13229,112.690826,1.91E-04,0.109508521,-2.31E-04,0.331754898,ID00319649,12,55.03,2019
0.051473778,14705.34338,14251.75299,22.13229,112.690826,1.01E-04,0.107645123,6.24E-05,0.271973036,ID00319649,1,66.08,2020
0.049724026,14933.68538,14357.28951,22.13229,112.690826,6.98E-05,0.11489724,9.29E-05,0.513338246,ID00319649,2,60.04,2020
0.062206909,-8537.176471,14639.19534,22.13229,112.690826,8.13E-05,0.120234631,1.89E-04,0.544620099,ID00319649,3,64.86,2020
0.055767254,14998.56471,14617.57304,22.13229,112.690826,7.49E-05,0.127279024,-3.14E-05,0.570551468,ID00319649,4,64.89,2020
0.044096591,12560.1098,14784.53856,22.13229,112.690826,7.15E-05,0.126947664,-4.16E-06,0.649218137,ID00319649,5,70.17,2020
0.029474297,,14864.8348,22.13229,112.690826,6.38E-05,0.125810663,-6.02E-05,0.557997552,ID00319649,6,63.91,2020
0.02786716,,14880.74603,22.13229,112.690826,5.56E-05,0.124073788,5.50E-06,0.645142164,ID00319649,7,70.48,2020
0.031800303,,10930.90882,22.13229,112.690826,6.55E-05,0.124447391,-6.62E-05,0.625688726,ID00319649,8,69.7,2020
0.037212233,,14876.22386,22.13229,112.690826,7.67E-05,0.122999645,-4.57E-05,0.464764717,ID00319649,9,70.08,2020
0.038864743,15006.52083,14623.68243,22.13229,112.690826,9.76E-05,0.116837049,2.66E-04,0.468191171,ID00319649,10,71.26,2020
0.043788824,14837.48697,14447.92206,22.13229,112.690826,1.24E-04,0.112452911,2.73E-04,0.517338234,ID00319649,11,68.1,2020
0.047530962,14766.3599,14181.6267,22.13229,112.690826,1.92E-04,0.104964627,-2.05E-05,0.473186271,ID00319649,12,62.86,2020
0.050650228,14721.06775,14149.93422,22.13229,112.690826,1.63E-04,0.10645022,-5.88E-05,0.450142157,ID00319649,1,40.82,2021
0.049636643,15053.35588,14371.50372,22.13229,112.690826,7.31E-05,0.119457616,-1.32E-04,0.515887247,ID00319649,2,61.06,2021
0.059699283,15283.45588,14536.19299,22.13229,112.690826,9.10E-05,0.114759774,-1.02E-04,0.564289215,ID00319649,3,77.47,2021
0.056512651,3703.088235,14644.13763,22.13229,112.690826,8.58E-05,0.128724526,-3.54E-05,0.739458339,ID00319649,4,74.03,2021
0.035000355,-8908.058824,14876.70556,22.13229,112.690826,7.73E-05,0.127009252,5.78E-06,0.587340694,ID00319649,5,80.93,2021
0.032658342,,14845.77745,22.13229,112.690826,7.37E-05,0.127859134,-1.42E-05,0.568838226,ID00319649,6,78.06,2021
0.029996377,12077.24314,14863.58913,22.13229,112.690826,7.78E-05,0.129226392,-1.20E-04,0.560343142,ID00319649,7,71.8,2021
0.030423405,-3765.833333,14847.51765,22.13229,112.690826,7.22E-05,0.12666905,-6.99E-05,0.816730404,ID00319649,8,71.9,2021
0.032841804,15257.13056,14850.99174,22.13229,112.690826,7.84E-05,0.12648004,-6.43E-06,0.612860281,ID00319649,9,62.02,2021
0.037631154,14915.69951,14644.96373,22.13229,112.690826,9.36E-05,0.124155158,1.21E-04,0.680338235,ID00319649,10,63.2,2021
0.041047672,14815.97496,14482.55944,22.13229,112.690826,1.51E-04,0.116794669,-4.62E-05,0.561504902,ID00319649,11,58.24,2021
0.044509892,14769.19684,14273.96113,22.13229,112.690826,2.03E-04,0.115109818,1.59E-04,0.520357843,ID00319649,12,72.57,2021
0.046261603,14771.48529,14353.32471,22.13229,112.690826,1.27E-04,0.116466091,-1.34E-05,0.535718134,ID00319649,1,93.97,2022
0.044642288,14696.02549,14208.62941,22.13229,112.690826,7.78E-05,0.115759314,1.82E-04,0.585127455,ID00319649,2,86.32,2022
0.04732447,15011.58284,14401.41699,22.13229,112.690826,7.92E-05,0.120092829,3.38E-06,0.617034307,ID00319649,3,98.09,2022
0.0455802,,14742.1549,22.13229,112.690826,7.31E-05,0.127239748,1.32E-04,0.758872556,ID00319649,4,113.61,2022
0.038666989,15006.49216,14677.28627,22.13229,112.690826,6.92E-05,0.133603686,3.55E-05,0.697835784,ID00319649,5,120.16,2022
0.031302901,,14842.44265,22.13229,112.690826,6.06E-05,0.132330317,-4.50E-05,0.500495094,ID00319649,6,107.33,2022
0.026043093,15341.28725,14908.27201,22.13229,112.690826,7.00E-05,0.129936962,-3.70E-05,0,ID00319649,7,109.58,2022
0.027078043,5718.319608,14881.26127,22.13229,112.690826,6.87E-05,0.127503305,-7.27E-06,0.55428185,ID00319649,8,108.57,2022
0.043251045,15292.91438,14813.71314,22.13229,112.690826,8.73E-05,0.127426791,-1.11E-04,0.58797549,ID00319649,9,104.99,2022
0.038053835,14989.89074,14628.67502,22.13229,112.690826,9.54E-05,0.121000851,1.81E-04,0.597085781,ID00319649,10,112.42,2022
0.033653142,,14646.37755,22.13229,112.690826,9.43E-05,0.111663402,5.45E-04,0.583752447,ID00319649,11,151.24,2022
0.04114296,14677.88116,14165.4904,22.13229,112.690826,2.07E-04,0.107967764,-1.33E-04,0.582174032,ID00319649,12,128.15,2022
0.063107868,,,27.815046,112.914584,2.99E-04,0.107927723,-2.88E-05,3.311984843,ID00319702,1,85.36,2019
0.059301425,10236.47988,,27.815046,112.914584,1.50E-04,0.111197862,7.50E-05,1.722983258,ID00319702,2,75.03,2019
0.061543981,7947.540399,14045.6315,27.815046,112.914584,2.18E-04,0.116323111,1.76E-04,17.2925465,ID00319702,3,85.5,2019
0.059778183,15431.03999,14577.09028,27.815046,112.914584,1.60E-04,0.125945994,2.65E-04,15.33621675,ID00319702,4,82.55,2019
0.061584245,12208.1423,14567.21263,27.815046,112.914584,1.92E-04,0.125261003,-3.21E-05,19.78272073,ID00319702,5,85.11,2019
0.044038713,-1927.032385,14791.9245,27.815046,112.914584,1.27E-04,0.129854903,-1.86E-05,19.99864341,ID00319702,6,81.16,2019
0.040607055,,15002.49021,27.815046,112.914584,1.17E-04,0.12895835,-6.41E-05,20.01154809,ID00319702,7,84.9,2019
0.044421814,-6137.208047,15045.05661,27.815046,112.914584,1.46E-04,0.128399859,7.73E-06,19.46211976,ID00319702,8,85.17,2019
0.05572641,15581.06369,14834.67885,27.815046,112.914584,1.70E-04,0.124432077,5.53E-05,24.10837859,ID00319702,9,83.02,2019
0.058196416,15425.59853,14602.51578,27.815046,112.914584,2.03E-04,0.121331552,-5.17E-05,22.39730396,ID00319702,10,86.18,2019
0.057821772,14954.26575,14322.70731,27.815046,112.914584,2.22E-04,0.114673277,6.79E-05,20.42017937,ID00319702,11,64.76,2019
0.057932984,14676.28165,14046.96075,27.815046,112.914584,2.57E-04,0.116012537,8.24E-05,13.11292943,ID00319702,12,61.49,2019
0.071351612,11380.09535,978.3640824,27.815046,112.914584,1.40E-04,0.113978263,1.47E-04,12.14542913,ID00319702,1,84.87,2020
0.058126275,14815.37504,-3138.587831,27.815046,112.914584,9.82E-05,0.125929822,-1.83E-05,19.18618791,ID00319702,2,81.96,2020
0.066222658,14988.42893,14100.15211,27.815046,112.914584,1.54E-04,0.13339891,4.46E-04,17.78248557,ID00319702,3,91.16,2020
0.059652408,15439.5617,14575.20707,27.815046,112.914584,1.82E-04,0.140485712,1.99E-04,30.16727119,ID00319702,4,88.68,2020
0.056660826,10633.75008,14808.1737,27.815046,112.914584,1.79E-04,0.131248784,5.42E-05,21.12922257,ID00319702,5,93.36,2020
0.038251825,,-7697.743867,27.815046,112.914584,1.14E-04,0.125258274,-1.13E-04,16.11661424,ID00319702,6,92.07,2020
0.037733266,,15021.84625,27.815046,112.914584,1.13E-04,0.125228811,-2.12E-04,20.19296589,ID00319702,7,94.11,2020
0.037593936,-8547.821394,15121.70952,27.815046,112.914584,1.10E-04,0.125194212,-6.63E-06,27.96563279,ID00319702,8,93.08,2020
0.044195478,,,27.815046,112.914584,1.47E-04,0.126675757,-2.55E-04,3.876030342,ID00319702,9,91.11,2020
0.05008647,15098.86752,14505.43867,27.815046,112.914584,2.13E-04,0.114573148,4.06E-04,18.66160204,ID00319702,10,100.16,2020
0.054265062,15044.36029,14461.01104,27.815046,112.914584,2.74E-04,0.117781671,2.20E-04,15.72644982,ID00319702,11,95.27,2020
0.068188374,14204.94946,13775.60648,27.815046,112.914584,3.25E-04,0.112065063,4.37E-04,13.89276978,ID00319702,12,94.4,2020
0.060921648,14476.0052,13799.62079,27.815046,112.914584,3.31E-04,0.118108483,2.58E-04,23.09460744,ID00319702,1,103.11,2021
0.066095772,15027.16935,14254.01717,27.815046,112.914584,1.88E-04,0.128808053,2.63E-05,20.35878555,ID00319702,2,92.41,2021
0.066704565,15162.99828,14280.06346,27.815046,112.914584,1.52E-04,0.122834757,1.52E-04,16.63946518,ID00319702,3,104.54,2021
0.06151846,-655.7566241,11353.21001,27.815046,112.914584,2.14E-04,0.135823715,-9.09E-05,13.51767158,ID00319702,4,97.02,2021
0.054059748,10787.87144,14875.14132,27.815046,112.914584,1.56E-04,0.13481995,4.51E-04,20.27874886,ID00319702,5,102.12,2021
0.041902001,10937.18122,14957.73978,27.815046,112.914584,1.61E-04,0.128005759,-1.25E-04,15.28377348,ID00319702,6,98.29,2021
0.037680093,,15061.89498,27.815046,112.914584,1.31E-04,0.131128748,1.05E-04,20.47695048,ID00319702,7,99.17,2021
0.041612077,,15046.92659,27.815046,112.914584,1.23E-04,0.129612782,-5.19E-05,14.28048326,ID00319702,8,88.05,2021
0.04527469,12315.58783,14944.45712,27.815046,112.914584,1.91E-04,0.126815476,1.12E-04,18.95474475,ID00319702,9,81.09,2021
0.047335139,12234.80864,14993.29702,27.815046,112.914584,1.97E-04,0.124090374,6.79E-05,16.11116784,ID00319702,10,84.07,2021
0.048917839,14729.05431,14136.83678,27.815046,112.914584,2.86E-04,0.122291317,3.96E-04,17.18689895,ID00319702,11,69.99,2021
0.06276771,14587.47511,14068.93867,27.815046,112.914584,4.89E-04,0.120586789,3.30E-04,33.76135869,ID00319702,12,80.16,2021
0.063377891,,1921.640334,27.815046,112.914584,2.85E-04,0.124278905,-1.99E-04,12.84176155,ID00319702,1,100.12,2022
0.057142281,,,27.815046,112.914584,1.76E-04,0.131145883,7.67E-04,23.77554442,ID00319702,2,93.59,2022
0.054113823,15045.26699,-2780.193327,27.815046,112.914584,1.44E-04,0.132724453,1.23E-04,29.10421787,ID00319702,3,109.99,2022
0.059934785,-771.8871443,9865.315996,27.815046,112.914584,1.67E-04,0.135868634,2.40E-04,23.82951664,ID00319702,4,100.28,2022
0.049310154,7007.822866,-6779.712463,27.815046,112.914584,1.85E-04,0.140446867,2.29E-04,21.85216857,ID00319702,5,100.61,2022
0.04076983,-4604.55054,14941.58096,27.815046,112.914584,1.06E-04,0.134646514,1.11E-04,8.630358249,ID00319702,6,83.56,2022
0.034749951,-1900.680569,15073.77955,27.815046,112.914584,1.11E-04,0.130340972,-2.89E-05,0,ID00319702,7,85.68,2022
0.037214762,,15089.68775,27.815046,112.914584,1.14E-04,0.127879169,6.88E-05,16.45909246,ID00319702,8,85.13,2022
0.054161271,15700.19055,14910.86005,27.815046,112.914584,1.56E-04,0.12766826,1.08E-04,22.19223968,ID00319702,9,83.79,2022
0.044863009,15265.67141,14701.65963,27.815046,112.914584,1.72E-04,0.119839405,1.54E-04,26.47948975,ID00319702,10,85.67,2022
0.048285804,15134.48937,14651.89105,27.815046,112.914584,2.03E-04,0.115787076,3.33E-04,15.20770383,ID00319702,11,85,2022
0.053187761,14537.07439,13863.35623,27.815046,112.914584,2.74E-04,0.116140666,4.11E-04,17.83318446,ID00319702,12,87.22,2022
0.063380888,6900.961652,13743.27483,28.113496,112.968691,2.96E-04,0.108565587,-4.41E-04,10.77487183,ID00319700,1,210.07,2019
0.053284349,14773.00885,,28.113496,112.968691,1.43E-04,0.112009103,-4.20E-04,7.789945791,ID00319700,2,185.7,2019
0.062896665,14810.23992,14092.9303,28.113496,112.968691,2.29E-04,0.117916781,2.20E-04,35.26641618,ID00319700,3,211.41,2019
0.0593738,15161.16693,14482.20738,28.113496,112.968691,1.37E-04,0.127226119,9.81E-05,43.87708434,ID00319700,4,204.22,2019
0.05194817,15430.78401,14509.42543,28.113496,112.968691,1.51E-04,0.125922407,-4.41E-05,39.10820325,ID00319700,5,208.56,2019
0.043352504,15602.90855,14723.45567,28.113496,112.968691,1.19E-04,0.130633129,6.28E-05,28.9987093,ID00319700,6,202.85,2019
0.039105986,,14990.33289,28.113496,112.968691,1.08E-04,0.129093319,-1.51E-04,33.14865513,ID00319700,7,208.76,2019
0.04087804,15577.63766,14992.26748,28.113496,112.968691,1.14E-04,0.128577138,-6.48E-05,34.38817063,ID00319700,8,212.23,2019
0.051251029,15512.30153,14828.99977,28.113496,112.968691,1.32E-04,0.125119895,1.21E-04,40.85206847,ID00319700,9,204.85,2019
0.049140596,15271.50688,14502.35939,28.113496,112.968691,1.42E-04,0.121553001,7.68E-05,39.22568499,ID00319700,10,213.96,2019
0.051408315,14812.42779,14305.34779,28.113496,112.968691,1.95E-04,0.114767328,7.91E-05,40.59630289,ID00319700,11,187.59,2019
0.050797142,14478.69868,14024.90441,28.113496,112.968691,2.65E-04,0.116214167,2.63E-04,35.84325393,ID00319700,12,180.61,2019
0.062271807,14494.63979,13816.90937,28.113496,112.968691,1.23E-04,0.114584753,1.88E-04,34.86176488,ID00319700,1,212.77,2020
0.054730275,14647.87963,13941.41495,28.113496,112.968691,8.60E-05,0.124595671,4.61E-04,24.27691474,ID00319700,2,199.64,2020
0.059822526,14914.0862,14167.90482,28.113496,112.968691,1.34E-04,0.133574219,2.55E-04,36.72318135,ID00319700,3,218.04,2020
0.06012816,15345.83347,14350.75298,28.113496,112.968691,1.80E-04,0.140791127,2.53E-04,40.30377346,ID00319700,4,216.79,2020
0.050364982,15270.65061,14691.62778,28.113496,112.968691,1.39E-04,0.131754477,2.12E-04,36.81347676,ID00319700,5,229.6,2020
0.039024104,,14731.75123,28.113496,112.968691,1.08E-04,0.124919597,-3.15E-05,34.05822015,ID00319700,6,221,2020
0.036405884,15681.81514,14969.81031,28.113496,112.968691,1.04E-04,0.125372054,-6.74E-05,36.07157801,ID00319700,7,222.74,2020
0.036108411,7725.399213,15031.58427,28.113496,112.968691,1.10E-04,0.125096417,-9.32E-05,43.49151866,ID00319700,8,228.25,2020
0.044256708,,-5258.039331,28.113496,112.968691,1.27E-04,0.126342792,1.44E-05,8.360004956,ID00319700,9,226.24,2020
0.046013578,14961.94674,14406.22911,28.113496,112.968691,1.34E-04,0.114760279,3.17E-04,40.32781964,ID00319700,10,244.99,2020
0.046017795,14922.96313,14347.81375,28.113496,112.968691,2.05E-04,0.118294776,2.56E-04,32.4267013,ID00319700,11,236.26,2020
0.062581142,14122.82268,13779.03371,28.113496,112.968691,3.29E-04,0.112425957,2.14E-04,23.21078482,ID00319700,12,221.4,2020
0.059798832,14386.14199,13809.93586,28.113496,112.968691,3.34E-04,0.119297971,2.12E-04,36.72411282,ID00319700,1,246.61,2021
0.055581698,14777.53289,14111.57045,28.113496,112.968691,1.38E-04,0.129940807,-2.96E-05,40.36089985,ID00319700,2,230.89,2021
0.06621782,15010.29769,14216.75418,28.113496,112.968691,1.81E-04,0.124733617,7.18E-05,13.59328415,ID00319700,3,255.73,2021
0.05695828,15226.68437,14553.12914,28.113496,112.968691,1.57E-04,0.136851317,3.72E-04,15.61613312,ID00319700,4,249.17,2021
0.051483406,15486.02606,14740.35923,28.113496,112.968691,1.42E-04,0.134590274,1.42E-04,41.05013759,ID00319700,5,256.99,2021
0.041597546,15647.42035,14733.4238,28.113496,112.968691,1.29E-04,0.128744996,-1.22E-04,25.94307533,ID00319700,6,242.51,2021
0.035940522,10173.04228,14996.46792,28.113496,112.968691,1.17E-04,0.130986174,1.28E-05,50.91661421,ID00319700,7,235.8,2021
0.040427512,,15028.82366,28.113496,112.968691,1.15E-04,0.129673014,9.14E-06,35.23026776,ID00319700,8,218.67,2021
0.043618609,15545.44641,14911.09101,28.113496,112.968691,1.39E-04,0.127464509,5.08E-05,37.25219231,ID00319700,9,177.59,2021
0.04455569,15549.64208,14824.96496,28.113496,112.968691,1.41E-04,0.125865048,8.32E-05,35.79858948,ID00319700,10,184.12,2021
0.043504511,14672.1413,14116.80278,28.113496,112.968691,2.16E-04,0.122909995,2.23E-04,32.43358682,ID00319700,11,143.35,2021
0.05073626,14544.73714,14030.21242,28.113496,112.968691,3.49E-04,0.120423413,3.72E-04,37.72386448,ID00319700,12,179.63,2021
0.058714624,,13904.27532,28.113496,112.968691,2.45E-04,0.124861349,7.91E-04,16.71977115,ID00319700,1,236.8,2022
0.055446251,,13891.73933,28.113496,112.968691,2.36E-04,0.132828406,-2.53E-04,28.87699881,ID00319700,2,216.61,2022
0.052627405,14918.10598,14114.88889,28.113496,112.968691,1.51E-04,0.133645379,4.16E-04,33.5165506,ID00319700,3,250.1,2022
0.052857844,15048.82301,14496.59636,28.113496,112.968691,1.36E-04,0.137891998,3.34E-04,36.85356923,ID00319700,4,227.44,2022
0.045699639,15494.35251,14480.80244,28.113496,112.968691,1.33E-04,0.14103067,9.75E-05,33.77013547,ID00319700,5,253.16,2022
0.039099646,15397.3589,14920.00541,28.113496,112.968691,1.07E-04,0.134901879,6.83E-05,32.16298411,ID00319700,6,202.41,2022
0.033573183,15841.61783,15047.26352,28.113496,112.968691,9.82E-05,0.130315851,5.28E-05,0,ID00319700,7,208.48,2022
0.037529244,-8500.27237,15063.05248,28.113496,112.968691,1.03E-04,0.128134644,1.97E-05,31.92341468,ID00319700,8,202.19,2022
0.049864924,15655.39171,14910.15269,28.113496,112.968691,1.23E-04,0.1276999,-1.08E-04,34.92173758,ID00319700,9,198.35,2022
0.042275113,15087.74224,14604.29091,28.113496,112.968691,1.47E-04,0.119962578,-1.12E-04,39.28180332,ID00319700,10,220.4,2022
0.043691864,15074.47475,14509.48117,28.113496,112.968691,1.74E-04,0.116174969,-1.88E-04,25.43386692,ID00319700,11,214.35,2022
0.048441254,14402.45081,13888.67064,28.113496,112.968691,2.38E-04,0.116751147,1.91E-04,31.20546206,ID00319700,12,212.22,2022
0.057969014,14007.72908,13115.1472,36.360285,113.052872,4.06E-04,0.1333283,9.32E-04,12.90837591,ID00319726,1,22.18,2019
0.062536535,14372.94995,9043.504416,36.360285,113.052872,3.78E-04,0.136776259,5.90E-04,13.91713461,ID00319726,2,17.61,2019
0.043735949,15061.37024,13611.6036,36.360285,113.052872,2.28E-04,0.152245696,2.88E-04,18.23288536,ID00319726,3,11.43,2019
0.049186448,15382.7012,13895.78075,36.360285,113.052872,2.19E-04,0.140398868,3.82E-04,13.96241673,ID00319726,4,14.23,2019
0.046859539,15752.95166,14235.26317,36.360285,113.052872,1.91E-04,0.138405305,1.05E-04,24.39495075,ID00319726,5,22.62,2019
0.04854825,15585.64949,14531.22247,36.360285,113.052872,1.66E-04,0.139879225,3.29E-04,26.91901837,ID00319726,6,24.02,2019
0.05162558,15601.57795,14658.1242,36.360285,113.052872,1.88E-04,0.137832583,9.36E-05,14.29883938,ID00319726,7,16.19,2019
0.045273529,15540.01096,14629.62018,36.360285,113.052872,1.61E-04,0.131341335,-3.01E-05,12.43868481,ID00319726,8,16.1,2019
0.047583118,15341.87594,14361.19599,36.360285,113.052872,2.03E-04,0.130225368,1.83E-04,14.48878336,ID00319726,9,13.22,2019
0.042606086,14741.36806,13804.7599,36.360285,113.052872,1.90E-04,0.129227077,2.43E-04,15.09478916,ID00319726,10,12.19,2019
0.044520212,14436.91619,13712.68935,36.360285,113.052872,2.85E-04,0.129842856,4.17E-04,17.49123148,ID00319726,11,25.09,2019
0.044582631,14188.93106,-5662.386163,36.360285,113.052872,2.57E-04,0.14406619,0.003186201,18.80935916,ID00319726,12,25.66,2019
0.055470774,4263.546614,13324.25636,36.360285,113.052872,3.85E-04,0.145495203,0.002404604,13.90245584,ID00319726,1,25.93,2020
0.045358922,14482.444,13433.11923,36.360285,113.052872,1.91E-04,0.154859806,5.29E-04,17.02607192,ID00319726,2,24.05,2020
0.046282234,15016.56862,13714.88728,36.360285,113.052872,2.06E-04,0.153306375,2.65E-04,17.39855517,ID00319726,3,25.07,2020
0.044516785,15281.12601,13959.54523,36.360285,113.052872,2.10E-04,0.154385703,3.91E-04,16.10785357,ID00319726,4,24.98,2020
0.043511262,15627.92292,14314.47615,36.360285,113.052872,1.79E-04,0.145869637,2.14E-04,23.72632013,ID00319726,5,25.75,2020
0.05185238,15497.58338,14509.41019,36.360285,113.052872,1.91E-04,0.133640619,2.50E-04,9.830274756,ID00319726,6,24.36,2020
0.051171065,15219.00128,14627.76824,36.360285,113.052872,1.63E-04,0.131409961,3.04E-05,13.82762243,ID00319726,7,24.2,2020
0.044706891,15390.87897,14613.88984,36.360285,113.052872,1.64E-04,0.127161653,-1.03E-06,12.9675763,ID00319726,8,25.55,2020
0.045928304,15283.33031,529.4190383,36.360285,113.052872,2.05E-04,0.129963224,1.45E-04,29.71374113,ID00319726,9,23.76,2020
0.047508007,14799.94815,13817.7473,36.360285,113.052872,2.77E-04,0.123994587,5.39E-04,19.84049776,ID00319726,10,25.64,2020
0.043250028,14683.32826,13800.95289,36.360285,113.052872,2.35E-04,0.124180746,3.86E-04,12.51406556,ID00319726,11,25.11,2020
0.044690456,14135.14993,-2767.133464,36.360285,113.052872,2.90E-04,0.137586299,0.001300137,14.63670996,ID00319726,12,26.24,2020
0.046395523,14114.43182,5939.205103,36.360285,113.052872,2.92E-04,0.140248641,0.001416918,12.86349629,ID00319726,1,22.83,2021
0.048418139,14532.61021,13479.86703,36.360285,113.052872,2.26E-04,0.144370714,9.70E-04,17.40494109,ID00319726,2,23.71,2021
0.046918571,14903.15518,13709.69823,36.360285,113.052872,2.38E-04,0.151625379,4.10E-04,13.81671501,ID00319726,3,26.1,2021
0.047632287,15198.71587,13826.89401,36.360285,113.052872,1.78E-04,0.14872546,1.80E-05,14.76309123,ID00319726,4,25.73,2021
0.043508613,15626.23707,14140.37959,36.360285,113.052872,1.67E-04,0.145403563,-1.37E-04,15.46314771,ID00319726,5,24.78,2021
0.049242401,15670.00671,14323.5633,36.360285,113.052872,1.60E-04,0.138724729,2.32E-04,14.53700182,ID00319726,6,24.42,2021
0.045614723,15457.40243,14654.11512,36.360285,113.052872,1.62E-04,0.137121778,2.67E-04,13.24063769,ID00319726,7,21.7,2021
0.054116202,15389.23623,14503.53562,36.360285,113.052872,1.74E-04,0.134031201,2.38E-04,10.72883672,ID00319726,8,21.19,2021
0.045436186,15241.69781,14393.90196,36.360285,113.052872,1.85E-04,0.132616807,3.67E-04,13.79395725,ID00319726,9,20.74,2021
0.042391986,14735.81651,7836.357802,36.360285,113.052872,2.80E-04,0.12824187,7.65E-04,9.996342099,ID00319726,10,21.25,2021
0.039283405,14337.366,13629.98381,36.360285,113.052872,2.44E-04,0.143747332,9.60E-04,15.45181065,ID00319726,11,17.52,2021
0.040744761,14140.71924,-2730.720314,36.360285,113.052872,2.63E-04,0.138989924,0.002407119,15.00003237,ID00319726,12,17.39,2021
0.050466675,14159.33215,,36.360285,113.052872,3.73E-04,0.155562812,0.001859709,15.48392265,ID00319726,1,18.68,2022
0.048343552,14384.6135,13453.31698,36.360285,113.052872,2.45E-04,0.159318135,7.74E-04,15.90554716,ID00319726,2,15.01,2022
0.041795343,14836.99544,13574.74063,36.360285,113.052872,2.08E-04,0.149344189,1.93E-04,16.90761747,ID00319726,3,13.46,2022
0.045068538,15411.7253,14040.62954,36.360285,113.052872,1.89E-04,0.153226582,4.07E-04,19.01271853,ID00319726,4,18.95,2022
0.039976058,15583.93136,14208.36464,36.360285,113.052872,1.64E-04,0.148841684,3.72E-04,14.75698005,ID00319726,5,26.72,2022
0.041018533,15742.34336,14669.3261,36.360285,113.052872,1.42E-04,0.142789979,1.97E-04,15.29634191,ID00319726,6,24.69,2022
0.042293592,15432.60743,14594.80028,36.360285,113.052872,1.41E-04,0.135492695,5.49E-05,6.361177484,ID00319726,7,25.15,2022
0.043407892,15341.42787,14734.35083,36.360285,113.052872,1.13E-04,0.12902937,-1.04E-05,11.26152622,ID00319726,8,25.84,2022
0.044975685,15271.95861,14273.1684,36.360285,113.052872,1.75E-04,0.130987555,3.95E-04,11.90552245,ID00319726,9,20.46,2022
0.037445847,14810.6975,13849.10206,36.360285,113.052872,1.78E-04,0.129521034,4.39E-04,13.1652407,ID00319726,10,20.28,2022
0.038803158,14471.7742,13771.08451,36.360285,113.052872,2.07E-04,0.128297625,-9.70E-05,10.84885655,ID00319726,11,14.65,2022
0.038550501,13886.46774,13255.83808,36.360285,113.052872,2.33E-04,0.141640021,7.31E-04,14.18041956,ID00319726,12,14.56,2022
0.048243096,14814.5368,14293.00643,22.802573,113.300755,3.75E-04,0.102929233,8.06E-04,14.66750959,ID00319617,1,257.21,2019
0.046820777,,-6158.658489,22.802573,113.300755,1.81E-04,0.101505787,-4.59E-06,15.09982585,ID00319617,2,235.54,2019
0.062214863,,14437.09372,22.802573,113.300755,2.30E-04,0.110009422,-1.82E-06,17.07028206,ID00319617,3,253.23,2019
0.055561816,,14783.5274,22.802573,113.300755,1.51E-04,0.120732415,-5.00E-05,11.8655889,ID00319617,4,264.46,2019
0.046909295,,11177.01865,22.802573,113.300755,1.67E-04,0.123926034,1.25E-04,11.00107481,ID00319617,5,290.62,2019
0.03614788,9438.41315,14922.22898,22.802573,113.300755,1.53E-04,0.12598927,-2.56E-05,18.92842921,ID00319617,6,283.22,2019
0.032989528,,14923.76644,22.802573,113.300755,1.31E-04,0.125500785,-1.48E-04,18.04042421,ID00319617,7,288.45,2019
0.035727671,,14986.30972,22.802573,113.300755,1.49E-04,0.126572604,-1.41E-04,19.90526034,ID00319617,8,287.72,2019
0.043207957,15355.55093,14932.2797,22.802573,113.300755,1.53E-04,0.122213813,-1.08E-05,23.15046866,ID00319617,9,276.29,2019
0.04850234,15259.75294,14916.34492,22.802573,113.300755,1.61E-04,0.120242165,2.24E-06,27.83433751,ID00319617,10,267.08,2019
0.04760053,15036.87383,14613.88072,22.802573,113.300755,2.61E-04,0.11245311,-3.59E-05,25.9713615,ID00319617,11,225.67,2019
0.045812849,14797.38621,14337.75626,22.802573,113.300755,3.83E-04,0.108203897,6.68E-05,26.53925189,ID00319617,12,272.25,2019
0.050872607,14775.25741,14261.39287,22.802573,113.300755,1.97E-04,0.108019039,2.83E-04,22.93101332,ID00319617,1,267.06,2020
0.048732999,14859.52748,14463.89992,22.802573,113.300755,1.28E-04,0.11548271,2.24E-04,22.15780402,ID00319617,2,226.72,2020
0.061535436,15033.36899,-2292.415113,22.802573,113.300755,1.55E-04,0.120974202,6.73E-05,16.10496824,ID00319617,3,237.91,2020
0.065511495,,957.4739941,22.802573,113.300755,2.38E-04,0.129012933,7.92E-06,15.73953151,ID00319617,4,236.25,2020
0.044256167,,14870.10402,22.802573,113.300755,1.44E-04,0.128072817,-1.01E-04,17.49960464,ID00319617,5,261.92,2020
0.029879062,,14936.42713,22.802573,113.300755,1.06E-04,0.125347123,-1.12E-04,23.55779926,ID00319617,6,313.5,2020
0.02826674,,14995.93621,22.802573,113.300755,1.16E-04,0.124192089,-5.29E-05,29.79829001,ID00319617,7,315.03,2020
0.03393113,,14940.71197,22.802573,113.300755,1.43E-04,0.125905688,-1.45E-04,27.0304199,ID00319617,8,320.37,2020
0.038381511,,14992.7684,22.802573,113.300755,1.54E-04,0.123597579,-1.95E-04,20.48318431,ID00319617,9,308.56,2020
0.041687051,15197.30128,14856.50916,22.802573,113.300755,1.67E-04,0.11693166,1.60E-04,22.32492864,ID00319617,10,315.98,2020
0.045539695,15038.54514,14584.22056,22.802573,113.300755,2.62E-04,0.111961241,1.97E-05,22.92495109,ID00319617,11,288.26,2020
0.048244121,14745.95904,14266.95142,22.802573,113.300755,4.20E-04,0.105147185,-1.31E-04,24.90024537,ID00319617,12,366.41,2020
0.053450933,14766.5682,14172.54885,22.802573,113.300755,4.54E-04,0.106564888,1.02E-04,24.55751979,ID00319617,1,309.1,2021
0.052478016,15133.33069,14463.37586,22.802573,113.300755,1.81E-04,0.119774473,2.29E-04,25.52192629,ID00319617,2,283.52,2021
0.061036031,,7149.156526,22.802573,113.300755,2.35E-04,0.11584913,-1.28E-05,16.83112844,ID00319617,3,308.81,2021
0.060572587,,14771.52658,22.802573,113.300755,2.05E-04,0.127991798,1.42E-04,26.10249985,ID00319617,4,321.42,2021
0.03619979,,14955.30281,22.802573,113.300755,1.49E-04,0.127130974,-1.33E-04,27.0267073,ID00319617,5,357.29,2021
0.035754492,,14903.38126,22.802573,113.300755,1.42E-04,0.127958002,-2.83E-04,26.20880509,ID00319617,6,336.03,2021
0.033133605,,14950.33047,22.802573,113.300755,1.47E-04,0.129718673,-1.37E-04,28.03382256,ID00319617,7,292.63,2021
0.033160653,,14934.13543,22.802573,113.300755,1.35E-04,0.128099124,-2.86E-04,26.55711477,ID00319617,8,300.74,2021
0.036390485,,14979.75499,22.802573,113.300755,1.57E-04,0.126503108,-5.22E-05,26.92938186,ID00319617,9,285.18,2021
0.038857307,8862.1737,14898.22931,22.802573,113.300755,1.66E-04,0.123889124,-4.58E-05,32.09455134,ID00319617,10,274.87,2021
0.041418513,14916.07624,14709.87013,22.802573,113.300755,3.22E-04,0.116968169,-2.19E-04,29.75648845,ID00319617,11,280.91,2021
0.045338567,14859.32974,14345.20759,22.802573,113.300755,3.76E-04,0.114763327,1.10E-04,30.5417277,ID00319617,12,318.38,2021
0.047218411,14835.89172,13441.57745,22.802573,113.300755,3.65E-04,0.115539827,1.88E-04,30.92561884,ID00319617,1,291.1,2022
0.048328923,14715.88911,12566.158,22.802573,113.300755,2.74E-04,0.117081369,1.06E-04,24.04987263,ID00319617,2,285.34,2022
0.047438037,15083.78222,14415.62054,22.802573,113.300755,2.16E-04,0.120360444,6.20E-05,29.04318513,ID00319617,3,297.17,2022
0.047436077,,,22.802573,113.300755,1.71E-04,0.127115944,2.05E-04,26.21966415,ID00319617,4,304.53,2022
0.03984885,15298.44553,,22.802573,113.300755,1.56E-04,0.134146953,-8.36E-06,27.00471254,ID00319617,5,312.64,2022
0.030409046,,14955.76938,22.802573,113.300755,1.18E-04,0.132442672,-2.89E-04,28.76302709,ID00319617,6,289.15,2022
0.029291281,15581.19725,15002.53091,22.802573,113.300755,1.25E-04,0.130505943,3.41E-05,5.386867081,ID00319617,7,293.29,2022
0.029174981,,15007.99338,22.802573,113.300755,1.19E-04,0.128051172,7.72E-05,26.72496586,ID00319617,8,290.16,2022
0.046213287,-6626.473013,15006.00848,22.802573,113.300755,1.56E-04,0.126822415,1.72E-05,25.20094698,ID00319617,9,310.11,2022
0.039658581,15200.05044,14853.70615,22.802573,113.300755,1.62E-04,0.120594727,1.25E-04,30.08397395,ID00319617,10,298.73,2022
0.034978393,,14728.05666,22.802573,113.300755,2.31E-04,0.112613539,-2.39E-04,16.7758048,ID00319617,11,300.79,2022
0.042878632,14707.73369,11693.8622,22.802573,113.300755,2.78E-04,0.108133971,2.04E-04,24.70409958,ID00319617,12,283.96,2022
0.065262827,14191.97577,13664.55157,33.278023,113.49723,2.84E-04,0.123627615,8.05E-04,7.282760442,ID00319705,1,26.8,2019
0.057614663,14280.30943,10650.45187,33.278023,113.49723,1.13E-04,0.126747997,2.34E-04,6.304695561,ID00319705,2,24.22,2019
0.051303907,14724.85428,13908.8652,33.278023,113.49723,1.34E-04,0.137230931,5.47E-04,7.957389341,ID00319705,3,29.48,2019
0.050301645,14986.50016,14249.03691,33.278023,113.49723,1.12E-04,0.138844743,3.33E-04,6.508362091,ID00319705,4,27.27,2019
0.048621539,15282.83599,14593.72299,33.278023,113.49723,1.21E-04,0.132418123,2.91E-04,6.3156779,ID00319705,5,25.33,2019
0.048185573,15538.62292,14664.75938,33.278023,113.49723,1.23E-04,0.136056777,3.23E-04,5.87525786,ID00319705,6,28.34,2019
0.045326524,15422.94805,14816.8734,33.278023,113.49723,1.14E-04,0.133126079,2.57E-05,4.641399893,ID00319705,7,27.42,2019
0.047652809,15400.5134,14787.90551,33.278023,113.49723,1.01E-04,0.130496543,7.73E-05,4.433710773,ID00319705,8,27.48,2019
0.052800819,15348.53231,14600.35144,33.278023,113.49723,1.11E-04,0.12844244,8.28E-05,5.408892524,ID00319705,9,24,2019
0.048287813,14931.84398,14192.40791,33.278023,113.49723,1.43E-04,0.12364238,1.95E-04,6.53331287,ID00319705,10,23.73,2019
0.046807515,14720.25213,14094.38184,33.278023,113.49723,1.60E-04,0.123685049,8.38E-04,5.414319863,ID00319705,11,23.69,2019
0.049746371,14247.29809,13708.68143,33.278023,113.49723,1.66E-04,0.13532813,5.61E-04,5.320667919,ID00319705,12,21.65,2019
0.061659849,14238.55272,13622.16476,33.278023,113.49723,1.04E-04,0.135551372,3.17E-04,4.966443979,ID00319705,1,25.7,2020
0.058236578,14469.44073,13800.86897,33.278023,113.49723,8.66E-05,0.142734815,2.27E-04,4.767018731,ID00319705,2,21.69,2020
0.053562155,14745.4383,13947.086,33.278023,113.49723,1.37E-04,0.147595555,5.27E-04,5.123637016,ID00319705,3,25.94,2020
0.05265291,14961.18003,14193.38863,33.278023,113.49723,1.31E-04,0.152538206,1.37E-04,5.453524063,ID00319705,4,25.94,2020
0.047956604,15381.36517,14565.31485,33.278023,113.49723,1.18E-04,0.139522126,2.59E-04,5.065938067,ID00319705,5,25.97,2020
0.046564068,15558.00617,14784.0361,33.278023,113.49723,1.04E-04,0.130133645,-7.44E-05,5.177035951,ID00319705,6,25.24,2020
0.04547493,15412.16487,14732.94914,33.278023,113.49723,1.04E-04,0.130605319,-4.26E-05,3.997274038,ID00319705,7,28.94,2020
0.042329888,,14922.07852,33.278023,113.49723,8.75E-05,0.127333734,4.45E-05,4.081215614,ID00319705,8,28.83,2020
0.048658745,15224.46885,14671.39426,33.278023,113.49723,1.11E-04,0.128264131,2.53E-04,4.11652013,ID00319705,9,23.02,2020
0.050712932,14691.27353,14136.81528,33.278023,113.49723,1.61E-04,0.121363429,5.33E-04,5.398929204,ID00319705,10,20.36,2020
0.048030567,14753.95743,14075.67542,33.278023,113.49723,1.83E-04,0.121804254,2.53E-04,5.508661514,ID00319705,11,34.3,2020
0.060287228,14099.50621,13701.77685,33.278023,113.49723,2.17E-04,0.126253456,8.85E-04,6.08402009,ID00319705,12,36.21,2020
0.053281384,14153.1823,13687.59187,33.278023,113.49723,2.04E-04,0.130708905,2.37E-04,5.54460952,ID00319705,1,37.96,2021
0.051565835,14510.87873,13907.56551,33.278023,113.49723,1.51E-04,0.137105427,7.00E-04,6.401267267,ID00319705,2,34.48,2021
0.048513581,14564.37863,14012.55629,33.278023,113.49723,1.48E-04,0.140849391,-1.08E-05,4.578698552,ID00319705,3,36.13,2021
0.052553999,14927.42264,14190.46586,33.278023,113.49723,1.24E-04,0.143807947,6.51E-04,6.150621248,ID00319705,4,28.41,2021
0.044581055,15168.65743,14531.2307,33.278023,113.49723,1.14E-04,0.140030229,9.17E-05,5.861591247,ID00319705,5,35.07,2021
0.045661579,15415.81041,14704.98959,33.278023,113.49723,1.17E-04,0.136344663,2.18E-04,5.520400287,ID00319705,6,39.95,2021
0.042235624,15319.67223,14900.89715,33.278023,113.49723,1.05E-04,0.13739113,1.07E-04,5.194449877,ID00319705,7,28.6,2021
0.048407526,15358.36329,14790.59827,33.278023,113.49723,1.02E-04,0.134078387,-1.71E-05,4.503138471,ID00319705,8,24.29,2021
0.044191415,15217.30243,14671.06594,33.278023,113.49723,1.07E-04,0.130824083,4.57E-04,5.590152274,ID00319705,9,23.41,2021
0.045610747,14830.71513,14329.06712,33.278023,113.49723,1.64E-04,0.125318432,-2.34E-05,3.288150782,ID00319705,10,15.86,2021
0.039430039,14517.10741,13948.68956,33.278023,113.49723,1.86E-04,0.137077753,3.32E-04,6.229602126,ID00319705,11,7.99,2021
0.046772513,14317.07429,13813.46988,33.278023,113.49723,1.92E-04,0.132517359,0.001429073,6.43714392,ID00319705,12,7.42,2021
0.059909825,14071.00565,13635.33256,33.278023,113.49723,1.87E-04,0.144614496,6.03E-04,6.915542826,ID00319705,1,30.47,2022
0.056336832,14506.03782,13728.12492,33.278023,113.49723,1.55E-04,0.146996853,5.37E-04,7.206186106,ID00319705,2,24.66,2022
0.047913575,14721.19192,14020.82363,33.278023,113.49723,1.17E-04,0.144882591,5.67E-05,7.018253824,ID00319705,3,34.14,2022
0.044787593,14858.41159,14372.54158,33.278023,113.49723,1.01E-04,0.152112565,3.47E-05,6.519010275,ID00319705,4,43.3,2022
0.042930577,15210.05657,14545.11974,33.278023,113.49723,1.09E-04,0.148259394,8.79E-05,6.946367866,ID00319705,5,40.82,2022
0.040256838,15600.40069,14914.74134,33.278023,113.49723,1.21E-04,0.140498315,2.50E-04,6.563882633,ID00319705,6,29.98,2022
0.039277555,15392.65373,14890.14126,33.278023,113.49723,1.14E-04,0.134719486,5.14E-05,5.186954627,ID00319705,7,24.98,2022
0.041954829,15421.62721,14948.93351,33.278023,113.49723,9.93E-05,0.128072812,-1.26E-04,5.879521262,ID00319705,8,24.93,2022
0.046922595,15228.19428,14611.0572,33.278023,113.49723,1.17E-04,0.130944401,2.26E-04,6.852222394,ID00319705,9,25,2022
0.046731125,14836.21486,14233.57084,33.278023,113.49723,1.74E-04,0.124460494,-8.48E-05,5.159349193,ID00319705,10,19.99,2022
0.045449383,14617.23795,14131.48722,33.278023,113.49723,1.49E-04,0.123000453,2.44E-04,5.967878225,ID00319705,11,7.19,2022
0.045011649,14126.08575,13710.85751,33.278023,113.49723,2.11E-04,0.132427211,0.001098094,7.092094685,ID00319705,12,14.11,2022
0.065943519,12534.14118,13818.09755,27.627416,113.732549,1.48E-04,0.106734532,4.49E-04,0.548071073,ID00319707,1,78.98,2019
0.065606933,14698.85,,27.627416,113.732549,9.88E-05,0.113820026,1.85E-04,0.609142162,ID00319707,2,104.24,2019
0.060709233,15055.72549,13963.14216,27.627416,113.732549,1.26E-04,0.116369558,1.69E-04,3.962384888,ID00319707,3,95.41,2019
0.0604012,15250.21593,14769.84069,27.627416,113.732549,1.10E-04,0.126890765,3.47E-04,5.211066292,ID00319707,4,94.32,2019
0.058204408,15370.21618,8358.67451,27.627416,113.732549,1.19E-04,0.124907644,1.21E-04,5.354549143,ID00319707,5,97.4,2019
0.04569836,15558.30278,14831.66667,27.627416,113.732549,9.86E-05,0.129173373,-1.63E-05,4.444602978,ID00319707,6,108.7,2019
0.04099963,,14945.26536,27.627416,113.732549,9.05E-05,0.127921603,-4.96E-05,5.488857835,ID00319707,7,98.52,2019
0.04164157,,14949.95203,27.627416,113.732549,9.49E-05,0.12863294,4.16E-05,5.417352897,ID00319707,8,102.19,2019
0.055042329,15576.93482,14773.89374,27.627416,113.732549,1.07E-04,0.123755736,8.51E-06,6.196166639,ID00319707,9,97.18,2019
0.059404788,15375.30602,14444.73742,27.627416,113.732549,1.40E-04,0.121506275,1.94E-04,6.130931404,ID00319707,10,98.98,2019
0.06256522,14976.57431,8210.25,27.627416,113.732549,1.63E-04,0.113641302,3.96E-04,4.650693585,ID00319707,11,105.66,2019
0.056444316,14684.51693,13878.18505,27.627416,113.732549,1.55E-04,0.113689684,3.86E-05,5.30089695,ID00319707,12,117.59,2019
0.079231039,14555.20922,13769.26613,27.627416,113.732549,1.40E-04,0.115303514,5.38E-04,7.073107866,ID00319707,1,83.5,2020
0.06483823,14758.47824,13875.16569,27.627416,113.732549,8.69E-05,0.121401508,-7.29E-05,5.922899525,ID00319707,2,100.83,2020
0.070827202,14985.61944,14025.68627,27.627416,113.732549,1.14E-04,0.131538079,5.69E-04,4.145872555,ID00319707,3,92.13,2020
0.062360859,15408.843,14310.68627,27.627416,113.732549,1.31E-04,0.139808397,3.82E-04,4.135485145,ID00319707,4,108.61,2020
0.054041575,15520.77908,14795.17941,27.627416,113.732549,1.08E-04,0.131779146,2.12E-04,5.459877535,ID00319707,5,104.44,2020
0.03725725,,,27.627416,113.732549,8.62E-05,0.125396547,-2.66E-05,6.422460633,ID00319707,6,108.18,2020
0.036555215,,14978.46814,27.627416,113.732549,8.37E-05,0.124530204,-7.76E-05,5.230732935,ID00319707,7,101.94,2020
0.038674922,,14980.1967,27.627416,113.732549,9.18E-05,0.124750694,1.12E-04,6.647215618,ID00319707,8,109.9,2020
0.044100692,,,27.627416,113.732549,9.95E-05,0.123386924,2.05E-04,0.996762263,ID00319707,9,107.58,2020
0.05139273,15160.87083,14344.23333,27.627416,113.732549,1.45E-04,0.115181582,4.67E-04,8.34343876,ID00319707,10,101.53,2020
0.049375194,15018.23824,14243.86176,27.627416,113.732549,1.35E-04,0.116621443,1.71E-04,7.33678672,ID00319707,11,111.96,2020
0.06736121,14372.76137,13831.00784,27.627416,113.732549,2.18E-04,0.111889299,-2.67E-05,5.479862643,ID00319707,12,128.72,2020
0.064164236,14535.16593,13821.58114,27.627416,113.732549,2.31E-04,0.116940466,4.51E-05,3.557323558,ID00319707,1,90.52,2021
0.062741407,14871.42507,13123.51078,27.627416,113.732549,1.24E-04,0.127074863,2.31E-04,2.91986031,ID00319707,2,106.36,2021
0.06903602,15127.53497,14256.92157,27.627416,113.732549,1.36E-04,0.121939621,1.09E-04,4.265414288,ID00319707,3,97.81,2021
0.052814944,15323.6201,14415.30686,27.627416,113.732549,1.01E-04,0.136477547,4.32E-04,3.120527024,ID00319707,4,109.4,2021
0.051956113,15345.82745,,27.627416,113.732549,1.22E-04,0.132861015,2.83E-04,3.832389763,ID00319707,5,107.74,2021
0.042256393,15685.22255,,27.627416,113.732549,1.05E-04,0.128615835,9.68E-05,4.481325941,ID00319707,6,109.83,2021
0.035001854,12286.44706,14980.62105,27.627416,113.732549,9.32E-05,0.130905904,4.65E-05,4.393372633,ID00319707,7,104.64,2021
0.039459788,,15002.26471,27.627416,113.732549,9.40E-05,0.12961933,4.99E-05,4.494279441,ID00319707,8,107.33,2021
0.045355357,15750.3598,14882.87756,27.627416,113.732549,1.16E-04,0.127464581,8.89E-05,5.398561254,ID00319707,9,104.28,2021
0.042364577,15491.78627,14905.76708,27.627416,113.732549,1.32E-04,0.124932808,1.31E-04,4.11467399,ID00319707,10,102.05,2021
0.051314317,14760.71769,13994.27778,27.627416,113.732549,1.75E-04,0.121739696,4.76E-04,5.929360399,ID00319707,11,108.96,2021
0.053722418,14662.1268,13949.90425,27.627416,113.732549,1.97E-04,0.119362395,4.01E-04,8.0762011,ID00319707,12,120.14,2021
0.063377099,-968.8421569,13847.23693,27.627416,113.732549,1.45E-04,0.123894041,2.39E-04,2.278183792,ID00319707,1,76.28,2022
0.055116642,,12190.64608,27.627416,113.732549,1.32E-04,,,2.559872502,ID00319707,2,112.29,2022
0.05487614,15019.93461,14256.55523,27.627416,113.732549,1.24E-04,0.131386925,2.97E-04,7.061514693,ID00319707,3,90.56,2022
0.053805336,,,27.627416,113.732549,1.12E-04,0.135731037,8.07E-05,7.613132154,ID00319707,4,109.31,2022
0.05143111,15539.37974,12247.17941,27.627416,113.732549,1.13E-04,0.140953629,-7.54E-05,3.533404538,ID00319707,5,107.33,2022
0.039862236,,14897.86667,27.627416,113.732549,8.47E-05,0.133842601,3.98E-05,7.828294023,ID00319707,6,110.89,2022
0.032494436,15797.3451,14997.16907,27.627416,113.732549,8.68E-05,0.129922797,2.11E-07,0,ID00319707,7,91.35,2022
0.037639406,6365.580392,15008.79764,27.627416,113.732549,8.96E-05,0.127770059,1.45E-05,4.481333333,ID00319707,8,90.13,2022
0.053839458,15658.27794,14852.59975,27.627416,113.732549,1.20E-04,0.127397047,1.86E-04,6.541718228,ID00319707,9,112.89,2022
0.045414887,15350.88901,14739.31291,27.627416,113.732549,1.25E-04,0.119699682,2.26E-05,6.417563701,ID00319707,10,109.77,2022
0.043809974,15162.63047,,27.627416,113.732549,1.14E-04,0.115356416,-2.22E-05,2.66930144,ID00319707,11,112.92,2022
0.05056198,14458.38606,13792.22201,27.627416,113.732549,1.83E-04,0.117622186,2.37E-04,6.16681149,ID00319707,12,136.84,2022
0.072159062,6983.176614,-4838.192759,36.129991,113.869444,5.69E-04,0.135225818,0.001218915,5.408661909,ID00338845,1,6.33,2019
0.082798904,2251.180039,,36.129991,113.869444,3.66E-04,0.135147257,3.08E-04,5.472304195,ID00338845,2,5.91,2019
0.06380451,14370.38417,13746.64174,36.129991,113.869444,2.59E-04,0.154517009,1.62E-04,8.692546312,ID00338845,3,7.69,2019
0.066136896,8306.998695,13952.76321,36.129991,113.869444,3.67E-04,0.144722749,6.38E-04,11.4860126,ID00338845,4,9.16,2019
0.057138836,14993.19072,14315.27641,36.129991,113.869444,1.92E-04,0.140284009,2.53E-04,14.48452831,ID00338845,5,11.03,2019
0.056138659,15075.1486,14705.182,36.129991,113.869444,1.83E-04,0.13962085,1.08E-04,11.51114476,ID00338845,6,12.28,2019
0.061366723,8735.828033,14848.0718,36.129991,113.869444,1.63E-04,0.140211835,3.45E-05,10.14348821,ID00338845,7,12.28,2019
0.059180395,7643.764514,14729.15998,36.129991,113.869444,1.37E-04,0.133053958,1.63E-04,16.48488713,ID00338845,8,11.03,2019
0.060189622,14726.78541,14601.61473,36.129991,113.869444,1.36E-04,0.131860506,-4.90E-05,8.231665844,ID00338845,9,8.56,2019
0.046830695,14224.55533,14003.038,36.129991,113.869444,2.00E-04,0.129928355,5.27E-04,16.49891641,ID00338845,10,11.81,2019
0.064245957,13905.23982,13798.92767,36.129991,113.869444,3.33E-04,0.129614392,6.31E-04,10.80545274,ID00338845,11,11.25,2019
0.060098722,14337.371,1717.017613,36.129991,113.869444,2.82E-04,0.14434848,0.001262796,15.52929058,ID00338845,12,14.12,2019
0.076379292,-4518.571429,13473.5773,36.129991,113.869444,2.66E-04,0.147558879,1.39E-04,8.800376784,ID00338845,1,14.51,2020
0.063155347,7893.512394,13529.31295,36.129991,113.869444,1.61E-04,0.155223503,6.37E-04,9.960914816,ID00338845,2,11.31,2020
0.058219164,14439.20434,13776.84641,36.129991,113.869444,2.56E-04,0.152702508,3.65E-04,13.37396059,ID00338845,3,13.86,2020
0.063490301,9022.434101,13868.02895,36.129991,113.869444,2.66E-04,0.156155297,1.92E-04,15.49730385,ID00338845,4,13.59,2020
0.062857661,14899.76318,14330.35445,36.129991,113.869444,1.70E-04,0.147509398,4.30E-04,13.08066521,ID00338845,5,16.03,2020
0.062743179,8570.614318,14554.44602,36.129991,113.869444,1.71E-04,0.133324543,1.31E-04,10.22882313,ID00338845,6,13.94,2020
0.055544094,8517.548924,14772.98752,36.129991,113.869444,1.29E-04,0.132897612,2.07E-04,6.322336004,ID00338845,7,17.28,2020
0.055492928,1997.859589,14783.81213,36.129991,113.869444,1.39E-04,0.128122951,1.68E-04,8.412504944,ID00338845,8,15.36,2020
0.060980284,15428.95131,1517.077299,36.129991,113.869444,1.54E-04,0.131580005,2.82E-04,12.10365701,ID00338845,9,13.38,2020
0.059809513,14142.38082,13901.55846,36.129991,113.869444,2.75E-04,0.125331345,5.47E-04,8.96286935,ID00338845,10,18.85,2020
0.064095681,14773.32779,13862.18134,36.129991,113.869444,2.86E-04,0.126803968,6.14E-04,6.590998103,ID00338845,11,19.56,2020
0.075449034,7537.028376,13768.8728,36.129991,113.869444,5.20E-04,0.137661116,0.002658979,10.2824949,ID00338845,12,23.56,2020
0.070415282,8168.555479,13157.53131,36.129991,113.869444,4.68E-04,0.140631183,0.001200636,14.75210835,ID00338845,1,19.41,2021
0.065087858,13986.38708,13693.97114,36.129991,113.869444,2.80E-04,0.143865422,9.67E-04,11.13232862,ID00338845,2,15.27,2021
0.061044801,8107.118151,13760.41986,36.129991,113.869444,2.22E-04,0.150124839,7.30E-05,13.03649478,ID00338845,3,19.65,2021
0.066003074,15293.23178,13951.71412,36.129991,113.869444,2.14E-04,0.151859537,7.69E-04,9.648847727,ID00338845,4,20.01,2021
0.054251183,14914.86603,14299.40417,36.129991,113.869444,2.10E-04,0.145405385,1.97E-04,12.32065077,ID00338845,5,18.97,2021
0.059331728,15790.2046,14673.79357,36.129991,113.869444,1.90E-04,0.138359044,2.52E-04,11.99060417,ID00338845,6,18.86,2021
0.049143073,14861.59687,14827.05147,36.129991,113.869444,1.54E-04,0.138813153,-3.75E-05,12.98029124,ID00338845,7,14.9,2021
0.066357973,15398.76355,14624.74984,36.129991,113.869444,1.40E-04,0.136433826,4.55E-05,5.679547315,ID00338845,8,11.04,2021
0.053223172,8340.290998,14547.01305,36.129991,113.869444,1.43E-04,0.133777496,-8.96E-05,7.940552971,ID00338845,9,11.83,2021
0.055639048,14751.9006,14090.24312,36.129991,113.869444,2.74E-04,0.125310124,1.71E-04,4.045535623,ID00338845,10,8.08,2021
0.044448427,14586.9014,13714.64879,36.129991,113.869444,2.79E-04,0.145208888,0.001045986,11.98528143,ID00338845,11,6.46,2021
0.050992166,8356.28208,13531.95272,36.129991,113.869444,3.36E-04,0.139853179,0.001346373,6.999505973,ID00338845,12,8.47,2021
0.068148811,6816.652642,1738.390411,36.129991,113.869444,4.25E-04,0.157093155,0.001530515,6.90902387,ID00338845,1,6.66,2022
0.062236084,12986.39775,13663.62329,36.129991,113.869444,2.73E-04,0.158850358,3.17E-04,6.659931398,ID00338845,2,6.55,2022
0.059061049,8032.467221,13713.21013,36.129991,113.869444,2.21E-04,0.151376196,2.57E-04,8.306504318,ID00338845,3,18.32,2022
0.058984457,15468.12084,14078.36595,36.129991,113.869444,1.95E-04,0.156786149,1.15E-04,10.33150906,ID00338845,4,18.97,2022
0.052087222,15058.34964,14451.73598,36.129991,113.869444,1.87E-04,0.152343731,3.31E-04,7.293845513,ID00338845,5,19.46,2022
0.055604013,15902.96676,14936.04061,36.129991,113.869444,1.75E-04,0.144232354,1.28E-04,10.29888233,ID00338845,6,20.64,2022
0.047183513,15441.24808,14766.10803,36.129991,113.869444,1.30E-04,0.135432428,1.55E-04,4.318270558,ID00338845,7,13.75,2022
0.046346209,15310.08366,14785.68297,36.129991,113.869444,1.13E-04,0.128827007,-1.13E-05,4.917358105,ID00338845,8,18.89,2022
0.054544618,14708.33601,14379.21453,36.129991,113.869444,1.45E-04,0.132357756,1.45E-04,9.287981708,ID00338845,9,15.91,2022
0.045377904,14224.38982,14024.33439,36.129991,113.869444,1.91E-04,0.129817502,2.90E-04,9.890401032,ID00338845,10,13.93,2022
0.051074744,1639.402479,13854.74448,36.129991,113.869444,2.11E-04,0.130359735,0.001006018,6.455029269,ID00338845,11,2.51,2022
0.061284967,13503.55397,13376.20793,36.129991,113.869444,4.62E-04,0.142129434,8.06E-04,6.563427108,ID00338845,12,7.63,2022
0.057316591,5152.088235,13601.75,32.4833,114.03636,2.28E-04,0.12187999,9.66E-04,8.739485453,ID00338510,1,20.04,2019
0.059322441,-7120.647059,,32.4833,114.03636,1.15E-04,0.123448408,3.87E-04,7.167904496,ID00338510,2,19.55,2019
0.05646718,14948.75,13895.16275,32.4833,114.03636,1.52E-04,0.133322272,2.90E-04,14.21518404,ID00338510,3,20.55,2019
0.058413283,15389.14461,14245.58333,32.4833,114.03636,1.03E-04,0.136979934,2.32E-04,14.00077206,ID00338510,4,24.06,2019
0.051294584,15550.20483,,32.4833,114.03636,1.12E-04,0.131766043,8.37E-05,13.00474247,ID00338510,5,29.2,2019
0.050060213,-3531.036765,14729.48407,32.4833,114.03636,1.17E-04,0.135806311,7.51E-05,12.51275739,ID00338510,6,31.9,2019
0.045246065,15536.38235,14893.64706,32.4833,114.03636,1.03E-04,0.132704515,4.51E-05,17.18257342,ID00338510,7,31.99,2019
0.047601225,15659.41814,14885.93936,32.4833,114.03636,9.75E-05,0.130219111,-5.96E-05,11.04158089,ID00338510,8,33.02,2019
0.053830832,15549.64818,14617.04167,32.4833,114.03636,1.11E-04,0.127391323,-6.32E-05,14.10900753,ID00338510,9,30.48,2019
0.050759305,15106.02451,14090.44118,32.4833,114.03636,1.44E-04,0.122551081,6.78E-05,13.61915444,ID00338510,10,32.86,2019
0.051863797,15095.58824,14062.83824,32.4833,114.03636,1.35E-04,0.120948411,1.94E-04,10.47345605,ID00338510,11,32.46,2019
0.052088872,14385.56176,13675.68382,32.4833,114.03636,1.59E-04,0.131924953,6.70E-04,16.8400368,ID00338510,12,31.04,2019
0.063751376,1842.794118,,32.4833,114.03636,1.10E-04,0.133089954,3.84E-04,14.68360307,ID00338510,1,26.74,2020
0.059294294,5238.308824,13721.54412,32.4833,114.03636,9.04E-05,0.138732806,3.49E-04,9.337573507,ID00338510,2,17.59,2020
0.053387984,14883.44975,13900.01716,32.4833,114.03636,1.01E-04,0.146213328,3.27E-04,13.49643353,ID00338510,3,18.26,2020
0.05301905,15159.64853,14241.53309,32.4833,114.03636,1.18E-04,0.152236384,4.25E-04,13.93231627,ID00338510,4,32.74,2020
0.051421138,6151.485294,14580.08824,32.4833,114.03636,1.07E-04,0.138312598,1.77E-04,13.25047806,ID00338510,5,32.97,2020
0.047214484,15990.60294,14814.30392,32.4833,114.03636,1.10E-04,0.128923316,-2.01E-04,14.87283073,ID00338510,6,32.35,2020
0.045652645,15379.80882,14811.65441,32.4833,114.03636,9.60E-05,0.130001043,2.39E-05,19.96110326,ID00338510,7,33.33,2020
0.041655027,,14943.9277,32.4833,114.03636,9.03E-05,0.126786134,1.23E-04,15.37099254,ID00338510,8,33.13,2020
0.050246352,15477.70588,14495.32353,32.4833,114.03636,1.22E-04,0.128123918,-1.19E-04,24.11573601,ID00338510,9,32.31,2020
0.049346922,15012.45588,11267.75,32.4833,114.03636,1.58E-04,0.119150692,6.27E-05,16.03775677,ID00338510,10,33.96,2020
0.051534666,5444.041667,14046.87353,32.4833,114.03636,1.62E-04,0.120360854,2.01E-04,16.48165429,ID00338510,11,31.75,2020
0.058378148,14128.19853,13717.76471,32.4833,114.03636,2.52E-04,0.123677079,2.44E-04,18.13058872,ID00338510,12,40.04,2020
0.051760518,14494.42353,13642.39706,32.4833,114.03636,1.71E-04,0.130855004,4.13E-04,14.81139708,ID00338510,1,21.29,2021
0.051029726,14953.74755,13885.32721,32.4833,114.03636,1.25E-04,0.136273587,3.96E-04,15.23180127,ID00338510,2,20.16,2021
0.051510186,14906.53676,13871.38971,32.4833,114.03636,1.13E-04,0.136807458,-1.23E-04,11.90919117,ID00338510,3,27.88,2021
0.053360514,14850.18137,14098.07353,32.4833,114.03636,1.01E-04,0.14218786,-1.55E-04,23.69522099,ID00338510,4,33.43,2021
0.047592611,15179.21814,14752.25735,32.4833,114.03636,9.82E-05,0.140070587,2.64E-04,13.29066198,ID00338510,5,34.19,2021
0.046345888,15787.20588,14799.78922,32.4833,114.03636,1.13E-04,0.135626706,-1.12E-04,18.6822053,ID00338510,6,31.75,2021
0.038951806,12204.14706,14937.58333,32.4833,114.03636,9.29E-05,0.136429663,-9.22E-05,13.53025793,ID00338510,7,31.39,2021
0.045060927,8841.691176,14870.89951,32.4833,114.03636,8.88E-05,0.135270508,-3.40E-07,13.11235311,ID00338510,8,29.75,2021
0.042201229,15355.20588,14772.42647,32.4833,114.03636,1.01E-04,0.129921205,4.69E-05,17.64389741,ID00338510,9,35.03,2021
0.043340513,15268.09436,14425.93088,32.4833,114.03636,1.38E-04,0.12471696,-2.13E-04,10.69488969,ID00338510,10,33.09,2021
0.041128919,14683.34804,13839.09349,32.4833,114.03636,1.45E-04,0.133244784,3.64E-04,21.58511047,ID00338510,11,32.02,2021
0.04743549,14411.20998,13699.13235,32.4833,114.03636,1.73E-04,0.131953494,6.53E-04,17.14283112,ID00338510,12,33.1,2021
0.05912706,,13732.51471,32.4833,114.03636,1.55E-04,0.141015953,3.33E-04,15.61025696,ID00338510,1,31.04,2022
0.05680513,14476.875,13813.23529,32.4833,114.03636,1.08E-04,0.141786453,2.08E-04,17.28047828,ID00338510,2,19.17,2022
0.049435423,14966.10693,13906.9951,32.4833,114.03636,1.03E-04,0.143384493,2.56E-04,20.83573585,ID00338510,3,28.68,2022
0.05237163,14953.69853,14382.88235,32.4833,114.03636,1.01E-04,0.148294458,1.38E-04,21.21033113,ID00338510,4,29.13,2022
0.045813631,15335.95326,5063.044118,32.4833,114.03636,1.06E-04,0.14694767,1.49E-04,20.02238968,ID00338510,5,31.26,2022
0.040868684,15803.80784,14939.17743,32.4833,114.03636,1.03E-04,0.139967554,1.32E-04,18.28235313,ID00338510,6,31.38,2022
0.037970582,2374.838235,14926.24865,32.4833,114.03636,9.35E-05,0.133295424,4.18E-05,0,ID00338510,7,32.39,2022
0.039138108,15516.87868,14961.35882,32.4833,114.03636,9.35E-05,0.128236278,7.73E-05,23.72334605,ID00338510,8,32.45,2022
0.045505499,15446.46176,14628.19265,32.4833,114.03636,1.04E-04,0.130334608,1.04E-04,22.82415436,ID00338510,9,31.39,2022
0.044967408,15031.05588,14150.13971,32.4833,114.03636,1.41E-04,0.123042964,3.35E-04,17.87257315,ID00338510,10,32.44,2022
0.045555704,15004.48529,14162.61765,32.4833,114.03636,1.21E-04,0.122523597,3.34E-04,19.91779392,ID00338510,11,31.44,2022
0.048785707,14321.71134,13684.24265,32.4833,114.03636,1.83E-04,0.13090207,3.28E-04,18.48272045,ID00338510,12,32.36,2022
0.119555395,14362.3914,,36.72483,114.106694,6.87E-04,0.136112805,0.002091618,7.126073845,ID00338837,1,41.42,2019
0.093948177,14476.2788,13517.88203,36.72483,114.106694,6.23E-04,0.139817729,6.25E-04,6.471599057,ID00338837,2,38.66,2019
0.081930405,15172.92912,13879.07134,36.72483,114.106694,3.54E-04,0.155882748,5.63E-04,7.360709654,ID00338837,3,28.91,2019
0.078724093,15273.43081,14054.08374,36.72483,114.106694,3.29E-04,0.144783371,0.001047403,9.49526724,ID00338837,4,56.81,2019
0.083044533,15746.53214,14569.65993,36.72483,114.106694,3.50E-04,0.142464228,4.10E-04,12.05420743,ID00338837,5,35.69,2019
0.077575688,15900.56068,14783.58196,36.72483,114.106694,2.78E-04,0.140010457,1.97E-04,9.860548605,ID00338837,6,34.84,2019
0.076741568,15913.35871,14884.92644,36.72483,114.106694,2.33E-04,0.139615453,-6.68E-05,8.054635679,ID00338837,7,36.05,2019
0.065471545,15581.37066,14765.867,36.72483,114.106694,1.83E-04,0.132094239,9.30E-05,7.709693648,ID00338837,8,37.55,2019
0.075976349,15466.54562,14629.69472,36.72483,114.106694,1.79E-04,0.132053114,3.21E-04,6.234716727,ID00338837,9,24.81,2019
0.067177338,15000.57831,14123.17619,36.72483,114.106694,2.81E-04,0.129770217,2.28E-04,7.841836348,ID00338837,10,21.59,2019
0.078073698,14585.41505,13701.49616,36.72483,114.106694,4.19E-04,0.131808624,0.00133844,7.959903176,ID00338837,11,31.09,2019
0.085242668,14297.80097,13561.52304,36.72483,114.106694,4.56E-04,0.146245223,0.003181013,7.181472457,ID00338837,12,21.42,2019
0.103097406,14490.95991,13476.34716,36.72483,114.106694,3.68E-04,0.151301677,8.87E-04,7.06690317,ID00338837,1,28.91,2020
0.086722382,14754.53456,13667.1471,36.72483,114.106694,2.63E-04,0.157885856,0.001149043,5.389467725,ID00338837,2,32.11,2020
0.081100788,15043.03105,13987.91744,36.72483,114.106694,3.18E-04,0.154683461,5.55E-04,9.32458774,ID00338837,3,36.77,2020
0.084437458,15380.85812,14145.38357,36.72483,114.106694,3.44E-04,0.156226306,7.01E-04,8.642894116,ID00338837,4,35.16,2020
0.073751378,15599.60559,14474.57041,36.72483,114.106694,2.65E-04,0.148825564,4.47E-04,10.90870283,ID00338837,5,40.17,2020
0.080450784,15791.36916,14808.95161,36.72483,114.106694,2.48E-04,0.134635213,4.43E-04,6.731437839,ID00338837,6,38.27,2020
0.070400058,15767.71843,14828.25659,36.72483,114.106694,1.89E-04,0.132962905,5.46E-05,10.99232047,ID00338837,7,34.76,2020
0.081220177,15538.10461,14863.93272,36.72483,114.106694,2.15E-04,0.12759399,3.74E-04,14.99759471,ID00338837,8,38.16,2020
0.073099278,15441.45233,3869.871429,36.72483,114.106694,2.39E-04,0.130990687,4.32E-04,11.03017522,ID00338837,9,35.22,2020
0.101184309,14895.27604,,36.72483,114.106694,5.53E-04,0.125459077,0.001059598,14.98285269,ID00338837,10,19.82,2020
0.088751471,14819.74341,270.2857143,36.72483,114.106694,4.79E-04,0.127423296,0.001065494,10.57748148,ID00338837,11,13.22,2020
0.116802507,14154.2041,13471.60737,36.72483,114.106694,8.29E-04,0.139824835,0.002209148,16.45825141,ID00338837,12,13.44,2020
0.093063298,14211.73057,13380.35207,36.72483,114.106694,5.86E-04,0.142966455,9.09E-04,12.51219315,ID00338837,1,35.95,2021
0.088143632,14700.19114,13895.15056,36.72483,114.106694,3.90E-04,0.145838412,9.80E-04,17.73448177,ID00338837,2,35.7,2021
0.093794052,14970.52882,13904.30924,36.72483,114.106694,3.87E-04,0.152636739,7.97E-04,13.50835495,ID00338837,3,38.27,2021
0.07489541,15204.12856,14028.45426,36.72483,114.106694,3.01E-04,0.154347935,4.15E-04,18.14603021,ID00338837,4,38.53,2021
0.078154821,15569.71908,14512.10894,36.72483,114.106694,3.02E-04,0.148613329,5.01E-04,21.01749578,ID00338837,5,35.94,2021
0.079639233,15850.65346,14788.64263,36.72483,114.106694,2.50E-04,0.138411359,2.73E-04,18.84014254,ID00338837,6,28.18,2021
0.086477526,15558.8543,14880.37343,36.72483,114.106694,2.31E-04,0.138517093,3.31E-04,14.96680422,ID00338837,7,30.04,2021
0.080988012,15484.01347,14794.49447,36.72483,114.106694,1.77E-04,0.137253503,2.02E-04,13.91329249,ID00338837,8,18.66,2021
0.081248868,15400.38295,14755.19051,36.72483,114.106694,2.40E-04,0.134200603,8.59E-04,18.40654838,ID00338837,9,43.53,2021
0.075180609,14782.29659,,36.72483,114.106694,4.24E-04,0.126735047,5.10E-04,18.91070723,ID00338837,10,22.71,2021
0.05800004,14553.80048,13759.91833,36.72483,114.106694,3.59E-04,0.146186314,8.71E-04,25.67804159,ID00338837,11,24.79,2021
0.061402081,14314.40306,13578.04178,36.72483,114.106694,4.94E-04,0.141871004,0.00141827,24.79227873,ID00338837,12,49.87,2021
0.083301477,14196.4276,13401.80922,36.72483,114.106694,7.47E-04,0.160563528,0.001235892,17.26061271,ID00338837,1,28.34,2022
0.07026326,14515.10584,13623.18618,36.72483,114.106694,3.52E-04,0.161594261,7.23E-04,17.02842631,ID00338837,2,23.61,2022
0.066063303,14886.06682,13892.04143,36.72483,114.106694,2.61E-04,0.151135742,3.39E-04,22.23104386,ID00338837,3,44.09,2022
0.066376743,15374.86069,14376.20894,36.72483,114.106694,2.11E-04,0.156454491,3.45E-04,20.97917476,ID00338837,4,33.62,2022
0.062177441,15758.92526,14656.40218,36.72483,114.106694,2.40E-04,0.154076022,5.05E-04,18.14332012,ID00338837,5,30.57,2022
0.067296769,15876.33108,14899.04961,36.72483,114.106694,2.21E-04,0.145625499,3.63E-04,18.68689386,ID00338837,6,35.69,2022
0.058052291,15630.34722,14813.3441,36.72483,114.106694,1.56E-04,0.136630347,1.69E-04,10.86676244,ID00338837,7,36.14,2022
0.058467694,,14882.62599,36.72483,114.106694,1.66E-04,0.129217024,2.75E-04,14.42807354,ID00338837,8,33.76,2022
0.068138356,15518.83425,14461.92442,36.72483,114.106694,2.17E-04,0.133162524,5.96E-04,19.41351164,ID00338837,9,20.14,2022
0.066966251,14953.73088,13968.43733,36.72483,114.106694,3.49E-04,0.131550385,4.43E-04,14.97560346,ID00338837,10,11.79,2022
0.062306459,14457.5649,13938.80829,36.72483,114.106694,3.17E-04,0.131851586,7.75E-04,14.52302762,ID00338837,11,27.94,2022
0.074992317,14114.45985,13361.13387,36.72483,114.106694,5.27E-04,0.145182318,0.00430289,19.70949946,ID00338837,12,30.91,2022
0.098634877,6967.428922,-9474.938235,36.613144,114.134151,6.65E-04,0.135804031,0.001652469,7.159384665,ID00319661,1,26.32,2019
0.098536542,11594.15588,-5471.584314,36.613144,114.134151,5.44E-04,0.136918237,0.001210174,6.264269673,ID00319661,2,30.05,2019
0.067556352,15229.21105,13781.10431,36.613144,114.134151,3.31E-04,0.155582063,8.02E-04,11.06885011,ID00319661,3,37.49,2019
0.064113785,15261.9735,13948.26454,36.613144,114.134151,3.07E-04,0.145472251,4.31E-04,8.093394631,ID00319661,4,38.49,2019
0.060248128,15791.25207,14338.93549,36.613144,114.134151,2.95E-04,0.142504027,4.29E-04,11.657885,ID00319661,5,39.3,2019
0.061640206,15872.58898,14728.27451,36.613144,114.134151,2.41E-04,0.139965494,1.36E-04,9.45069863,ID00319661,6,36.98,2019
0.061965446,15957.70588,14848.42426,36.613144,114.134151,1.98E-04,0.140256343,1.41E-04,6.677100501,ID00319661,7,38.56,2019
0.061830426,15502.16831,14749.21662,36.613144,114.134151,1.67E-04,0.131796502,2.07E-04,8.733467998,ID00319661,8,33.83,2019
0.069882096,15482.12541,14637.34967,36.613144,114.134151,1.89E-04,0.132088699,2.12E-04,9.866889903,ID00319661,9,29.68,2019
0.059480159,15004.05795,14096.16536,36.613144,114.134151,2.60E-04,0.130522322,4.35E-04,12.68892643,ID00319661,10,35.05,2019
0.069599766,14574.4142,13844.46601,36.613144,114.134151,3.72E-04,0.13131661,7.67E-04,10.41083062,ID00319661,11,31.5,2019
0.075304514,14311.46239,13398.87059,36.613144,114.134151,4.49E-04,0.145784054,0.002027276,8.999732916,ID00319661,12,27.97,2019
0.084439809,7075.072549,13373.24853,36.613144,114.134151,4.40E-04,0.150663791,7.13E-04,9.011338169,ID00319661,1,39.93,2020
0.081018834,14745.14441,13631.0536,36.613144,114.134151,2.51E-04,0.157199504,7.56E-04,7.013691068,ID00319661,2,32.45,2020
0.066625203,15026.52516,13882.46881,36.613144,114.134151,2.93E-04,0.154153191,4.25E-04,9.765210554,ID00319661,3,32.97,2020
0.073443621,15358.32501,14120.35172,36.613144,114.134151,3.00E-04,0.156295288,3.53E-04,9.379848023,ID00319661,4,35.34,2020
0.063340858,15569.72239,14671.85637,36.613144,114.134151,2.33E-04,0.148806671,5.40E-04,8.456865277,ID00319661,5,34.84,2020
0.065980559,15770.76001,14679.5201,36.613144,114.134151,1.89E-04,0.134692032,4.03E-04,8.659340632,ID00319661,6,39.31,2020
0.062548979,15800.1366,14813.60088,36.613144,114.134151,1.46E-04,0.133129695,1.23E-04,8.694450821,ID00319661,7,38.76,2020
0.069164388,15491.92958,14859.67353,36.613144,114.134151,1.78E-04,0.127910452,6.63E-04,9.123548904,ID00319661,8,31.37,2020
0.077732936,15320.43938,-8370.333333,36.613144,114.134151,2.17E-04,0.130900176,6.74E-04,9.088475387,ID00319661,9,29.21,2020
0.078894006,14857.71752,5026.967647,36.613144,114.134151,4.73E-04,0.125109954,6.14E-04,10.83872562,ID00319661,10,38.74,2020
0.075223847,14802.96054,13869.01373,36.613144,114.134151,4.41E-04,0.12783198,5.27E-04,8.98263707,ID00319661,11,34.95,2020
0.088866711,14144.32682,,36.613144,114.134151,7.20E-04,0.139209708,0.00252701,13.52328693,ID00319661,12,34.65,2020
0.078216344,14205.67451,13579.06618,36.613144,114.134151,5.17E-04,0.142897898,7.15E-04,9.194304298,ID00319661,1,42.31,2021
0.077441954,14584.6082,13746.87569,36.613144,114.134151,3.31E-04,0.145869329,4.81E-04,11.15388446,ID00319661,2,37.56,2021
0.069110097,14949.92296,13724.41473,36.613144,114.134151,3.17E-04,0.153769067,5.82E-04,9.401137207,ID00319661,3,40.78,2021
0.067974154,15161.55626,13980.64799,36.613144,114.134151,2.54E-04,0.153930364,5.13E-04,11.42914458,ID00319661,4,41.43,2021
0.063221579,15471.29717,14452.66111,36.613144,114.134151,2.58E-04,0.148291713,2.52E-04,19.07549971,ID00319661,5,47.13,2021
0.067221485,15912.49641,14720.00253,36.613144,114.134151,2.16E-04,0.138960219,6.13E-04,13.44810064,ID00319661,6,43.58,2021
0.07083492,15522.32723,14852.48603,36.613144,114.134151,1.87E-04,0.138491344,2.68E-04,16.25277186,ID00319661,7,39.72,2021
0.072526272,15334.16233,14736.9701,36.613144,114.134151,1.69E-04,0.137012244,1.07E-04,13.55739199,ID00319661,8,26.84,2021
0.067161879,15281.35234,14790.55686,36.613144,114.134151,1.96E-04,0.133775398,6.15E-04,9.938110284,ID00319661,9,28.95,2021
0.06176651,14729.63718,,36.613144,114.134151,3.39E-04,0.126901078,3.34E-04,7.397576113,ID00319661,10,21.09,2021
0.05344166,14524.17585,13744.29758,36.613144,114.134151,3.31E-04,0.145574043,0.001161901,12.56808791,ID00319661,11,17.76,2021
0.055062798,14317.6152,13611.04039,36.613144,114.134151,4.46E-04,0.141799412,0.001872436,13.07330375,ID00319661,12,37.56,2021
0.068855414,14175.4585,13371.41225,36.613144,114.134151,6.86E-04,0.160754026,7.53E-04,10.16403653,ID00319661,1,38.93,2022
0.063880149,14428.61396,13569.415,36.613144,114.134151,3.05E-04,0.160662035,1.51E-04,11.18086035,ID00319661,2,42.96,2022
0.055710459,14837.01413,13785.97698,36.613144,114.134151,2.23E-04,0.15079411,2.97E-04,10.66812505,ID00319661,3,39.43,2022
0.056052787,15384.81144,14140.65343,36.613144,114.134151,1.89E-04,0.157191893,2.84E-04,11.91019351,ID00319661,4,38,2022
0.053406544,15729.84716,14593.20253,36.613144,114.134151,2.04E-04,0.15357011,2.61E-04,12.6279807,ID00319661,5,28.11,2022
0.056334156,15911.86408,14849.20242,36.613144,114.134151,1.93E-04,0.145184701,1.40E-04,13.56483086,ID00319661,6,35.87,2022
0.049850643,15423.63178,14771.00267,36.613144,114.134151,1.53E-04,0.136426551,3.26E-05,8.838203311,ID00319661,7,29.07,2022
0.053700834,-1419.896078,14847.18353,36.613144,114.134151,1.54E-04,0.129702262,1.37E-04,8.719357784,ID00319661,8,34.67,2022
0.061313275,15349.38657,14517.91324,36.613144,114.134151,2.06E-04,0.133435258,2.35E-04,11.20339466,ID00319661,9,32.57,2022
0.05722152,14913.35866,13958.43023,36.613144,114.134151,3.01E-04,0.131447435,4.04E-04,14.24134346,ID00319661,10,34.36,2022
0.052974755,11583.84765,13951.42944,36.613144,114.134151,2.88E-04,0.131370785,1.90E-04,12.44424531,ID00319661,11,25.17,2022
0.065700389,14097.8456,13280.56422,36.613144,114.134151,5.01E-04,0.144376251,8.08E-04,12.33118151,ID00319661,12,25.44,2022
0.090348888,14246.01303,6119.523529,38.387113,114.143558,5.48E-04,0.140913793,9.59E-04,7.285683931,ID00319686,1,82.17,2019
0.091162991,14150.6201,13355.13137,38.387113,114.143558,2.85E-04,0.148890826,7.52E-04,6.344651858,ID00319686,2,83.52,2019
0.052941931,15061.48539,13765.46919,38.387113,114.143558,2.64E-04,0.161132208,6.62E-04,8.988960586,ID00319686,3,91.11,2019
0.056882045,15342.5118,13932.96225,38.387113,114.143558,2.62E-04,0.147411048,3.41E-04,9.86071063,ID00319686,4,112.74,2019
0.055920913,15716.35077,14519.69379,38.387113,114.143558,1.95E-04,0.150261864,3.52E-04,15.73218915,ID00319686,5,109.88,2019
0.063901627,15765.43431,14761.6915,38.387113,114.143558,1.84E-04,0.142674473,1.51E-04,12.95637787,ID00319686,6,107.7,2019
0.062184404,15738.86601,14906.4415,38.387113,114.143558,1.51E-04,0.143220014,7.02E-05,11.39332109,ID00319686,7,111.72,2019
0.060781061,15579.32533,14692.80817,38.387113,114.143558,1.39E-04,0.133421756,-9.24E-05,12.0518531,ID00319686,8,112.55,2019
0.064163323,15461.70012,14495.38229,38.387113,114.143558,1.36E-04,0.13195099,7.25E-05,10.06710785,ID00319686,9,111.88,2019
0.050354359,14927.17723,14310.3807,38.387113,114.143558,2.18E-04,0.13471183,6.14E-04,12.00378424,ID00319686,10,124.88,2019
0.060887751,14472.91527,13693.97525,38.387113,114.143558,4.24E-04,0.137751102,9.60E-04,9.919024469,ID00319686,11,106.69,2019
0.065031571,14187.78562,13307.66716,38.387113,114.143558,3.52E-04,0.150412421,,9.98642638,ID00319686,12,101.02,2019
0.090155086,14098.6567,13268.55474,38.387113,114.143558,3.46E-04,0.158146595,4.94E-04,9.069681324,ID00319686,1,109.64,2020
0.066952787,14477.09814,13450.37248,38.387113,114.143558,1.68E-04,0.163719328,8.87E-04,6.469382258,ID00319686,2,87.68,2020
0.061881119,14984.39289,13762.2711,38.387113,114.143558,2.34E-04,0.161067778,3.05E-04,11.93900474,ID00319686,3,97.16,2020
0.062356529,15374.39241,13961.76748,38.387113,114.143558,2.09E-04,0.159653033,1.85E-04,11.81801458,ID00319686,4,110.48,2020
0.058725205,15629.36409,14519.70049,38.387113,114.143558,1.78E-04,0.151708141,4.39E-04,12.23727232,ID00319686,5,115.65,2020
0.061612294,15727.32093,14709.60956,38.387113,114.143558,1.71E-04,0.137893886,3.98E-04,8.380509925,ID00319686,6,112.2,2020
0.060399355,15566.59216,14821.925,38.387113,114.143558,1.34E-04,0.135480251,2.23E-04,8.318345673,ID00319686,7,116.74,2020
0.06043472,15324.88701,14842.63137,38.387113,114.143558,1.35E-04,0.130890144,3.12E-04,13.12797795,ID00319686,8,117.16,2020
0.059990777,15380.26068,14435.32255,38.387113,114.143558,1.51E-04,0.133580312,1.86E-04,12.20792903,ID00319686,9,120.55,2020
0.06086733,14854.76486,13828.58618,38.387113,114.143558,2.81E-04,0.128423268,9.96E-04,17.71613254,ID00319686,10,146.46,2020
0.065555326,14715.48791,13741.49461,38.387113,114.143558,3.56E-04,0.13306486,3.30E-04,13.4810001,ID00319686,11,135.56,2020
0.073041673,14081.55162,13279.6,38.387113,114.143558,6.04E-04,0.146616158,,20.50624767,ID00319686,12,128.5,2020
0.069231618,14023.83658,13199.83627,38.387113,114.143558,3.55E-04,0.150616951,0.001101278,12.39763503,ID00319686,1,118.98,2021
0.070243327,14511.75082,13526.09936,38.387113,114.143558,2.90E-04,0.153178142,0.001193676,14.68618604,ID00319686,2,116.45,2021
0.065647531,14971.35539,13726.85594,38.387113,114.143558,3.01E-04,0.160896504,0.001149135,11.14125247,ID00319686,3,113.77,2021
0.059755791,15205.3027,13990.88039,38.387113,114.143558,2.22E-04,0.156375045,4.83E-04,15.84317901,ID00319686,4,120.04,2021
0.057283901,15468.49979,14268.83137,38.387113,114.143558,1.75E-04,0.153957073,2.41E-04,15.95554673,ID00319686,5,126.4,2021
0.056338718,15687.00606,14677.78824,38.387113,114.143558,1.57E-04,0.142570816,7.03E-05,18.04558806,ID00319686,6,120.57,2021
0.05766228,15423.34608,14854.64706,38.387113,114.143558,1.49E-04,0.141910922,3.07E-05,9.689811341,ID00319686,7,113.75,2021
0.072717191,15477.06216,14756.50654,38.387113,114.143558,1.45E-04,0.139330542,1.86E-04,11.8606691,ID00319686,8,108.46,2021
0.060819749,15244.42444,14590.88529,38.387113,114.143558,1.68E-04,0.136046093,1.96E-04,18.01773517,ID00319686,9,69.59,2021
0.06858218,14804.8229,13896.60507,38.387113,114.143558,2.48E-04,0.129718718,5.80E-04,16.08537788,ID00319686,10,92.97,2021
0.052050539,14536.69206,13720.92063,38.387113,114.143558,3.37E-04,0.146703033,0.001259867,19.31288502,ID00319686,11,68.83,2021
0.053062633,14251.22614,13483.00773,38.387113,114.143558,3.62E-04,0.148580825,,19.11536502,ID00319686,12,115.68,2021
0.076364412,14107.5605,13239.6848,38.387113,114.143558,6.15E-04,0.162166692,0.00205864,13.64888963,ID00319686,1,72.63,2022
0.059381864,14364.61265,13425.15088,38.387113,114.143558,2.22E-04,0.168549663,0.001034723,14.79947559,ID00319686,2,67.64,2022
0.052261415,14888.09104,13713.61296,38.387113,114.143558,2.62E-04,0.155920823,5.67E-04,15.75269363,ID00319686,3,95.45,2022
0.052812019,15447.80613,13979.14559,38.387113,114.143558,2.08E-04,0.156199983,3.66E-04,15.41926232,ID00319686,4,115.48,2022
0.046695576,15731.6177,14291.86797,38.387113,114.143558,1.51E-04,0.158110169,1.13E-04,19.26952945,ID00319686,5,132.79,2022
0.050666999,15693.32982,14854.22217,38.387113,114.143558,1.56E-04,0.147293308,1.52E-04,16.8541443,ID00319686,6,128.58,2022
0.053181166,15510.87759,14794.67092,38.387113,114.143558,1.31E-04,0.137120878,1.44E-04,2.085691233,ID00319686,7,127.55,2022
0.054483438,15404.17248,14854.07876,38.387113,114.143558,1.39E-04,0.130648101,4.26E-04,13.84424262,ID00319686,8,121.46,2022
0.051886793,15375.37352,14436.06689,38.387113,114.143558,1.88E-04,0.135340316,3.85E-04,16.73581857,ID00319686,9,106.1,2022
0.05326015,14935.45809,13992.01242,38.387113,114.143558,3.04E-04,0.134110153,9.85E-04,17.04326477,ID00319686,10,76.31,2022
0.057157967,14541.97892,13732.97889,38.387113,114.143558,2.75E-04,0.136398857,4.70E-04,15.66863481,ID00319686,11,63.75,2022
0.063383595,13990.07734,13226.39216,38.387113,114.143558,3.75E-04,0.152318048,,20.36633084,ID00319686,12,67.74,2022
0.105125991,14389.80155,13304.31765,36.714799,114.215239,7.04E-04,0.136277382,0.001846457,10.67063969,ID00319689,1,19.58,2019
0.094105735,7382.631373,13592.33889,36.714799,114.215239,5.16E-04,0.139794828,5.88E-04,9.877723066,ID00319689,2,19.93,2019
0.071529214,15215.63583,13843.74128,36.714799,114.215239,3.39E-04,0.155997749,7.02E-04,12.61475766,ID00319689,3,18.75,2019
0.065125564,15325.82412,14002.44739,36.714799,114.215239,3.00E-04,0.145229109,7.62E-04,12.20519133,ID00319689,4,28.01,2019
0.079991604,15803.41988,14449.06172,36.714799,114.215239,3.09E-04,0.142860959,4.08E-04,14.49724773,ID00319689,5,32.43,2019
0.071851369,16019.58197,14819.82198,36.714799,114.215239,2.37E-04,0.140825743,1.41E-04,12.83802413,ID00319689,6,32.9,2019
0.066282536,15971.17696,14900.84216,36.714799,114.215239,2.10E-04,0.140492824,1.31E-04,8.262723036,ID00319689,7,25.36,2019
0.063407448,15749.09349,14792.87157,36.714799,114.215239,1.72E-04,0.132224872,2.03E-04,11.54866907,ID00319689,8,17.38,2019
0.072350032,15598.3039,14640.85448,36.714799,114.215239,1.69E-04,0.131840315,2.87E-04,10.45769634,ID00319689,9,20.13,2019
0.066698946,15044.41745,14096.43595,36.714799,114.215239,2.75E-04,0.130345652,3.37E-04,11.26651455,ID00319689,10,17.82,2019
0.067992116,14612.6494,13842.9683,36.714799,114.215239,4.34E-04,0.132212916,9.16E-04,11.34250233,ID00319689,11,21.74,2019
0.080628399,14226.49055,-758.1607843,36.714799,114.215239,4.50E-04,0.146491364,0.001368628,11.33784306,ID00319689,12,24.05,2019
0.094826139,10867.53529,13490.43235,36.714799,114.215239,5.03E-04,0.1505714,0.001020326,10.66244359,ID00319689,1,21.42,2020
0.075552706,14734.96694,13627.75595,36.714799,114.215239,2.55E-04,0.158590042,6.90E-04,6.587622593,ID00319689,2,22.97,2020
0.071554359,15141.68117,13819.42274,36.714799,114.215239,2.82E-04,0.15455494,3.30E-04,13.29285015,ID00319689,3,29.76,2020
0.075559791,15421.94269,14152.96593,36.714799,114.215239,3.07E-04,0.157049417,5.17E-04,11.33512023,ID00319689,4,29.75,2020
0.066572533,15594.35844,14563.51683,36.714799,114.215239,2.39E-04,0.149969809,4.82E-04,11.57926716,ID00319689,5,37.48,2020
0.070802612,15756.0697,14817.0826,36.714799,114.215239,2.11E-04,0.135034319,4.47E-04,17.95123814,ID00319689,6,38.52,2020
0.061703042,8311.060784,14831.5627,36.714799,114.215239,1.54E-04,0.133131628,2.74E-04,10.81048265,ID00319689,7,36.13,2020
0.071824872,15524.14224,14892.70882,36.714799,114.215239,1.75E-04,0.127628775,3.99E-04,12.62795348,ID00319689,8,48.45,2020
0.07076989,15429.15572,10674.89363,36.714799,114.215239,2.11E-04,0.13135014,5.62E-04,9.469578587,ID00319689,9,36.06,2020
0.087165325,14930.40266,10658.20441,36.714799,114.215239,4.63E-04,0.12579571,8.71E-04,10.9308897,ID00319689,10,24.65,2020
0.078667013,14779.76356,8403.395098,36.714799,114.215239,4.77E-04,0.127261422,9.65E-04,8.8206251,ID00319689,11,25.62,2020
0.101283536,14141.24928,13461.55098,36.714799,114.215239,8.32E-04,0.139571977,0.002343212,13.28991669,ID00319689,12,26.13,2020
0.092675742,14197.13463,13445.72157,36.714799,114.215239,5.32E-04,0.143954213,0.001458358,11.77399535,ID00319689,1,26.02,2021
0.083010569,14725.67361,13782.63035,36.714799,114.215239,3.54E-04,0.146514033,8.64E-04,15.61810527,ID00319689,2,26.37,2021
0.08323406,14888.65302,13839.21644,36.714799,114.215239,3.21E-04,0.151814779,2.63E-04,9.258384745,ID00319689,3,26.48,2021
0.07582161,15276.19427,14058.4148,36.714799,114.215239,2.93E-04,0.154678464,3.35E-04,11.28682595,ID00319689,4,28.9,2021
0.073227318,15580.01164,14475.74297,36.714799,114.215239,2.85E-04,0.147972886,3.16E-04,12.72041205,ID00319689,5,34.22,2021
0.069047092,15841.81068,14728.16953,36.714799,114.215239,2.19E-04,0.139819339,1.91E-04,11.62584819,ID00319689,6,27.64,2021
0.075487973,15579.09918,14888.58214,36.714799,114.215239,1.90E-04,0.138775555,1.18E-04,12.25278912,ID00319689,7,21.78,2021
0.075489324,15476.53922,14770.11193,36.714799,114.215239,1.52E-04,0.137181426,1.76E-04,9.091240269,ID00319689,8,22.1,2021
0.073075312,15304.59628,14699.99453,36.714799,114.215239,2.28E-04,0.134184715,5.76E-04,10.59075736,ID00319689,9,20.47,2021
0.067530831,14760.75196,14119.80964,36.714799,114.215239,4.01E-04,0.127632882,3.07E-04,9.813887493,ID00319689,10,21.91,2021
0.05901067,14598.64339,13798.39862,36.714799,114.215239,3.68E-04,0.146133994,8.58E-04,14.60544389,ID00319689,11,10.64,2021
0.060007433,14323.21937,13530.59069,36.714799,114.215239,4.85E-04,0.142239797,0.001045306,15.58736248,ID00319689,12,30.64,2021
0.075238296,14206.95261,13445.97353,36.714799,114.215239,6.08E-04,0.160887992,9.06E-04,14.42423036,ID00319689,1,14.11,2022
0.067471607,14437.26725,13507.9094,36.714799,114.215239,3.25E-04,0.161614794,7.17E-04,16.36863013,ID00319689,2,12.51,2022
0.057439244,14978.92712,13828.4112,36.714799,114.215239,2.44E-04,0.151411902,5.96E-04,13.48354896,ID00319689,3,16.22,2022
0.058911142,15381.8598,14324.49975,36.714799,114.215239,1.94E-04,0.156728752,4.56E-04,13.66040943,ID00319689,4,15.64,2022
0.056310417,15755.88131,14513.00871,36.714799,114.215239,2.09E-04,0.154853474,2.18E-04,14.95999475,ID00319689,5,15.33,2022
0.054890016,15956.10204,14900.41861,36.714799,114.215239,1.94E-04,0.145166778,1.36E-04,13.74725755,ID00319689,6,14.28,2022
0.052580813,15535.03373,14801.74342,36.714799,114.215239,1.30E-04,0.136241398,1.34E-04,9.323291802,ID00319689,7,11.92,2022
0.058778396,6423.026471,14824.97957,36.714799,114.215239,1.39E-04,0.129363486,-5.97E-05,10.29368141,ID00319689,8,3.02,2022
0.063430166,15459.13604,14430.80087,36.714799,114.215239,1.97E-04,0.132776812,4.40E-04,12.45672544,ID00319689,9,13.97,2022
0.059717464,14873.34217,14054.73144,36.714799,114.215239,3.29E-04,0.131316117,4.20E-04,11.15053921,ID00319689,10,15.52,2022
0.05470617,-4566.168137,13919.29761,36.714799,114.215239,3.25E-04,0.131594819,0.001458269,11.86524244,ID00319689,11,15.53,2022
0.065161039,14067.763,13375.70003,36.714799,114.215239,5.27E-04,0.145203394,0.004025904,14.22283568,ID00319689,12,17.63,2022
0.059535769,10751.32385,13604.35525,33.252029,114.274661,2.01E-04,0.126462704,8.50E-04,6.085453834,ID00338511,1,34.85,2019
0.059930609,11929.03435,13708.53386,33.252029,114.274661,1.28E-04,0.125041879,6.21E-04,6.012710989,ID00338511,2,33.55,2019
0.052737105,14771.52339,13915.4,33.252029,114.274661,1.32E-04,0.137930726,5.14E-04,6.657529388,ID00338511,3,39.61,2019
0.05734905,15363.81796,14162.62746,33.252029,114.274661,1.11E-04,0.138274904,1.30E-04,7.037281787,ID00338511,4,69.84,2019
0.046326508,15592.8491,14470.47399,33.252029,114.274661,1.19E-04,0.134152676,2.35E-04,7.673155011,ID00338511,5,87.59,2019
0.047669291,15706.72731,14657.33023,33.252029,114.274661,1.25E-04,0.137226636,2.38E-04,7.415284548,ID00338511,6,80,2019
0.044505449,15750.24452,14791.15276,33.252029,114.274661,1.08E-04,0.133907781,-8.12E-05,6.635817104,ID00338511,7,81.18,2019
0.044790974,15625.16294,14804.60697,33.252029,114.274661,9.18E-05,0.130908395,3.34E-05,6.710669742,ID00338511,8,79.04,2019
0.051388839,15498.16604,14574.60141,33.252029,114.274661,1.03E-04,0.128265808,2.35E-04,7.448903413,ID00338511,9,59.41,2019
0.045417641,15260.49715,14166.90395,33.252029,114.274661,1.51E-04,0.124388729,1.96E-04,7.282100162,ID00338511,10,50.98,2019
0.042970923,14956.20805,14072.6672,33.252029,114.274661,1.57E-04,0.123415599,3.81E-04,7.660068781,ID00338511,11,50.65,2019
0.049847917,14340.75254,13667.87545,33.252029,114.274661,2.27E-04,0.135056489,9.46E-04,8.152971001,ID00338511,12,49.63,2019
0.063763218,14341.59666,6237.179097,33.252029,114.274661,1.04E-04,0.136261308,3.28E-04,9.662468128,ID00338511,1,56.23,2020
0.0569273,14560.83034,13770.38093,33.252029,114.274661,7.48E-05,0.141692061,1.19E-04,11.19892061,ID00338511,2,43.9,2020
0.050583483,14897.26513,13874.77752,33.252029,114.274661,1.17E-04,0.148389653,2.00E-04,9.70880045,ID00338511,3,46.27,2020
0.053249686,15242.43708,14109.27863,33.252029,114.274661,1.25E-04,0.152916711,2.27E-04,11.60665359,ID00338511,4,59.16,2020
0.050411855,15665.91979,14541.7314,33.252029,114.274661,1.29E-04,0.139930745,9.63E-05,10.99862111,ID00338511,5,73.98,2020
0.047739593,15958.43916,14728.36212,33.252029,114.274661,1.03E-04,0.131168718,2.23E-04,10.4842983,ID00338511,6,70.17,2020
0.046429349,15606.77282,14775.09732,33.252029,114.274661,9.44E-05,0.131617983,1.46E-04,10.49733297,ID00338511,7,68.72,2020
0.04267318,,14911.73778,33.252029,114.274661,8.19E-05,0.12706262,4.26E-05,10.94381727,ID00338511,8,74.2,2020
0.046750461,15579.43685,14529.58979,33.252029,114.274661,1.04E-04,0.128505418,-9.53E-06,11.93687935,ID00338511,9,69.23,2020
0.050096783,14946.09421,14096.61878,33.252029,114.274661,2.03E-04,0.121325038,2.54E-04,11.72476461,ID00338511,10,70.27,2020
0.050206438,14944.42558,14018.9541,33.252029,114.274661,1.88E-04,0.121701466,8.41E-04,12.44825305,ID00338511,11,70.72,2020
0.058035251,14176.21827,13668.79686,33.252029,114.274661,2.89E-04,0.126314649,8.64E-04,13.86290049,ID00338511,12,51.9,2020
0.04732636,14258.6561,13613.61158,33.252029,114.274661,1.79E-04,0.131886957,5.54E-04,13.10425192,ID00338511,1,49.29,2021
0.053008581,14728.37406,13875.98622,33.252029,114.274661,1.45E-04,0.137935297,2.16E-04,13.40733559,ID00338511,2,70.77,2021
0.0522928,7043.020036,14013.53298,33.252029,114.274661,1.28E-04,0.141804632,7.14E-05,13.12098863,ID00338511,3,80.24,2021
0.057207802,15143.26153,14134.66421,33.252029,114.274661,1.06E-04,0.143525122,2.80E-04,13.35519377,ID00338511,4,75.64,2021
0.045439401,15360.1348,14399.57625,33.252029,114.274661,1.19E-04,0.142021619,1.05E-04,10.07175666,ID00338511,5,81.04,2021
0.045470078,15722.60795,14686.065,33.252029,114.274661,1.26E-04,0.137328754,2.58E-04,8.313140537,ID00338511,6,63.22,2021
0.040004868,15456.11482,14904.85397,33.252029,114.274661,1.07E-04,0.137503848,7.32E-05,10.72606457,ID00338511,7,60.12,2021
0.048295114,7616.986261,14802.04721,33.252029,114.274661,9.18E-05,0.134869943,2.07E-04,7.951307742,ID00338511,8,59.59,2021
0.042931662,15443.18958,14617.98869,33.252029,114.274661,1.02E-04,0.130940335,1.55E-04,9.582593493,ID00338511,9,59.8,2021
0.04432102,14992.23847,14258.65586,33.252029,114.274661,1.69E-04,0.12478151,2.76E-04,5.719553478,ID00338511,10,62.44,2021
0.042454461,14596.09985,13820.33464,33.252029,114.274661,1.88E-04,0.136457885,0.001260535,10.03588059,ID00338511,11,52.94,2021
0.04546989,14426.67152,13751.06325,33.252029,114.274661,2.87E-04,0.132410095,3.61E-04,8.152151705,ID00338511,12,39.32,2021
0.058986239,14156.36212,13614.85623,33.252029,114.274661,1.48E-04,0.143045985,4.97E-04,8.596658573,ID00338511,1,70.27,2022
0.056594644,14624.85378,13741.84822,33.252029,114.274661,1.34E-04,0.146030221,4.15E-04,8.52420275,ID00338511,2,44.07,2022
0.048901267,7311.817959,14010.20585,33.252029,114.274661,1.09E-04,0.145454272,2.77E-04,7.524764611,ID00338511,3,73.54,2022
0.048258395,15022.41151,14335.4174,33.252029,114.274661,1.02E-04,0.154580205,5.97E-05,7.806395884,ID00338511,4,89.71,2022
0.044513418,15535.69696,14437.1606,33.252029,114.274661,1.18E-04,0.148868094,5.44E-06,8.024249262,ID00338511,5,88.5,2022
0.040168795,15873.83082,14856.65117,33.252029,114.274661,1.25E-04,0.141243513,7.94E-05,7.777607891,ID00338511,6,55.5,2022
0.038250522,11617.77821,14828.99205,33.252029,114.274661,9.75E-05,0.134351746,-1.94E-05,9.648463944,ID00338511,7,54.45,2022
0.041751831,15685.61416,14954.69667,33.252029,114.274661,9.51E-05,0.128737589,9.38E-05,5.782232602,ID00338511,8,48.84,2022
0.045365126,15481.84388,14590.0815,33.252029,114.274661,1.13E-04,0.131484833,1.14E-06,7.154065341,ID00338511,9,63.07,2022
0.043864368,14956.66683,14089.35635,33.252029,114.274661,1.51E-04,0.124047276,1.32E-04,5.634965684,ID00338511,10,55.61,2022
0.045112493,14738.40039,14084.15519,33.252029,114.274661,1.41E-04,0.124012382,6.69E-04,7.16605985,ID00338511,11,55.45,2022
0.045112509,14252.96181,13616.72645,33.252029,114.274661,2.02E-04,0.133996946,8.12E-04,7.413753874,ID00338511,12,55.39,2022
0.070013053,11904.50196,-6461.620216,36.115414,114.289193,5.27E-04,0.135538518,8.17E-04,25.94942849,ID00319631,1,54.89,2019
0.07712511,-5422.671246,11543.36605,36.115414,114.289193,2.64E-04,0.137264263,0.001592612,37.28904116,ID00319631,2,53.11,2019
0.064145252,4832.748664,13859.16001,36.115414,114.289193,2.50E-04,0.154138547,7.44E-04,33.61720081,ID00319631,3,60.15,2019
0.063527821,5004.064802,-282.5433431,36.115414,114.289193,2.63E-04,0.143487754,3.63E-04,31.20978832,ID00319631,4,93.9,2019
0.057411484,15650.39121,14441.80487,36.115414,114.289193,1.91E-04,0.141376569,3.07E-04,32.23629304,ID00319631,5,116.79,2019
0.05885194,5325.291158,14810.28328,36.115414,114.289193,1.92E-04,0.140451491,1.12E-04,24.55352084,ID00319631,6,111.9,2019
0.057992717,15719.62545,14943.2269,36.115414,114.289193,1.69E-04,0.138954826,3.75E-05,25.5015851,ID00319631,7,113.17,2019
0.057902042,15512.89041,14833.77756,36.115414,114.289193,1.81E-04,0.132239887,1.80E-04,25.24035816,ID00319631,8,112.06,2019
0.067598891,15421.20108,14655.94039,36.115414,114.289193,1.93E-04,0.132540165,1.56E-04,23.58529913,ID00319631,9,89.88,2019
0.056316737,4911.635345,14355.63886,36.115414,114.289193,2.61E-04,0.129337845,2.70E-04,29.31104469,ID00319631,10,83.84,2019
0.058530066,8293.556591,14014.15236,36.115414,114.289193,2.79E-04,0.129392303,8.55E-04,26.05659281,ID00319631,11,83.11,2019
0.064470904,11804.60461,4005.234544,36.115414,114.289193,3.49E-04,0.144065444,0.001845278,31.73346635,ID00319631,12,80.68,2019
0.086787819,8109.999019,13548.93817,36.115414,114.289193,2.64E-04,0.148052941,0.001100334,27.98565491,ID00319631,1,82.98,2020
0.064598707,8460.710157,13738.54122,36.115414,114.289193,1.59E-04,0.154754165,0.00106691,30.7619674,ID00319631,2,61.48,2020
0.058319917,10988.65384,13831.15906,36.115414,114.289193,2.29E-04,0.153205551,2.60E-04,30.92522304,ID00319631,3,64.53,2020
0.064998457,12814.86039,14172.72089,36.115414,114.289193,2.81E-04,0.15679773,3.35E-04,24.34051039,ID00319631,4,91.91,2020
0.0582297,9117.234304,14697.8667,36.115414,114.289193,1.86E-04,0.148644623,2.84E-04,22.28012559,ID00319631,5,106.95,2020
0.058028701,9265.881501,12338.63167,36.115414,114.289193,1.79E-04,0.132812999,2.10E-04,17.22298806,ID00319631,6,102.52,2020
0.054766871,9327.187929,14905.65366,36.115414,114.289193,1.50E-04,0.13302959,7.07E-05,19.28350621,ID00319631,7,102.05,2020
0.054317502,,14840.57704,36.115414,114.289193,1.67E-04,0.128274379,5.42E-05,19.95725944,ID00319631,8,107.33,2020
0.066995,11544.58613,12191.7237,36.115414,114.289193,2.16E-04,0.131236128,3.79E-04,23.63020624,ID00319631,9,101.54,2020
0.062979574,70.0998528,1990.573438,36.115414,114.289193,3.46E-04,0.125807449,6.84E-04,23.57266689,ID00319631,10,104.23,2020
0.058396904,4727.775761,11630.76605,36.115414,114.289193,3.63E-04,0.127425925,9.27E-04,22.44189158,ID00319631,11,102.47,2020
0.074453651,8005.42967,,36.115414,114.289193,6.91E-04,0.138205207,0.001041228,29.81880296,ID00319631,12,91.95,2020
0.06548679,14061.93703,13292.24534,36.115414,114.289193,4.57E-04,0.140881677,0.001220433,25.14803509,ID00319631,1,70.58,2021
0.072406437,8438.409388,13729.50981,36.115414,114.289193,2.15E-04,0.14532398,5.07E-04,37.38800571,ID00319631,2,90.93,2021
0.057254614,8470.572293,13786.89009,36.115414,114.289193,2.15E-04,0.150898791,2.33E-04,24.25482141,ID00319631,3,108.12,2021
0.066366075,1947.76104,8032.95633,36.115414,114.289193,2.56E-04,0.152141759,1.97E-04,31.09182208,ID00319631,4,109.07,2021
0.054203804,12909.62998,14428.42282,36.115414,114.289193,2.06E-04,0.146583303,5.29E-04,30.64723739,ID00319631,5,115.23,2021
0.061567187,13291.35572,14798.06029,36.115414,114.289193,2.21E-04,0.1386873,3.17E-04,26.99441333,ID00319631,6,94.96,2021
0.048420975,15566.64925,14954.2299,36.115414,114.289193,1.78E-04,0.138676503,-1.66E-05,24.33062794,ID00319631,7,91.51,2021
0.063278747,15450.54351,14780.75651,36.115414,114.289193,1.76E-04,0.137593656,4.41E-04,16.48434725,ID00319631,8,89.34,2021
0.056264888,9020.395159,14665.76488,36.115414,114.289193,1.95E-04,0.134560945,1.25E-04,24.5709344,ID00319631,9,94.83,2021
0.056460599,14804.00294,14150.5579,36.115414,114.289193,3.71E-04,0.125950001,5.21E-04,17.16788493,ID00319631,10,95.53,2021
0.052280498,10747.9158,13810.53816,36.115414,114.289193,3.82E-04,0.145333616,0.001778485,35.79200404,ID00319631,11,84.96,2021
0.051046288,10413.07329,13685.88273,36.115414,114.289193,4.04E-04,0.139958766,3.40E-04,31.38257603,ID00319631,12,72.42,2021
0.066991964,6665.243049,13516.44603,36.115414,114.289193,4.22E-04,0.157641676,0.001708161,26.38110695,ID00319631,1,101.31,2022
0.057991611,4558.401047,13539.84118,36.115414,114.289193,2.00E-04,0.159841687,3.93E-04,32.43573364,ID00319631,2,63.24,2022
0.048352769,-5282.269872,13815.18539,36.115414,114.289193,1.98E-04,0.15217105,4.47E-05,45.61537795,ID00319631,3,102.22,2022
0.052354009,-3760.73896,14242.19447,36.115414,114.289193,1.95E-04,0.158374302,2.66E-04,35.40985731,ID00319631,4,118.84,2022
0.048536716,11605.04999,14617.58047,36.115414,114.289193,1.67E-04,0.154849667,2.62E-04,28.98690886,ID00319631,5,119.76,2022
0.051184476,11850.64692,14913.1423,36.115414,114.289193,1.80E-04,0.14505768,1.18E-04,32.20907255,ID00319631,6,86.88,2022
0.04657179,11673.87758,14840.46227,36.115414,114.289193,1.53E-04,0.135928894,1.55E-04,18.90539258,ID00319631,7,86.83,2022
0.047375597,7478.816487,14967.71222,36.115414,114.289193,1.72E-04,0.129740206,3.34E-04,19.51575286,ID00319631,8,81.29,2022
0.055306601,12968.77553,14548.55597,36.115414,114.289193,2.03E-04,0.133225007,2.75E-04,28.29314508,ID00319631,9,94.46,2022
0.047818365,28.12389598,14108.19807,36.115414,114.289193,2.77E-04,0.130316558,2.98E-04,29.69497816,ID00319631,10,88.05,2022
0.05073771,4517.280177,13924.60443,36.115414,114.289193,2.75E-04,0.131246816,7.78E-04,36.78849159,ID00319631,11,86.89,2022
0.056028175,14049.42951,13442.62529,36.115414,114.289193,4.78E-04,0.143696115,3.25E-04,39.94744366,ID00319631,12,87.75,2022
0.072270116,88.88284133,,30.631996,114.439502,4.06E-04,0.112684164,2.99E-04,15.6529268,ID00319669,1,137.55,2019
0.074339289,,,30.631996,114.439502,4.50E-04,0.121000135,,12.52726476,ID00319669,2,127.33,2019
0.068557834,4461.690498,-7786.741697,30.631996,114.439502,3.83E-04,0.126155297,3.45E-04,42.63823104,ID00319669,3,128.75,2019
0.060287969,5376.678506,14592.45572,30.631996,114.439502,2.79E-04,0.130371548,3.74E-04,45.11443018,ID00319669,4,138.93,2019
0.063352266,15452.98801,14790.8258,30.631996,114.439502,3.23E-04,0.129513163,3.74E-04,52.25302726,ID00319669,5,146.97,2019
0.057751636,10428.95418,14882.4036,30.631996,114.439502,2.73E-04,0.132968234,5.70E-05,61.90367504,ID00319669,6,138.94,2019
0.047344263,-7622.739545,15025.1047,30.631996,114.439502,2.53E-04,0.131079995,9.57E-05,34.69079768,ID00319669,7,143.24,2019
0.054900052,-7625.293358,15029.05461,30.631996,114.439502,2.84E-04,0.12997037,-2.00E-05,43.28718914,ID00319669,8,139.09,2019
0.06158365,1734.461562,14953.30124,30.631996,114.439502,2.69E-04,0.125505794,3.11E-05,40.97513369,ID00319669,9,138.12,2019
0.058873074,-8999.061808,14906.65959,30.631996,114.439502,3.06E-04,0.121637352,2.27E-04,42.81758786,ID00319669,10,101.5,2019
0.057949967,-8516.102399,,30.631996,114.439502,2.86E-04,0.117059475,5.43E-04,33.96373255,ID00319669,11,122.18,2019
0.061726573,9295.679889,,30.631996,114.439502,3.93E-04,0.124018355,2.65E-04,50.39151361,ID00319669,12,128.49,2019
0.071273081,1208.690959,,30.631996,114.439502,1.90E-04,0.124348552,7.10E-04,17.11889783,ID00319669,1,125.39,2020
0.065870363,-7738.72663,14065.97694,30.631996,114.439502,1.71E-04,0.130286553,2.68E-05,36.32767294,ID00319669,2,112.63,2020
0.065997945,1518.332288,-8574.016605,30.631996,114.439502,1.88E-04,0.140157667,3.46E-04,32.26257197,ID00319669,3,120.8,2020
0.06377695,4876.85286,-288.3256458,30.631996,114.439502,2.54E-04,0.147729415,5.19E-04,37.82058518,ID00319669,4,118.13,2020
0.055552186,-7920.365314,14831.60866,30.631996,114.439502,2.28E-04,0.136230698,2.65E-04,42.04230389,ID00319669,5,125.96,2020
0.051618566,,14823.12731,30.631996,114.439502,2.02E-04,0.126326966,-7.35E-06,41.58160996,ID00319669,6,124.22,2020
0.046662887,,14920.92989,30.631996,114.439502,2.34E-04,0.128264835,-2.18E-05,32.94714698,ID00319669,7,126.72,2020
0.044519534,-9736.26845,15084.27091,30.631996,114.439502,1.98E-04,0.125002878,-5.01E-06,43.2464196,ID00319669,8,125.25,2020
0.056912803,,14926.66974,30.631996,114.439502,3.64E-04,0.124573477,1.28E-04,12.0601154,ID00319669,9,127.39,2020
0.064491023,15075.94311,14354.94649,30.631996,114.439502,3.11E-04,0.116505396,3.87E-04,45.44713849,ID00319669,10,136.44,2020
0.05514489,14978.2187,2856.262454,30.631996,114.439502,3.11E-04,0.119608278,3.88E-04,38.19649687,ID00319669,11,134.65,2020
0.073956876,14356.71863,,30.631996,114.439502,5.29E-04,0.118760048,5.37E-05,63.19606768,ID00319669,12,129.82,2020
0.063721128,14305.98086,10300.53413,30.631996,114.439502,4.20E-04,0.124353688,4.35E-04,48.58945877,ID00319669,1,135.5,2021
0.057327724,-7729.069496,3643.420664,30.631996,114.439502,2.50E-04,0.131806689,1.61E-04,44.36832365,ID00319669,2,121.05,2021
0.070772205,5286.682811,-9750.850554,30.631996,114.439502,2.96E-04,0.130405486,3.04E-05,18.15610689,ID00319669,3,137.86,2021
0.063402699,,13796.42712,30.631996,114.439502,2.95E-04,0.138870386,7.92E-05,8.926888768,ID00319669,4,138.11,2021
0.061893094,3319.98278,14816.13961,30.631996,114.439502,2.63E-04,0.138352796,1.13E-04,32.92734367,ID00319669,5,138.09,2021
0.051448849,-7146.691882,14872.78421,30.631996,114.439502,2.77E-04,0.132261721,6.85E-05,46.07729294,ID00319669,6,133.93,2021
0.039710266,,15066.34909,30.631996,114.439502,1.73E-04,0.134652746,2.18E-04,17.82111841,ID00319669,7,109.42,2021
0.04556905,,15002.72676,30.631996,114.439502,1.86E-04,0.133159773,-2.51E-05,6.787172458,ID00319669,8,109.37,2021
0.049944566,-7646.983856,14900.69199,30.631996,114.439502,2.54E-04,0.128593212,8.38E-05,57.04500126,ID00319669,9,113.09,2021
0.049512878,15167.2182,14961.85255,30.631996,114.439502,3.82E-04,0.123680062,-3.72E-05,34.69524634,ID00319669,10,116.37,2021
0.054286299,808.5737239,-123.0811808,30.631996,114.439502,3.75E-04,0.127574734,4.68E-04,69.29938318,ID00319669,11,111.62,2021
0.060579376,14395.41679,14001.9322,30.631996,114.439502,4.81E-04,0.12532323,7.08E-04,61.422226,ID00319669,12,136.6,2021
0.069829379,-9023.79428,,30.631996,114.439502,5.91E-04,0.131395042,5.03E-04,49.71787036,ID00319669,1,130.13,2022
0.064409774,,13765.96402,30.631996,114.439502,3.35E-04,0.135097767,6.14E-05,39.38754882,ID00319669,2,125.35,2022
0.061524069,14924.10778,-9026.627306,30.631996,114.439502,2.65E-04,0.139177227,2.95E-04,52.20901379,ID00319669,3,138.56,2022
0.055513968,-7930.512915,14681.2131,30.631996,114.439502,2.64E-04,0.144328126,2.67E-04,45.00497151,ID00319669,4,132.74,2022
0.054632382,-6409.638991,,30.631996,114.439502,2.24E-04,0.14290487,-4.82E-05,40.77534092,ID00319669,5,142.23,2022
0.045312895,-7642.54428,14959.66356,30.631996,114.439502,1.83E-04,0.138829685,2.02E-04,25.62187481,ID00319669,6,139.44,2022
0.040225673,,14998.61533,30.631996,114.439502,1.59E-04,0.132720421,-8.21E-05,5.758999082,ID00319669,7,113.41,2022
0.041473554,-7620.54428,15079.58487,30.631996,114.439502,1.54E-04,0.128207644,6.41E-05,34.6544883,ID00319669,8,111.04,2022
0.051340823,5607.585793,14932.4254,30.631996,114.439502,2.11E-04,0.130119734,2.58E-05,61.22092251,ID00319669,9,115.69,2022
0.048820005,15163.95601,14806.81061,30.631996,114.439502,2.33E-04,0.120934376,1.65E-04,45.25324459,ID00319669,10,136.8,2022
0.053763724,261.1577491,-7766.436347,30.631996,114.439502,2.97E-04,0.117799265,3.35E-04,47.05796313,ID00319669,11,129.78,2022
0.053677949,1164.038745,13868.59379,30.631996,114.439502,3.39E-04,0.125665405,7.90E-04,48.99078866,ID00319669,12,135.82,2022
0.088209958,,,36.599779,114.468338,6.38E-04,0.136335901,0.001766911,26.71694654,ID00319713,1,99.2,2019
0.09228502,,13681.26569,36.599779,114.468338,4.58E-04,0.139667001,3.71E-04,22.44048525,ID00319713,2,85.34,2019
0.067782209,,4765.371569,36.599779,114.468338,2.65E-04,0.15574986,4.21E-04,29.76959069,ID00319713,3,71.98,2019
0.058508554,,,36.599779,114.468338,2.61E-04,0.144399678,4.56E-04,27.55957348,ID00319713,4,80.5,2019
0.062482444,,,36.599779,114.468338,2.31E-04,0.14339558,5.83E-04,31.43206893,ID00319713,5,93.17,2019
0.057267596,,14903.60049,36.599779,114.468338,2.17E-04,0.141077338,9.27E-05,31.01692789,ID00319713,6,92.62,2019
0.056548832,13081.99314,14955.0173,36.599779,114.468338,1.88E-04,0.138889425,1.99E-04,26.70803647,ID00319713,7,83.51,2019
0.055614814,-6430.623529,14869.56127,36.599779,114.468338,2.11E-04,0.132057776,2.02E-04,28.21369384,ID00319713,8,75.05,2019
0.061635259,,14859.03971,36.599779,114.468338,1.96E-04,0.131627133,3.49E-04,27.45232643,ID00319713,9,65.02,2019
0.051740799,,,36.599779,114.468338,3.03E-04,0.130685389,2.46E-04,31.98386024,ID00319713,10,72.31,2019
0.053272748,,,36.599779,114.468338,3.79E-04,0.13151853,3.08E-04,30.85499485,ID00319713,11,73.43,2019
0.071872778,10807.17549,13678.7451,36.599779,114.468338,4.31E-04,0.146778607,,28.23518646,ID00319713,12,75.38,2019
0.079429655,,13464.49461,36.599779,114.468338,3.07E-04,0.151376225,6.10E-04,26.32828006,ID00319713,1,74.99,2020
0.068410399,,13725.94673,36.599779,114.468338,1.94E-04,0.157545986,8.10E-04,17.45853641,ID00319713,2,70.9,2020
0.059313547,,,36.599779,114.468338,2.44E-04,0.154919391,4.10E-04,27.19190725,ID00319713,3,74.19,2020
0.068401105,,,36.599779,114.468338,2.63E-04,0.157588387,5.27E-04,29.52819606,ID00319713,4,73.78,2020
0.058456737,,,36.599779,114.468338,1.83E-04,0.14976953,2.70E-04,27.57120109,ID00319713,5,88.48,2020
0.057591094,-7871.75,,36.599779,114.468338,1.82E-04,0.134172914,2.62E-04,26.47674274,ID00319713,6,98.88,2020
0.053458271,,14919.32328,36.599779,114.468338,1.40E-04,0.13315187,1.68E-04,27.84290978,ID00319713,7,105.23,2020
0.055856296,-7515.75,14964.21471,36.599779,114.468338,1.56E-04,0.12842655,1.69E-04,32.8909335,ID00319713,8,106.07,2020
0.061359671,,,36.599779,114.468338,2.32E-04,0.131807859,4.72E-04,32.86489223,ID00319713,9,103.37,2020
0.06137259,,,36.599779,114.468338,3.77E-04,0.125510894,6.61E-04,33.55524176,ID00319713,10,102.67,2020
0.063202603,,,36.599779,114.468338,3.62E-04,0.127292784,0.001065504,27.40971338,ID00319713,11,69.75,2020
0.079194524,13954.60343,,36.599779,114.468338,7.36E-04,0.139371451,7.25E-04,36.29749973,ID00319713,12,75.11,2020
0.072558902,13774.20637,13353.95392,36.599779,114.468338,5.51E-04,0.143248868,9.76E-04,32.4150496,ID00319713,1,90.25,2021
0.071291968,,13716.10784,36.599779,114.468338,3.14E-04,0.146435449,8.33E-04,33.15177427,ID00319713,2,84.23,2021
0.06035248,,,36.599779,114.468338,2.60E-04,0.153132213,3.85E-04,27.80206113,ID00319713,3,113.55,2021
0.063230509,,-5308.036275,36.599779,114.468338,2.66E-04,0.152771688,4.37E-04,32.94930115,ID00319713,4,116.49,2021
0.056295615,7779.960784,,36.599779,114.468338,2.47E-04,0.148534152,3.61E-04,31.51509848,ID00319713,5,122.02,2021
0.057380123,,14958.99493,36.599779,114.468338,2.28E-04,0.139779185,2.25E-04,28.87851045,ID00319713,6,99.12,2021
0.05274821,12732.83824,14994.25815,36.599779,114.468338,1.92E-04,0.139604094,2.09E-04,26.04242373,ID00319713,7,70.11,2021
0.068661142,1020.969608,14884.92386,36.599779,114.468338,1.78E-04,0.137725166,2.42E-04,21.78677971,ID00319713,8,70.27,2021
0.057799198,-1729.823529,12662.91275,36.599779,114.468338,2.05E-04,0.134381848,2.59E-04,29.12056082,ID00319713,9,41.93,2021
0.054125679,14882.3598,,36.599779,114.468338,3.47E-04,0.127386337,3.36E-04,22.09691663,ID00319713,10,41.83,2021
0.054598378,-7950.666667,-4925.020588,36.599779,114.468338,4.12E-04,0.146425729,0.001149654,33.06317393,ID00319713,11,41.91,2021
0.05534478,-7957,-5394.031373,36.599779,114.468338,4.70E-04,0.141906966,0.002932535,31.95102496,ID00319713,12,81.28,2021
0.069107139,-7461.001961,13575.90049,36.599779,114.468338,5.40E-04,0.160995648,0.001091982,31.44108879,ID00319713,1,79.95,2022
0.061166682,,,36.599779,114.468338,2.98E-04,0.161058453,6.53E-04,33.51147606,ID00319713,2,47.95,2022
0.053679515,,13894.7598,36.599779,114.468338,2.35E-04,0.151306242,6.15E-04,30.90598311,ID00319713,3,80.78,2022
0.053630234,,,36.599779,114.468338,1.88E-04,0.158722811,5.50E-04,28.61936341,ID00319713,4,106.87,2022
0.05237501,,,36.599779,114.468338,2.06E-04,0.1552235,1.57E-04,24.47330624,ID00319713,5,113.61,2022
0.052202318,,15039.60229,36.599779,114.468338,1.98E-04,0.145183654,2.53E-04,27.28136985,ID00319713,6,105.48,2022
0.045677452,,14933.11441,36.599779,114.468338,1.47E-04,0.135611507,9.41E-06,22.98919067,ID00319713,7,87.62,2022
0.050902751,9189.4,14999.51364,36.599779,114.468338,1.75E-04,0.129585123,8.71E-05,25.3636199,ID00319713,8,80.49,2022
0.056550727,,-7965.833333,36.599779,114.468338,2.12E-04,0.13353021,3.33E-04,28.04601228,ID00319713,9,74.31,2022
0.051622033,,,36.599779,114.468338,3.13E-04,0.131375168,1.65E-04,23.85537902,ID00319713,10,74.61,2022
0.048270711,,,36.599779,114.468338,2.70E-04,0.13140314,5.28E-04,20.8940904,ID00319713,11,60.92,2022
0.056959795,14011.11275,13475.97222,36.599779,114.468338,5.39E-04,0.146086249,0.003706587,26.3339165,ID00319713,12,54.11,2022
0.08711282,13849.37524,8931.309198,38.016769,114.506127,7.34E-04,0.139428076,2.93E-04,29.33108666,ID00319703,1,11.51,2019
0.080808147,,13588.5623,38.016769,114.506127,3.54E-04,0.14896547,8.45E-04,28.3845861,ID00319703,2,15.48,2019
0.055582004,,13919.07882,38.016769,114.506127,3.45E-04,0.160910594,6.05E-04,39.22745425,ID00319703,3,11.86,2019
0.05436717,,,38.016769,114.506127,2.86E-04,0.149697503,2.98E-04,35.2547776,ID00319703,4,18.49,2019
0.048901904,,14884.20646,38.016769,114.506127,2.27E-04,0.148669984,2.89E-04,35.92130932,ID00319703,5,18.75,2019
0.055832699,,14895.7999,38.016769,114.506127,2.21E-04,0.143665463,2.34E-04,32.85817196,ID00319703,6,20.72,2019
0.056271487,,14923.58354,38.016769,114.506127,1.80E-04,0.142743564,1.69E-04,28.28264208,ID00319703,7,18.9,2019
0.054343852,,14907.43249,38.016769,114.506127,1.74E-04,0.13393569,-1.28E-05,31.75406811,ID00319703,8,19.44,2019
0.055480389,-5115.986301,14866.59785,38.016769,114.506127,1.97E-04,0.132937192,9.16E-05,31.00141814,ID00319703,9,16.51,2019
0.052367957,,,38.016769,114.506127,3.55E-04,0.133907907,6.83E-04,32.55671303,ID00319703,10,12.88,2019
0.048197492,-8562.097847,13636.69472,38.016769,114.506127,4.97E-04,0.13660588,3.61E-04,34.63421971,ID00319703,11,14.28,2019
0.066799494,,13536.64051,38.016769,114.506127,4.76E-04,0.150134127,,36.13463819,ID00319703,12,13.96,2019
0.076165097,,13558.27984,38.016769,114.506127,4.36E-04,0.156447406,7.89E-04,35.72925602,ID00319703,1,9.49,2020
0.059226782,-8558.755382,13661.76656,38.016769,114.506127,1.92E-04,0.161512221,6.62E-04,25.62924605,ID00319703,2,12.51,2020
0.057255492,,13784.4002,38.016769,114.506127,2.49E-04,0.161089972,3.33E-04,37.29431345,ID00319703,3,13.94,2020
0.056263705,,14106.57534,38.016769,114.506127,2.60E-04,0.160060923,5.72E-04,33.00062825,ID00319703,4,21.39,2020
0.051385512,,14811.41389,38.016769,114.506127,2.12E-04,0.151531304,3.48E-04,29.00050873,ID00319703,5,19.63,2020
0.055147508,-8481.2818,14841.6272,38.016769,114.506127,2.03E-04,0.137191717,1.23E-05,29.20879902,ID00319703,6,20.92,2020
0.054922256,2880.423679,14887.98107,38.016769,114.506127,1.54E-04,0.136177534,2.22E-04,26.34238983,ID00319703,7,18.81,2020
0.049402873,1270.417808,14921.90623,38.016769,114.506127,1.66E-04,0.129607509,2.67E-04,26.21383109,ID00319703,8,19.32,2020
0.050424616,,,38.016769,114.506127,2.16E-04,0.133528759,3.25E-04,29.16447586,ID00319703,9,19.8,2020
0.061115131,,14104.67466,38.016769,114.506127,3.78E-04,0.127435982,0.00112625,33.59367138,ID00319703,10,13.35,2020
0.056437205,,14096.09295,38.016769,114.506127,3.79E-04,0.132101415,0.00130559,30.54155228,ID00319703,11,4.33,2020
0.055544011,13982.34393,,38.016769,114.506127,7.89E-04,0.144866396,,42.20587135,ID00319703,12,8.25,2020
0.059806014,13833.47314,13425.98956,38.016769,114.506127,4.42E-04,0.148861352,0.001686624,37.12659554,ID00319703,1,5.79,2021
0.061337331,,13684.35568,38.016769,114.506127,3.93E-04,0.152192644,0.001204841,39.56512685,ID00319703,2,14.67,2021
0.053387552,,-1186.727984,38.016769,114.506127,3.38E-04,0.15977661,0.001199592,30.63337602,ID00319703,3,12.12,2021
0.057963533,,14116.23981,38.016769,114.506127,2.76E-04,0.156787398,1.15E-04,36.90600491,ID00319703,4,14.83,2021
0.051311971,,,38.016769,114.506127,2.17E-04,0.153357878,6.41E-04,32.60902914,ID00319703,5,17.43,2021
0.047099338,6187.188845,14965.5,38.016769,114.506127,2.23E-04,0.143512086,-3.28E-05,34.7747722,ID00319703,6,21.79,2021
0.050172344,14054.05186,14959.59413,38.016769,114.506127,2.06E-04,0.142371587,7.45E-05,32.4106065,ID00319703,7,19.79,2021
0.060113119,,14817.97358,38.016769,114.506127,1.87E-04,0.13916631,1.74E-04,33.2670076,ID00319703,8,22.83,2021
0.052504915,,14840.3229,38.016769,114.506127,2.42E-04,0.135021962,3.91E-04,30.48112827,ID00319703,9,22.21,2021
0.049188248,14899.73875,14119.43787,38.016769,114.506127,3.33E-04,0.129469573,5.59E-04,22.57486067,ID00319703,10,21.22,2021
0.044553584,,13730.90054,38.016769,114.506127,5.19E-04,0.147005111,0.001369581,36.95259491,ID00319703,11,22.27,2021
0.047069624,,13612.86636,38.016769,114.506127,5.63E-04,0.148674095,,41.66034809,ID00319703,12,32.65,2021
0.066214495,14090.53082,13458.90362,38.016769,114.506127,7.42E-04,0.162730149,5.32E-04,40.90340716,ID00319703,1,16.65,2022
0.051497465,-1130.679061,13672.08611,38.016769,114.506127,3.22E-04,0.168395515,0.001038278,45.06616583,ID00319703,2,21.89,2022
0.04529895,,13808.45303,38.016769,114.506127,3.50E-04,0.156401642,5.64E-04,48.42657719,ID00319703,3,22.3,2022
0.047021977,,,38.016769,114.506127,2.25E-04,0.157267514,1.36E-04,47.72181003,ID00319703,4,24.36,2022
0.043655259,,,38.016769,114.506127,2.06E-04,0.159657441,9.87E-05,43.10058583,ID00319703,5,22.42,2022
0.044276761,,14972.42091,38.016769,114.506127,1.97E-04,0.149438573,2.46E-04,42.46260341,ID00319703,6,24.32,2022
0.04186087,15682.7226,14919.38193,38.016769,114.506127,1.68E-04,0.136802957,1.69E-05,40.39047202,ID00319703,7,22.44,2022
0.046643634,-3607.033268,15020.24788,38.016769,114.506127,1.56E-04,0.130623129,3.17E-04,38.55628513,ID00319703,8,24.37,2022
0.045300439,,14816.62133,38.016769,114.506127,2.39E-04,0.134767492,2.88E-04,41.9256789,ID00319703,9,22.58,2022
0.043131102,,,38.016769,114.506127,3.87E-04,0.132976077,5.08E-04,37.93485125,ID00319703,10,21.82,2022
0.045806964,,592.3943249,38.016769,114.506127,3.52E-04,0.135772695,7.41E-04,31.87657,ID00319703,11,21.6,2022
0.047368211,13986.44912,13399.91786,38.016769,114.506127,4.84E-04,0.15211424,,56.29030821,ID00319703,12,22.1,2022
0.088838758,13849.31305,-2341.271835,38.037707,114.530399,6.97E-04,0.139661038,3.84E-04,39.07201463,ID00338839,1,46.72,2019
0.079929442,,13629.08113,38.037707,114.530399,3.37E-04,0.14909587,5.78E-04,38.32324596,ID00338839,2,47.23,2019
0.055404498,,13949.09879,38.037707,114.530399,3.25E-04,0.160858452,7.47E-04,51.60066383,ID00338839,3,47.66,2019
0.053504111,,,38.037707,114.530399,2.76E-04,0.149643785,1.25E-04,46.47519871,ID00338839,4,49.97,2019
0.04987313,,14841.73994,38.037707,114.530399,2.22E-04,0.14883806,9.74E-05,46.62203117,ID00338839,5,60.9,2019
0.056260313,,14937.11482,38.037707,114.530399,2.15E-04,0.143237639,3.86E-04,45.62577756,ID00338839,6,57.38,2019
0.056940879,,14940.96114,38.037707,114.530399,1.79E-04,0.142931534,1.41E-04,36.74086922,ID00338839,7,56.36,2019
0.054356617,,14914.1423,38.037707,114.530399,1.72E-04,0.133816981,-4.59E-05,46.16321624,ID00338839,8,53.11,2019
0.055975943,-8140.285574,14857.44161,38.037707,114.530399,2.00E-04,0.132997496,1.93E-04,40.9895252,ID00338839,9,46.7,2019
0.051533282,,,38.037707,114.530399,3.49E-04,0.133966556,6.92E-04,46.75688692,ID00338839,10,50.69,2019
0.047834734,,13745.47154,38.037707,114.530399,4.90E-04,0.136717321,5.21E-04,47.04599124,ID00338839,11,57.26,2019
0.064603117,,13583.62784,38.037707,114.530399,4.94E-04,0.150053631,,47.95506132,ID00338839,12,62.01,2019
0.073925369,,13599.06673,38.037707,114.530399,4.04E-04,0.156056341,0.001765498,46.78973027,ID00338839,1,60.51,2020
0.060940745,,13735.46447,38.037707,114.530399,1.85E-04,0.160926549,6.59E-04,32.39914648,ID00338839,2,56.78,2020
0.057316936,,13830.50294,38.037707,114.530399,2.44E-04,0.16118471,3.23E-04,52.37983773,ID00338839,3,62.4,2020
0.057146972,,11301.00883,38.037707,114.530399,2.58E-04,0.160033608,4.50E-04,43.64146164,ID00338839,4,60.4,2020
0.051743478,,14822.80962,38.037707,114.530399,2.06E-04,0.151702138,4.58E-04,38.88043463,ID00338839,5,59.09,2020
0.054499415,4460.657507,14855.81943,38.037707,114.530399,1.86E-04,0.137220263,-5.58E-05,38.21556136,ID00338839,6,60.63,2020
0.054804587,,14900.18464,38.037707,114.530399,1.53E-04,0.13658362,4.08E-05,35.00499754,ID00338839,7,60.28,2020
0.049721253,-6003.403337,14967.52666,38.037707,114.530399,1.61E-04,0.129906812,4.03E-04,34.58199239,ID00338839,8,55.61,2020
0.050308175,,,38.037707,114.530399,2.11E-04,0.133742062,6.75E-05,40.01957117,ID00338839,9,57.58,2020
0.062194517,,6804.070167,38.037707,114.530399,3.57E-04,0.127827357,7.49E-04,45.53995078,ID00338839,10,15.17,2020
0.055752672,,14118.70559,38.037707,114.530399,3.74E-04,0.132489876,0.00117488,41.53274955,ID00338839,11,15.97,2020
0.05431854,13983.57769,4553.146222,38.037707,114.530399,7.70E-04,0.145131529,,58.8189363,ID00338839,12,65.33,2020
0.059270703,13834.28695,13474.00196,38.037707,114.530399,4.31E-04,0.14917217,0.001078424,50.27215882,ID00338839,1,36.25,2021
0.061497448,,13722.45608,38.037707,114.530399,3.69E-04,0.152370988,0.001715848,52.90181134,ID00338839,2,34.05,2021
0.05312239,,,38.037707,114.530399,3.14E-04,0.159714965,8.56E-04,39.88255422,ID00338839,3,37.22,2021
0.058056567,,14139.63616,38.037707,114.530399,2.78E-04,0.157821798,3.41E-04,49.21580156,ID00338839,4,36.26,2021
0.05055151,,,38.037707,114.530399,2.12E-04,0.153317005,5.87E-04,43.61269865,ID00338839,5,38.12,2021
0.048711646,15673.97056,15013.12659,38.037707,114.530399,2.31E-04,0.143661755,1.10E-04,46.32690637,ID00338839,6,29.67,2021
0.050877701,15662.579,14958.84436,38.037707,114.530399,2.08E-04,0.14239014,9.11E-05,37.55347418,ID00338839,7,29.92,2021
0.059947109,,14818.99706,38.037707,114.530399,1.86E-04,0.139130863,3.77E-04,39.03387257,ID00338839,8,36.44,2021
0.052333453,7285.323847,14849.51227,38.037707,114.530399,2.39E-04,0.135239359,2.23E-04,36.70128358,ID00338839,9,33.44,2021
0.047862078,14915.93032,14130.47792,38.037707,114.530399,3.40E-04,0.129557208,6.22E-04,35.63853517,ID00338839,10,10.49,2021
0.044458572,,13740.84576,38.037707,114.530399,4.99E-04,0.146910732,0.001005011,50.6336904,ID00338839,11,14.36,2021
0.047289959,,10991.66634,38.037707,114.530399,5.26E-04,0.148791397,,60.24206739,ID00338839,12,14.15,2021
0.065469596,14079.43245,13501.80079,38.037707,114.530399,6.94E-04,0.162375194,3.33E-04,56.15982142,ID00338839,1,18.4,2022
0.05081493,-2284.104024,13717.22659,38.037707,114.530399,3.08E-04,0.168584103,0.001092626,56.62751981,ID00338839,2,39.61,2022
0.043771883,,13810.48871,38.037707,114.530399,3.16E-04,0.156263063,6.55E-05,57.17933255,ID00338839,3,41.88,2022
0.047111086,,,38.037707,114.530399,2.17E-04,0.156747772,5.61E-07,53.92744608,ID00338839,4,50.11,2022
0.042981867,,,38.037707,114.530399,2.01E-04,0.159643105,2.41E-04,53.62578283,ID00338839,5,61.55,2022
0.045139083,,14956.90908,38.037707,114.530399,1.91E-04,0.149172363,2.75E-04,51.78025697,ID00338839,6,48.13,2022
0.042274609,15704.9897,14931.25796,38.037707,114.530399,1.59E-04,0.136879379,1.52E-04,38.85482312,ID00338839,7,46.26,2022
0.04661491,-8718.594701,15042.00164,38.037707,114.530399,1.50E-04,0.130792201,2.65E-04,44.28750502,ID00338839,8,39.82,2022
0.046599601,,14838.66732,38.037707,114.530399,2.28E-04,0.13500151,4.26E-04,48.79724468,ID00338839,9,40.44,2022
0.043989792,-5286.110893,,38.037707,114.530399,3.62E-04,0.133171847,6.01E-04,47.13060091,ID00338839,10,21.29,2022
0.045958845,,,38.037707,114.530399,3.44E-04,0.135525621,2.59E-04,42.96493337,ID00338839,11,37.31,2022
0.046882245,13948.6445,13430.90088,38.037707,114.530399,4.72E-04,0.151786304,,65.06213924,ID00338839,12,35.61,2022
0.092686392,13838.7637,3000.28865,38.006313,114.534697,6.95E-04,0.139276272,0.001581731,24.9386059,ID00319693,1,376.95,2019
0.080587535,,13584.99576,38.006313,114.534697,3.40E-04,0.149810884,5.24E-04,23.57476453,ID00319693,2,355.88,2019
0.055836078,,13900.66981,38.006313,114.534697,3.46E-04,0.160903548,3.80E-04,33.49873767,ID00319693,3,371.23,2019
0.05269383,,,38.006313,114.534697,2.83E-04,0.14989392,1.42E-04,30.39572661,ID00319693,4,390.58,2019
0.049761011,,14905.59687,38.006313,114.534697,2.28E-04,0.148739504,2.31E-04,31.44290133,ID00319693,5,418.34,2019
0.053781971,,14893.94398,38.006313,114.534697,2.16E-04,0.143510894,4.11E-04,28.73109124,ID00319693,6,418.28,2019
0.056589154,,14945.12737,38.006313,114.534697,1.77E-04,0.143008223,2.43E-04,23.90212329,ID00319693,7,385.56,2019
0.05363809,,14896.52348,38.006313,114.534697,1.69E-04,0.133663378,4.18E-05,30.34346175,ID00319693,8,386.2,2019
0.055003433,2797.208415,14867.1409,38.006313,114.534697,1.88E-04,0.132994653,2.16E-04,27.69657814,ID00319693,9,340.6,2019
0.051081168,,,38.006313,114.534697,3.51E-04,0.133925445,8.49E-04,29.42260505,ID00319693,10,332.14,2019
0.04759954,,13662.60323,38.006313,114.534697,5.07E-04,0.136378216,7.43E-04,32.77429122,ID00319693,11,340.07,2019
0.065112353,,13508.31523,38.006313,114.534697,4.66E-04,0.150063136,,32.19755895,ID00319693,12,350.1,2019
0.073455069,,13536.22277,38.006313,114.534697,4.52E-04,0.155939382,8.64E-04,31.96250675,ID00319693,1,354.37,2020
0.05828834,-8519.189824,13668.44913,38.006313,114.534697,1.83E-04,0.160819333,6.68E-04,23.26512174,ID00319693,2,303.97,2020
0.057226124,,13783.57143,38.006313,114.534697,2.51E-04,0.161257877,3.35E-04,34.8496875,ID00319693,3,301.78,2020
0.056451312,,14086.81311,38.006313,114.534697,2.62E-04,0.15989526,3.51E-04,30.65789095,ID00319693,4,330.84,2020
0.051284333,,14803.95108,38.006313,114.534697,2.03E-04,0.15126274,5.01E-04,28.99521537,ID00319693,5,363.33,2020
0.053958474,,14833.86742,38.006313,114.534697,1.94E-04,0.137142927,1.45E-04,28.74996083,ID00319693,6,379.37,2020
0.055069626,-1274.594912,14893.17327,38.006313,114.534697,1.45E-04,0.136438109,2.43E-04,24.77166368,ID00319693,7,406.62,2020
0.049482472,9979.172211,14956.2438,38.006313,114.534697,1.58E-04,0.129360013,2.19E-04,24.31490223,ID00319693,8,395.43,2020
0.050927595,,,38.006313,114.534697,2.02E-04,0.133828335,2.55E-04,27.01211819,ID00319693,9,354.24,2020
0.06084029,,9146.890574,38.006313,114.534697,3.72E-04,0.127379883,0.001072504,29.93113527,ID00319693,10,358,2020
0.056226254,,14100.83953,38.006313,114.534697,3.71E-04,0.132410622,0.00116403,29.011582,ID00319693,11,322.56,2020
0.055968127,8993.518754,-8574.759295,38.006313,114.534697,7.19E-04,0.144770637,,38.02116376,ID00319693,12,367.15,2020
0.059775555,13836.70866,13412.83105,38.006313,114.534697,4.39E-04,0.149070526,5.56E-04,34.61987765,ID00319693,1,358.36,2021
0.060574771,,13676.83581,38.006313,114.534697,3.65E-04,0.152274667,0.001903254,35.54834388,ID00319693,2,329.88,2021
0.053201037,,3437.006849,38.006313,114.534697,3.15E-04,0.159757123,9.95E-04,28.34858795,ID00319693,3,340.82,2021
0.057405308,,14123.1705,38.006313,114.534697,2.77E-04,0.156765186,2.97E-04,33.49587334,ID00319693,4,332.52,2021
0.051616928,,,38.006313,114.534697,2.14E-04,0.153326386,6.21E-04,27.70732405,ID00319693,5,373.34,2021
0.047450037,15632.36986,14965.94227,38.006313,114.534697,2.31E-04,0.143770815,1.24E-05,32.29079012,ID00319693,6,358.19,2021
0.051169201,15519.14579,14966.27877,38.006313,114.534697,1.93E-04,0.142146481,2.31E-05,27.09909004,ID00319693,7,308.82,2021
0.060568741,,14825.61644,38.006313,114.534697,1.74E-04,0.139164529,1.66E-04,27.29622833,ID00319693,8,314.61,2021
0.052341172,-9625.687867,14838.91879,38.006313,114.534697,2.32E-04,0.135167848,1.86E-06,25.82231403,ID00319693,9,282.12,2021
0.049288074,14840.46184,14128.30333,38.006313,114.534697,3.50E-04,0.129395928,5.74E-04,23.19022771,ID00319693,10,213.74,2021
0.04452837,,13743.71902,38.006313,114.534697,4.89E-04,0.14717692,0.001021185,34.59288689,ID00319693,11,182.78,2021
0.047965166,-8471.299413,13611.35665,38.006313,114.534697,5.03E-04,0.148929844,,40.41134303,ID00319693,12,285.01,2021
0.065969862,12634.67661,13452.73483,38.006313,114.534697,6.80E-04,0.16236044,7.34E-04,38.44011115,ID00319693,1,266.1,2022
0.050996499,-1837.841487,13668.39555,38.006313,114.534697,3.02E-04,0.168754085,0.001088232,41.84360623,ID00319693,2,184.9,2022
0.045796645,,13797.43656,38.006313,114.534697,3.28E-04,0.156001009,1.28E-04,43.75195408,ID00319693,3,278.44,2022
0.047008967,,,38.006313,114.534697,2.26E-04,0.156864287,5.88E-05,42.63065809,ID00319693,4,353.41,2022
0.043538871,,,38.006313,114.534697,2.00E-04,0.159911049,1.40E-04,42.15449907,ID00319693,5,367.59,2022
0.044136074,-9948.772994,14966.96102,38.006313,114.534697,1.87E-04,0.149435722,1.68E-04,43.24839502,ID00319693,6,357.91,2022
0.04291577,15593.92482,14905.75659,38.006313,114.534697,1.60E-04,0.13688795,1.15E-04,36.50449881,ID00319693,7,329.43,2022
0.045954151,15201.14579,15010.42107,38.006313,114.534697,1.48E-04,0.130704804,2.39E-04,35.55862823,ID00319693,8,310.67,2022
0.047446914,,14819.34638,38.006313,114.534697,2.27E-04,0.134608468,6.96E-04,40.14555312,ID00319693,9,299.82,2022
0.044077301,14766.36791,-4327.7182,38.006313,114.534697,3.79E-04,0.132978067,5.05E-04,37.76048478,ID00319693,10,292.64,2022
0.044914276,,14069.92466,38.006313,114.534697,3.45E-04,0.135398111,0.001153737,35.28184457,ID00319693,11,250.96,2022
0.04752013,13943.47146,13380.33464,38.006313,114.534697,4.71E-04,0.152630028,,53.04600042,ID00319693,12,227.31,2022
0.061359329,14379.41029,13776.87361,30.400404,114.871003,3.09E-04,0.111937433,-2.37E-04,12.11381603,ID00319671,1,39.6,2019
0.064914438,-7698.041176,2204.878431,30.400404,114.871003,3.00E-04,0.121087459,5.11E-05,10.20073549,ID00319671,2,38.32,2019
0.064450297,14648.88467,14100.13882,30.400404,114.871003,2.48E-04,0.125756966,1.31E-04,51.08078312,ID00319671,3,41.98,2019
0.057666282,15041.92624,14523.80725,30.400404,114.871003,1.95E-04,0.130940883,3.90E-04,20.66795103,ID00319671,4,41.36,2019
0.055085322,15227.9981,14611.79937,30.400404,114.871003,1.81E-04,0.128982226,4.77E-05,12.69105136,ID00319671,5,39.42,2019
0.049312333,15510.89461,14794.66953,30.400404,114.871003,1.71E-04,0.132867599,1.04E-04,14.33616457,ID00319671,6,41.39,2019
0.043291555,15738.44232,14909.16859,30.400404,114.871003,1.26E-04,0.130957343,-3.68E-05,14.96630619,ID00319671,7,41.01,2019
0.047208186,15680.89124,15016.64403,30.400404,114.871003,1.28E-04,0.1300909,-6.31E-05,14.69115194,ID00319671,8,42.58,2019
0.056309295,15517.27244,14837.48689,30.400404,114.871003,1.38E-04,0.125272766,1.01E-04,14.31503413,ID00319671,9,40.78,2019
0.048268769,15147.83983,14555.6568,30.400404,114.871003,1.85E-04,0.122181937,3.22E-04,14.93611509,ID00319671,10,36.68,2019
0.051743766,14836.08217,14137.22873,30.400404,114.871003,2.04E-04,0.11762436,1.47E-04,18.02124505,ID00319671,11,43.45,2019
0.055045249,14426.39875,13875.68833,30.400404,114.871003,2.82E-04,0.122353265,3.15E-04,16.29839431,ID00319671,12,43.46,2019
0.06867401,14471.40882,13771.75196,30.400404,114.871003,1.25E-04,0.120504721,1.89E-04,14.1837058,ID00319671,1,45.04,2020
0.065496079,14530.16123,13884.68333,30.400404,114.871003,1.27E-04,0.130115275,3.53E-04,17.77242878,ID00319671,2,36.57,2020
0.064949994,14820.37866,14203.90033,30.400404,114.871003,1.38E-04,0.139242395,5.07E-04,18.8038722,ID00319671,3,38.59,2020
0.059278895,15143.82946,14402.38221,30.400404,114.871003,2.02E-04,0.145894394,1.93E-04,15.06310501,ID00319671,4,44.53,2020
0.054022111,15359.89232,14664.4968,30.400404,114.871003,1.57E-04,0.13662097,1.96E-04,17.23578392,ID00319671,5,46.16,2020
0.049116064,,14816.22157,30.400404,114.871003,1.30E-04,0.126113141,2.50E-05,19.63851417,ID00319671,6,43.39,2020
0.040840824,,14867.93235,30.400404,114.871003,1.52E-04,0.126877818,-9.07E-05,13.18310292,ID00319671,7,44.09,2020
0.041300655,,14978.6634,30.400404,114.871003,1.29E-04,0.125653297,-2.22E-06,20.85483062,ID00319671,8,45.62,2020
0.052048536,15620.47451,14954.16814,30.400404,114.871003,1.78E-04,0.125852596,3.31E-04,14.09963962,ID00319671,9,45.74,2020
0.054603532,15041.72549,14485.58268,30.400404,114.871003,1.89E-04,0.117100773,1.69E-04,19.55122791,ID00319671,10,46.95,2020
0.050805727,14859.99275,14356.65722,30.400404,114.871003,2.49E-04,0.120217784,2.59E-04,21.11552425,ID00319671,11,46.86,2020
0.063911888,14267.15387,13747.40745,30.400404,114.871003,3.43E-04,0.117818445,1.21E-04,20.83385345,ID00319671,12,48,2020
0.059353811,14197.03029,13793.14502,30.400404,114.871003,3.82E-04,0.124400581,5.62E-04,24.18757872,ID00319671,1,41.56,2021
0.056206309,14724.13632,14137.06095,30.400404,114.871003,2.14E-04,0.131474044,3.06E-04,25.49473829,ID00319671,2,43.98,2021
0.059273478,14876.21948,14258.26797,30.400404,114.871003,2.74E-04,0.130195538,3.67E-04,19.15099038,ID00319671,3,52.39,2021
0.055304783,15155.88954,14527.84641,30.400404,114.871003,2.12E-04,0.143136564,2.58E-04,19.6134411,ID00319671,4,51.14,2021
0.05132077,15150.42181,14783.32157,30.400404,114.871003,2.02E-04,0.136928368,2.10E-04,15.36749293,ID00319671,5,54.21,2021
0.046439505,15568.72402,14794.20376,30.400404,114.871003,1.77E-04,0.132370281,-1.18E-04,30.05078417,ID00319671,6,51.08,2021
0.038733099,,15006.31144,30.400404,114.871003,1.32E-04,0.135196902,5.20E-05,21.29133106,ID00319671,7,41.99,2021
0.043785255,3920.77451,14997.00343,30.400404,114.871003,1.38E-04,0.133208652,3.92E-04,6.667115185,ID00319671,8,39.4,2021
0.045873754,15429.34173,14883.35986,30.400404,114.871003,1.50E-04,0.128819133,1.54E-04,18.84309306,ID00319671,9,38,2021
0.046680113,15066.14613,14639.52521,30.400404,114.871003,2.49E-04,0.124517899,3.28E-05,15.7623997,ID00319671,10,38,2021
0.049768451,14685.02903,14014.03093,30.400404,114.871003,3.00E-04,0.127281501,4.92E-04,20.54472794,ID00319671,11,31.76,2021
0.052783202,14477.90037,13949.66609,30.400404,114.871003,4.75E-04,0.125617217,5.39E-04,18.69484302,ID00319671,12,48.01,2021
0.062261292,14357.71373,13837.32794,30.400404,114.871003,3.80E-04,0.131965081,-4.27E-05,19.83043657,ID00319671,1,48,2022
0.058094948,14600.2366,13792.25735,30.400404,114.871003,2.34E-04,0.133318041,1.67E-04,22.65504606,ID00319671,2,46.28,2022
0.057095207,14897.26289,14410.10039,30.400404,114.871003,2.20E-04,0.138781818,4.16E-04,19.38984324,ID00319671,3,51.22,2022
0.05491964,15280.87418,14537.32059,30.400404,114.871003,1.58E-04,0.142833978,3.44E-04,19.90969359,ID00319671,4,47.06,2022
0.051506559,15241.15174,14573.63217,30.400404,114.871003,1.57E-04,0.143709013,2.10E-05,20.85573511,ID00319671,5,47.8,2022
0.042554365,15488.47196,14891.01652,30.400404,114.871003,1.28E-04,0.138147651,1.66E-04,13.92813229,ID00319671,6,45.38,2022
0.038663744,15630.52876,14971.16091,30.400404,114.871003,1.21E-04,0.132692168,-5.02E-05,0,ID00319671,7,45.82,2022
0.041322849,15841.25474,15078.00688,30.400404,114.871003,1.24E-04,0.128211131,4.85E-05,13.92614728,ID00319671,8,45.56,2022
0.046653113,15534.51076,14877.47969,30.400404,114.871003,1.42E-04,0.129789908,1.55E-04,15.83943605,ID00319671,9,40.54,2022
0.044567116,15027.47971,14584.24841,30.400404,114.871003,1.80E-04,0.121411634,2.45E-04,20.33277452,ID00319671,10,34.17,2022
0.048978727,15006.41174,14410.6929,30.400404,114.871003,1.94E-04,0.117503945,-1.11E-04,19.97906847,ID00319671,11,39.51,2022
0.050144878,14301.78496,13789.31709,30.400404,114.871003,2.40E-04,0.12600163,3.36E-04,20.17114242,ID00319671,12,40.69,2022
0.063193737,-7483.12549,13905.43922,27.791966,114.918118,1.85E-04,0.104786512,-2.02E-05,2.733948528,ID00319660,1,84.17,2019
0.052883225,,,27.791966,114.918118,1.22E-04,0.103294127,4.14E-04,3.027183818,ID00319660,2,76.82,2019
0.057910476,4128.283824,-8308.016667,27.791966,114.918118,1.44E-04,0.116556428,4.81E-04,13.63083594,ID00319660,3,83.8,2019
0.060401226,15374.51765,14842.53529,27.791966,114.918118,1.31E-04,0.127672814,4.50E-05,23.4085225,ID00319660,4,70.24,2019
0.063419103,15263.59706,11642.36422,27.791966,114.918118,1.39E-04,0.124514833,2.78E-04,17.6662747,ID00319660,5,82.59,2019
0.044114624,-335.1147059,14929.38873,27.791966,114.918118,1.13E-04,0.12990059,1.42E-04,18.57327658,ID00319660,6,78.83,2019
0.041136969,,14961.83268,27.791966,114.918118,1.08E-04,0.128466322,3.72E-05,21.21405144,ID00319660,7,81.7,2019
0.04313969,-7354.34902,15034.35044,27.791966,114.918118,1.24E-04,0.12816067,1.13E-04,22.95143926,ID00319660,8,82.09,2019
0.052776207,15627.99977,14959.34244,27.791966,114.918118,1.32E-04,0.123176078,2.73E-04,21.98235268,ID00319660,9,80.41,2019
0.060295185,15318.025,14711.1442,27.791966,114.918118,1.82E-04,0.121879399,-9.87E-05,17.83943888,ID00319660,10,75.95,2019
0.060731361,15074.62552,14327.35556,27.791966,114.918118,2.27E-04,0.113653498,5.06E-04,20.99689739,ID00319660,11,75.36,2019
0.05708824,7225.954902,13932.20556,27.791966,114.918118,2.05E-04,0.113977856,3.30E-04,18.5894462,ID00319660,12,75.23,2019
0.067456289,14983.3866,7268.197059,27.791966,114.918118,1.49E-04,0.113702574,1.86E-04,12.82107836,ID00319660,1,82.82,2020
0.059948204,14947.92137,,27.791966,114.918118,1.03E-04,0.12367055,-2.24E-05,12.05894367,ID00319660,2,70.09,2020
0.06993202,15075.98007,2796.188235,27.791966,114.918118,1.30E-04,0.132697192,4.64E-04,11.30734071,ID00319660,3,77.41,2020
0.068330135,15284.44702,14341.81765,27.791966,114.918118,1.56E-04,0.139864833,6.83E-05,19.90003165,ID00319660,4,84.25,2020
0.057850605,-2629.681373,14736.65294,27.791966,114.918118,1.43E-04,0.133091145,7.85E-05,15.21882374,ID00319660,5,81.11,2020
0.037615038,,15001.43137,27.791966,114.918118,9.23E-05,0.125516005,-2.54E-05,24.79121091,ID00319660,6,81.43,2020
0.038034007,,15028.98922,27.791966,114.918118,1.13E-04,0.125233174,5.75E-05,16.14648553,ID00319660,7,85.7,2020
0.039269449,,14995.52235,27.791966,114.918118,1.19E-04,0.124935889,1.20E-05,20.73073548,ID00319660,8,85.92,2020
0.045119023,,14654.53039,27.791966,114.918118,1.46E-04,0.126668402,3.49E-04,7.913245204,ID00319660,9,83.31,2020
0.04999922,15237.21765,14493.33922,27.791966,114.918118,1.59E-04,0.115106629,4.76E-04,23.48469654,ID00319660,10,90.12,2020
0.051896301,15098.66056,14333.66413,27.791966,114.918118,1.98E-04,0.116748636,4.34E-04,20.44733084,ID00319660,11,86.58,2020
0.064667803,14289.50588,14111.4549,27.791966,114.918118,2.69E-04,0.110795721,-5.95E-05,19.29123285,ID00319660,12,79.85,2020
0.067710759,14425.46305,13840.98742,27.791966,114.918118,3.84E-04,0.116683844,3.89E-04,24.97248789,ID00319660,1,93.04,2021
0.064248314,14831.25621,,27.791966,114.918118,1.79E-04,0.126246244,1.92E-04,31.06338465,ID00319660,2,82.25,2021
0.064849313,15175.5598,12031.22157,27.791966,114.918118,1.70E-04,0.123632708,4.54E-04,18.38830861,ID00319660,3,87.31,2021
0.052976726,-496.8568627,14453.39314,27.791966,114.918118,1.32E-04,0.136212426,-7.68E-05,8.209882347,ID00319660,4,70.3,2021
0.052598232,7749.998039,1718.206373,27.791966,114.918118,1.33E-04,0.134607979,-8.01E-06,23.62880888,ID00319660,5,79.4,2021
0.045397584,6125.333824,14703.22647,27.791966,114.918118,1.29E-04,0.129760859,1.46E-04,7.667102893,ID00319660,6,93.16,2021
0.036975478,,15076.62199,27.791966,114.918118,1.14E-04,0.131259052,9.41E-05,31.06342866,ID00319660,7,97.29,2021
0.043900805,,15013.51765,27.791966,114.918118,1.29E-04,0.129846475,2.12E-04,17.44228948,ID00319660,8,86.05,2021
0.049121091,15664.80915,14947.35812,27.791966,114.918118,1.71E-04,0.128112573,1.23E-04,34.58393267,ID00319660,9,86.46,2021
0.042567421,7917.533333,14976.73529,27.791966,114.918118,1.68E-04,0.125274483,8.85E-05,27.48671122,ID00319660,10,94.52,2021
0.048123684,14792.2402,13922.68529,27.791966,114.918118,2.75E-04,0.122163859,3.19E-04,28.41631934,ID00319660,11,93.14,2021
0.061432026,14676.00337,14072.14085,27.791966,114.918118,3.62E-04,0.119740121,5.79E-04,27.70527521,ID00319660,12,98.93,2021
0.064862738,-7113.340686,13814.99118,27.791966,114.918118,2.37E-04,0.120922503,0.001017377,26.01495569,ID00319660,1,87.81,2022
0.059972462,,,27.791966,114.918118,1.68E-04,0.129872814,3.77E-04,14.81963212,ID00319660,2,90.83,2022
0.053917474,15019.0402,7569.101471,27.791966,114.918118,1.45E-04,0.131114764,2.75E-04,27.34149813,ID00319660,3,96.7,2022
0.057551199,,,27.791966,114.918118,1.81E-04,0.136682104,2.67E-04,37.45415487,ID00319660,4,89.29,2022
0.050800996,7709.576797,12257.28873,27.791966,114.918118,1.38E-04,0.140239035,-3.14E-05,30.62431085,ID00319660,5,95.29,2022
0.04136406,,15027.59412,27.791966,114.918118,9.44E-05,0.134770633,5.31E-05,21.73098759,ID00319660,6,75.9,2022
0.0360733,-4307.665686,15134.00676,27.791966,114.918118,1.13E-04,0.130331146,7.17E-05,0,ID00319660,7,77.08,2022
0.039793474,1612.998039,15102.69526,27.791966,114.918118,1.22E-04,0.127611262,-3.73E-05,30.37917228,ID00319660,8,76.6,2022
0.052768177,15698.39755,14917.25084,27.791966,114.918118,1.52E-04,0.127378131,6.03E-05,28.9920516,ID00319660,9,77.08,2022
0.046071864,15276.58218,15061.81961,27.791966,114.918118,1.50E-04,0.119620052,2.03E-04,37.7383284,ID00319660,10,77.4,2022
0.043624588,15180.59297,14724.45588,27.791966,114.918118,1.76E-04,0.114481422,-3.16E-05,17.14697803,ID00319660,11,77.61,2022
0.050244396,14448.34108,13836.16863,27.791966,114.918118,2.38E-04,0.119964391,3.29E-04,40.9661452,ID00319660,12,79.39,2022
0.058750229,14452.60529,13829.76686,30.203414,115.1206,2.50E-04,0.113184812,3.69E-04,0.938861419,ID00319699,1,29.74,2019
0.065373716,14524.36141,,30.203414,115.1206,1.64E-04,0.119583985,-3.97E-04,6.898192836,ID00319699,2,29.54,2019
0.061339339,14836.88998,14156.56294,30.203414,115.1206,1.83E-04,0.12596107,2.96E-04,8.128562611,ID00319699,3,28.18,2019
0.054390376,15006.85965,14484.48727,30.203414,115.1206,1.50E-04,0.132635437,6.55E-04,7.916941724,ID00319699,4,31.99,2019
0.053383479,15205.84774,14639.90118,30.203414,115.1206,1.77E-04,0.128602004,2.90E-04,8.180039262,ID00319699,5,30.42,2019
0.047684287,15358.71629,14749.21108,30.203414,115.1206,1.45E-04,0.132178149,-1.17E-05,7.377480261,ID00319699,6,31.44,2019
0.044369491,-3387.418217,14895.60798,30.203414,115.1206,1.18E-04,0.130777916,3.71E-05,6.580031792,ID00319699,7,31.49,2019
0.044959519,15598.69918,14964.53455,30.203414,115.1206,1.20E-04,0.130011431,1.87E-05,7.423048492,ID00319699,8,31.18,2019
0.054045985,15367.08319,14800.51277,30.203414,115.1206,1.49E-04,0.125510859,2.03E-04,7.921540084,ID00319699,9,29.05,2019
0.050459867,15095.94283,14514.98699,30.203414,115.1206,1.74E-04,0.122258938,1.21E-04,6.522196367,ID00319699,10,29.08,2019
0.051209951,14829.3832,14262.52693,30.203414,115.1206,2.02E-04,0.116997374,3.48E-04,6.457206197,ID00319699,11,31.23,2019
0.05746098,14477.44863,13906.81942,30.203414,115.1206,2.56E-04,0.121537287,4.90E-04,6.023758516,ID00319699,12,31.66,2019
0.063708999,14379.53738,13815.57027,30.203414,115.1206,1.15E-04,0.120822087,6.65E-04,6.731772698,ID00319699,1,29.46,2020
0.059167052,14457.40767,13937.24437,30.203414,115.1206,1.07E-04,0.128111617,1.68E-04,8.078552993,ID00319699,2,35.59,2020
0.060406936,14760.83086,14214.50175,30.203414,115.1206,1.24E-04,0.139400615,3.16E-04,6.682740176,ID00319699,3,26.81,2020
0.055899374,15046.4255,14391.04411,30.203414,115.1206,1.59E-04,0.146581011,3.17E-04,6.761934372,ID00319699,4,31.67,2020
0.057093008,15181.39667,14622.75163,30.203414,115.1206,1.64E-04,0.135506414,1.46E-04,7.29293094,ID00319699,5,30.53,2020
0.047008487,2427.907933,14753.63467,30.203414,115.1206,1.17E-04,0.12553085,-1.97E-04,7.691743344,ID00319699,6,31.76,2020
0.041392962,,14827.23017,30.203414,115.1206,1.15E-04,0.126331419,1.18E-04,6.038619103,ID00319699,7,31.09,2020
0.040638162,-3402.989226,14975.99971,30.203414,115.1206,1.15E-04,0.125927687,1.12E-04,8.581633332,ID00319699,8,34.75,2020
0.049428798,6107.881162,14849.75188,30.203414,115.1206,1.42E-04,0.125114778,1.24E-04,0.022357983,ID00319699,9,34.21,2020
0.05326245,14920.26009,14454.92831,30.203414,115.1206,1.87E-04,0.1163838,3.65E-04,6.457477972,ID00319699,10,31.17,2020
0.049306693,14810.40112,14346.30279,30.203414,115.1206,1.93E-04,0.119821401,3.39E-04,8.360687894,ID00319699,11,36.2,2020
0.06632129,14259.82436,13830.31538,30.203414,115.1206,3.65E-04,0.116440398,0.001088943,8.578165791,ID00319699,12,34.22,2020
0.056496985,14258.00147,13842.75687,30.203414,115.1206,3.52E-04,0.124152892,3.96E-04,10.77734818,ID00319699,1,36.26,2021
0.056995092,14671.95078,14143.47485,30.203414,115.1206,2.04E-04,0.130855868,1.45E-05,9.247933528,ID00319699,2,36.48,2021
0.059312132,14785.59696,14289.19148,30.203414,115.1206,1.72E-04,0.129897016,1.55E-04,7.227360416,ID00319699,3,33.08,2021
0.056959868,15046.91544,14422.43364,30.203414,115.1206,1.74E-04,0.141094328,1.73E-04,3.140798286,ID00319699,4,36.47,2021
0.050290282,15108.48036,14719.5617,30.203414,115.1206,1.79E-04,0.137856703,2.73E-05,6.869250662,ID00319699,5,34.91,2021
0.048873661,15398.04682,14746.96327,30.203414,115.1206,1.46E-04,0.134110011,3.98E-04,8.775161577,ID00319699,6,36.08,2021
0.0378592,,14960.28597,30.203414,115.1206,1.11E-04,0.13479239,1.19E-04,11.54673132,ID00319699,7,35.1,2021
0.042001807,15576.36239,14906.49912,30.203414,115.1206,1.18E-04,0.133136737,1.06E-05,9.622059431,ID00319699,8,28.19,2021
0.045928273,15324.61401,14819.55725,30.203414,115.1206,1.32E-04,0.128656744,-5.99E-05,8.60631984,ID00319699,9,24,2021
0.046423566,15140.38133,14646.37065,30.203414,115.1206,2.34E-04,0.125312023,1.85E-04,6.450129744,ID00319699,10,28.43,2021
0.045794219,14660.6314,14083.10503,30.203414,115.1206,2.60E-04,0.127052562,5.49E-04,7.989108826,ID00319699,11,28.89,2021
0.057368658,14458.74055,13982.35608,30.203414,115.1206,3.59E-04,0.124103454,6.92E-04,8.31299965,ID00319699,12,28,2021
0.064797874,14361.53134,13859.92491,30.203414,115.1206,3.10E-04,0.131100132,7.40E-04,9.821828894,ID00319699,1,39.07,2022
0.059221465,14529.92148,13827.21017,30.203414,115.1206,2.21E-04,0.132796293,2.28E-05,7.492612675,ID00319699,2,39.6,2022
0.054225481,14812.33194,14366.17026,30.203414,115.1206,1.64E-04,0.138756497,4.66E-04,10.71600161,ID00319699,3,38.73,2022
0.054440378,15098.1532,14410.77228,30.203414,115.1206,1.54E-04,0.143223831,5.18E-05,10.08851866,ID00319699,4,34.72,2022
0.050192725,15175.95531,14542.77498,30.203414,115.1206,1.54E-04,0.142615417,4.05E-04,9.165621813,ID00319699,5,30.93,2022
0.0418692,13578.12373,14872.78844,30.203414,115.1206,1.20E-04,0.138454096,8.25E-05,10.34292378,ID00319699,6,31.28,2022
0.037228649,10180.88051,14934.24143,30.203414,115.1206,1.17E-04,0.132170491,8.20E-05,10.92170444,ID00319699,7,30.3,2022
0.041349682,15645.6998,15016.48539,30.203414,115.1206,1.28E-04,0.12862046,-3.14E-05,5.917397155,ID00319699,8,28.56,2022
0.04855627,15442.39912,14782.97396,30.203414,115.1206,1.49E-04,0.129880479,-4.60E-05,8.057096187,ID00319699,9,27.05,2022
0.045978423,14984.07622,14540.71251,30.203414,115.1206,1.67E-04,0.12068892,1.86E-04,10.08983832,ID00319699,10,27.58,2022
0.048410245,14931.74864,14408.54816,30.203414,115.1206,1.95E-04,0.117462361,3.20E-04,8.546084577,ID00319699,11,31.25,2022
0.048574036,14328.30517,13842.36684,30.203414,115.1206,2.57E-04,0.123752273,6.37E-04,11.21664314,ID00319699,12,28.47,2022
0.058198359,10904.29077,13854.45555,28.651654,115.98861,1.75E-04,0.107481721,3.50E-04,11.57350716,ID00319662,1,23.33,2019
0.056087729,,,28.651654,115.98861,9.42E-05,0.107051119,2.21E-04,1.998155661,ID00319662,2,38.95,2019
0.057289659,11276.65521,14137.2538,28.651654,115.98861,1.87E-04,0.121711755,2.48E-04,18.57442532,ID00319662,3,34.32,2019
0.057558613,15217.2775,14522.58824,28.651654,115.98861,1.43E-04,0.128896145,3.30E-04,20.8376594,ID00319662,4,38.11,2019
0.055622646,15488.51801,14658.42338,28.651654,115.98861,1.25E-04,0.128173858,3.41E-04,21.64282474,ID00319662,5,36.76,2019
0.042142957,15499.99214,14792.30108,28.651654,115.98861,1.21E-04,0.131685458,5.78E-05,23.99056224,ID00319662,6,24.75,2019
0.040264422,-7440.167976,15010.17387,28.651654,115.98861,1.07E-04,0.129625733,3.94E-05,22.87317226,ID00319662,7,22.57,2019
0.039119054,15778.34627,15036.84126,28.651654,115.98861,9.99E-05,0.128956518,-2.41E-05,23.62909574,ID00319662,8,23.34,2019
0.045727094,15538.20228,14835.27548,28.651654,115.98861,9.60E-05,0.124352398,1.13E-04,26.43705038,ID00319662,9,19.33,2019
0.052261706,15494.8697,14617.35817,28.651654,115.98861,1.27E-04,0.122594806,3.33E-04,24.12601379,ID00319662,10,28.31,2019
0.049140387,15025.15339,14232.32063,28.651654,115.98861,1.98E-04,0.11428906,1.11E-04,27.71616359,ID00319662,11,36.86,2019
0.052036754,14442.98576,13944.89694,28.651654,115.98861,2.12E-04,0.117681592,2.38E-04,24.90955562,ID00319662,12,40.09,2019
0.064244941,10858.39293,13859.78281,28.651654,115.98861,1.42E-04,0.113314806,3.63E-04,16.72803533,ID00319662,1,28.8,2020
0.058577623,14773.91624,13865.82662,28.651654,115.98861,9.48E-05,0.124075288,1.52E-04,15.79982831,ID00319662,2,34.73,2020
0.065232794,15134.76654,14209.55182,28.651654,115.98861,1.21E-04,0.1343044,7.13E-04,19.29913059,ID00319662,3,33.3,2020
0.05684107,15309.96428,14229.77431,28.651654,115.98861,1.77E-04,0.144215832,3.43E-04,23.44515729,ID00319662,4,34.81,2020
0.053147489,15660.52521,14848.78536,28.651654,115.98861,1.26E-04,0.135031152,-5.64E-05,25.29029466,ID00319662,5,35.22,2020
0.0381148,,14905.62344,28.651654,115.98861,1.04E-04,0.126625735,1.46E-05,31.74744373,ID00319662,6,37.29,2020
0.037464377,,-6263.425344,28.651654,115.98861,1.17E-04,0.125672724,4.95E-05,24.62340913,ID00319662,7,35.28,2020
0.037327706,-4880.145383,15052.18281,28.651654,115.98861,1.17E-04,0.125889433,2.47E-06,24.14057002,ID00319662,8,34.7,2020
0.046487798,,,28.651654,115.98861,1.13E-04,0.125657469,5.02E-05,1.138153253,ID00319662,9,34.71,2020
0.049885335,15134.56541,14370.60756,28.651654,115.98861,1.19E-04,0.11504698,1.56E-04,28.0487996,ID00319662,10,34.99,2020
0.047870905,14984.65938,14321.24491,28.651654,115.98861,1.30E-04,0.117644861,2.67E-04,31.72785132,ID00319662,11,35.52,2020
0.058378027,14358.50622,13943.82056,28.651654,115.98861,2.10E-04,0.113543681,5.38E-04,26.80803757,ID00319662,12,42.32,2020
0.056493787,14386.21881,13796.91968,28.651654,115.98861,3.52E-04,0.119262579,2.04E-04,32.25515911,ID00319662,1,29.55,2021
0.053688132,14887.40439,14124.37916,28.651654,115.98861,1.33E-04,0.129022266,2.70E-04,29.49832693,ID00319662,2,32.46,2021
0.065100037,11301.68304,14295.06434,28.651654,115.98861,1.86E-04,0.125720582,3.40E-06,28.29875014,ID00319662,3,19.97,2021
0.057654071,15296.31287,14483.83202,28.651654,115.98861,1.68E-04,0.133561457,2.53E-04,24.06657904,ID00319662,4,37.36,2021
0.052408057,15252.29568,14771.25966,28.651654,115.98861,1.76E-04,0.136240486,1.98E-04,30.62384626,ID00319662,5,37.7,2021
0.042783096,15630.14538,14839.64047,28.651654,115.98861,1.35E-04,0.130737523,-8.14E-05,44.28073182,ID00319662,6,37.63,2021
0.035320608,,15030.45776,28.651654,115.98861,1.15E-04,0.131302362,-6.00E-05,45.46061031,ID00319662,7,36.72,2021
0.040531946,15745.69253,15035.2053,28.651654,115.98861,1.26E-04,0.130640942,-4.91E-05,23.99134298,ID00319662,8,36.9,2021
0.04294901,15625.35098,14920.05713,28.651654,115.98861,1.37E-04,0.128800255,-7.47E-05,28.6016743,ID00319662,9,37.44,2021
0.043392768,15589.9382,14844.67701,28.651654,115.98861,1.54E-04,0.123196047,-1.02E-04,28.39364209,ID00319662,10,35.76,2021
0.044718619,14704.26003,14077.29003,28.651654,115.98861,2.28E-04,0.124159326,1.95E-04,23.99004686,ID00319662,11,36.9,2021
0.053168656,14496.99965,13973.75901,28.651654,115.98861,2.77E-04,0.121425109,1.26E-04,34.42223751,ID00319662,12,43.29,2021
0.053590164,14539.45678,13903.10871,28.651654,115.98861,1.58E-04,0.127397358,5.23E-04,26.38374014,ID00319662,1,30.66,2022
0.054040032,14830.6611,13775.46267,28.651654,115.98861,2.06E-04,0.131252788,3.48E-05,24.72875774,ID00319662,2,35.23,2022
0.050777948,15172.14031,14256.77374,28.651654,115.98861,1.68E-04,0.133478393,2.26E-04,29.51349163,ID00319662,3,26.08,2022
0.051555272,15260.36346,14601.09381,28.651654,115.98861,1.50E-04,0.139122719,1.21E-04,23.56000241,ID00319662,4,37.3,2022
0.048412353,15533.39506,14516.13294,28.651654,115.98861,1.28E-04,0.142308676,2.02E-04,28.88262291,ID00319662,5,35.85,2022
0.040117037,-9342.359528,14809.97053,28.651654,115.98861,1.10E-04,0.135707616,-1.37E-05,31.09336661,ID00319662,6,36.41,2022
0.034678399,,15099.40233,28.651654,115.98861,1.06E-04,0.130538168,6.26E-05,0,ID00319662,7,34.13,2022
0.037995238,,15069.09509,28.651654,115.98861,1.08E-04,0.128079744,8.81E-05,38.53353291,ID00319662,8,34.36,2022
0.048421801,11880.13621,14875.33728,28.651654,115.98861,1.07E-04,0.128259253,2.14E-04,28.83821261,ID00319662,9,36.3,2022
0.04178457,15231.12782,14584.2225,28.651654,115.98861,1.11E-04,0.12049132,1.34E-04,31.18353389,ID00319662,10,35.31,2022
0.044062709,15233.3493,14441.87623,28.651654,115.98861,1.49E-04,0.116351234,1.94E-04,18.61555553,ID00319662,11,37.13,2022
0.04593589,14436.31281,13812.70313,28.651654,115.98861,1.91E-04,0.120721007,1.32E-04,30.62469495,ID00319662,12,43.02,2022
0.068766419,14169.35479,,36.231183,116.545112,4.47E-04,0.13240715,7.24E-04,15.4205615,ID00319641,1,34.07,2019
0.066160588,14299.60942,13437.96222,36.231183,116.545112,2.82E-04,0.136586395,5.64E-04,11.5256945,ID00319641,2,35.68,2019
0.050593032,14903.65549,13826.55099,36.231183,116.545112,2.73E-04,0.155428514,4.04E-04,14.70018379,ID00319641,3,32.38,2019
0.053664925,15073.18163,14095.86982,36.231183,116.545112,2.19E-04,0.144858105,2.91E-04,15.5446786,ID00319641,4,32.51,2019
0.052800632,15439.67203,14255.77779,36.231183,116.545112,1.67E-04,0.143995976,1.78E-04,20.72239461,ID00319641,5,34.29,2019
0.052414142,15600.85967,14760.44774,36.231183,116.545112,1.68E-04,0.143051317,1.71E-04,22.52280215,ID00319641,6,35.88,2019
0.050655229,15666.89421,14834.2752,36.231183,116.545112,1.47E-04,0.138027077,1.02E-04,23.13469244,ID00319641,7,35.05,2019
0.050441183,15379.48012,14727.75384,36.231183,116.545112,1.45E-04,0.132091263,4.11E-04,22.82821179,ID00319641,8,35.94,2019
0.054841117,15329.66313,14665.54378,36.231183,116.545112,1.62E-04,0.132354831,8.92E-05,26.34140099,ID00319641,9,34.97,2019
0.049936665,15014.80739,14217.45142,36.231183,116.545112,2.42E-04,0.129905515,1.38E-04,32.04617238,ID00319641,10,34.09,2019
0.050688747,14451.36016,13984.94463,36.231183,116.545112,3.12E-04,0.131485552,8.95E-04,29.25063744,ID00319641,11,36.8,2019
0.052450596,14190.89477,13608.66928,36.231183,116.545112,2.59E-04,0.14342162,-5.58E-04,27.31490637,ID00319641,12,34.73,2019
0.06733316,14115.55103,,36.231183,116.545112,2.37E-04,0.148171649,4.87E-04,23.73889567,ID00319641,1,35.37,2020
0.057485543,14526.02625,13695.19535,36.231183,116.545112,1.22E-04,0.156468724,5.99E-04,25.63331508,ID00319641,2,33.29,2020
0.050707654,14878.59751,13880.14275,36.231183,116.545112,2.04E-04,0.155405544,5.09E-04,27.98465219,ID00319641,3,29.85,2020
0.057035852,15012.03264,14148.13688,36.231183,116.545112,2.12E-04,0.157707129,2.17E-04,27.31033336,ID00319641,4,35.73,2020
0.050418224,15355.46106,14526.28198,36.231183,116.545112,1.42E-04,0.149632506,1.24E-04,24.84784141,ID00319641,5,35.31,2020
0.054028291,15606.90955,14797.25548,36.231183,116.545112,1.35E-04,0.134208513,1.11E-04,26.82712965,ID00319641,6,35.45,2020
0.048246744,15539.0664,14721.20919,36.231183,116.545112,1.21E-04,0.136361769,1.01E-04,25.85930612,ID00319641,7,35.22,2020
0.044543355,-8019.930324,14891.28597,36.231183,116.545112,1.09E-04,0.128516151,8.20E-05,25.02092418,ID00319641,8,35.81,2020
0.050199322,15235.15334,14525.86027,36.231183,116.545112,1.70E-04,0.132526071,3.40E-04,28.89683749,ID00319641,9,35.26,2020
0.051632508,14864.32136,13991.70101,36.231183,116.545112,2.57E-04,0.127000141,1.77E-04,49.64379318,ID00319641,10,35.03,2020
0.051302007,14633.37794,13919.92873,36.231183,116.545112,2.53E-04,0.127428117,4.59E-04,34.60961984,ID00319641,11,36.94,2020
0.058986984,13962.53503,,36.231183,116.545112,5.47E-04,0.13884854,2.06E-04,41.4944062,ID00319641,12,38.44,2020
0.064841546,14022.60005,13566.64671,36.231183,116.545112,4.23E-04,0.142831038,0.001283409,30.42488744,ID00319641,1,50.59,2021
0.052665813,14600.66759,13757.28492,36.231183,116.545112,2.47E-04,0.146814158,7.35E-04,38.49406607,ID00319641,2,69.49,2021
0.055413125,14719.26919,13902.79748,36.231183,116.545112,3.03E-04,0.150598231,9.69E-05,36.05658597,ID00319641,3,63.32,2021
0.055872449,14948.91975,14005.603,36.231183,116.545112,2.22E-04,0.155728576,3.17E-04,38.56622847,ID00319641,4,69.51,2021
0.051297216,15265.68409,14294.95479,36.231183,116.545112,1.51E-04,0.149756943,4.36E-04,32.84075322,ID00319641,5,68.01,2021
0.050199897,15593.36861,14664.79956,36.231183,116.545112,1.77E-04,0.141631299,2.53E-04,38.98143578,ID00319641,6,60.66,2021
0.043364729,15679.96271,14786.78377,36.231183,116.545112,1.32E-04,0.140713098,2.26E-04,30.21845967,ID00319641,7,52.78,2021
0.057300845,15445.58325,14787.92193,36.231183,116.545112,1.35E-04,0.138401918,-5.44E-05,32.56709374,ID00319641,8,46.87,2021
0.046996385,15235.80877,14622.45985,36.231183,116.545112,1.39E-04,0.133713055,5.20E-05,39.94747833,ID00319641,9,24.82,2021
0.047522925,14785.87349,14172.4344,36.231183,116.545112,2.88E-04,0.128133269,1.50E-04,26.61911977,ID00319641,10,11.97,2021
0.044882932,14454.71753,13782.2182,36.231183,116.545112,4.23E-04,0.146175777,0.001081087,47.27293421,ID00319641,11,16.24,2021
0.046503445,14102.36747,13657.88152,36.231183,116.545112,3.72E-04,0.142115263,0.005731949,48.50063541,ID00319641,12,25.88,2021
0.060979465,14250.34118,13402.67517,36.231183,116.545112,4.02E-04,0.155885307,1.54E-04,31.74755406,ID00319641,1,27.9,2022
0.053472663,14326.16582,13871.76251,36.231183,116.545112,2.27E-04,0.159024976,5.27E-04,28.6194951,ID00319641,2,32.55,2022
0.049040161,14804.69627,13882.47532,36.231183,116.545112,2.16E-04,0.151816585,3.12E-04,36.90085822,ID00319641,3,29.85,2022
0.050198963,15117.66006,14118.57475,36.231183,116.545112,1.61E-04,0.156257126,2.56E-04,30.57263258,ID00319641,4,32.75,2022
0.043615981,15429.40536,14372.75039,36.231183,116.545112,1.50E-04,0.156554188,2.36E-04,32.50736769,ID00319641,5,37.9,2022
0.045854962,15666.3428,14897.08449,36.231183,116.545112,1.53E-04,0.147347525,-2.73E-06,27.56288089,ID00319641,6,46.17,2022
0.041916898,15463.29048,14773.8005,36.231183,116.545112,1.35E-04,0.136619485,1.17E-04,26.60048763,ID00319641,7,47.46,2022
0.045397897,15300.26349,14864.56961,36.231183,116.545112,1.29E-04,0.129885303,-7.06E-06,24.93961512,ID00319641,8,50.83,2022
0.043872217,15272.44768,14493.97355,36.231183,116.545112,1.51E-04,0.133362449,1.38E-04,27.08741872,ID00319641,9,54.17,2022
0.043264556,14846.88598,14027.02096,36.231183,116.545112,2.68E-04,0.130198004,4.86E-04,30.20486754,ID00319641,10,53.5,2022
0.047343668,14831.61825,13945.57994,36.231183,116.545112,2.03E-04,0.131255759,1.09E-04,21.32086387,ID00319641,11,55.62,2022
0.048654427,13995.18831,13446.44496,36.231183,116.545112,3.53E-04,0.146029813,0.003448623,22.31908022,ID00319641,12,69.3,2022
0.062367593,14082.52024,,36.664644,117.145642,4.17E-04,0.135325212,0.001578712,26.52681775,ID00319642,1,184.34,2019
0.064018723,14236.9725,13740.28618,36.664644,117.145642,3.62E-04,0.139306098,6.38E-04,20.3245188,ID00319642,2,181.65,2019
0.053817866,14785.61648,13906.96212,36.664644,117.145642,2.98E-04,0.157406868,3.92E-04,26.96343034,ID00319642,3,206.82,2019
0.054038542,15110.51041,14200.70383,36.664644,117.145642,3.06E-04,0.144685545,4.72E-04,24.81693737,ID00319642,4,230.01,2019
0.051629308,15521.10265,14491.80968,36.664644,117.145642,2.10E-04,0.145711995,2.39E-04,27.53729938,ID00319642,5,248.57,2019
0.057428331,15721.30577,14846.69218,36.664644,117.145642,2.09E-04,0.14391117,1.47E-04,24.23849458,ID00319642,6,243.65,2019
0.060194633,15735.82628,14894.79289,36.664644,117.145642,1.85E-04,0.14021678,-2.58E-05,23.66068991,ID00319642,7,255.93,2019
0.050427318,15425.47123,14681.87705,36.664644,117.145642,1.77E-04,0.132968779,1.35E-04,24.14609039,ID00319642,8,253.95,2019
0.055773664,15311.69551,14625.3567,36.664644,117.145642,1.70E-04,0.131226105,2.11E-04,26.90980148,ID00319642,9,221.35,2019
0.050711383,14839.07579,14171.82259,36.664644,117.145642,2.11E-04,0.13077537,1.83E-04,27.04463903,ID00319642,10,245.66,2019
0.052554789,14360.43713,13943.39378,36.664644,117.145642,2.84E-04,0.132668594,6.40E-04,25.80974451,ID00319642,11,246.89,2019
0.053310432,14044.62169,13593.63433,36.664644,117.145642,2.99E-04,0.146226496,0.002761065,28.70131885,ID00319642,12,238.86,2019
0.062330157,14030.20039,13560.61159,36.664644,117.145642,3.24E-04,0.147582528,7.03E-04,24.7628292,ID00319642,1,257.75,2020
0.052911531,14448.98526,13758.04584,36.664644,117.145642,1.27E-04,0.158289103,4.83E-04,20.00284129,ID00319642,2,230.07,2020
0.052960552,14809.85232,14032.49885,36.664644,117.145642,2.16E-04,0.157144636,2.29E-04,28.88201094,ID00319642,3,248.71,2020
0.056126598,15066.73553,14180.48278,36.664644,117.145642,2.05E-04,0.159366616,3.60E-04,31.23661445,ID00319642,4,250.89,2020
0.052613661,15427.3952,14528.83972,36.664644,117.145642,1.75E-04,0.150711036,2.60E-04,27.43637294,ID00319642,5,267.22,2020
0.057508116,15705.62333,14879.38179,36.664644,117.145642,1.84E-04,0.136280257,2.53E-04,25.71092878,ID00319642,6,257.72,2020
0.051734534,15570.67158,14792.05796,36.664644,117.145642,1.44E-04,0.137161861,2.37E-04,24.38841595,ID00319642,7,273.13,2020
0.049352659,15471.63065,14906.43746,36.664644,117.145642,1.25E-04,0.127941274,-2.54E-04,25.72381384,ID00319642,8,277.05,2020
0.05286595,15274.70181,14551.55575,36.664644,117.145642,1.84E-04,0.133797485,3.27E-04,26.76418277,ID00319642,9,268.51,2020
0.049299238,14769.63374,14068.6645,36.664644,117.145642,2.85E-04,0.125800467,3.47E-04,33.42026485,ID00319642,10,276.37,2020
0.054617718,14544.985,13981.22509,36.664644,117.145642,2.90E-04,0.127625037,0.001340068,23.88898281,ID00319642,11,256.91,2020
0.054689781,13937.56558,13571.90504,36.664644,117.145642,5.83E-04,0.14022408,0.001450782,30.84003706,ID00319642,12,247.09,2020
0.061194494,13951.17463,13610.45236,36.664644,117.145642,5.73E-04,0.145677817,0.001098665,49.37152286,ID00319642,1,242.27,2021
0.049355043,14452.82255,13870.02893,36.664644,117.145642,2.56E-04,0.147627359,7.15E-04,44.55526564,ID00319642,2,243.87,2021
0.053739569,14574.16938,13969.31524,36.664644,117.145642,3.22E-04,0.152751426,3.79E-04,42.04149307,ID00319642,3,264.7,2021
0.05790787,14964.54824,14066.78179,36.664644,117.145642,3.27E-04,0.157796692,2.67E-04,43.56863524,ID00319642,4,269.65,2021
0.051280263,15318.22674,14538.17485,36.664644,117.145642,2.39E-04,0.151886353,1.60E-04,41.72341404,ID00319642,5,262.68,2021
0.052528055,15569.45049,14715.15948,36.664644,117.145642,2.16E-04,0.142553605,3.86E-04,38.61962418,ID00319642,6,248.06,2021
0.0439086,,14779.78114,36.664644,117.145642,1.69E-04,0.140220305,-7.12E-05,36.27775538,ID00319642,7,222.84,2021
0.058985606,15565.64342,14787.11771,36.664644,117.145642,1.75E-04,0.137771994,3.17E-04,39.66344061,ID00319642,8,198.53,2021
0.048674883,15260.88279,14647.41688,36.664644,117.145642,1.54E-04,0.134153766,-4.43E-05,39.9640592,ID00319642,9,177.54,2021
0.048256567,14727.88598,14123.00499,36.664644,117.145642,3.19E-04,0.128493762,1.83E-04,28.93341879,ID00319642,10,152.19,2021
0.046794581,14422.63065,13884.47222,36.664644,117.145642,3.78E-04,0.147087544,6.56E-04,59.01723333,ID00319642,11,166.8,2021
0.045540479,14095.15565,13756.98842,36.664644,117.145642,4.15E-04,0.143893639,-8014.914466,57.73383786,ID00319642,12,375.86,2021
0.057995494,14002.8502,13555.91454,36.664644,117.145642,4.94E-04,0.159401055,5.54E-04,50.5716868,ID00319642,1,212.95,2022
0.051844706,14174.76022,13650.72675,36.664644,117.145642,2.54E-04,0.16114302,4.04E-04,54.44248519,ID00319642,2,182.48,2022
0.045584071,14627.99888,13922.58894,36.664644,117.145642,2.13E-04,0.153785388,5.85E-04,56.76132062,ID00319642,3,220.39,2022
0.048103606,15249.88379,14167.75311,36.664644,117.145642,2.11E-04,0.158918104,5.04E-04,52.12225459,ID00319642,4,244.02,2022
0.04418885,15504.39394,14649.9792,36.664644,117.145642,1.68E-04,0.157284743,-6.10E-05,51.13632599,ID00319642,5,247.26,2022
0.046875389,15576.03543,14937.79699,36.664644,117.145642,1.96E-04,0.148173475,5.94E-05,45.99695006,ID00319642,6,266.7,2022
0.042640267,15615.43566,14821.26911,36.664644,117.145642,1.51E-04,0.135626011,1.49E-04,56.51034473,ID00319642,7,216.42,2022
0.044689614,15339.66916,14839.79391,36.664644,117.145642,1.49E-04,0.130414591,1.06E-04,42.02220775,ID00319642,8,257.7,2022
0.04608443,15296.00349,14529.07808,36.664644,117.145642,1.96E-04,0.133127987,2.33E-04,51.55558654,ID00319642,9,251.94,2022
0.039302096,14753.69952,14111.49225,36.664644,117.145642,2.65E-04,0.130917084,2.15E-04,49.64078162,ID00319642,10,284.72,2022
0.046713512,14495.9002,14005.25709,36.664644,117.145642,2.63E-04,0.133887699,4.91E-04,52.65524281,ID00319642,11,275.95,2022
0.045212323,13831.69155,13559.17092,36.664644,117.145642,3.65E-04,0.149637235,5.88E-04,63.6231464,ID00319642,12,281.74,2022
0.066635736,13952.47245,1640.892262,38.970012,117.489324,4.54E-04,0.144799913,0.001177126,16.4618067,ID00319627,1,25.82,2019
0.067560294,14129.76024,13518.88443,38.970012,117.489324,4.25E-04,0.149704085,5.01E-04,14.07775422,ID00319627,2,19.66,2019
0.054916765,14862.3372,13733.0634,38.970012,117.489324,3.33E-04,0.169292279,1.44E-04,17.66975051,ID00319627,3,24.18,2019
0.060197736,15124.38777,14007.75404,38.970012,117.489324,2.49E-04,0.153233335,3.74E-04,16.72917231,ID00319627,4,25.28,2019
0.0544436,15617.75527,14248.63474,38.970012,117.489324,2.31E-04,0.156297201,2.61E-04,15.75332258,ID00319627,5,38.45,2019
0.060177237,15683.97002,14736.12135,38.970012,117.489324,2.38E-04,0.150566595,1.31E-04,17.28040139,ID00319627,6,37.36,2019
0.06120602,15690.416,14868.14154,38.970012,117.489324,2.01E-04,0.14222407,-2.80E-05,11.73261501,ID00319627,7,37.71,2019
0.058896213,15538.81286,14693.63369,38.970012,117.489324,1.95E-04,0.137065539,4.00E-04,15.88368728,ID00319627,8,38.34,2019
0.060980682,15482.71927,14558.36005,38.970012,117.489324,2.38E-04,0.132952274,3.41E-04,15.24929721,ID00319627,9,35.54,2019
0.051699273,14987.6841,14154.98947,38.970012,117.489324,2.69E-04,0.136583735,3.55E-04,18.82281889,ID00319627,10,38.69,2019
0.060336912,14404.411,13822.11528,38.970012,117.489324,3.84E-04,0.138712341,2.96E-04,19.12928763,ID00319627,11,32.59,2019
0.057767818,13946.28578,13361.08521,38.970012,117.489324,3.38E-04,0.152116927,,17.57524234,ID00319627,12,31.82,2019
0.071851388,14100.78681,13366.52106,38.970012,117.489324,4.31E-04,0.159209649,0.001422032,21.29359899,ID00319627,1,31.87,2020
0.062721151,4387.80999,13651.80323,38.970012,117.489324,1.82E-04,0.165074669,6.51E-04,15.96370231,ID00319627,2,26.26,2020
0.053515535,14742.74984,13794.03934,38.970012,117.489324,2.58E-04,0.166642091,1.46E-04,20.10103588,ID00319627,3,31.09,2020
0.060213036,15210.86779,14055.28182,38.970012,117.489324,2.60E-04,0.167561427,3.40E-04,21.83935342,ID00319627,4,41.08,2020
0.05262575,15465.24812,14547.18723,38.970012,117.489324,1.98E-04,0.154379228,2.79E-04,17.94439554,ID00319627,5,43.22,2020
0.056421595,15575.20113,14733.60921,38.970012,117.489324,2.34E-04,0.139906604,2.64E-04,14.32790394,ID00319627,6,41.47,2020
0.058613038,15764.26445,14824.51476,38.970012,117.489324,1.80E-04,0.139817381,9.26E-05,16.22378283,ID00319627,7,44.54,2020
0.05376105,15400.22527,14920.19752,38.970012,117.489324,1.92E-04,0.129717672,2.90E-04,15.71413819,ID00319627,8,43.24,2020
0.056647004,15275.46009,-1464.416748,38.970012,117.489324,2.23E-04,0.136050383,4.77E-04,23.08556811,ID00319627,9,43.16,2020
0.053889889,14838.53886,14049.02395,38.970012,117.489324,3.19E-04,0.130253001,6.93E-04,21.04509551,ID00319627,10,44.02,2020
0.051949922,14440.95218,13939.73438,38.970012,117.489324,3.53E-04,0.135640307,0.001177976,19.69557813,ID00319627,11,35.02,2020
0.064043181,13919.69282,,38.970012,117.489324,7.20E-04,0.14826415,,19.97645895,ID00319627,12,35.23,2020
0.071764855,13899.29148,12793.8477,38.970012,117.489324,5.04E-04,0.155812531,0.001822346,19.02195123,ID00319627,1,34.93,2021
0.063723768,14290.68279,13597.98612,38.970012,117.489324,3.52E-04,0.157092659,8.97E-04,20.07628537,ID00319627,2,32.18,2021
0.062070468,14751.36502,13789.4472,38.970012,117.489324,3.49E-04,0.162421702,5.69E-04,16.84036945,ID00319627,3,36.36,2021
0.058974745,15002.23887,13972.64153,38.970012,117.489324,3.01E-04,0.164586467,3.93E-04,17.80041372,ID00319627,4,37.62,2021
0.052567268,15333.17333,14200.80597,38.970012,117.489324,2.04E-04,0.158605057,9.45E-05,17.29528616,ID00319627,5,40.33,2021
0.051615713,15564.83702,14579.07346,38.970012,117.489324,2.35E-04,0.146796345,1.17E-04,18.09849673,ID00319627,6,35.43,2021
0.05061384,2065.788443,14910.51845,38.970012,117.489324,2.02E-04,0.14216134,4.68E-05,15.01869243,ID00319627,7,36.62,2021
0.068212449,15380.79226,14847.143,38.970012,117.489324,2.37E-04,0.142260277,3.04E-05,14.3111215,ID00319627,8,39.12,2021
0.058600509,15249.73099,14725.3192,38.970012,117.489324,2.29E-04,0.135995051,1.32E-04,15.55471554,ID00319627,9,36.11,2021
0.053783774,14809.11934,13967.61094,38.970012,117.489324,3.77E-04,0.132754598,8.05E-04,14.32826624,ID00319627,10,32.86,2021
0.050274523,14249.24038,13737.58852,38.970012,117.489324,4.89E-04,0.150130768,0.003445196,21.35525231,ID00319627,11,33.48,2021
0.049168046,14088.30763,-9906.82762,38.970012,117.489324,4.78E-04,0.154232666,,19.84773994,ID00319627,12,34.58,2021
0.057683316,14039.99755,,38.970012,117.489324,4.29E-04,0.167078304,0.001101812,17.53915256,ID00319627,1,26.17,2022
0.051083423,14171.17858,13625.3428,38.970012,117.489324,3.42E-04,0.172813474,4.91E-04,20.24585217,ID00319627,2,15.42,2022
0.04669197,14637.59618,13759.64485,38.970012,117.489324,2.76E-04,0.160293815,6.77E-04,18.24058757,ID00319627,3,30.1,2022
0.050177565,15322.66405,14121.49025,38.970012,117.489324,2.53E-04,0.159096842,2.58E-04,17.78936052,ID00319627,4,36.29,2022
0.046964535,15544.85506,14273.70952,38.970012,117.489324,2.23E-04,0.163307273,2.36E-04,16.74914027,ID00319627,5,35.76,2022
0.050515875,15699.55651,14743.84554,38.970012,117.489324,2.17E-04,0.153535223,8.71E-05,17.61308508,ID00319627,6,32.23,2022
0.047830119,15588.9125,14836.12519,38.970012,117.489324,1.62E-04,0.138080074,2.14E-04,0,ID00319627,7,32.39,2022
0.046392353,15391.70368,14799.44871,38.970012,117.489324,1.58E-04,0.131961997,8.78E-05,13.26141794,ID00319627,8,33.71,2022
0.048158758,15302.51875,14450.38681,38.970012,117.489324,1.93E-04,0.136330787,2.17E-04,16.79813456,ID00319627,9,46.01,2022
0.043260212,14752.3761,14001.46817,38.970012,117.489324,2.95E-04,0.136325686,4.83E-04,16.79972077,ID00319627,10,46.99,2022
0.046270748,14358.20921,13778.37163,38.970012,117.489324,3.18E-04,0.140299767,5.40E-04,18.17740165,ID00319627,11,42.93,2022
0.044662827,13786.81146,13217.476,38.970012,117.489324,3.75E-04,0.158613193,,18.16509289,ID00319627,12,43.98,2022
0.054000242,12713.84377,14106.30402,26.254618,117.630013,1.16E-04,0.102839672,-2.25E-04,13.9420215,ID00319704,1,107.62,2019
0.055371994,6087.049068,-8827.808636,26.254618,117.630013,1.05E-04,0.103497496,5.16E-05,17.36160712,ID00319704,2,96.55,2019
0.058035525,11789.22179,6660.389107,26.254618,117.630013,9.62E-05,0.112196688,2.42E-04,26.99320441,ID00319704,3,100.86,2019
0.061916299,12099.42689,-5427.827772,26.254618,117.630013,1.05E-04,0.125101146,-4.98E-05,15.49864101,ID00319704,4,104.67,2019
0.048875482,-108.3464181,-5692.94897,26.254618,117.630013,9.23E-05,0.126059507,-3.62E-04,20.13246116,ID00319704,5,105.64,2019
0.039865987,6392.299313,14860.37046,26.254618,117.630013,8.90E-05,0.129130374,-3.04E-05,17.642694,ID00319704,6,99.52,2019
0.032386644,-3457.294897,12890.13567,26.254618,117.630013,8.62E-05,0.126942514,-3.05E-06,25.29149377,ID00319704,7,102.27,2019
0.036259998,13658.52993,14909.93274,26.254618,117.630013,8.57E-05,0.12762705,-1.55E-05,26.24288516,ID00319704,8,107.25,2019
0.041473082,13454.2353,14826.91978,26.254618,117.630013,8.05E-05,0.122250835,4.16E-05,23.52992084,ID00319704,9,102.56,2019
0.046325073,15067.24988,14658.25965,26.254618,117.630013,8.55E-05,0.120636477,8.66E-05,26.48081911,ID00319704,10,106.94,2019
0.045887372,14940.18571,14391.74797,26.254618,117.630013,9.71E-05,0.112355607,1.42E-04,28.98726717,ID00319704,11,104.45,2019
0.048754645,12745.18898,14088.62638,26.254618,117.630013,1.19E-04,0.108983163,3.70E-04,31.03422922,ID00319704,12,102.09,2019
0.054429778,12799.87549,14111.76227,26.254618,117.630013,1.22E-04,0.111007266,2.51E-04,25.75044375,ID00319704,1,102.01,2020
0.055890672,14648.16201,14082.3595,26.254618,117.630013,7.76E-05,0.119132083,4.95E-04,29.1187214,ID00319704,2,82.91,2020
0.055525733,9083.553484,2235.450442,26.254618,117.630013,9.15E-05,0.12440232,-3.72E-04,11.56978886,ID00319704,3,88.16,2020
0.0572808,10287.86797,-2335.420347,26.254618,117.630013,1.17E-04,0.135100847,1.92E-04,24.41773799,ID00319704,4,90.11,2020
0.047149199,6471.745339,-298.6241413,26.254618,117.630013,9.62E-05,0.130986463,2.02E-04,8.925736038,ID00319704,5,108.05,2020
0.032659047,,14904.01407,26.254618,117.630013,8.04E-05,0.125449764,2.96E-05,32.06658744,ID00319704,6,102.14,2020
0.031337984,,14958.3245,26.254618,117.630013,9.18E-05,0.124038669,8.32E-05,6.073307186,ID00319704,7,109.24,2020
0.031665599,,14908.7946,26.254618,117.630013,7.93E-05,0.124963832,-5.59E-05,19.46189882,ID00319704,8,99.38,2020
0.037414934,-1143.603533,3626.140334,26.254618,117.630013,8.22E-05,0.123686053,2.13E-04,12.1833809,ID00319704,9,86.48,2020
0.042303467,15026.44862,14626.70443,26.254618,117.630013,8.33E-05,0.113191556,1.30E-04,24.95334368,ID00319704,10,89.51,2020
0.042682003,14961.3181,14512.334,26.254618,117.630013,9.12E-05,0.11329443,1.31E-04,24.80807642,ID00319704,11,86.48,2020
0.047071412,12612.64802,10348.67419,26.254618,117.630013,1.05E-04,0.108008453,1.50E-04,3.592627581,ID00319704,12,92.66,2020
0.058569878,12708.15718,13912.03238,26.254618,117.630013,1.56E-04,0.111424183,9.41E-05,33.25303424,ID00319704,1,107.81,2021
0.052546226,12961.46974,14170.6472,26.254618,117.630013,1.07E-04,0.123136477,1.39E-04,34.1291456,ID00319704,2,97.82,2021
0.057608447,13266.58129,5321.143114,26.254618,117.630013,1.12E-04,0.120420926,-1.82E-04,25.14195303,ID00319704,3,97.79,2021
0.063666083,10239.62954,-3346.561335,26.254618,117.630013,1.02E-04,0.129727277,-2.49E-04,25.61677651,ID00319704,4,97.03,2021
0.041365105,,,26.254618,117.630013,9.54E-05,0.130989551,-1.19E-05,25.60359429,ID00319704,5,109.6,2021
0.035883802,15441.33072,-4860.017664,26.254618,117.630013,8.63E-05,0.129312805,9.74E-05,30.17115569,ID00319704,6,102.89,2021
0.032951255,2644.783121,14939.96623,26.254618,117.630013,9.03E-05,0.130838229,9.73E-05,21.47201727,ID00319704,7,102.99,2021
0.035472811,,14942.76562,26.254618,117.630013,8.43E-05,0.127309344,2.50E-05,0,ID00319704,8,90.83,2021
0.037560949,15477.99037,14900.28864,26.254618,117.630013,9.39E-05,0.126858167,1.54E-04,30.166756,ID00319704,9,85.84,2021
0.035506343,13461.53075,-187.1894014,26.254618,117.630013,8.88E-05,0.124180552,1.18E-04,25.80899147,ID00319704,10,81.69,2021
0.043032539,14605.93125,14092.00026,26.254618,117.630013,1.00E-04,0.1205453,-1.31E-05,31.5151642,ID00319704,11,83.82,2021
0.043195757,12695.36908,2084.643768,26.254618,117.630013,9.75E-05,0.117875153,2.25E-04,28.06006128,ID00319704,12,83.26,2021
0.046012461,12831.49706,-1516.49264,26.254618,117.630013,1.07E-04,0.11494385,2.56E-04,28.81619424,ID00319704,1,88.1,2022
0.049531522,6069.745502,14070.20118,26.254618,117.630013,1.13E-04,0.125468921,-2.40E-05,25.96669465,ID00319704,2,80.5,2022
0.049402026,14938.85337,14291.51447,26.254618,117.630013,1.02E-04,0.127286331,2.04E-04,34.4776467,ID00319704,3,84.48,2022
0.046298619,,,26.254618,117.630013,8.71E-05,0.129590576,2.37E-05,30.66641934,ID00319704,4,88.98,2022
0.043366249,13305.84069,,26.254618,117.630013,7.83E-05,0.137853073,8.73E-05,30.38260784,ID00319704,5,98.12,2022
0.034406523,,14793.23945,26.254618,117.630013,7.47E-05,0.134232188,9.17E-05,31.55236222,ID00319704,6,96.38,2022
0.034137219,11755.89794,14971.12957,26.254618,117.630013,9.28E-05,0.129891055,1.69E-05,0,ID00319704,7,88.65,2022
0.034450977,12591.44652,14917.49762,26.254618,117.630013,8.92E-05,0.127292664,6.26E-06,18.37921252,ID00319704,8,92.17,2022
0.039851825,15489.73093,14873.04143,26.254618,117.630013,8.57E-05,0.125880185,-5.41E-05,25.65142568,ID00319704,9,95.65,2022
0.03545833,15131.66976,14974.43433,26.254618,117.630013,8.41E-05,0.120181914,3.24E-05,30.46161475,ID00319704,10,98.44,2022
0.039497428,10136.81403,2635.448806,26.254618,117.630013,1.16E-04,0.112426486,1.11E-04,16.20829734,ID00319704,11,95.72,2022
0.042213036,12502.63806,13865.48168,26.254618,117.630013,1.00E-04,0.119023975,1.23E-04,35.30861885,ID00319704,12,95.49,2022
0.064560343,13984.74412,,36.212995,117.639092,4.24E-04,0.132532907,3.77E-04,18.36415673,ID00319639,1,31.77,2019
0.063464491,6176.337255,13683.80735,36.212995,117.639092,3.01E-04,0.135828535,7.23E-04,12.61704693,ID00319639,2,30.91,2019
0.060467917,9022.737465,13816.98321,36.212995,117.639092,2.81E-04,0.156282301,5.28E-04,16.46711284,ID00319639,3,29.25,2019
0.063983585,398.1605392,11649.11078,36.212995,117.639092,2.25E-04,0.14665352,3.03E-04,15.3510344,ID00319639,4,32.58,2019
0.054644392,1046.658987,-2675.692647,36.212995,117.639092,1.71E-04,0.144780338,2.76E-04,16.39675953,ID00319639,5,29.76,2019
0.058531261,1144.088889,14641.14395,36.212995,117.639092,1.94E-04,0.143455925,1.32E-04,17.09200257,ID00319639,6,29.17,2019
0.06300205,2915.665686,14911.17263,36.212995,117.639092,2.08E-04,0.137619194,2.29E-05,15.32547794,ID00319639,7,29,2019
0.055552085,12170.47647,14789.20049,36.212995,117.639092,1.70E-04,0.133497288,3.10E-04,16.31715189,ID00319639,8,31.56,2019
0.063582683,940.5814542,14637.96696,36.212995,117.639092,1.68E-04,0.131176976,1.61E-04,16.3131472,ID00319639,9,31.48,2019
0.05847612,11441.1916,11694.92475,36.212995,117.639092,2.55E-04,0.129711631,4.25E-04,16.4169609,ID00319639,10,21.74,2019
0.053781679,11166.76055,-395.2745098,36.212995,117.639092,2.78E-04,0.130988371,3.46E-04,18.0954657,ID00319639,11,16.9,2019
0.059019292,13877.78676,13577.44804,36.212995,117.639092,2.64E-04,0.143614167,0.00142899,21.31934545,ID00319639,12,18.68,2019
0.073221196,3962.167647,,36.212995,117.639092,3.12E-04,0.145632785,0.001104638,19.17490716,ID00319639,1,26.89,2020
0.057436519,-171.8387255,13663.79227,36.212995,117.639092,1.36E-04,0.156285405,8.83E-04,17.57184821,ID00319639,2,24.8,2020
0.057035471,783.4329248,13871.72746,36.212995,117.639092,2.04E-04,0.156232979,6.23E-04,20.10604857,ID00319639,3,21.95,2020
0.059431221,5532.539003,8870.735784,36.212995,117.639092,1.79E-04,0.158698714,4.09E-04,20.29355609,ID00319639,4,28.42,2020
0.058104399,5800.785049,14472.16176,36.212995,117.639092,1.54E-04,0.148247059,2.67E-04,18.07036502,ID00319639,5,27.91,2020
0.058253229,-1949.2,14873.11111,36.212995,117.639092,1.56E-04,0.134165332,2.32E-04,19.17061302,ID00319639,6,29.59,2020
0.061224335,-4526.343627,14693.84216,36.212995,117.639092,1.59E-04,0.136028075,8.61E-05,19.5552009,ID00319639,7,31.68,2020
0.04724235,,14930.31634,36.212995,117.639092,1.21E-04,0.127059913,-1.73E-04,18.55009805,ID00319639,8,32.78,2020
0.061592732,15179.24845,14531.00114,36.212995,117.639092,1.75E-04,0.13302047,1.78E-04,16.71412982,ID00319639,9,33.69,2020
0.069633936,11529.12484,14013.74297,36.212995,117.639092,2.83E-04,0.127502495,7.71E-04,18.55866174,ID00319639,10,30.03,2020
0.058669788,11381.89608,13916.73755,36.212995,117.639092,3.22E-04,0.127378382,9.25E-04,16.17127941,ID00319639,11,31.22,2020
0.063319617,10818.43578,-7197.612745,36.212995,117.639092,5.33E-04,0.138702884,-1.03E-04,18.33560037,ID00319639,12,25.73,2020
0.065272416,13822.72194,8099.234804,36.212995,117.639092,4.37E-04,0.144823319,7.20E-04,21.9323579,ID00319639,1,29.12,2021
0.056329424,5232.270556,13715.92706,36.212995,117.639092,2.38E-04,0.147679151,7.36E-04,20.5447601,ID00319639,2,32.66,2021
0.062547043,-1717.388725,13835.08489,36.212995,117.639092,2.48E-04,0.151887974,7.45E-05,18.45565438,ID00319639,3,29.42,2021
0.062058909,816.4936275,13979.92141,36.212995,117.639092,2.19E-04,0.155741047,3.83E-04,20.62281329,ID00319639,4,32.02,2021
0.053864299,12014.87095,,36.212995,117.639092,1.55E-04,0.150042358,1.61E-04,19.40306177,ID00319639,5,32.49,2021
0.064109537,3272.480392,14793.00098,36.212995,117.639092,1.74E-04,0.143502517,3.31E-04,18.97873319,ID00319639,6,34.33,2021
0.049890557,-3945.458824,14720.8173,36.212995,117.639092,1.60E-04,0.138922366,2.12E-06,14.23738732,ID00319639,7,31.76,2021
0.061033197,-3760.672549,14821.23268,36.212995,117.639092,1.60E-04,0.137750936,7.30E-05,13.60481091,ID00319639,8,22.19,2021
0.049481653,12039.13313,14636.66897,36.212995,117.639092,1.58E-04,0.133395134,6.31E-04,16.83545111,ID00319639,9,23.98,2021
0.051515585,14910.22425,14016.51446,36.212995,117.639092,2.60E-04,0.126966142,3.88E-05,13.05382388,ID00319639,10,7.99,2021
0.049217591,-2348.09469,13828.84136,36.212995,117.639092,3.48E-04,0.14726095,9.64E-04,21.16957332,ID00319639,11,12.89,2021
0.052881489,5039.67451,13696.16422,36.212995,117.639092,4.22E-04,0.142414131,5.45E-04,21.41774776,ID00319639,12,26.14,2021
0.058787483,-1424.198039,11041.06667,36.212995,117.639092,3.73E-04,0.157109789,5.20E-04,19.77826973,ID00319639,1,25.62,2022
0.056480244,10977.21667,,36.212995,117.639092,2.43E-04,0.157958729,6.26E-04,18.95317865,ID00319639,2,16.99,2022
0.051360408,-1770.629412,13904.1615,36.212995,117.639092,2.01E-04,0.152552211,3.54E-04,20.43537745,ID00319639,3,24.89,2022
0.054131087,11879.99951,9729.835294,36.212995,117.639092,1.55E-04,0.158535159,1.92E-04,18.6941936,ID00319639,4,33.74,2022
0.047421272,9535.340719,14360.30458,36.212995,117.639092,1.37E-04,0.157198606,-1.40E-05,20.19010064,ID00319639,5,30.98,2022
0.049793938,12205.27557,14841.53373,36.212995,117.639092,1.61E-04,0.149563554,1.78E-04,18.00958356,ID00319639,6,31.83,2022
0.044133698,1081.057353,14811.10435,36.212995,117.639092,1.46E-04,0.1359007,-5.66E-05,19.6447767,ID00319639,7,26.48,2022
0.047294563,15445.6634,14875.09278,36.212995,117.639092,1.23E-04,0.130132938,1.83E-04,16.30561273,ID00319639,8,26.47,2022
0.051702457,15296.41346,8868.540196,36.212995,117.639092,1.76E-04,0.132209599,2.21E-04,17.84046323,ID00319639,9,28.53,2022
0.047398515,-2221.448529,13979.31706,36.212995,117.639092,2.25E-04,0.130244238,3.70E-04,18.29898041,ID00319639,10,32.82,2022
0.04906226,-7094.335294,10719.88358,36.212995,117.639092,2.44E-04,0.132375741,9.64E-04,18.51509524,ID00319639,11,31.27,2022
0.052246848,13935.33528,13430.67492,36.212995,117.639092,3.62E-04,0.148492953,8.67E-04,20.35089678,ID00319639,12,27.89,2022
0.05934478,-4305.07404,-3766.606452,40.952513,117.734527,2.24E-04,0.15257285,-5.21E-05,20.36287363,ID00319653,1,49,2019
0.061696591,13964.95232,13266.79538,40.952513,117.734527,1.57E-04,0.161251722,4.79E-04,23.90242714,ID00319653,2,51.35,2019
0.045010297,5328.331521,13535.24004,40.952513,117.734527,1.84E-04,0.17738043,4.00E-04,23.44901593,ID00319653,3,62.35,2019
0.052257458,15152.92586,13871.37142,40.952513,117.734527,1.69E-04,0.158733081,4.29E-04,20.8928916,ID00319653,4,60.08,2019
0.046145109,15398.45432,14167.34615,40.952513,117.734527,1.90E-04,0.163141908,3.93E-04,22.04223511,ID00319653,5,63.76,2019
0.053340142,15573.47442,14610.53088,40.952513,117.734527,1.64E-04,0.153692839,3.75E-04,21.31579735,ID00319653,6,62,2019
0.052816747,15464.77714,14745.91972,40.952513,117.734527,1.59E-04,0.143187164,2.52E-04,17.72511264,ID00319653,7,64.36,2019
0.053882284,15426.32575,14742.15945,40.952513,117.734527,1.61E-04,0.136761527,3.56E-04,21.7399241,ID00319653,8,64.04,2019
0.065439996,15354.20109,14393.87097,40.952513,117.734527,2.12E-04,0.133114824,5.66E-04,18.16923724,ID00319653,9,59.61,2019
0.058095307,14729.53644,13832.20646,40.952513,117.734527,2.43E-04,0.139712887,6.51E-04,22.47871838,ID00319653,10,56.33,2019
0.051124086,250.995576,13635.489,40.952513,117.734527,2.52E-04,0.144755933,0.002658539,17.03648387,ID00319653,11,54.6,2019
0.067494916,-274.3381797,13023.41935,40.952513,117.734527,2.80E-04,0.156655547,,23.23578751,ID00319653,12,57.92,2019
0.060082852,6914.98341,13015.81389,40.952513,117.734527,2.33E-04,0.162429931,,22.12642855,ID00319653,1,62.92,2020
0.06734258,-4346.91106,13281.92586,40.952513,117.734527,1.92E-04,0.16724618,0.001627562,15.71408088,ID00319653,2,44.76,2020
0.049281337,14826.9874,13590.60682,40.952513,117.734527,1.51E-04,0.172015952,4.18E-04,21.52574627,ID00319653,3,44.03,2020
0.048099564,15252.66787,13846.82229,40.952513,117.734527,1.42E-04,0.169736128,1.45E-04,18.85255998,ID00319653,4,43.84,2020
0.044622185,15515.66628,14080.99651,40.952513,117.734527,1.37E-04,0.154249134,5.43E-04,19.99349517,ID00319653,5,38.4,2020
0.048722622,15558.95476,14653.3235,40.952513,117.734527,1.58E-04,0.143980638,5.04E-04,16.08050416,ID00319653,6,47.59,2020
0.050492404,11110.74298,14708.35714,40.952513,117.734527,1.55E-04,0.140750471,3.29E-04,12.8722558,ID00319653,7,62.42,2020
0.045550927,15602.75131,14706.47112,40.952513,117.734527,1.45E-04,0.13185313,5.91E-04,14.14701181,ID00319653,8,62.65,2020
0.051448587,14946.84131,1297.223963,40.952513,117.734527,1.89E-04,0.138060061,1.75E-04,17.13603666,ID00319653,9,60.65,2020
0.055929846,14723.89092,13825.3359,40.952513,117.734527,2.24E-04,0.135793788,0.001278811,21.1887189,ID00319653,10,64.24,2020
0.052857083,-4296.341014,13631.87259,40.952513,117.734527,1.72E-04,0.138114591,6.01E-04,19.96323003,ID00319653,11,58.66,2020
0.058857357,1981.262488,12909.88594,40.952513,117.734527,2.73E-04,0.154267723,,22.34809697,ID00319653,12,69.8,2020
0.059582849,9448.95576,13152.61389,40.952513,117.734527,2.25E-04,0.167981111,9.89E-05,18.83282094,ID00319653,1,70.11,2021
0.061693764,-2615.458065,13298.46719,40.952513,117.734527,1.73E-04,0.166394635,0.001469308,25.38136657,ID00319653,2,58.86,2021
0.055097865,14601.85637,13629.15647,40.952513,117.734527,1.86E-04,0.167535002,5.71E-04,19.96475835,ID00319653,3,46.89,2021
0.050058725,15135.27801,13855.08463,40.952513,117.734527,1.73E-04,0.164638751,5.97E-04,17.87829057,ID00319653,4,55.04,2021
0.046232715,15333.70783,14042.78433,40.952513,117.734527,1.63E-04,0.161745511,3.62E-04,16.64555737,ID00319653,5,70.15,2021
0.046212665,15450.32982,14392.37465,40.952513,117.734527,1.33E-04,0.151802997,2.07E-04,19.8945897,ID00319653,6,62.92,2021
0.048478927,15431.99386,3064.129032,40.952513,117.734527,1.46E-04,0.147932377,6.79E-04,9.435170534,ID00319653,7,62.66,2021
0.057813997,15361.74347,9687.64424,40.952513,117.734527,1.36E-04,0.142161776,6.54E-04,12.81400443,ID00319653,8,61.76,2021
0.052092453,15071.15092,2548.097696,40.952513,117.734527,1.82E-04,0.136797052,5.56E-04,12.38296999,ID00319653,9,63.64,2021
0.046435799,14618.44661,13728.11628,40.952513,117.734527,1.77E-04,0.13642462,0.001141182,13.54838737,ID00319653,10,38.13,2021
0.048370994,-4354.866421,13505.29336,40.952513,117.734527,2.16E-04,0.15217035,0.00270486,17.73177617,ID00319653,11,25.34,2021
0.044610995,-4371.847742,13003.4255,40.952513,117.734527,1.74E-04,0.159053413,,17.07138932,ID00319653,12,26.43,2021
0.048725975,-4387.860768,12930.57811,40.952513,117.734527,2.32E-04,0.171587239,0.001024941,17.19585741,ID00319653,1,41.38,2022
0.047142158,4701.355234,13093.81275,40.952513,117.734527,1.32E-04,0.17831945,0.001802797,21.26529279,ID00319653,2,39.33,2022
0.044464591,14467.20479,13518.63709,40.952513,117.734527,1.44E-04,0.167314712,9.53E-04,17.61826271,ID00319653,3,65.67,2022
0.044318479,15261.57341,13949.40077,40.952513,117.734527,1.48E-04,0.163650662,4.46E-04,16.58674916,ID00319653,4,63.09,2022
0.04199036,15487.40385,14064.67238,40.952513,117.734527,1.33E-04,0.162123163,2.69E-04,16.46278331,ID00319653,5,56.64,2022
0.046432892,15536.86878,14577.9765,40.952513,117.734527,1.43E-04,0.155867037,3.09E-04,15.98970692,ID00319653,6,66.29,2022
0.041745853,15566.63428,14672.79041,40.952513,117.734527,1.24E-04,0.139615594,2.29E-04,0,ID00319653,7,67.1,2022
0.043780983,15478.01785,14693.95867,40.952513,117.734527,1.18E-04,0.133511865,3.22E-04,14.17719132,ID00319653,8,61.96,2022
0.048489128,15309.30153,14400.51608,40.952513,117.734527,1.49E-04,0.137512914,4.33E-04,17.45138053,ID00319653,9,60.72,2022
0.047086181,14726.57606,13747.24648,40.952513,117.734527,2.20E-04,0.136766221,6.04E-04,15.08558986,ID00319653,10,58.7,2022
0.041658864,3459.089217,13430.84607,40.952513,117.734527,1.83E-04,0.143776841,3.39E-04,20.11673276,ID00319653,11,59.89,2022
0.036975835,6967.887558,12913.13349,40.952513,117.734527,1.13E-04,0.166616342,,21.19938029,ID00319653,12,55.26,2022
0.047607351,,14228.98191,24.599022,118.003708,2.33E-04,0.102441111,1.22E-04,27.59681959,ID00340793,1,17.45,2019
0.047344934,,-2018.331048,24.599022,118.003708,1.07E-04,0.101849236,3.03E-04,34.3586953,ID00340793,2,15.95,2019
0.058219232,,14564.61557,24.599022,118.003708,1.58E-04,0.111504025,-2.62E-05,36.29915904,ID00340793,3,9.5,2019
0.058340369,,14838.38981,24.599022,118.003708,1.51E-04,0.123750514,-1.94E-04,30.81014693,ID00340793,4,19.12,2019
0.046790419,,14700.69736,24.599022,118.003708,1.34E-04,0.125511138,-2.74E-05,36.98769068,ID00340793,5,22.08,2019
0.034909397,,14961.73653,24.599022,118.003708,1.08E-04,0.128141609,-7.83E-07,32.69600358,ID00340793,6,19.1,2019
0.0319776,,14956.77914,24.599022,118.003708,1.01E-04,0.126601937,-1.06E-04,35.22821729,ID00340793,7,22.99,2019
0.032509836,,14977.86895,24.599022,118.003708,9.76E-05,0.125793371,9.71E-06,42.57335667,ID00340793,8,20.55,2019
0.037296491,15574.06807,14936.47108,24.599022,118.003708,9.99E-05,0.121904663,4.58E-05,37.80805333,ID00340793,9,14.06,2019
0.045624523,,14824.71123,24.599022,118.003708,1.13E-04,0.120130845,1.16E-04,32.19786723,ID00340793,10,12.05,2019
0.041717354,-6473.756121,14458.27733,24.599022,118.003708,1.36E-04,0.112532967,2.95E-06,39.25738204,ID00340793,11,20.26,2019
0.042429256,14985.11851,1704.243193,24.599022,118.003708,1.90E-04,0.109138945,4.98E-04,40.21051625,ID00340793,12,21.42,2019
0.048498223,,14098.4145,24.599022,118.003708,1.76E-04,0.109139899,1.06E-04,39.49392067,ID00340793,1,22.51,2020
0.05169842,,14316.64039,24.599022,118.003708,1.11E-04,0.116890077,2.40E-04,37.47969094,ID00340793,2,17.44,2020
0.059675947,,-5193.091087,24.599022,118.003708,1.55E-04,0.122344203,1.30E-04,31.09206386,ID00340793,3,17.39,2020
0.058234618,-6187.337904,-2820.979432,24.599022,118.003708,1.77E-04,0.132500917,1.72E-04,35.54604258,ID00340793,4,18.19,2020
0.047352156,,14934.78404,24.599022,118.003708,1.31E-04,0.129560442,-4.98E-05,31.85250431,ID00340793,5,19.96,2020
0.031543577,,14955.55877,24.599022,118.003708,9.77E-05,0.12560057,2.82E-05,48.52230433,ID00340793,6,23.19,2020
0.030456741,,14990.15965,24.599022,118.003708,1.17E-04,0.124251618,-1.16E-04,39.46778636,ID00340793,7,24.26,2020
0.0295591,,15017.69295,24.599022,118.003708,1.08E-04,0.125022924,4.35E-05,36.61274828,ID00340793,8,23.81,2020
0.039750593,,,24.599022,118.003708,1.03E-04,0.123683192,-1.27E-04,20.25731119,ID00340793,9,23.55,2020
0.03993499,-6461.238981,,24.599022,118.003708,1.05E-04,0.115803666,5.49E-05,35.48378102,ID00340793,10,24.93,2020
0.040344854,,3449.748123,24.599022,118.003708,1.25E-04,0.111705047,-1.64E-04,35.37421928,ID00340793,11,24.74,2020
0.042984714,-5402.868756,14182.04587,24.599022,118.003708,1.94E-04,0.106139501,-5.40E-05,26.79743897,ID00340793,12,25.77,2020
0.048898968,6886.696376,14163.84647,24.599022,118.003708,2.74E-04,0.108554576,-1.20E-04,38.55431646,ID00340793,1,23.54,2021
0.049748806,-9730.701273,14233.57623,24.599022,118.003708,1.59E-04,0.120945484,6.48E-05,37.47459386,ID00340793,2,17.94,2021
0.060607435,-6459.570029,14140.59388,24.599022,118.003708,2.31E-04,0.117912115,8.25E-05,32.81475303,ID00340793,3,27.72,2021
0.058559328,-6442.602351,3548.752204,24.599022,118.003708,1.90E-04,0.12892278,1.45E-04,37.30984385,ID00340793,4,26.33,2021
0.039362345,,14874.68087,24.599022,118.003708,1.43E-04,0.129280692,-1.02E-04,38.4630644,ID00340793,5,27.55,2021
0.032992665,,15034.73751,24.599022,118.003708,1.03E-04,0.127892232,-1.71E-05,30.30588924,ID00340793,6,22.64,2021
0.032265567,,15006.01518,24.599022,118.003708,1.21E-04,0.130321692,1.36E-04,32.44905473,ID00340793,7,21.03,2021
0.034755373,,14961.4081,24.599022,118.003708,1.21E-04,0.128228342,9.32E-05,26.99050946,ID00340793,8,24.18,2021
0.034984735,-6437.456415,14941.85342,24.599022,118.003708,1.28E-04,0.127210433,-1.86E-05,30.29474247,ID00340793,9,25.33,2021
0.035874979,,14949.70821,24.599022,118.003708,1.13E-04,0.122817735,-5.95E-05,32.13746571,ID00340793,10,25.58,2021
0.038635051,,386.6003918,24.599022,118.003708,1.68E-04,0.11846341,3.26E-04,35.51527431,ID00340793,11,19.67,2021
0.041654833,9826.969638,14217.884,24.599022,118.003708,1.97E-04,0.113106151,2.73E-05,40.44239201,ID00340793,12,20.84,2021
0.045178939,,13777.73506,24.599022,118.003708,2.10E-04,0.115097602,4.05E-05,37.95007091,ID00340793,1,18.33,2022
0.047193147,,3235.054358,24.599022,118.003708,1.53E-04,0.121024161,-7.60E-05,29.9027032,ID00340793,2,13.07,2022
0.046737393,14832.39226,7649.832517,24.599022,118.003708,1.88E-04,0.124688108,3.89E-04,36.14992195,ID00340793,3,22.35,2022
0.045821684,,,24.599022,118.003708,1.60E-04,0.127700002,1.31E-05,38.68910881,ID00340793,4,25.18,2022
0.039465435,-6181.08619,,24.599022,118.003708,1.35E-04,0.136278966,2.34E-04,30.95847468,ID00340793,5,24.75,2022
0.03061827,,14883.94613,24.599022,118.003708,1.05E-04,0.134218684,9.25E-05,37.6446402,ID00340793,6,21.39,2022
0.030513047,,15014.78565,24.599022,118.003708,1.33E-04,0.130682938,-3.16E-06,0,ID00340793,7,15.87,2022
0.031099969,,14997.74136,24.599022,118.003708,1.26E-04,0.12758958,-2.71E-05,32.10729971,ID00340793,8,24.3,2022
0.038640683,-9724.894221,14908.69221,24.599022,118.003708,1.13E-04,0.126347548,1.80E-05,32.5467119,ID00340793,9,25.21,2022
0.035160483,15373.23425,14995.20666,24.599022,118.003708,1.08E-04,0.119898077,6.93E-05,34.90237225,ID00340793,10,27.29,2022
0.036333089,-6186.354554,14263.0715,24.599022,118.003708,1.86E-04,0.112164679,-2.21E-04,29.25185321,ID00340793,11,19.86,2022
0.039662376,7926.688051,14216.59122,24.599022,118.003708,1.75E-04,0.110313756,-9.26E-05,40.98047195,ID00340793,12,22.09,2022
0.069518281,14040.06431,13176.89817,40.18278,118.079963,3.32E-04,0.150239144,4.47E-04,14.19860184,ID00319621,1,42.97,2019
0.076090793,14364.22955,13220.85937,40.18278,118.079963,2.30E-04,0.15876398,4.22E-04,12.19004162,ID00319621,2,45.06,2019
0.055485226,14838.95902,13641.16062,40.18278,118.079963,2.43E-04,0.175348534,3.42E-04,10.4498237,ID00319621,3,57.87,2019
0.060855222,15202.23116,13920.51214,40.18278,118.079963,2.34E-04,0.159535545,4.56E-04,11.76579795,ID00319621,4,58.56,2019
0.051539118,15431.83359,14187.54685,40.18278,118.079963,2.18E-04,0.162220174,9.89E-05,16.07814158,ID00319621,5,53.01,2019
0.063682663,15612.94371,14676.82909,40.18278,118.079963,2.31E-04,0.152935313,1.29E-04,13.18515669,ID00319621,6,47.62,2019
0.062355849,15609.83612,14792.1984,40.18278,118.079963,1.44E-04,0.143955675,1.30E-04,9.400173844,ID00319621,7,30.51,2019
0.061554725,15374.96386,14577.31954,40.18278,118.079963,1.51E-04,0.138430328,6.02E-04,9.626760689,ID00319621,8,40.79,2019
0.062310832,15390.54579,14456.25095,40.18278,118.079963,2.01E-04,0.132444302,3.29E-04,8.567869648,ID00319621,9,37.16,2019
0.053828015,14852.74189,14044.27172,40.18278,118.079963,2.15E-04,0.138516409,4.92E-04,10.42796507,ID00319621,10,34.62,2019
0.062985815,14288.47193,13494.45666,40.18278,118.079963,2.69E-04,0.142066416,4.92E-04,11.00639299,ID00319621,11,36.86,2019
0.065353811,13961.81732,13289.50317,40.18278,118.079963,3.00E-04,0.155010482,,10.46024724,ID00319621,12,34.7,2019
0.074532441,14026.43111,13182.75736,40.18278,118.079963,2.67E-04,0.161424716,4.72E-04,16.25306039,ID00319621,1,44.28,2020
0.072812839,14313.01224,13466.35811,40.18278,118.079963,1.72E-04,0.165425147,0.001256388,6.172257558,ID00319621,2,39.73,2020
0.06013303,14857.87042,13656.48062,40.18278,118.079963,2.25E-04,0.170153953,3.55E-04,9.954032543,ID00319621,3,41.7,2020
0.054872877,15313.93836,13922.61884,40.18278,118.079963,2.09E-04,0.169109836,2.34E-04,10.63322722,ID00319621,4,41.87,2020
0.054231754,15523.44424,14249.71303,40.18278,118.079963,2.15E-04,0.155842642,5.65E-04,9.945266861,ID00319621,5,44.59,2020
0.059828801,15509.61798,14678.71311,40.18278,118.079963,1.93E-04,0.143604732,2.50E-04,9.36392992,ID00319621,6,45.83,2020
0.062169104,15558.19696,14752.238,40.18278,118.079963,1.52E-04,0.142003833,1.91E-04,10.14297,ID00319621,7,40.99,2020
0.053452704,15511.37757,14835.62129,40.18278,118.079963,1.35E-04,0.131410367,2.13E-04,16.54950318,ID00319621,8,44.99,2020
0.0554051,15171.2989,14296.07101,40.18278,118.079963,1.60E-04,0.137318775,3.92E-04,18.89807812,ID00319621,9,42.86,2020
0.05675069,14772.96073,13954.62537,40.18278,118.079963,2.59E-04,0.134115706,0.001017187,28.97290086,ID00319621,10,43.09,2020
0.053296309,14410.18273,13572.67156,40.18278,118.079963,2.53E-04,0.136257897,5.63E-04,16.27254461,ID00319621,11,42.26,2020
0.060548473,13870.57835,13092.59877,40.18278,118.079963,3.92E-04,0.152494227,,16.46520826,ID00319621,12,44.23,2020
0.066857451,13953.17751,13126.22537,40.18278,118.079963,3.20E-04,0.164546156,0.00262047,15.29687323,ID00319621,1,44.94,2021
0.068365232,14391.68723,13309.09201,40.18278,118.079963,2.51E-04,0.162988065,0.001255616,17.47740183,ID00319621,2,37.11,2021
0.056254655,14765.28024,13743.26714,40.18278,118.079963,2.36E-04,0.166312055,5.31E-04,13.7359379,ID00319621,3,32.68,2021
0.055903491,15191.99675,13880.01705,40.18278,118.079963,2.50E-04,0.166031979,5.50E-04,12.53551919,ID00319621,4,31.51,2021
0.050954879,15387.79923,14051.94238,40.18278,118.079963,2.22E-04,0.161129641,1.01E-05,11.91879288,ID00319621,5,45.55,2021
0.051127951,15631.08189,14628.49559,40.18278,118.079963,1.92E-04,0.150065039,4.25E-05,16.29713521,ID00319621,6,44.47,2021
0.050023154,15330.22919,14687.79775,40.18278,118.079963,1.51E-04,0.146921703,7.43E-04,8.088582156,ID00319621,7,48.1,2021
0.065213535,15200.77196,14665.96046,40.18278,118.079963,1.48E-04,0.142616877,1.21E-04,9.335600023,ID00319621,8,50.61,2021
0.053523978,15202.98019,14543.56415,40.18278,118.079963,1.71E-04,0.134372135,2.59E-04,8.01745834,ID00319621,9,54.78,2021
0.049986941,14704.09244,13828.46056,40.18278,118.079963,2.16E-04,0.136401133,9.66E-04,7.375614593,ID00319621,10,41.92,2021
0.047910108,14240.47189,13536.23177,40.18278,118.079963,2.92E-04,0.152871266,-8.23E-05,6.743324976,ID00319621,11,59.9,2021
0.047466525,13935.52957,13304.4654,40.18278,118.079963,3.46E-04,0.158496068,,9.875869154,ID00319621,12,99.12,2021
0.05634029,13967.28921,13091.9472,40.18278,118.079963,2.85E-04,0.170765905,7.43E-04,11.03912353,ID00319621,1,39.17,2022
0.050230874,14225.36025,13197.35176,40.18278,118.079963,1.80E-04,0.17721541,0.001377841,10.26797002,ID00319621,2,27.22,2022
0.04815659,14698.80446,13581.32039,40.18278,118.079963,1.78E-04,0.165723217,4.27E-04,9.618119489,ID00319621,3,39.03,2022
0.052184922,15398.73565,14060.46509,40.18278,118.079963,1.70E-04,0.163308217,-3.83E-06,9.730421264,ID00319621,4,59.93,2022
0.051185363,15591.7587,14163.18936,40.18278,118.079963,1.89E-04,0.165686486,4.33E-04,13.33899387,ID00319621,5,59.58,2022
0.054334165,15586.46464,14549.78191,40.18278,118.079963,1.76E-04,0.151685811,1.62E-04,16.51508087,ID00319621,6,59.86,2022
0.046731864,15493.72762,14793.95799,40.18278,118.079963,1.27E-04,0.139389026,2.94E-04,0,ID00319621,7,59.12,2022
0.045076515,15356.93444,14752.00075,40.18278,118.079963,1.41E-04,0.132782691,2.94E-04,7.497918677,ID00319621,8,50.2,2022
0.047412742,15301.96413,14420.2788,40.18278,118.079963,1.67E-04,0.136890663,4.39E-04,12.85785289,ID00319621,9,53.58,2022
0.046085289,14780.03882,13878.09662,40.18278,118.079963,2.51E-04,0.136553813,6.15E-04,10.91276932,ID00319621,10,44.31,2022
0.041219988,14383.85763,13480.69327,40.18278,118.079963,1.98E-04,0.141499319,5.23E-04,9.810452849,ID00319621,11,42.98,2022
0.045336669,13825.92199,13077.5666,40.18278,118.079963,1.49E-04,0.166617589,,9.647987461,ID00319621,12,59.91,2022
0.065596275,14002.51141,13180.99248,40.204866,118.215299,3.02E-04,0.150427496,0.001268511,16.90867487,ID00338838,1,78.13,2019
0.069732744,14306.18784,13278.20641,40.204866,118.215299,2.09E-04,0.159455716,7.09E-04,12.1881819,ID00338838,2,66.52,2019
0.06233715,14837.586,13670.08728,40.204866,118.215299,2.32E-04,0.175540253,4.23E-04,24.30646256,ID00338838,3,80.16,2019
0.060144302,15193.44428,13932.65813,40.204866,118.215299,2.21E-04,0.160573014,4.76E-04,17.1121463,ID00338838,4,72.77,2019
0.05564976,15446.66499,14231.09141,40.204866,118.215299,1.98E-04,0.162142125,2.46E-04,18.45265916,ID00338838,5,83.02,2019
0.070790431,15745.78844,-3326.57998,40.204866,118.215299,2.19E-04,0.152653241,2.38E-04,19.34774514,ID00338838,6,72.35,2019
0.063929854,15675.72482,14765.50871,40.204866,118.215299,1.38E-04,0.144450425,2.92E-04,10.70166833,ID00338838,7,49.78,2019
0.06154991,15494.78265,14653.4174,40.204866,118.215299,1.37E-04,0.138674459,3.83E-04,17.1620119,ID00338838,8,82.66,2019
0.063522044,15415.85184,14464.91425,40.204866,118.215299,1.53E-04,0.132122092,3.02E-04,13.25836851,ID00338838,9,68.23,2019
0.055040742,14933.39851,14084.20625,40.204866,118.215299,2.14E-04,0.138514745,3.55E-04,18.54290208,ID00338838,10,70.71,2019
0.064186153,14174.20914,13608.05451,40.204866,118.215299,2.61E-04,0.142288575,0.001849504,14.67923678,ID00338838,11,74.01,2019
0.070817609,14001.01014,13198.01587,40.204866,118.215299,2.69E-04,0.155484404,,17.18912179,ID00338838,12,74.84,2019
0.070024896,14030.13631,2587.437193,40.204866,118.215299,2.42E-04,0.161493762,8.12E-04,12.27008838,ID00338838,1,77.31,2020
0.071357853,14326.858,13430.26973,40.204866,118.215299,1.68E-04,0.165569875,3.77E-04,7.22210022,ID00338838,2,58.27,2020
0.060283633,14799.38013,13633.98971,40.204866,118.215299,1.95E-04,0.170185473,6.29E-04,15.75293675,ID00338838,3,49.7,2020
0.054393294,15261.5325,13901.39219,40.204866,118.215299,1.82E-04,0.169667305,7.85E-04,17.96362869,ID00338838,4,55.63,2020
0.056116091,15441.24103,14260.24681,40.204866,118.215299,1.82E-04,0.155970866,2.55E-04,13.31053213,ID00338838,5,56.95,2020
0.059623403,15556.01381,14688.57311,40.204866,118.215299,1.67E-04,0.143969409,2.18E-04,16.76403049,ID00338838,6,63.6,2020
0.061528493,15718.75761,14733.80777,40.204866,118.215299,1.45E-04,0.141926648,9.13E-05,11.12218835,ID00338838,7,75.02,2020
0.053791764,15604.73732,14827.48165,40.204866,118.215299,1.40E-04,0.131329406,4.10E-04,11.30578989,ID00338838,8,77.04,2020
0.055337415,15272.45189,11828.80765,40.204866,118.215299,1.43E-04,0.136452307,1.89E-04,19.16899153,ID00338838,9,73.67,2020
0.055229875,14810.11488,14176.21197,40.204866,118.215299,2.60E-04,0.134175358,8.71E-04,22.54088392,ID00338838,10,72.4,2020
0.050324934,14325.14647,13749.1846,40.204866,118.215299,2.30E-04,0.135842552,0.001301901,20.13233819,ID00338838,11,67.24,2020
0.058781904,13848.66655,13228.74239,40.204866,118.215299,3.31E-04,0.152260686,,25.11257609,ID00338838,12,75.45,2020
0.074837782,13900.96365,-3738.580962,40.204866,118.215299,2.86E-04,0.166046909,0.001589491,21.06177123,ID00338838,1,78.06,2021
0.063770849,14370.26143,13302.64671,40.204866,118.215299,2.17E-04,0.163383658,0.001482256,19.49707055,ID00338838,2,75.5,2021
0.055338372,14746.76593,13719.22795,40.204866,118.215299,2.10E-04,0.167739507,4.96E-04,17.07358434,ID00338838,3,57.4,2021
0.055923674,15154.66848,13904.62692,40.204866,118.215299,2.20E-04,0.165775114,-9.13E-05,20.35613069,ID00338838,4,59.18,2021
0.052848797,15342.96743,13990.01292,40.204866,118.215299,2.11E-04,0.161918331,1.01E-04,18.86395236,ID00338838,5,61.26,2021
0.050357764,15556.67983,14615.47792,40.204866,118.215299,1.73E-04,0.15125423,1.84E-05,21.73371943,ID00338838,6,54.19,2021
0.049118179,15402.3631,14575.3209,40.204866,118.215299,1.42E-04,0.149083262,1.44E-04,17.17948741,ID00338838,7,61.28,2021
0.062890947,15342.86735,14735.16977,40.204866,118.215299,1.39E-04,0.142533575,-5.26E-05,19.42400609,ID00338838,8,70,2021
0.052665733,15223.49024,14526.87357,40.204866,118.215299,1.49E-04,0.135541554,7.88E-05,17.17920719,ID00338838,9,61.33,2021
0.047251205,14727.07321,13857.17731,40.204866,118.215299,2.02E-04,0.1363694,9.76E-04,20.07172214,ID00338838,10,61.97,2021
0.049229172,14194.63389,13564.02289,40.204866,118.215299,2.46E-04,0.152633253,3.64E-04,17.34134908,ID00338838,11,52.16,2021
0.048254322,13893.15053,13250.84758,40.204866,118.215299,3.08E-04,0.158291795,,21.90810771,ID00338838,12,53.37,2021
0.055450246,13947.17503,13101.94079,40.204866,118.215299,2.59E-04,0.171290185,1.73E-04,20.7206502,ID00338838,1,63.71,2022
0.052218759,14195.52426,13280.34446,40.204866,118.215299,1.74E-04,0.177994497,9.94E-04,22.05865762,ID00338838,2,52.58,2022
0.050403546,14686.69205,13612.2124,40.204866,118.215299,1.63E-04,0.165073907,9.05E-04,20.74354763,ID00338838,3,59.84,2022
0.051026815,15341.3658,14079.25611,40.204866,118.215299,1.57E-04,0.163468323,3.20E-04,16.81958035,ID00338838,4,62.23,2022
0.053806587,15562.2804,14089.05168,40.204866,118.215299,1.83E-04,0.164582551,5.50E-04,21.16405337,ID00338838,5,62.29,2022
0.048690587,15588.86738,14354.17223,40.204866,118.215299,1.61E-04,0.152695395,3.23E-04,21.8554982,ID00338838,6,58.44,2022
0.045532012,15631.38461,14738.47232,40.204866,118.215299,1.25E-04,0.139323203,4.42E-05,0,ID00338838,7,47.73,2022
0.045418472,15457.26863,14770.91027,40.204866,118.215299,1.27E-04,0.132703585,1.29E-04,17.02651131,ID00338838,8,66.07,2022
0.049492207,15329.4692,14422.86801,40.204866,118.215299,1.50E-04,0.136871739,3.74E-04,19.7831086,ID00338838,9,70.02,2022
0.045187896,14773.46803,13866.50368,40.204866,118.215299,2.33E-04,0.136629454,2.65E-04,18.97266429,ID00338838,10,70,2022
0.042371882,14303.23553,13551.67101,40.204866,118.215299,1.75E-04,0.141278971,6.32E-04,16.71484279,ID00338838,11,62.24,2022
0.04630078,13706.21084,13140.9919,40.204866,118.215299,1.32E-04,0.166796711,,25.81649437,ID00338838,12,67.69,2022
0.080288617,13996.74788,13192.91266,39.495118,118.288363,4.22E-04,0.148154102,0.001410332,10.77484794,ID00353795,1,49.68,2019
0.077811687,14315.85623,13257.37285,39.495118,118.288363,4.05E-04,0.154904098,5.07E-04,7.665694296,ID00353795,2,48.58,2019
0.058109538,14821.99264,13601.89987,39.495118,118.288363,3.21E-04,0.172601677,4.81E-04,8.798265616,ID00353795,3,52.98,2019
0.069490428,15113.15152,13868.81845,39.495118,118.288363,2.74E-04,0.158639832,3.56E-04,7.649494439,ID00353795,4,62.37,2019
0.055181701,15391.84582,14242.25111,39.495118,118.288363,2.21E-04,0.159879378,8.51E-05,10.20470082,ID00353795,5,57.55,2019
0.06880649,15559.71064,14579.72767,39.495118,118.288363,2.12E-04,0.152689601,1.83E-04,10.52830485,ID00353795,6,56.64,2019
0.06558033,15549.99293,14847.82998,39.495118,118.288363,1.64E-04,0.143100875,3.14E-06,8.673425097,ID00353795,7,36.25,2019
0.062462206,15261.28083,14746.78214,39.495118,118.288363,2.17E-04,0.138473999,3.04E-04,10.6243473,ID00353795,8,55.32,2019
0.07268304,15363.15963,14497.99117,39.495118,118.288363,2.81E-04,0.132284382,1.55E-04,9.585667322,ID00353795,9,50.19,2019
0.053895801,14819.60564,13912.69396,39.495118,118.288363,2.86E-04,0.137779848,4.37E-04,12.18221043,ID00353795,10,39.82,2019
0.052112737,14252.69914,11281.71443,39.495118,118.288363,3.39E-04,0.139542076,2.96E-04,11.04829237,ID00353795,11,54.67,2019
0.060346479,13914.44555,13261.42656,39.495118,118.288363,2.91E-04,0.153979706,,12.20893776,ID00353795,12,60.5,2019
0.087606775,14116.56241,13229.96673,39.495118,118.288363,3.46E-04,0.159951291,6.55E-04,13.19648436,ID00353795,1,61.03,2020
0.067496304,14267.0422,13479.08668,39.495118,118.288363,1.79E-04,0.163859624,5.39E-04,8.279420976,ID00353795,2,52.52,2020
0.055019153,14734.97234,13585.32872,39.495118,118.288363,2.33E-04,0.168934611,4.71E-04,12.84785835,ID00353795,3,55.91,2020
0.065133514,15171.08039,13824.15865,39.495118,118.288363,2.61E-04,0.168206364,2.08E-04,12.8368696,ID00353795,4,57.4,2020
0.055306264,15282.11332,14197.05888,39.495118,118.288363,2.01E-04,0.154832476,3.47E-04,13.32985021,ID00353795,5,59.61,2020
0.065673268,15439.72211,14653.18515,39.495118,118.288363,2.16E-04,0.141949228,2.13E-04,10.62975951,ID00353795,6,49.91,2020
0.062881421,15648.97416,14766.55211,39.495118,118.288363,1.83E-04,0.141262669,2.76E-04,11.11043167,ID00353795,7,55.89,2020
0.059982951,15263.04711,14852.48224,39.495118,118.288363,1.76E-04,0.129978897,1.80E-04,9.383925339,ID00353795,8,61.37,2020
0.06150255,15140.63849,14406.13837,39.495118,118.288363,1.94E-04,0.13653954,3.33E-04,14.25659484,ID00353795,9,56.86,2020
0.056723997,14823.68241,13865.17861,39.495118,118.288363,3.42E-04,0.13195474,3.57E-04,17.1682018,ID00353795,10,59.4,2020
0.054760301,14319.22352,13907.3317,39.495118,118.288363,3.23E-04,0.1356044,7.85E-04,15.8666071,ID00353795,11,43.39,2020
0.060817001,13866.80034,13209.09735,39.495118,118.288363,5.58E-04,0.150131425,,17.30785309,ID00353795,12,46.58,2020
0.0661995,13918.87817,13115.89009,39.495118,118.288363,3.07E-04,0.160111146,3.76E-04,14.81067229,ID00353795,1,57.94,2021
0.06722389,14419.57704,13260.24926,39.495118,118.288363,3.21E-04,0.160709312,0.00111032,15.01731088,ID00353795,2,42.89,2021
0.063614254,14909.99321,13676.56349,39.495118,118.288363,2.93E-04,0.165087756,7.08E-04,15.68749009,ID00353795,3,42.92,2021
0.059613014,15021.22629,13889.78377,39.495118,118.288363,2.62E-04,0.162305533,3.15E-04,15.42597872,ID00353795,4,41.43,2021
0.051847015,15345.56288,13791.8945,39.495118,118.288363,2.05E-04,0.16163752,2.58E-04,11.78175933,ID00353795,5,42.9,2021
0.052428675,15516.96219,14506.33988,39.495118,118.288363,1.88E-04,0.148989047,2.78E-04,15.55302043,ID00353795,6,28.14,2021
0.049521426,15176.8106,14787.56183,39.495118,118.288363,1.40E-04,0.144454534,1.22E-04,10.83650678,ID00353795,7,31.53,2021
0.065632442,15228.03886,14724.71354,39.495118,118.288363,1.56E-04,0.143518302,5.37E-06,11.18401857,ID00353795,8,42.22,2021
0.058975134,15211.27167,14694.73209,39.495118,118.288363,2.22E-04,0.135471119,1.43E-04,13.18671968,ID00353795,9,47.47,2021
0.056824629,14797.86259,13883.29339,39.495118,118.288363,3.72E-04,0.13396841,3.10E-04,13.71739707,ID00353795,10,43.36,2021
0.048331873,14183.22558,13648.68294,39.495118,118.288363,3.48E-04,0.151205966,0.002228086,15.48689884,ID00353795,11,34.56,2021
0.045960486,14024.50058,13399.35001,39.495118,118.288363,3.49E-04,0.15696581,,16.88463229,ID00353795,12,36.99,2021
0.060707096,14024.13333,13173.68201,39.495118,118.288363,3.36E-04,0.169488311,2.71E-04,15.57991906,ID00353795,1,40.32,2022
0.05155827,14251.74605,13245.44868,39.495118,118.288363,2.45E-04,0.174808275,0.001018391,14.19384671,ID00353795,2,27.65,2022
0.047891968,14562.10641,13566.11927,39.495118,118.288363,2.11E-04,0.162777705,2.60E-04,17.43575566,ID00353795,3,24.68,2022
0.054587898,15249.61727,14018.8209,39.495118,118.288363,2.17E-04,0.161026114,1.96E-04,13.70640103,ID00353795,4,50.26,2022
0.051300351,15449.51509,14391.06227,39.495118,118.288363,2.19E-04,0.165599773,4.06E-04,13.51771339,ID00353795,5,60.35,2022
0.052474502,15585.70013,14625.08505,39.495118,118.288363,1.64E-04,0.152460441,2.19E-04,16.17860167,ID00353795,6,58.95,2022
0.046047952,15503.51194,14766.75941,39.495118,118.288363,1.45E-04,0.138151451,2.22E-04,0,ID00353795,7,47.15,2022
0.050231799,15263.69494,14797.04171,39.495118,118.288363,1.53E-04,0.132884301,9.63E-05,9.776574924,ID00353795,8,42.11,2022
0.048321609,15247.75958,14441.89483,39.495118,118.288363,2.24E-04,0.137702236,4.46E-04,14.59973502,ID00353795,9,59.65,2022
0.047401956,14807.25341,,39.495118,118.288363,3.68E-04,0.136084003,3.42E-04,14.66742628,ID00353795,10,22.16,2022
0.042681498,14279.86991,13671.47596,39.495118,118.288363,2.85E-04,0.140620392,9.09E-04,12.89099597,ID00353795,11,16.58,2022
0.043357072,13838.04185,13078.92345,39.495118,118.288363,2.20E-04,0.162784855,,17.25485522,ID00353795,12,21.34,2022
0.057381311,14475.2811,11760.95503,31.668765,118.50685,4.09E-04,0.116421081,0.001046376,15.7808667,ID00319728,1,153.71,2019
0.062266157,14223.23408,11871.52775,31.668765,118.50685,2.47E-04,0.118872834,1.75E-05,34.94607965,ID00319728,2,137.23,2019
0.055233711,14905.45661,14053.56299,31.668765,118.50685,2.82E-04,0.132680905,2.51E-04,47.91287955,ID00319728,3,162.31,2019
0.056319103,15235.61541,14399.81276,31.668765,118.50685,2.17E-04,0.137413639,2.50E-04,46.40882029,ID00319728,4,155.55,2019
0.05271759,15598.00467,14509.77661,31.668765,118.50685,1.93E-04,0.134048206,-1.06E-05,43.62461894,ID00319728,5,171.7,2019
0.04878813,15608.68154,14765.76518,31.668765,118.50685,1.71E-04,0.137675884,-2.02E-05,46.125074,ID00319728,6,167.78,2019
0.045417556,-3926.886386,14813.05191,31.668765,118.50685,1.41E-04,0.133399224,-4.73E-05,43.96005054,ID00319728,7,175.05,2019
0.046326743,-6454.984329,14957.84978,31.668765,118.50685,1.67E-04,0.13144222,1.17E-04,43.39587818,ID00319728,8,172.28,2019
0.048996623,15405.65877,14740.13656,31.668765,118.50685,1.84E-04,0.124489244,4.52E-05,46.00040958,ID00319728,9,167.55,2019
0.050630259,15112.50958,14535.50566,31.668765,118.50685,2.49E-04,0.123289244,-1.06E-04,47.87777145,ID00319728,10,179.07,2019
0.051579733,14789.31836,12124.82635,31.668765,118.50685,2.92E-04,0.117715617,5.94E-05,48.26217747,ID00319728,11,167.23,2019
0.052707043,14335.04335,13820.17902,31.668765,118.50685,2.73E-04,0.125513159,4.88E-04,50.0138207,ID00319728,12,174.08,2019
0.063482959,,11764.80215,31.668765,118.50685,2.98E-04,0.123159379,3.59E-05,47.24164289,ID00319728,1,177.53,2020
0.055678835,14517.50278,13907.93131,31.668765,118.50685,1.13E-04,0.1330995,-2.57E-04,37.31757557,ID00319728,2,162.07,2020
0.055943692,14950.42924,14085.74207,31.668765,118.50685,2.00E-04,0.14441063,3.44E-04,39.20909797,ID00319728,3,169.62,2020
0.057509157,15192.83248,14236.88436,31.668765,118.50685,2.31E-04,0.152310302,-7.86E-06,48.84812917,ID00319728,4,161.08,2020
0.052739981,15576.84154,14600.06141,31.668765,118.50685,1.62E-04,0.13911287,3.37E-04,43.04602538,ID00319728,5,180.7,2020
0.050864018,15474.96278,14808.34966,31.668765,118.50685,1.28E-04,0.130393974,-1.51E-04,40.2565038,ID00319728,6,168.65,2020
0.048082191,,14820.75563,31.668765,118.50685,2.06E-04,0.130550464,-2.99E-04,39.12411906,ID00319728,7,166.84,2020
0.041023144,,15056.27555,31.668765,118.50685,1.48E-04,0.125784433,-9.78E-05,46.78735316,ID00319728,8,180.15,2020
0.048060966,15621.89357,14785.1883,31.668765,118.50685,2.12E-04,0.127581147,2.43E-05,50.49014208,ID00319728,9,182.54,2020
0.050799224,15031.13608,14258.38345,31.668765,118.50685,2.13E-04,0.117610703,3.23E-04,48.45136845,ID00319728,10,185.19,2020
0.046360428,14852.77401,14209.52591,31.668765,118.50685,2.52E-04,0.119804307,3.78E-04,45.08025942,ID00319728,11,177.8,2020
0.065714099,14127.83095,13749.41903,31.668765,118.50685,4.56E-04,0.120793809,5.60E-04,52.0517582,ID00319728,12,184.55,2020
0.054869823,14248.99468,13765.48861,31.668765,118.50685,3.74E-04,0.126537321,5.58E-04,56.6008679,ID00319728,1,187.43,2021
0.0567142,14707.08643,14019.26424,31.668765,118.50685,2.71E-04,0.133492914,1.11E-04,48.92103117,ID00319728,2,173.88,2021
0.055293437,15047.92836,12197.26409,31.668765,118.50685,2.20E-04,0.138506458,-4.19E-05,51.72111648,ID00319728,3,189.95,2021
0.057799457,15073.37614,14256.76738,31.668765,118.50685,2.22E-04,0.142783986,3.48E-05,43.04802735,ID00319728,4,189.07,2021
0.054660065,15484.46089,14757.17875,31.668765,118.50685,1.85E-04,0.138884563,2.03E-04,31.81727673,ID00319728,5,191.02,2021
0.047587887,15666.86405,14805.95723,31.668765,118.50685,1.86E-04,0.135017086,2.59E-04,35.24739398,ID00319728,6,189.28,2021
0.040921669,,14896.81391,31.668765,118.50685,1.43E-04,0.135205608,-2.60E-05,30.0642556,ID00319728,7,183.28,2021
0.044876393,15765.14006,14979.45837,31.668765,118.50685,1.39E-04,0.13410246,4.04E-06,31.58025227,ID00319728,8,175.49,2021
0.047413577,15545.56086,14815.43648,31.668765,118.50685,1.81E-04,0.128848954,2.70E-04,29.71699338,ID00319728,9,146.06,2021
0.043749818,15472.59256,14885.01371,31.668765,118.50685,2.53E-04,0.125646709,2.83E-04,33.38168245,ID00319728,10,137.39,2021
0.043939219,14546.09195,13968.11891,31.668765,118.50685,2.91E-04,0.130454522,3.51E-04,38.23768328,ID00319728,11,149.17,2021
0.04998781,14314.21727,13882.14043,31.668765,118.50685,3.61E-04,0.128271039,9.45E-04,39.157604,ID00319728,12,184.72,2021
0.055345457,6641.908913,13756.26448,31.668765,118.50685,4.30E-04,0.1362454,2.72E-04,38.30852267,ID00319728,1,181.56,2022
0.056473976,14547.75318,6581.279465,31.668765,118.50685,2.50E-04,0.13390302,1.75E-04,41.37066653,ID00319728,2,165.06,2022
0.049756417,14988.68908,14252.46993,31.668765,118.50685,2.24E-04,0.142879119,5.16E-04,35.27242466,ID00319728,3,189.81,2022
0.051409422,15365.97715,14470.48629,31.668765,118.50685,1.76E-04,0.146235451,3.39E-05,31.41044372,ID00319728,4,188.49,2022
0.048773877,15503.68828,14580.25176,31.668765,118.50685,1.71E-04,0.151028007,9.61E-05,37.23790352,ID00319728,5,192.45,2022
0.043555875,15681.81574,14902.4639,31.668765,118.50685,1.35E-04,0.141197853,1.63E-04,38.5085555,ID00319728,6,181.06,2022
0.039394836,,15004.14545,31.668765,118.50685,1.42E-04,0.133040934,4.78E-05,35.65130271,ID00319728,7,159.31,2022
0.041897976,15889.29946,15037.45218,31.668765,118.50685,1.34E-04,0.129292812,6.55E-05,32.24409395,ID00319728,8,156.3,2022
0.043929353,15509.27842,14781.14202,31.668765,118.50685,1.88E-04,0.130008731,1.33E-04,31.51092488,ID00319728,9,128.15,2022
0.039785153,15093.85942,14413.4845,31.668765,118.50685,1.82E-04,0.122612749,1.48E-04,33.32097732,ID00319728,10,144.43,2022
0.043981287,14928.45837,14227.13435,31.668765,118.50685,2.58E-04,0.118641199,3.08E-04,34.92851095,ID00319728,11,148.51,2022
0.04602979,14147.44142,11759.59334,31.668765,118.50685,2.78E-04,0.128381476,6.88E-04,33.89862234,ID00319728,12,165.25,2022
0.057243556,14422.85441,13691.77239,31.654635,118.507202,4.01E-04,0.116346528,9.91E-04,20.23495333,ID00319727,1,153.71,2019
0.055344412,9167.95,13771.85605,31.654635,118.507202,2.36E-04,0.118703889,-1.13E-04,30.16431144,ID00319727,2,137.23,2019
0.054811074,14900.32328,14016.4394,31.654635,118.507202,2.80E-04,0.132650996,2.66E-04,33.09690712,ID00319727,3,162.31,2019
0.055782724,15226.43522,14377.58445,31.654635,118.507202,2.10E-04,0.137599244,2.95E-04,31.80166765,ID00319727,4,155.55,2019
0.052482356,15572.61239,14470.03585,31.654635,118.507202,1.86E-04,0.134314589,3.92E-05,31.78067357,ID00319727,5,171.7,2019
0.049789886,15571.43783,14745.95229,31.654635,118.507202,1.68E-04,0.137598249,4.10E-05,34.39798583,ID00319727,6,167.78,2019
0.044948096,325.6813725,14784.90752,31.654635,118.507202,1.42E-04,0.133462122,-5.27E-05,33.49425498,ID00319727,7,175.05,2019
0.046236194,8878.206863,14922.73975,31.654635,118.507202,1.57E-04,0.131361659,5.92E-05,32.29846524,ID00319727,8,172.28,2019
0.049013831,15409.89565,14712.2605,31.654635,118.507202,1.77E-04,0.124564769,7.20E-05,34.18969195,ID00319727,9,167.55,2019
0.050985678,15116.36304,14410.80755,31.654635,118.507202,2.24E-04,0.123214135,-6.80E-05,36.69466128,ID00319727,10,179.07,2019
0.050839204,14794.88165,14097.14813,31.654635,118.507202,2.91E-04,0.117973795,3.43E-05,37.70986847,ID00319727,11,167.23,2019
0.052466603,14354.95252,13829.20843,31.654635,118.507202,2.71E-04,0.126005247,4.83E-04,37.76915245,ID00319727,12,174.08,2019
0.063720929,,13692.87574,31.654635,118.507202,2.66E-04,0.123284136,1.73E-04,34.58350264,ID00319727,1,177.53,2020
0.055430123,14522.8531,13885.79088,31.654635,118.507202,1.10E-04,0.133146186,-2.66E-04,29.99000722,ID00319727,2,162.07,2020
0.055728587,14956.12974,14043.08606,31.654635,118.507202,1.96E-04,0.144222824,1.75E-04,35.51159768,ID00319727,3,169.62,2020
0.057369979,15160.14898,14163.87487,31.654635,118.507202,2.23E-04,0.152433878,1.57E-04,37.49815646,ID00319727,4,161.08,2020
0.052260965,15559.2443,14555.67039,31.654635,118.507202,1.57E-04,0.139306153,4.05E-04,32.54106092,ID00319727,5,180.7,2020
0.04945761,15444.74167,14789.81373,31.654635,118.507202,1.32E-04,0.12987798,-2.10E-04,31.31505507,ID00319727,6,168.65,2020
0.047725895,,14801.26716,31.654635,118.507202,1.93E-04,0.130745516,-1.76E-04,33.56157039,ID00319727,7,166.84,2020
0.041107121,,15042.32623,31.654635,118.507202,1.42E-04,0.125920725,-1.11E-04,35.20722496,ID00319727,8,180.15,2020
0.047475772,15614.98775,14752.51216,31.654635,118.507202,2.00E-04,0.127580185,4.90E-05,34.87720378,ID00319727,9,182.54,2020
0.05023597,14973.06673,14226.06176,31.654635,118.507202,2.06E-04,0.117473999,2.15E-04,35.48668217,ID00319727,10,185.19,2020
0.046066104,14864.57633,14167.24095,31.654635,118.507202,2.44E-04,0.119669307,5.03E-04,36.29744549,ID00319727,11,177.8,2020
0.062783572,14142.36,13720.08284,31.654635,118.507202,4.46E-04,0.120764006,3.71E-04,38.42011109,ID00319727,12,184.55,2020
0.054198586,14229.56762,13717.65359,31.654635,118.507202,3.71E-04,0.12654139,6.50E-04,41.81603729,ID00319727,1,187.43,2021
0.05650552,14700.46165,13943.14009,31.654635,118.507202,2.68E-04,0.133672241,1.06E-04,39.83492907,ID00319727,2,173.88,2021
0.05533906,15013.72218,14138.60712,31.654635,118.507202,2.15E-04,0.138466287,-1.18E-04,48.2622314,ID00319727,3,189.95,2021
0.057396136,15056.35488,14220.72402,31.654635,118.507202,2.18E-04,0.142439737,1.09E-05,39.16585796,ID00319727,4,189.07,2021
0.054341576,15462.46744,14712.5374,31.654635,118.507202,1.81E-04,0.138939855,1.68E-04,29.05188434,ID00319727,5,191.02,2021
0.047705924,15617.84176,14774.9268,31.654635,118.507202,1.85E-04,0.134729018,9.04E-05,33.51138746,ID00319727,6,189.28,2021
0.04060278,,14885.67908,31.654635,118.507202,1.35E-04,0.13477612,-1.84E-05,26.24319855,ID00319727,7,183.28,2021
0.044977293,15699.41225,14964.78203,31.654635,118.507202,1.35E-04,0.134074425,2.59E-05,27.01272263,ID00319727,8,175.49,2021
0.047091393,15519.0498,14775.38204,31.654635,118.507202,1.74E-04,0.128727361,2.04E-04,27.95720636,ID00319727,9,146.06,2021
0.043753276,15314.09155,14775.18387,31.654635,118.507202,2.46E-04,0.125762945,2.54E-04,29.08206111,ID00319727,10,137.39,2021
0.043937955,14548.03282,14009.68886,31.654635,118.507202,2.86E-04,0.130421776,3.72E-04,34.64619845,ID00319727,11,149.17,2021
0.049244533,14320.83701,13839.07464,31.654635,118.507202,3.45E-04,0.128222705,6.56E-04,34.12373116,ID00319727,12,184.72,2021
0.055694401,5155.877451,13721.28219,31.654635,118.507202,4.14E-04,0.136707096,2.92E-04,32.74102659,ID00319727,1,181.56,2022
0.055378164,14549.19935,13708.58722,31.654635,118.507202,2.36E-04,0.133935773,2.01E-04,33.89126449,ID00319727,2,165.06,2022
0.050804562,14978.09165,14201.08237,31.654635,118.507202,2.20E-04,0.14299819,4.40E-04,30.94388275,ID00319727,3,189.81,2022
0.05150794,15306.56601,14450.73627,31.654635,118.507202,1.69E-04,0.146244351,-5.48E-05,31.2226256,ID00319727,4,188.49,2022
0.04807003,15481.34988,14534.66838,31.654635,118.507202,1.71E-04,0.151072812,1.54E-04,32.73240616,ID00319727,5,192.45,2022
0.043323376,15663.16442,14874.2747,31.654635,118.507202,1.33E-04,0.140926676,1.90E-04,31.37715924,ID00319727,6,181.06,2022
0.039608392,,14981.17319,31.654635,118.507202,1.38E-04,0.132899705,5.51E-07,35.08608295,ID00319727,7,159.31,2022
0.041774704,15870.61436,15023.49154,31.654635,118.507202,1.31E-04,0.129345209,-3.49E-05,29.51155135,ID00319727,8,156.3,2022
0.04369766,15513.27387,14754.14333,31.654635,118.507202,1.78E-04,0.129663455,1.11E-04,25.09770772,ID00319727,9,128.15,2022
0.039013726,15107.19171,14358.23251,31.654635,118.507202,1.80E-04,0.122705034,6.77E-06,28.49823076,ID00319727,10,144.43,2022
0.042793126,14886.40817,14194.22474,31.654635,118.507202,2.58E-04,0.118712612,7.60E-05,28.08461923,ID00319727,11,148.51,2022
0.044460717,14167.9882,13675.66029,31.654635,118.507202,2.74E-04,0.128023761,8.68E-04,30.64981913,ID00319727,12,165.25,2022
0.060481783,14315.67336,-4868.333986,32.174699,118.76504,3.83E-04,0.117861447,7.65E-04,5.054975469,ID00319619,1,92.83,2019
0.0605971,14257.83643,,32.174699,118.76504,2.83E-04,0.119617989,-7.74E-05,9.845002465,ID00319619,2,84.48,2019
0.056060883,14607.18257,-5498.722331,32.174699,118.76504,3.40E-04,0.135729698,2.70E-04,12.85530359,ID00319619,3,96.46,2019
0.056311438,14944.22919,14351.64822,32.174699,118.76504,2.67E-04,0.139403273,3.06E-05,14.13362171,ID00319619,4,74.99,2019
0.052807656,15193.42936,14525.09109,32.174699,118.76504,2.57E-04,0.134496936,4.25E-04,13.01997553,ID00319619,5,97.03,2019
0.053313284,15255.76093,14682.2318,32.174699,118.76504,1.92E-04,0.138115438,-2.15E-05,19.0028574,ID00319619,6,93.75,2019
0.050067138,5271.038688,14842.29873,32.174699,118.76504,2.07E-04,0.134405684,-2.09E-05,13.09319264,ID00319619,7,96.84,2019
0.047581207,15328.46139,14921.0186,32.174699,118.76504,1.65E-04,0.130869406,-7.43E-05,14.72244863,ID00319619,8,97.33,2019
0.049947211,15178.56363,14678.47434,32.174699,118.76504,1.69E-04,0.125033046,8.33E-05,14.07336686,ID00319619,9,93.32,2019
0.056063109,14948.55788,14546.48547,32.174699,118.76504,2.44E-04,0.123342693,-1.48E-05,13.55067067,ID00319619,10,95.57,2019
0.052854464,14724.34762,-5490.099902,32.174699,118.76504,3.23E-04,0.11974918,1.27E-05,12.33332984,ID00319619,11,86.46,2019
0.059335865,14353.33392,13778.00963,32.174699,118.76504,3.67E-04,0.127871862,5.24E-04,13.200306,ID00319619,12,88.09,2019
0.065721164,14225.0049,,32.174699,118.76504,1.80E-04,0.126830751,-2.26E-04,12.90135647,ID00319619,1,98.8,2020
0.058800389,14456.57222,,32.174699,118.76504,1.35E-04,0.134844936,6.00E-04,11.93375857,ID00319619,2,91.03,2020
0.057996459,14745.57068,14212.25857,32.174699,118.76504,2.35E-04,0.144014391,4.24E-04,16.43932152,ID00319619,3,91.16,2020
0.056568704,14905.92625,13633.45935,32.174699,118.76504,2.92E-04,0.154702866,1.78E-04,17.25611658,ID00319619,4,86.09,2020
0.054274692,15216.67725,14581.89466,32.174699,118.76504,1.89E-04,0.14032797,1.38E-04,15.34284291,ID00319619,5,100.15,2020
0.049348354,15223.03624,14786.9383,32.174699,118.76504,1.72E-04,0.131213702,-8.38E-05,29.00511502,ID00319619,6,86.24,2020
0.046623388,,11477.31146,32.174699,118.76504,2.24E-04,0.130760827,2.09E-04,8.863293381,ID00319619,7,100.66,2020
0.043814578,,15038.16552,32.174699,118.76504,1.59E-04,0.125489849,-6.65E-05,10.10160144,ID00319619,8,100.74,2020
0.051335288,15187.98668,14822.63271,32.174699,118.76504,1.72E-04,0.127959317,8.12E-05,7.687179126,ID00319619,9,99.23,2020
0.051409834,14783.07909,14267.8952,32.174699,118.76504,2.49E-04,0.117904376,1.48E-04,17.83268586,ID00319619,10,105.3,2020
0.050092263,14741.6788,14235.79946,32.174699,118.76504,2.84E-04,0.119928507,2.46E-04,21.67543123,ID00319619,11,101.26,2020
0.063719901,14161.881,-6660.839373,32.174699,118.76504,5.64E-04,0.121780459,6.97E-04,20.4040526,ID00319619,12,97.65,2020
0.053487185,14170.44483,,32.174699,118.76504,4.41E-04,0.126685373,5.83E-04,19.32528406,ID00319619,1,105.11,2021
0.054291813,14613.17731,13766.68985,32.174699,118.76504,2.44E-04,0.135255906,2.33E-04,19.57308002,ID00319619,2,95.16,2021
0.056536724,14803.91386,14151.64055,32.174699,118.76504,3.29E-04,0.139810054,-8.24E-05,13.32039684,ID00319619,3,106.21,2021
0.058736963,14746.02073,14297.81538,32.174699,118.76504,3.15E-04,0.14273491,3.55E-04,15.84693192,ID00319619,4,92.76,2021
0.055693012,15036.63438,14618.84231,32.174699,118.76504,2.41E-04,0.140974674,3.67E-04,19.10040149,ID00319619,5,112.53,2021
0.048609262,15262.19515,14799.21952,32.174699,118.76504,2.04E-04,0.135831101,-2.40E-05,18.29763706,ID00319619,6,94.16,2021
0.043144586,15334.50539,14900.21515,32.174699,118.76504,1.64E-04,0.136848401,7.48E-05,15.69913555,ID00319619,7,98.69,2021
0.048170266,15300.05289,14891.56468,32.174699,118.76504,1.63E-04,0.135412383,2.41E-05,14.81397672,ID00319619,8,91.73,2021
0.046308143,15239.20103,14819.16634,32.174699,118.76504,2.36E-04,0.128973805,1.76E-04,17.35138333,ID00319619,9,85.86,2021
0.046156403,15149.25114,14757.92307,32.174699,118.76504,2.48E-04,0.126574172,4.63E-05,18.62569065,ID00319619,10,88.97,2021
0.045875501,14575.25699,14094.97011,32.174699,118.76504,3.24E-04,0.132839986,6.86E-04,18.93843035,ID00319619,11,94.1,2021
0.053236115,14377.17865,13906.45348,32.174699,118.76504,4.16E-04,0.129676574,0.001392568,22.05252685,ID00319619,12,93.04,2021
0.058400618,9972.84525,,32.174699,118.76504,4.69E-04,0.137639847,2.79E-04,18.5871132,ID00319619,1,107.49,2022
0.053447582,14353.04587,,32.174699,118.76504,2.77E-04,0.136971063,2.25E-04,22.15349712,ID00319619,2,98.84,2022
0.050946051,14769.33186,14218.15198,32.174699,118.76504,3.06E-04,0.143618131,2.49E-04,43.45968361,ID00319619,3,88.64,2022
0.049883201,14967.44172,14441.64838,32.174699,118.76504,2.08E-04,0.147847601,3.49E-04,19.27912555,ID00319619,4,79,2022
0.050014116,15135.66568,14493.43642,32.174699,118.76504,1.94E-04,0.150482016,2.54E-04,27.06912637,ID00319619,5,91.84,2022
0.045366921,15336.66719,14821.07512,32.174699,118.76504,1.60E-04,0.143002703,1.32E-04,20.18641762,ID00319619,6,98.2,2022
0.042465765,,14949.19115,32.174699,118.76504,1.38E-04,0.133971957,-8.45E-07,10.57783302,ID00319619,7,94.97,2022
0.044041078,15541.69931,15072.55338,32.174699,118.76504,1.44E-04,0.12967307,1.16E-04,17.09689027,ID00319619,8,89.95,2022
0.045200954,15229.92271,14732.75588,32.174699,118.76504,1.78E-04,0.129196563,3.62E-04,19.19691734,ID00319619,9,100.12,2022
0.041127841,14886.33682,14912.8002,32.174699,118.76504,2.06E-04,0.123265013,8.00E-05,19.84518118,ID00319619,10,94.82,2022
0.045087529,14743.09794,14252.98139,32.174699,118.76504,2.72E-04,0.120805249,-2.50E-04,17.31297229,ID00319619,11,88.03,2022
0.045220978,14193.88978,,32.174699,118.76504,3.19E-04,0.129807636,6.80E-04,19.93152264,ID00319619,12,68.48,2022
0.055433809,12203.42663,13880.0826,28.970229,118.859307,1.72E-04,0.10519262,2.70E-04,14.49388499,ID00319697,1,43.16,2019
0.050472949,-6030.843137,12085.55196,28.970229,118.859307,9.34E-05,0.108205755,-6607.18216,9.631279354,ID00319697,2,42.58,2019
0.05516895,14892.16412,14205.01944,28.970229,118.859307,1.15E-04,0.119367684,2.94E-04,25.55897292,ID00319697,3,38.5,2019
0.052638885,15297.89167,12258.15961,28.970229,118.859307,1.17E-04,0.131898425,2.36E-04,19.25460296,ID00319697,4,43.21,2019
0.052845408,15364.92608,6291.978922,28.970229,118.859307,1.05E-04,0.127961483,7.86E-05,21.26256838,ID00319697,5,39.28,2019
0.042671088,15481.25654,14784.24804,28.970229,118.859307,9.61E-05,0.132307769,9.41E-05,18.49392932,ID00319697,6,45.15,2019
0.037684954,6913.212745,15026.02982,28.970229,118.859307,8.87E-05,0.129201378,2.85E-04,17.30218389,ID00319697,7,34.42,2019
0.037663702,6973.394444,14981.24549,28.970229,118.859307,9.23E-05,0.12972012,1.13E-04,19.59581623,ID00319697,8,39.73,2019
0.044775066,15460.92071,14778.78442,28.970229,118.859307,9.49E-05,0.123604307,4.18E-05,19.26286506,ID00319697,9,42.87,2019
0.047186381,15159.50581,14521.66762,28.970229,118.859307,1.02E-04,0.121987429,2.15E-04,21.92029658,ID00319697,10,40.2,2019
0.044868229,14914.65256,14273.38265,28.970229,118.859307,1.46E-04,0.113839684,1.06E-04,23.50520846,ID00319697,11,46.75,2019
0.04847478,14532.39729,13900.13845,28.970229,118.859307,1.79E-04,0.11413794,2.68E-04,26.58276171,ID00319697,12,41.11,2019
0.057647065,-2107.223529,13796.0351,28.970229,118.859307,1.08E-04,0.11560473,1.76E-04,22.93224964,ID00319697,1,32.39,2020
0.051355589,14610.16146,13916.19575,28.970229,118.859307,7.18E-05,0.12342592,5.42E-07,21.11735265,ID00319697,2,36.62,2020
0.062905074,4289.74183,14240.60637,28.970229,118.859307,1.32E-04,0.135580481,2.51E-04,18.57205222,ID00319697,3,40.08,2020
0.052694638,15084.20866,14258.54137,28.970229,118.859307,1.19E-04,0.144035139,2.15E-04,23.39040947,ID00319697,4,40.27,2020
0.048082356,6842.048693,14804.40686,28.970229,118.859307,1.02E-04,0.134305211,1.36E-04,19.64699955,ID00319697,5,40.27,2020
0.036650693,,14937.48064,28.970229,118.859307,8.69E-05,0.125640947,-1.32E-04,20.73605197,ID00319697,6,42.3,2020
0.036350629,,260.3382353,28.970229,118.859307,9.38E-05,0.125242725,-6.07E-05,0,ID00319697,7,45.68,2020
0.036103991,-5863.788235,15023.47101,28.970229,118.859307,9.36E-05,0.125703691,2.94E-05,9.117980412,ID00319697,8,49.92,2020
0.044674586,-1754.971895,14729.47124,28.970229,118.859307,9.87E-05,0.127170326,5.92E-06,2.716909324,ID00319697,9,53.07,2020
0.045126814,14975.42944,14463.50588,28.970229,118.859307,1.07E-04,0.115633264,2.28E-05,16.93320127,ID00319697,10,49.77,2020
0.043958798,14945.69015,14341.80373,28.970229,118.859307,1.30E-04,0.115528254,1.11E-04,23.74696074,ID00319697,11,53.48,2020
0.054589669,14378.22026,13919.83137,28.970229,118.859307,2.37E-04,0.112029443,4.39E-04,21.25673528,ID00319697,12,36.14,2020
0.047240417,14447.12561,13785.0029,28.970229,118.859307,2.43E-04,0.118120502,3.68E-04,28.35935562,ID00319697,1,46.86,2021
0.051531666,14826.4014,14113.63908,28.970229,118.859307,1.07E-04,0.126544822,3.98E-04,23.79259822,ID00319697,2,47.02,2021
0.060198923,14918.14531,14261.17181,28.970229,118.859307,1.23E-04,0.127164189,-2.07E-04,25.36129396,ID00319697,3,49.01,2021
0.060816583,15043.07549,14373.19542,28.970229,118.859307,1.27E-04,0.13305589,3.14E-05,18.02810044,ID00319697,4,54.14,2021
0.049593554,-1828.584314,14618.5,28.970229,118.859307,1.25E-04,0.135499095,1.65E-04,24.52573246,ID00319697,5,52.32,2021
0.040717263,15497.47157,14694.81814,28.970229,118.859307,1.01E-04,0.13193018,2.62E-04,25.4507867,ID00319697,6,44.73,2021
0.037670378,4742.544118,14967.37712,28.970229,118.859307,9.25E-05,0.131690764,8.38E-06,23.74440702,ID00319697,7,36.04,2021
0.040854107,574.1352941,14957.52696,28.970229,118.859307,9.92E-05,0.131411975,-2.36E-05,17.07342885,ID00319697,8,33.2,2021
0.041547704,15581.98492,14871.11117,28.970229,118.859307,1.11E-04,0.128084464,-4.08E-05,21.40437764,ID00319697,9,32.96,2021
0.039764749,15488.82627,14694.11829,28.970229,118.859307,1.19E-04,0.124273147,-4.76E-05,32.74070096,ID00319697,10,31.72,2021
0.041009942,14570.52606,14004.61001,28.970229,118.859307,1.65E-04,0.12471676,5.32E-04,29.48485339,ID00319697,11,31.43,2021
0.047254521,14452.81824,13952.28472,28.970229,118.859307,1.87E-04,0.12118269,1.34E-04,31.24801216,ID00319697,12,35.02,2021
0.051969158,-2105.454902,13916.55428,28.970229,118.859307,2.10E-04,0.126573926,2.96E-04,32.81710838,ID00319697,1,44.29,2022
0.050195074,14702.23235,13803.33284,28.970229,118.859307,1.04E-04,0.132162862,-3.76E-04,33.11316412,ID00319697,2,46.01,2022
0.049715334,15055.4281,14187.82281,28.970229,118.859307,1.12E-04,0.135279365,1.12E-04,31.68497339,ID00319697,3,28.5,2022
0.048651575,15380.08627,3904.047059,28.970229,118.859307,9.56E-05,0.139187028,1.39E-04,29.71266927,ID00319697,4,32.09,2022
0.046049415,15386.46716,14581.8,28.970229,118.859307,1.02E-04,0.143714798,5.23E-04,21.89027165,ID00319697,5,43.14,2022
0.038088651,-1771.666667,14892.62402,28.970229,118.859307,9.34E-05,0.135522472,1.27E-04,23.79494155,ID00319697,6,40.16,2022
0.033810407,,15116.90425,28.970229,118.859307,9.10E-05,0.130808036,4.44E-05,0,ID00319697,7,37.64,2022
0.037660377,566.4637255,15095.1284,28.970229,118.859307,1.02E-04,0.12808182,9.40E-05,18.43991458,ID00319697,8,39.27,2022
0.04531003,15471.43301,14827.37493,28.970229,118.859307,1.07E-04,0.127181005,-6.36E-05,23.97214464,ID00319697,9,36.99,2022
0.03913043,15088.29828,14628.5355,28.970229,118.859307,1.20E-04,0.121013345,5.24E-05,24.41113279,ID00319697,10,38.09,2022
0.041817234,6612.067974,14503.99845,28.970229,118.859307,1.25E-04,0.115000398,-9.56E-05,21.62283605,ID00319697,11,39.39,2022
0.041118092,6083.480719,13782.7784,28.970229,118.859307,1.94E-04,0.123407326,7.63E-04,25.33266884,ID00319697,12,46.67,2022
0.059105369,2803.228534,,33.563492,118.998809,3.22E-04,0.122897345,8.86E-04,19.81152504,ID00319675,1,22.73,2019
0.057606091,,-5092.993144,33.563492,118.998809,2.64E-04,0.121648346,2.32E-04,19.73320517,ID00319675,2,20.54,2019
0.055993407,11832.12512,12607.06693,33.563492,118.998809,2.70E-04,0.142428494,2.62E-04,25.28924315,ID00319675,3,22.33,2019
0.053725919,12247.83301,7340.36492,33.563492,118.998809,1.66E-04,0.142475439,5.31E-04,20.58103124,ID00319675,4,24.77,2019
0.051727156,6654.678746,13171.21694,33.563492,118.998809,1.67E-04,0.137649568,2.02E-04,19.44778422,ID00319675,5,31.76,2019
0.048555515,12658.15779,3043.789912,33.563492,118.998809,1.45E-04,0.141993344,8.59E-05,23.30486521,ID00319675,6,29.83,2019
0.049008599,,14896.81774,33.563492,118.998809,1.30E-04,0.136572458,-4.59E-05,23.23314667,ID00319675,7,31.5,2019
0.046549596,12362.81325,14776.45816,33.563492,118.998809,1.10E-04,0.131404673,9.91E-05,23.01182429,ID00319675,8,30.44,2019
0.046966522,12405.41887,14689.08417,33.563492,118.998809,1.23E-04,0.125977452,5.17E-05,22.67383426,ID00319675,9,31.01,2019
0.051978242,6522.158178,14311.86867,33.563492,118.998809,2.13E-04,0.123907334,7.25E-05,24.2855656,ID00319675,10,31.31,2019
0.046045498,13399.64218,14088.86108,33.563492,118.998809,2.08E-04,0.123370999,2.51E-04,23.21493608,ID00319675,11,26.06,2019
0.05076733,11289.74412,7165.626102,33.563492,118.998809,2.30E-04,0.135410907,7.28E-04,35.22663273,ID00319675,12,24.11,2019
0.06246392,-9832.474045,-1594.170421,33.563492,118.998809,2.09E-04,0.133286319,9.25E-06,31.02500014,ID00319675,1,31.52,2020
0.052610426,11653.93905,13774.77944,33.563492,118.998809,1.17E-04,0.141640667,5.94E-05,29.88117309,ID00319675,2,27.3,2020
0.049145296,11958.94678,13832.77914,33.563492,118.998809,1.60E-04,0.150689837,6.01E-04,38.02015946,ID00319675,3,25.99,2020
0.056321191,5745.487314,14122.84386,33.563492,118.998809,1.77E-04,0.156073597,2.76E-04,35.40521306,ID00319675,4,26.71,2020
0.053049745,12509.93082,-9498.167483,33.563492,118.998809,1.39E-04,0.143091899,1.17E-04,34.20024188,ID00319675,5,30.66,2020
0.048274752,12707.73898,14842.61247,33.563492,118.998809,1.31E-04,0.134116493,1.96E-05,36.65911803,ID00319675,6,29.87,2020
0.044529254,5873.829579,14806.524,33.563492,118.998809,1.08E-04,0.133431368,3.24E-05,28.70732118,ID00319675,7,30.7,2020
0.040393908,1921.042116,15004.49592,33.563492,118.998809,1.02E-04,0.125401679,6.03E-05,35.71728999,ID00319675,8,31.55,2020
0.04948646,15509.39042,14821.41177,33.563492,118.998809,1.28E-04,0.130825559,2.24E-04,39.04314439,ID00319675,9,30.76,2020
0.049340026,14879.47486,14221.2611,33.563492,118.998809,2.00E-04,0.119720932,1.03E-04,39.12924088,ID00319675,10,32.16,2020
0.048177993,14689.82007,12769.42099,33.563492,118.998809,2.06E-04,0.122741293,2.38E-04,33.604471,ID00319675,11,31.09,2020
0.059396506,14247.16977,13743.65377,33.563492,118.998809,3.86E-04,0.127658846,4.48E-04,37.04248021,ID00319675,12,35.23,2020
0.049952098,13998.82037,10921.9555,33.563492,118.998809,3.50E-04,0.134985778,2.72E-04,39.70564373,ID00319675,1,25.6,2021
0.04951881,7883.935749,13923.42548,33.563492,118.998809,2.07E-04,0.136236601,2.08E-04,40.38597696,ID00319675,2,28.25,2021
0.052529079,11890.61933,13949.75553,33.563492,118.998809,2.42E-04,0.14324566,1.98E-04,36.45186821,ID00319675,3,32.01,2021
0.058327365,13639.88859,13967.96817,33.563492,118.998809,1.87E-04,0.144255951,-7.48E-05,36.54553638,ID00319675,4,31.33,2021
0.050293467,15349.07471,14640.67622,33.563492,118.998809,1.47E-04,0.146105081,1.43E-04,34.29649159,ID00319675,5,32.51,2021
0.049822446,13825.3366,13128.09729,33.563492,118.998809,1.57E-04,0.138428351,3.74E-05,29.19633044,ID00319675,6,28.44,2021
0.039162674,,14939.83497,33.563492,118.998809,1.13E-04,0.139209872,2.23E-05,33.40733048,ID00319675,7,31.13,2021
0.047953252,,14859.10312,33.563492,118.998809,1.17E-04,0.136093194,1.44E-04,31.982664,ID00319675,8,29.63,2021
0.044734468,12475.08,14753.64958,33.563492,118.998809,1.33E-04,0.129230201,8.20E-05,30.88874896,ID00319675,9,16.51,2021
0.043065201,15277.6332,13331.74503,33.563492,118.998809,1.95E-04,0.126717667,1.23E-04,32.73042648,ID00319675,10,30.01,2021
0.043126514,11611.99782,13859.54574,33.563492,118.998809,2.38E-04,0.138814653,5.05E-04,34.67149076,ID00319675,11,38.07,2021
0.04791943,14158.9405,10971.73425,33.563492,118.998809,3.07E-04,0.133699136,9.44E-04,40.13297456,ID00319675,12,34.71,2021
0.054990303,,10669.98041,33.563492,118.998809,3.16E-04,0.142712465,2.64E-04,31.93582505,ID00319675,1,23.85,2022
0.054181362,11502.23159,-967.7042116,33.563492,118.998809,2.34E-04,0.146285232,3.44E-04,35.27377611,ID00319675,2,29.01,2022
0.052579979,13297.48645,14028.04368,33.563492,118.998809,2.03E-04,0.148182712,2.58E-04,39.19355815,ID00319675,3,31.65,2022
0.05102291,6047.875612,11388.46964,33.563492,118.998809,1.49E-04,0.151776897,-4.20E-05,30.6619206,ID00319675,4,31.81,2022
0.046021607,12311.49812,14423.45919,33.563492,118.998809,1.40E-04,0.153863721,1.96E-04,38.05312253,ID00319675,5,32.52,2022
0.04377583,15736.74798,14915.27316,33.563492,118.998809,1.45E-04,0.144661493,1.71E-04,35.27324373,ID00319675,6,29.71,2022
0.03931837,,14898.76001,33.563492,118.998809,1.15E-04,0.133825808,1.06E-04,35.95720549,ID00319675,7,28.18,2022
0.042333231,-212.9030362,15036.49053,33.563492,118.998809,1.13E-04,0.128954182,1.94E-05,33.23514404,ID00319675,8,29.21,2022
0.041839021,15435.36117,14686.51957,33.563492,118.998809,1.22E-04,0.130233164,1.77E-04,36.88302094,ID00319675,9,28.95,2022
0.041250255,14956.31522,14337.86752,33.563492,118.998809,1.58E-04,0.125163493,-1.06E-05,34.34781568,ID00319675,10,24.54,2022
0.042675112,14750.85668,14166.94907,33.563492,118.998809,1.81E-04,0.124112963,5.56E-04,34.58462806,ID00319675,11,29.46,2022
0.045964454,14088.57881,837.9036892,33.563492,118.998809,2.62E-04,0.136349454,8.87E-04,38.22863333,ID00319675,12,29.32,2022
0.069378803,13928.8331,1648.685948,39.285072,119.012587,4.08E-04,0.146461461,3.30E-05,1.121029412,ID00319685,1,37.34,2019
0.074279698,14330.53056,13365.90161,39.285072,119.012587,2.86E-04,0.15358274,7.53E-05,1.951644595,ID00319685,2,35.31,2019
0.061689668,14560.95232,13667.52515,39.285072,119.012587,2.95E-04,0.170491823,7.75E-04,1.468627448,ID00319685,3,29.35,2019
0.063320054,14885.71923,13930.87626,39.285072,119.012587,2.03E-04,0.158034134,3.17E-04,1.57968623,ID00319685,4,40.42,2019
0.057883741,15343.40852,14275.7335,39.285072,119.012587,2.34E-04,0.159477641,3.52E-04,1.640340669,ID00319685,5,42.91,2019
0.060648047,15436.05133,14552.11332,39.285072,119.012587,1.64E-04,0.152411015,3.41E-04,1.563122536,ID00319685,6,39.69,2019
0.059227671,15560.96196,14829.82393,39.285072,119.012587,1.33E-04,0.143943958,1.46E-04,1.774828411,ID00319685,7,40.53,2019
0.05766195,15285.01206,14722.35225,39.285072,119.012587,1.70E-04,0.138660084,2.62E-04,2.154973009,ID00319685,8,43.99,2019
0.056648241,15239.54928,14525.7377,39.285072,119.012587,1.83E-04,0.132569024,1.87E-04,2.031754911,ID00319685,9,37.89,2019
0.054545333,14780.36013,14105.49366,39.285072,119.012587,2.17E-04,0.136745609,2.88E-04,1.774590647,ID00319685,10,33.93,2019
0.054141224,14177.8918,13841.05251,39.285072,119.012587,2.71E-04,0.140167657,5.25E-04,1.815411783,ID00319685,11,42.12,2019
0.054759695,13855.0844,13303.45384,39.285072,119.012587,2.40E-04,0.154027537,,1.667509817,ID00319685,12,44.54,2019
0.068107035,14055.90899,13242.97096,39.285072,119.012587,3.10E-04,0.159142757,0.001663461,1.36368139,ID00319685,1,45.71,2020
0.057956226,14085.5077,13541.1082,39.285072,119.012587,1.45E-04,0.161068493,2.83E-04,1.758188725,ID00319685,2,26.71,2020
0.05817079,14599.49534,13597.70974,39.285072,119.012587,2.24E-04,0.169509113,5.71E-04,1.542176461,ID00319685,3,36.44,2020
0.062119672,15020.86527,13812.32124,39.285072,119.012587,2.40E-04,0.167990744,2.56E-04,1.785350502,ID00319685,4,43.85,2020
0.058402883,15171.29894,14189.1145,39.285072,119.012587,1.83E-04,0.155476421,1.61E-04,1.873134828,ID00319685,5,44.01,2020
0.057675793,15450.94412,14588.52059,39.285072,119.012587,1.78E-04,0.141497597,3.67E-04,2.230379932,ID00319685,6,43.45,2020
0.058918354,15597.77304,14763.55588,39.285072,119.012587,1.44E-04,0.141517694,2.65E-04,2.489598049,ID00319685,7,45.77,2020
0.053164191,-5413.57549,14830.0902,39.285072,119.012587,1.42E-04,0.129623639,1.97E-04,1.788350479,ID00319685,8,46.06,2020
0.059231484,14867.54412,14452.36682,39.285072,119.012587,1.79E-04,0.136309206,3.52E-04,2.1172647,ID00319685,9,42.26,2020
0.064522867,14683.5067,14016.29804,39.285072,119.012587,2.92E-04,0.132055519,6.79E-04,2.113294133,ID00319685,10,46.56,2020
0.058329333,14265.94656,13805.5285,39.285072,119.012587,2.93E-04,0.134967464,7.21E-04,2.659409316,ID00319685,11,36.97,2020
0.060960105,13872.52922,-4310.032843,39.285072,119.012587,4.74E-04,0.149657358,,3.449139698,ID00319685,12,43.9,2020
0.06215766,13874.35734,13253.13822,39.285072,119.012587,3.34E-04,0.159792904,9.12E-04,3.32660542,ID00319685,1,43.06,2021
0.067946365,14275.90078,13244.25141,39.285072,119.012587,3.71E-04,0.161197153,8.32E-04,2.949737705,ID00319685,2,22.61,2021
0.061728349,14715.35935,13737.53406,39.285072,119.012587,2.92E-04,0.163904879,8.55E-04,5.088720453,ID00319685,3,29.83,2021
0.057218195,14865.09398,13877.3829,39.285072,119.012587,2.34E-04,0.163094875,8.77E-05,6.239826075,ID00319685,4,27.86,2021
0.053464195,15305.906,14113.53413,39.285072,119.012587,1.83E-04,0.161806079,8.39E-05,6.500374988,ID00319685,5,27.96,2021
0.055199508,15422.5379,14510.57577,39.285072,119.012587,2.00E-04,0.150250614,1.35E-04,6.12278424,ID00319685,6,23.67,2021
0.047776633,3168.521569,14750.18397,39.285072,119.012587,1.48E-04,0.141902059,1.66E-04,4.728982797,ID00319685,7,24.76,2021
0.067431127,5804.914706,14735.54284,39.285072,119.012587,1.57E-04,0.142480795,2.95E-04,5.402139797,ID00319685,8,28.4,2021
0.05636437,15132.83186,14670.14209,39.285072,119.012587,1.61E-04,0.134671989,-1.65E-06,5.866600461,ID00319685,9,41.82,2021
0.054845177,14622.14794,13911.07451,39.285072,119.012587,3.52E-04,0.134885428,5.57E-04,6.986061398,ID00319685,10,36.66,2021
0.050873014,14165.89632,7347.601373,39.285072,119.012587,3.11E-04,0.151308011,6.24E-04,6.409701058,ID00319685,11,46.06,2021
0.048797464,14002.95882,4620.195613,39.285072,119.012587,3.98E-04,0.157016781,,11.28637514,ID00319685,12,43.52,2021
0.061571362,13880.02095,10615.00204,39.285072,119.012587,3.59E-04,0.16971836,8.81E-04,11.78087976,ID00319685,1,43.12,2022
0.055202212,14093.43577,13469.97418,39.285072,119.012587,2.91E-04,0.174967258,8.18E-04,9.894536638,ID00319685,2,16.78,2022
0.051181204,14496.58759,13662.7332,39.285072,119.012587,2.33E-04,0.162662341,-5.76E-05,12.28800017,ID00319685,3,65.86,2022
0.056508488,15161.88978,7632.39134,39.285072,119.012587,2.30E-04,0.162037226,7.03E-05,11.19767391,ID00319685,4,63.08,2022
0.055871501,15425.07719,14045.78008,39.285072,119.012587,2.16E-04,0.165997672,2.60E-04,14.37542891,ID00319685,5,66.45,2022
0.053429056,15522.53062,14792.86569,39.285072,119.012587,1.49E-04,0.154270481,1.56E-04,15.97505625,ID00319685,6,28.74,2022
0.050877169,15402.48696,14807.10735,39.285072,119.012587,1.45E-04,0.139302288,3.25E-04,15.34995129,ID00319685,7,21.37,2022
0.051251783,15346.81111,14803.25355,39.285072,119.012587,1.49E-04,0.133656071,7.78E-05,15.20402218,ID00319685,8,20.33,2022
0.049309365,15247.60703,14478.07812,39.285072,119.012587,1.85E-04,0.1370974,1.40E-04,18.20465988,ID00319685,9,20.3,2022
0.048989633,14767.15523,14020.10784,39.285072,119.012587,2.63E-04,0.135287252,3.99E-04,28.38325233,ID00319685,10,18,2022
0.047398438,14389.12137,13783.2469,39.285072,119.012587,2.60E-04,0.139954454,4.97E-04,16.04556637,ID00319685,11,18.8,2022
0.050456809,13768.66886,-5777.807843,39.285072,119.012587,2.82E-04,0.161726098,,25.46205164,ID00319685,12,18.7,2022
0.07115661,6043.32681,-5111.549902,39.283077,119.055176,4.18E-04,0.146607965,9.55E-04,4.558527418,ID00319622,1,137.9,2019
0.079816406,13258.95841,787.9589041,39.283077,119.055176,2.89E-04,0.153515759,1.93E-04,3.805205516,ID00319622,2,131.99,2019
0.061087525,14495.75054,5910.789628,39.283077,119.055176,3.02E-04,0.17082914,6.05E-04,5.655352159,ID00319622,3,151.73,2019
0.06091555,12984.88642,6021.743885,39.283077,119.055176,2.02E-04,0.155017579,2.31E-04,5.215811965,ID00319622,4,152.84,2019
0.057327642,7998.460861,13219.50885,39.283077,119.055176,2.41E-04,0.159472913,2.89E-04,4.70103953,ID00319622,5,164.01,2019
0.058978831,14481.05832,13563.86204,39.283077,119.055176,1.55E-04,0.153218117,2.37E-04,3.941135073,ID00319622,6,161.58,2019
0.059157749,8449.089041,14845.28399,39.283077,119.055176,1.34E-04,0.143768869,1.76E-04,3.627852233,ID00319622,7,147.13,2019
0.058912765,6992.297456,14794.76027,39.283077,119.055176,1.78E-04,0.138755854,2.24E-04,3.015420772,ID00319622,8,145.42,2019
0.057587184,1590.531311,14595.68249,39.283077,119.055176,1.94E-04,0.132543942,2.82E-04,3.523094406,ID00319622,9,125.27,2019
0.055987564,14557.42237,,39.283077,119.055176,2.17E-04,0.136596801,2.30E-04,3.684038678,ID00319622,10,113.62,2019
0.053058425,7101.181213,-4993.870841,39.283077,119.055176,2.76E-04,0.140506503,4.62E-04,3.780694749,ID00319622,11,123.53,2019
0.054822618,5869.449119,,39.283077,119.055176,2.37E-04,0.153357409,,3.847385037,ID00319622,12,130.53,2019
0.068530853,6040.631115,710.5401174,39.283077,119.055176,3.17E-04,0.158888359,1.20E-04,4.628791646,ID00319622,1,129.04,2020
0.058515434,6122.923549,11697.33708,39.283077,119.055176,1.51E-04,0.161816074,2.64E-04,3.741658478,ID00319622,2,105.08,2020
0.05880925,8397.572309,6826.443053,39.283077,119.055176,2.34E-04,0.169700619,3.12E-04,3.72906066,ID00319622,3,103.17,2020
0.063331606,6689.080235,11933.61183,39.283077,119.055176,2.39E-04,0.168152442,2.28E-04,4.520709398,ID00319622,4,114.59,2020
0.057496118,15255.47024,1099.42955,39.283077,119.055176,1.81E-04,0.154215687,2.97E-04,4.76865707,ID00319622,5,137.8,2020
0.057998228,6940.493477,14642.24266,39.283077,119.055176,1.77E-04,0.141790643,1.59E-04,6.219936481,ID00319622,6,134.21,2020
0.058713098,8014.910959,14755.1546,39.283077,119.055176,1.47E-04,0.141280024,1.52E-04,7.204924215,ID00319622,7,137.5,2020
0.053410379,,14835.87443,39.283077,119.055176,1.55E-04,0.129821841,2.26E-04,9.844094853,ID00319622,8,124.78,2020
0.062904731,14888.44716,-4861.324853,39.283077,119.055176,1.79E-04,0.136174126,3.00E-04,12.92899708,ID00319622,9,95.71,2020
0.0651755,6505.831703,73.65753425,39.283077,119.055176,3.06E-04,0.132061851,8.56E-04,18.64901617,ID00319622,10,110.85,2020
0.057718229,6138.943346,6070.863014,39.283077,119.055176,3.10E-04,0.135574626,9.62E-04,15.69836338,ID00319622,11,103.31,2020
0.063533531,929.7822896,,39.283077,119.055176,5.45E-04,0.14979417,,25.85021824,ID00319622,12,124.77,2020
0.061071961,5913.980757,,39.283077,119.055176,3.88E-04,0.160679492,0.001652379,22.29841271,ID00319622,1,114.66,2021
0.069180205,13264.69309,,39.283077,119.055176,3.94E-04,0.161709967,6.82E-04,19.6770967,ID00319622,2,101.96,2021
0.063368372,360.3519243,977.1278539,39.283077,119.055176,3.18E-04,0.163456309,3.95E-04,17.78497034,ID00319622,3,90.99,2021
0.059042397,6650.467955,-5005.736464,39.283077,119.055176,2.38E-04,0.163005642,3.00E-04,21.21859839,ID00319622,4,78.3,2021
0.054732173,7979.689209,1085.287182,39.283077,119.055176,2.00E-04,0.160854142,3.65E-04,21.2018759,ID00319622,5,89.66,2021
0.054570433,6992.754962,14481.99103,39.283077,119.055176,2.15E-04,0.150020689,2.59E-04,21.4022019,ID00319622,6,97.13,2021
0.048753246,,14790.33977,39.283077,119.055176,1.56E-04,0.141727384,3.95E-04,11.06717692,ID00319622,7,89.81,2021
0.067259428,-4685.434442,14794.09736,39.283077,119.055176,1.67E-04,0.142431928,1.80E-04,16.63099352,ID00319622,8,96.81,2021
0.056581734,-3737.028376,14774.50636,39.283077,119.055176,1.68E-04,0.133998869,-1.28E-04,17.98360803,ID00319622,9,96.17,2021
0.055900483,-4877.029354,6028.804305,39.283077,119.055176,3.75E-04,0.134935501,3.75E-04,25.52683442,ID00319622,10,96.69,2021
0.051675863,6129.449119,,39.283077,119.055176,3.54E-04,0.151579277,4.12E-04,24.44577076,ID00319622,11,85.27,2021
0.050323651,13944.04468,-5075.324853,39.283077,119.055176,4.34E-04,0.157045775,,25.01403578,ID00319622,12,137.23,2021
0.064546198,6007.088389,,39.283077,119.055176,3.83E-04,0.168711824,4.69E-04,18.69537637,ID00319622,1,97.65,2022
0.058212092,13098.93444,,39.283077,119.055176,3.02E-04,0.174696002,0.001118623,18.61903116,ID00319622,2,51.07,2022
0.050893363,14558.35416,1870.157208,39.283077,119.055176,2.49E-04,0.163814072,3.20E-04,24.32293542,ID00319622,3,75.54,2022
0.055761289,14105.3728,,39.283077,119.055176,2.36E-04,0.161539519,3.56E-04,19.74091929,ID00319622,4,115.78,2022
0.05675416,14463.38843,2069.5,39.283077,119.055176,2.31E-04,0.166082891,1.77E-04,20.163172,ID00319622,5,134.1,2022
0.053215872,15437.70675,12740.41194,39.283077,119.055176,1.50E-04,0.153944578,1.14E-04,20.30454761,ID00319622,6,131.84,2022
0.05251413,13436.0499,14850.78222,39.283077,119.055176,1.45E-04,0.139358226,2.80E-04,7.17703993,ID00319622,7,127.29,2022
0.052457659,15366.70385,14867.79687,39.283077,119.055176,1.56E-04,0.133622,6.27E-05,16.01990945,ID00319622,8,118.92,2022
0.050229143,15283.09059,14216.78947,39.283077,119.055176,1.95E-04,0.137170088,2.73E-04,19.57522223,ID00319622,9,117.21,2022
0.050972841,-4831.800391,,39.283077,119.055176,2.65E-04,0.135135792,2.57E-04,18.42350044,ID00319622,10,117.52,2022
0.049998409,14535.1272,,39.283077,119.055176,2.58E-04,0.140009234,9.07E-04,15.8706263,ID00319622,11,101.36,2022
0.053208959,955.9295499,,39.283077,119.055176,2.99E-04,0.162231884,,23.90749977,ID00319622,12,81.74,2022
0.07296594,14218.72954,,35.10065,119.284917,3.90E-04,0.128556119,5.83E-04,12.39265216,ID00344500,1,50.43,2019
0.090132329,,9006.898821,35.10065,119.284917,3.29E-04,0.129327006,1.69E-04,11.9878583,ID00344500,2,45.02,2019
0.059097156,-5371.419777,13853.10113,35.10065,119.284917,2.33E-04,0.151896405,4.98E-04,12.70901034,ID00344500,3,50.35,2019
0.067571375,15023.98903,14173.24165,35.10065,119.284917,1.86E-04,0.1435409,2.43E-04,11.41136802,ID00344500,4,50.64,2019
0.05993107,15594.26954,14393.17348,35.10065,119.284917,1.78E-04,0.143305736,1.70E-04,14.88218591,ID00344500,5,53.99,2019
0.065517838,12335.55238,10059.64145,35.10065,119.284917,1.68E-04,0.143662345,1.76E-04,15.95025043,ID00344500,6,50.51,2019
0.062914848,-6978.572692,14772.10552,35.10065,119.284917,1.71E-04,0.138224672,2.45E-05,12.27811155,ID00344500,7,50.52,2019
0.052861982,10576.25467,14825.28987,35.10065,119.284917,1.56E-04,0.132423113,1.03E-04,15.65426295,ID00344500,8,49.38,2019
0.060905234,12473.48789,14607.49271,35.10065,119.284917,1.83E-04,0.12796371,1.44E-04,14.05980368,ID00344500,9,46.21,2019
0.067763826,14879.18544,9459.438114,35.10065,119.284917,2.86E-04,0.12661191,3.50E-04,16.66393939,ID00344500,10,46.32,2019
0.058617843,-7103.178946,14004.59659,35.10065,119.284917,2.70E-04,0.127760009,7.42E-04,14.05225404,ID00344500,11,47.71,2019
0.063976538,11219.18738,13723.21349,35.10065,119.284917,3.03E-04,0.137874672,3.65E-04,16.37780412,ID00344500,12,49.85,2019
0.065199812,6546.819253,,35.10065,119.284917,3.50E-04,0.141284454,6.58E-04,14.26441059,ID00344500,1,48.67,2020
0.061940869,14447.55026,1891.51277,35.10065,119.284917,1.55E-04,0.151344884,0.001153336,10.9478267,ID00344500,2,39.66,2020
0.06194115,9995.241159,13819.17903,35.10065,119.284917,2.38E-04,0.156042123,1.88E-04,13.4337967,ID00344500,3,37.91,2020
0.064336969,-3627.274768,14121.2175,35.10065,119.284917,2.14E-04,0.158256707,1.41E-04,14.7877998,ID00344500,4,37.92,2020
0.059809298,-5329.599378,9949.108301,35.10065,119.284917,1.59E-04,0.146859929,2.17E-04,15.96055476,ID00344500,5,49.25,2020
0.058086045,15530.10961,804.4557957,35.10065,119.284917,1.63E-04,0.134949768,1.54E-04,16.10859758,ID00344500,6,50.99,2020
0.058080857,15463.57916,14779.43517,35.10065,119.284917,1.48E-04,0.13552954,2.91E-05,12.56209725,ID00344500,7,53.05,2020
0.049965787,,14959.59578,35.10065,119.284917,1.44E-04,0.126305096,3.64E-05,12.98743147,ID00344500,8,53.13,2020
0.061078773,15320.6761,6067.895383,35.10065,119.284917,1.65E-04,0.131668726,2.36E-04,18.91093541,ID00344500,9,51.45,2020
0.059750444,817.7396857,7410.375737,35.10065,119.284917,2.92E-04,0.123347837,6.07E-04,17.98559708,ID00344500,10,51.02,2020
0.060940136,-5374.492796,9324.04666,35.10065,119.284917,2.62E-04,0.125876558,1.32E-04,13.47470536,ID00344500,11,41.34,2020
0.069562884,11304.94941,1343.40668,35.10065,119.284917,5.10E-04,0.135220265,6.51E-04,22.81445189,ID00344500,12,58.46,2020
0.064458999,-5548.329977,13623.8574,35.10065,119.284917,4.08E-04,0.139709751,5.68E-04,19.80406664,ID00344500,1,54.83,2021
0.060605416,-5416.286755,2019.967583,35.10065,119.284917,2.36E-04,0.142666863,1.15E-04,19.46841379,ID00344500,2,54.08,2021
0.060382684,2445.902341,3596.453831,35.10065,119.284917,2.48E-04,0.147719709,3.49E-04,18.75073201,ID00344500,3,52.51,2021
0.056336463,10109.57155,-8341.897839,35.10065,119.284917,2.24E-04,0.153476135,1.64E-04,17.5831113,ID00344500,4,49.12,2021
0.055241798,-3558.421619,-1000.694172,35.10065,119.284917,1.75E-04,0.150846978,2.18E-04,15.56511277,ID00344500,5,48.35,2021
0.053765432,15485.78021,11934.19122,35.10065,119.284917,1.72E-04,0.142259344,3.12E-04,18.16752709,ID00344500,6,44.23,2021
0.041735887,,14923.51424,35.10065,119.284917,1.21E-04,0.139463578,1.28E-04,16.19552525,ID00344500,7,43.07,2021
0.057940017,-8235.247544,14895.86821,35.10065,119.284917,1.34E-04,0.138120676,8.44E-05,17.91173369,ID00344500,8,43.9,2021
0.051790487,10396.80714,14770.45383,35.10065,119.284917,1.37E-04,0.131227822,-9.91E-05,18.142959,ID00344500,9,21.37,2021
0.050831694,14876.01441,6924.476834,35.10065,119.284917,2.28E-04,0.126882018,3.46E-04,11.42655469,ID00344500,10,51.6,2021
0.046430029,9642.529224,11297.55763,35.10065,119.284917,2.88E-04,0.143490339,0.001099882,15.08256896,ID00344500,11,50.46,2021
0.053099561,14144.33055,13793.76318,35.10065,119.284917,3.72E-04,0.139114818,6.10E-04,19.26136551,ID00344500,12,51.97,2021
0.064291446,,-5383.897839,35.10065,119.284917,2.98E-04,0.152075824,1.45E-04,16.0804984,ID00344500,1,54.83,2022
0.063214385,14329.93975,,35.10065,119.284917,2.58E-04,0.15183226,8.09E-04,18.78342834,ID00344500,2,54.08,2022
0.054583154,14537.39489,13815.31107,35.10065,119.284917,1.91E-04,0.151760464,2.99E-04,17.36293974,ID00344500,3,52.15,2022
0.056366888,7404.713327,14072.01359,35.10065,119.284917,1.48E-04,0.156028959,2.57E-04,16.42404724,ID00344500,4,49.48,2022
0.051059031,15514.17022,9488.85609,35.10065,119.284917,1.63E-04,0.157716476,4.67E-04,15.97990685,ID00344500,5,48.87,2022
0.053349349,15505.68762,14850.13605,35.10065,119.284917,1.72E-04,0.149290776,1.67E-04,15.46143667,ID00344500,6,48.73,2022
0.048569273,-3539.876228,14854.3727,35.10065,119.284917,1.33E-04,0.136366606,-1.82E-04,12.20747051,ID00344500,7,12.21,2022
0.051979664,,14947.28232,35.10065,119.284917,1.35E-04,0.129802829,5.63E-05,15.93728878,ID00344500,8,38.72,2022
0.053087093,-5271.575639,10116.3831,35.10065,119.284917,1.46E-04,0.132153442,9.34E-05,17.9495402,ID00344500,9,24.68,2022
0.054667132,14957.93136,873.7966601,35.10065,119.284917,2.38E-04,0.128417012,1.99E-04,16.61183447,ID00344500,10,14.98,2022
0.052481166,-3725.211198,9278.071791,35.10065,119.284917,2.16E-04,0.129797836,5.72E-04,15.03091319,ID00344500,11,2.99,2022
0.055617205,2072.713491,4701.430255,35.10065,119.284917,3.78E-04,0.143295305,4.48E-04,14.87067062,ID00344500,12,2.98,2022
0.086143868,8897.107143,,35.178511,119.37598,4.33E-04,0.129467051,4.73E-04,11.3091976,ID00368480,1,126.27,2019
0.090619651,,,35.178511,119.37598,3.06E-04,0.129559367,3.00E-04,13.4263383,ID00368480,2,124.39,2019
0.067779671,9343.225538,,35.178511,119.37598,2.46E-04,0.152347786,4.36E-04,12.12790358,ID00368480,3,133.7,2019
0.074750313,9664.868885,,35.178511,119.37598,1.91E-04,0.145947455,1.23E-04,12.7641535,ID00368480,4,150.69,2019
0.078149445,9850.405822,,35.178511,119.37598,2.09E-04,0.144023703,8.48E-05,14.75304278,ID00368480,5,167.6,2019
0.078795255,9819.773842,-3076.009785,35.178511,119.37598,1.84E-04,0.143395258,1.24E-04,15.05797448,ID00368480,6,165.77,2019
0.070713682,9985.25,9365.695287,35.178511,119.37598,2.21E-04,0.138784141,1.03E-04,15.68638666,ID00368480,7,172.77,2019
0.065529726,9946.280626,9403.975049,35.178511,119.37598,1.76E-04,0.132446083,2.90E-04,15.48193236,ID00368480,8,174.98,2019
0.068968111,9875.813444,-2217.058708,35.178511,119.37598,1.75E-04,0.12883269,2.26E-04,14.42964734,ID00368480,9,150.33,2019
0.073309634,9617.151256,,35.178511,119.37598,3.40E-04,0.126955553,3.40E-04,17.06326599,ID00368480,10,167.14,2019
0.072067284,9291.507502,,35.178511,119.37598,3.20E-04,0.127830642,4.63E-04,13.40025182,ID00368480,11,165.33,2019
0.073100037,3601.235812,,35.178511,119.37598,3.25E-04,0.138093617,8.79E-04,16.5762746,ID00368480,12,166.33,2019
0.072343148,8810.943249,,35.178511,119.37598,3.26E-04,0.142910913,5.26E-04,13.56217688,ID00368480,1,175.61,2020
0.070533918,8967.065558,-3340.902153,35.178511,119.37598,1.69E-04,0.151574214,5.63E-04,11.27982142,ID00368480,2,168.56,2020
0.074729218,9380.472854,,35.178511,119.37598,2.30E-04,0.156330552,2.62E-04,15.06132591,ID00368480,3,174.87,2020
0.077193205,9578.342466,,35.178511,119.37598,2.36E-04,0.158819337,1.96E-04,15.86809952,ID00368480,4,169.62,2020
0.067313662,9769.075342,,35.178511,119.37598,1.91E-04,0.147268401,3.09E-04,16.85688097,ID00368480,5,182.78,2020
0.065023801,,3899.950098,35.178511,119.37598,1.79E-04,0.13521458,1.08E-04,18.77848837,ID00368480,6,176.06,2020
0.063644176,,9366.59002,35.178511,119.37598,1.54E-04,0.135408396,2.89E-04,17.01921221,ID00368480,7,184.7,2020
0.057980179,,9506.664873,35.178511,119.37598,1.51E-04,0.126533225,-9.27E-06,19.36085606,ID00368480,8,188.87,2020
0.071120862,9738.25,,35.178511,119.37598,1.78E-04,0.131852412,-5.35E-05,16.46861095,ID00368480,9,184.54,2020
0.076472906,9376.714775,,35.178511,119.37598,2.79E-04,0.123674312,4.75E-04,17.95481898,ID00368480,10,185.92,2020
0.071964855,9288.208904,,35.178511,119.37598,2.69E-04,0.126406181,5.99E-04,17.0044714,ID00368480,11,177.73,2020
0.076556333,8836.801859,,35.178511,119.37598,5.43E-04,0.135517365,4.83E-04,20.16860606,ID00368480,12,173.76,2020
0.068095777,8831.822407,,35.178511,119.37598,4.23E-04,0.141094238,6.86E-04,19.21496841,ID00368480,1,181.74,2021
0.068339904,9298.317025,,35.178511,119.37598,2.45E-04,0.143269905,7.70E-04,23.84717923,ID00368480,2,169.88,2021
0.076484031,9208.801696,,35.178511,119.37598,2.64E-04,0.148090911,2.66E-04,21.99448358,ID00368480,3,184.47,2021
0.072922689,9536.47407,,35.178511,119.37598,2.26E-04,0.150641428,3.50E-04,19.35909024,ID00368480,4,186.5,2021
0.061606129,9750.940705,,35.178511,119.37598,1.79E-04,0.150830351,2.47E-04,19.38665558,ID00368480,5,194.65,2021
0.058271783,9745.964286,-2245.006849,35.178511,119.37598,1.91E-04,0.142400825,1.61E-04,20.04643346,ID00368480,6,184.03,2021
0.04469391,,-2166.123288,35.178511,119.37598,1.29E-04,0.139555461,-7.98E-05,19.10644602,ID00368480,7,172.79,2021
0.061862353,9841.427593,9444.540705,35.178511,119.37598,1.30E-04,0.137939989,3.91E-04,19.06875754,ID00368480,8,156.93,2021
0.055301932,9815.384214,9317.212329,35.178511,119.37598,1.34E-04,0.131707014,1.37E-04,21.40968906,ID00368480,9,137.86,2021
0.058284355,9427.382094,,35.178511,119.37598,2.59E-04,0.12690487,-1.80E-04,13.92731368,ID00368480,10,115.17,2021
0.051596549,9066.557045,,35.178511,119.37598,2.94E-04,0.144605878,7.99E-04,20.11061656,ID00368480,11,133.53,2021
0.056306076,8950.818982,-9231.507828,35.178511,119.37598,3.93E-04,0.139020578,7.02E-04,19.48350088,ID00368480,12,155.35,2021
0.069330917,-3193.370841,,35.178511,119.37598,3.06E-04,0.152533379,5.17E-04,17.90162914,ID00368480,1,147.76,2022
0.074631401,9041.411937,,35.178511,119.37598,2.80E-04,0.152089105,5.34E-04,19.62554793,ID00368480,2,140.58,2022
0.063885744,3009.324853,,35.178511,119.37598,1.87E-04,0.151260458,-3.57E-05,18.17434682,ID00368480,3,158.77,2022
0.071521936,4195.132094,-3252.135029,35.178511,119.37598,1.69E-04,0.156526779,1.04E-04,15.42236552,ID00368480,4,162.32,2022
0.062142643,9873.937834,,35.178511,119.37598,1.74E-04,0.15734343,5.45E-04,17.5199264,ID00368480,5,174.82,2022
0.061090498,9632.122309,4016.520059,35.178511,119.37598,1.60E-04,0.148474322,7.90E-05,15.1239972,ID00368480,6,194.31,2022
0.055484638,,9439.0318,35.178511,119.37598,1.46E-04,0.136271354,6.11E-05,16.55878861,ID00368480,7,155.34,2022
0.058318874,4266.986301,9516.760861,35.178511,119.37598,1.37E-04,0.129577608,9.77E-05,16.61105416,ID00368480,8,163.48,2022
0.055583596,9809.892629,,35.178511,119.37598,1.59E-04,0.132399251,2.92E-04,14.09935915,ID00368480,9,161.23,2022
0.065505207,9394.829419,3454.714286,35.178511,119.37598,2.24E-04,0.127918257,2.93E-04,15.02226747,ID00368480,10,191.39,2022
0.053327306,-9195.311155,,35.178511,119.37598,2.29E-04,0.130059518,3.46E-04,16.15423183,ID00368480,11,186.43,2022
0.067154393,8778.204012,,35.178511,119.37598,3.95E-04,0.144431474,0.001640475,13.3513406,ID00368480,12,186.92,2022
0.051250879,13759.81658,12899.38175,41.247501,119.426992,1.75E-04,0.153620122,0.001116117,5.756530961,ID00319615,1,49.34,2019
0.049739314,14204.75126,13058.64426,41.247501,119.426992,1.19E-04,0.164788302,2.45E-04,6.384467474,ID00319615,2,45.78,2019
0.046715259,14556.28147,13484.18484,41.247501,119.426992,1.27E-04,0.181557443,5.51E-04,5.340451477,ID00319615,3,47.84,2019
0.044141436,15171.13281,13819.51196,41.247501,119.426992,1.26E-04,0.163518619,2.61E-04,6.372953959,ID00319615,4,47.33,2019
0.043276377,15462.9211,13986.69679,41.247501,119.426992,1.18E-04,0.167335889,5.95E-05,6.226886622,ID00319615,5,51.2,2019
0.046236066,15651.83096,6355.712463,41.247501,119.426992,1.33E-04,0.153936092,2.06E-04,5.969987739,ID00319615,6,50.43,2019
0.046451377,15434.71567,14738.33759,41.247501,119.426992,1.11E-04,0.145648566,2.78E-04,5.752090224,ID00319615,7,52.23,2019
0.050283276,15140.90579,5705.519627,41.247501,119.426992,1.01E-04,0.137335486,2.35E-04,5.408378258,ID00319615,8,52.14,2019
0.048232228,15172.17386,14355.09487,41.247501,119.426992,1.21E-04,0.133298231,5.82E-05,5.371032829,ID00319615,9,48.94,2019
0.03922378,14752.28681,13811.66348,41.247501,119.426992,1.06E-04,0.140541878,6.30E-04,5.378660446,ID00319615,10,48.77,2019
0.041628618,14040.09333,13438.78202,41.247501,119.426992,1.43E-04,0.145917152,-1.82E-04,5.224894525,ID00319615,11,47.33,2019
0.043279163,13680.78174,12969.72506,41.247501,119.426992,1.71E-04,0.157714871,,6.234148822,ID00319615,12,49.1,2019
0.054687224,13786.23414,13069.78271,41.247501,119.426992,1.72E-04,0.163756279,9.48E-04,6.999028448,ID00319615,1,50.07,2020
0.051929619,14087.55823,13227.10857,41.247501,119.426992,1.19E-04,0.168149454,5.13E-04,6.304156009,ID00319615,2,43.28,2020
0.044106634,14554.61817,13514.41688,41.247501,119.426992,1.16E-04,0.174937969,5.28E-04,6.497939094,ID00319615,3,45.96,2020
0.046725554,15152.78807,13761.53856,41.247501,119.426992,1.33E-04,0.171542745,8.24E-05,6.466349459,ID00319615,4,40.44,2020
0.046249674,15403.74999,14044.42159,41.247501,119.426992,1.13E-04,0.152790991,5.62E-05,6.231275757,ID00319615,5,55.52,2020
0.041075354,15484.97521,14604.91021,41.247501,119.426992,1.09E-04,0.14653951,2.78E-04,6.839170775,ID00319615,6,50.48,2020
0.04611866,15497.5642,14707.86189,41.247501,119.426992,1.14E-04,0.142025957,2.98E-04,7.402600591,ID00319615,7,50.25,2020
0.040928402,15525.11737,14764.6946,41.247501,119.426992,1.11E-04,0.129219608,1.59E-05,6.102541731,ID00319615,8,51.53,2020
0.043110518,14962.77085,14152.40317,41.247501,119.426992,9.69E-05,0.137448696,4.13E-04,6.476474537,ID00319615,9,50.78,2020
0.041849852,14732.3661,13770.08806,41.247501,119.426992,1.25E-04,0.136695163,7.20E-04,8.752926839,ID00319615,10,52.18,2020
0.040663247,14440.6345,13510.27576,41.247501,119.426992,1.82E-04,0.136144936,0.001259415,10.25257112,ID00319615,11,45.92,2020
0.048098164,,12768.71866,41.247501,119.426992,3.80E-04,0.155111226,,12.64993616,ID00319615,12,48.69,2020
0.053778474,13699.87341,12938.8087,41.247501,119.426992,2.70E-04,0.170694244,3.71E-04,10.26433507,ID00319615,1,47.02,2021
0.048328044,14057.68005,13167.32646,41.247501,119.426992,1.39E-04,0.167916665,0.001090377,13.72750515,ID00319615,2,44.02,2021
0.045833784,14676.92037,13562.51496,41.247501,119.426992,1.28E-04,0.168900556,5.73E-04,11.64993146,ID00319615,3,44.45,2021
0.048792206,15139.80116,13780.98677,41.247501,119.426992,1.28E-04,0.167371829,3.41E-04,9.850760617,ID00319615,4,36.2,2021
0.045569825,15366.52519,13920.90569,41.247501,119.426992,1.11E-04,0.160903205,4.17E-04,10.67673217,ID00319615,5,50.78,2021
0.042723641,15593.94843,6315.510795,41.247501,119.426992,1.18E-04,0.156116942,1.46E-04,9.877200567,ID00319615,6,48.46,2021
0.043402743,15401.13281,14733.35754,41.247501,119.426992,1.12E-04,0.144379361,-3.57E-06,8.571795684,ID00319615,7,49.43,2021
0.05165133,-1830.117272,11856.53042,41.247501,119.426992,1.15E-04,0.142636749,4.40E-04,9.036388684,ID00319615,8,49.87,2021
0.046906679,15062.22254,14347.66438,41.247501,119.426992,1.17E-04,0.13576543,2.92E-04,11.83995098,ID00319615,9,48.3,2021
0.039963692,14576.2286,13665.85071,41.247501,119.426992,1.27E-04,0.138143396,4.61E-04,10.2191586,ID00319615,10,48.63,2021
0.038825134,14016.403,13430.55655,41.247501,119.426992,1.72E-04,0.153203949,-520.0652723,17.20835636,ID00319615,11,41.49,2021
0.039358148,13778.85897,13205.90093,41.247501,119.426992,1.36E-04,0.159915778,,16.96352786,ID00319615,12,32.03,2021
0.048004739,13730.32144,12910.05015,41.247501,119.426992,1.73E-04,0.170177654,0.001464908,16.06348616,ID00319615,1,42.28,2022
0.043276123,13959.24039,5977.30422,41.247501,119.426992,1.26E-04,0.181242967,9.70E-04,16.98543697,ID00319615,2,42.36,2022
0.039123257,14533.76797,13459.46961,41.247501,119.426992,1.14E-04,0.170516169,4.28E-04,15.06540219,ID00319615,3,49.85,2022
0.042024115,15305.14109,13974.96187,41.247501,119.426992,1.19E-04,0.164776662,7.82E-05,15.30870965,ID00319615,4,48.32,2022
0.040444027,15471.19643,14147.24949,41.247501,119.426992,1.09E-04,0.164572704,4.38E-05,14.96549295,ID00319615,5,52.73,2022
0.041341527,15534.81845,14363.25204,41.247501,119.426992,1.07E-04,0.158488751,-2.69E-05,15.3523503,ID00319615,6,50.24,2022
0.036703116,15367.09784,14686.21308,41.247501,119.426992,1.05E-04,0.138650532,-1.32E-04,0,ID00319615,7,44.69,2022
0.039370361,15286.33739,14689.54007,41.247501,119.426992,1.07E-04,0.13369858,1.61E-04,12.65117014,ID00319615,8,40.17,2022
0.036732573,15218.721,14340.56864,41.247501,119.426992,9.90E-05,0.136946879,3.42E-04,13.72468337,ID00319615,9,32.48,2022
0.035403972,14659.24216,13670.89392,41.247501,119.426992,1.20E-04,0.137174376,3.08E-04,14.58658026,ID00319615,10,32.34,2022
0.034224474,14165.7448,13416.31198,41.247501,119.426992,1.41E-04,0.1444932,5.50E-04,16.12469303,ID00319615,11,36.46,2022
0.037814473,13585.12983,12874.9107,41.247501,119.426992,1.16E-04,0.170646487,,16.07172232,ID00319615,12,38.19,2022
0.06056507,14365.29719,13775.38142,31.702599,120.084165,3.70E-04,0.115000252,2.92E-04,19.29896959,ID00319647,1,93.24,2019
0.071419858,13952.46516,13759.95314,31.702599,120.084165,3.22E-04,0.11817384,6.22E-04,27.54465399,ID00319647,2,90.13,2019
0.058692515,14191.39827,13990.78757,31.702599,120.084165,3.96E-04,0.133120374,6.79E-04,28.82566024,ID00319647,3,96.96,2019
0.05869028,15513.44349,14373.77233,31.702599,120.084165,3.06E-04,0.137739276,3.72E-04,26.78130018,ID00319647,4,81.72,2019
0.05441821,15700.29802,14461.32237,31.702599,120.084165,2.92E-04,0.13446649,3.22E-04,32.80669745,ID00319647,5,87.16,2019
0.049578256,15725.62062,4635.440628,31.702599,120.084165,2.39E-04,0.138504919,-5.22E-05,28.99280025,ID00319647,6,92.01,2019
0.04578092,6323.909715,14836.70229,31.702599,120.084165,1.72E-04,0.133214727,3.95E-05,29.30516427,ID00319647,7,109.09,2019
0.045572612,,14943.29828,31.702599,120.084165,1.87E-04,0.130011122,9.09E-05,34.73086086,ID00319647,8,112.29,2019
0.04647009,15680.316,14766.43948,31.702599,120.084165,1.84E-04,0.124169567,8.10E-05,32.69326291,ID00319647,9,109.57,2019
0.051080052,2032.670756,14524.54154,31.702599,120.084165,2.98E-04,0.123043978,1.43E-04,29.63766713,ID00319647,10,114.3,2019
0.051104185,14871.81698,13969.009,31.702599,120.084165,3.28E-04,0.119198727,4.51E-04,31.00925179,ID00319647,11,105.12,2019
0.057557699,13750.3717,13836.01953,31.702599,120.084165,3.16E-04,0.126012927,4.85E-04,33.97495111,ID00319647,12,101.43,2019
0.061339253,,13717.43327,31.702599,120.084165,2.08E-04,0.125076309,1.27E-04,30.03829304,ID00319647,1,108.9,2020
0.057021477,14662.88695,13795.05823,31.702599,120.084165,1.54E-04,0.133446819,1.57E-05,30.15624891,ID00319647,2,83.88,2020
0.062266626,15131.23144,14106.14318,31.702599,120.084165,2.45E-04,0.143193431,1.99E-04,32.60122449,ID00319647,3,95.93,2020
0.059138552,15311.22735,14192.88224,31.702599,120.084165,3.07E-04,0.151572436,1.52E-04,34.67225157,ID00319647,4,100.08,2020
0.056255087,15621.71958,14707.42002,31.702599,120.084165,2.19E-04,0.140075408,1.11E-04,33.00236758,ID00319647,5,109.51,2020
0.049647725,-371.6457311,14805.76938,31.702599,120.084165,1.93E-04,0.130401006,2.41E-04,31.80988246,ID00319647,6,111.79,2020
0.048447984,,,31.702599,120.084165,2.16E-04,0.128884995,-1.78E-04,38.55942775,ID00319647,7,115.67,2020
0.038829187,15853.1261,15080.04923,31.702599,120.084165,1.66E-04,0.125285853,1.49E-04,39.81615159,ID00319647,8,116.25,2020
0.051579413,15693.76816,14909.65579,31.702599,120.084165,2.20E-04,0.127324474,8.07E-05,42.2640257,ID00319647,9,112.44,2020
0.051385226,15126.90007,14308.09519,31.702599,120.084165,2.68E-04,0.116873475,4.01E-04,37.58017137,ID00319647,10,118.8,2020
0.050570562,14844.94825,14186.62758,31.702599,120.084165,3.03E-04,0.119905353,1.50E-04,37.05182515,ID00319647,11,97.99,2020
0.061246333,14229.45731,13778.32679,31.702599,120.084165,4.55E-04,0.119450675,6.98E-04,38.85119453,ID00319647,12,104.89,2020
0.058459293,14388.77644,-1393.099117,31.702599,120.084165,4.29E-04,0.127477321,6.16E-04,38.96252971,ID00319647,1,111.01,2021
0.05627641,14822.78926,13904.29429,31.702599,120.084165,2.30E-04,0.134028841,5.74E-04,33.20159182,ID00319647,2,106.83,2021
0.059518072,15020.13242,14181.83268,31.702599,120.084165,3.74E-04,0.137170033,1.79E-04,30.94307921,ID00319647,3,115.39,2021
0.060371444,15206.64949,14282.73356,31.702599,120.084165,3.32E-04,0.141233496,3.70E-04,41.90022635,ID00319647,4,106.21,2021
0.061554924,15455.18447,14713.06428,31.702599,120.084165,2.44E-04,0.139653081,9.49E-05,28.95419512,ID00319647,5,108.7,2021
0.0511052,15767.84387,14762.38322,31.702599,120.084165,2.66E-04,0.136524338,5.83E-05,36.66097143,ID00319647,6,109.82,2021
0.040433787,,14885.01374,31.702599,120.084165,1.58E-04,0.134339936,8.08E-05,34.92787558,ID00319647,7,108.07,2021
0.04599907,9385.804711,14932.59836,31.702599,120.084165,1.97E-04,0.134991584,2.00E-04,34.61523251,ID00319647,8,104.14,2021
0.04575394,15643.68245,14820.1001,31.702599,120.084165,2.23E-04,0.129198586,1.67E-04,19.45133716,ID00319647,9,102.32,2021
0.046124644,15496.79056,14850.23068,31.702599,120.084165,3.54E-04,0.126377091,-1.34E-04,35.48338115,ID00319647,10,108.11,2021
0.046584552,14709.27193,9808.381665,31.702599,120.084165,3.85E-04,0.131140845,1.71E-04,29.47584705,ID00319647,11,90.64,2021
0.056013359,14408.57848,13953.04825,31.702599,120.084165,4.32E-04,0.127953488,5.69E-04,36.42307616,ID00319647,12,104.87,2021
0.05643678,14283.36899,13775.5844,31.702599,120.084165,3.70E-04,0.137299128,4.65E-04,32.89257638,ID00319647,1,103.44,2022
0.053275549,13499.06493,13809.89074,31.702599,120.084165,3.09E-04,0.136295587,3.20E-04,34.32790731,ID00319647,2,88.39,2022
0.053921198,15102.1087,8165.542198,31.702599,120.084165,2.97E-04,0.143652504,2.88E-05,33.02593208,ID00319647,3,72.54,2022
0.05062752,14766.98037,1214.179588,31.702599,120.084165,2.06E-04,0.149306622,1.35E-04,29.8394953,ID00319647,4,78,2022
0.052979003,15592.45052,3422.125613,31.702599,120.084165,1.98E-04,0.148913279,3.10E-04,32.08429902,ID00319647,5,109.58,2022
0.043207381,14456.61482,14881.90667,31.702599,120.084165,1.91E-04,0.143044511,5.85E-05,22.57200668,ID00319647,6,104.23,2022
0.039284518,,14976.17777,31.702599,120.084165,1.52E-04,0.133139029,-3.29E-05,25.32246591,ID00319647,7,112.76,2022
0.044224007,,15110.15746,31.702599,120.084165,1.76E-04,0.129611133,7.94E-05,25.81196462,ID00319647,8,117.8,2022
0.044524682,15535.71148,14707.57982,31.702599,120.084165,2.00E-04,0.130125924,2.72E-04,22.591877,ID00319647,9,105.85,2022
0.042597148,15194.17522,14696.83047,31.702599,120.084165,2.65E-04,0.122886425,2.34E-04,29.15517165,ID00319647,10,106.56,2022
0.04602927,14945.57507,14302.05921,31.702599,120.084165,3.66E-04,0.117793116,2.28E-04,27.08364819,ID00319647,11,102.06,2022
0.046810568,14200.00468,,31.702599,120.084165,3.71E-04,0.128452368,6.13E-04,28.2675847,ID00319647,12,107.89,2022
0.053671471,14248.87059,13626.12549,33.468899,120.161627,2.46E-04,0.120060319,3.34E-04,2.500272067,ID00338844,1,340.45,2019
0.056616036,14508.58431,13621.92712,33.468899,120.161627,1.39E-04,0.12380783,1.55E-04,2.696772125,ID00338844,2,316.87,2019
0.052757079,14652.81664,13872.34346,33.468899,120.161627,2.01E-04,0.143712347,6.51E-04,2.690063726,ID00338844,3,360.43,2019
0.050352773,15055.72647,14098.4267,33.468899,120.161627,1.37E-04,0.140061641,2.38E-04,2.795813774,ID00338844,4,361.58,2019
0.049689262,15318.722,14429.39853,33.468899,120.161627,1.27E-04,0.138327608,1.82E-04,2.468029396,ID00338844,5,369.41,2019
0.047182914,15521.26441,14559.82325,33.468899,120.161627,1.19E-04,0.141883909,7.52E-05,2.581124987,ID00338844,6,351.35,2019
0.044576707,,14794.52402,33.468899,120.161627,1.12E-04,0.137253895,-1.04E-04,2.389872618,ID00338844,7,358.06,2019
0.040320705,15267.21167,14778.09392,33.468899,120.161627,9.04E-05,0.131236505,8.13E-05,2.259558839,ID00338844,8,357.78,2019
0.042271355,15209.29118,14534.17405,33.468899,120.161627,7.70E-05,0.125021881,2.73E-04,2.293183825,ID00338844,9,344.94,2019
0.046121649,15228.54706,14151.22463,33.468899,120.161627,1.36E-04,0.1240671,1.74E-04,2.607985272,ID00338844,10,350.03,2019
0.04462206,14773.37843,13889.08061,33.468899,120.161627,1.76E-04,0.123368957,3.28E-05,2.211781895,ID00338844,11,304.95,2019
0.049596306,14299.58723,13703.8819,33.468899,120.161627,1.97E-04,0.133855432,4.97E-04,2.035433798,ID00338844,12,294.33,2019
0.055720451,,,33.468899,120.161627,1.40E-04,0.126615164,5.36E-04,2.36194119,ID00338844,1,342.39,2020
0.050285558,14430.69778,13711.68039,33.468899,120.161627,1.07E-04,0.140454869,-3.45E-05,2.727656877,ID00338844,2,310.64,2020
0.050023147,14653.97991,13817.92925,33.468899,120.161627,1.23E-04,0.150158951,5.18E-04,2.795992666,ID00338844,3,319.01,2020
0.054189342,14921.02214,13928.29459,33.468899,120.161627,1.18E-04,0.156181654,1.29E-04,3.071892112,ID00338844,4,329.76,2020
0.04973749,15219.85735,14387.16806,33.468899,120.161627,1.09E-04,0.14364786,3.75E-04,2.886093136,ID00338844,5,344.63,2020
0.046005489,15568.21471,14697.60588,33.468899,120.161627,1.12E-04,0.133009799,2.91E-05,2.281933828,ID00338844,6,340.23,2020
0.04185318,,14729.75294,33.468899,120.161627,9.92E-05,0.134516096,9.98E-06,2.857482916,ID00338844,7,356.73,2020
0.03664816,15424.42549,14917.99477,33.468899,120.161627,1.04E-04,0.125573496,-2.60E-05,2.823926479,ID00338844,8,355.98,2020
0.044499387,15234.27059,14603.58393,33.468899,120.161627,9.32E-05,0.130763413,1.36E-04,3.521958386,ID00338844,9,340.4,2020
0.042417145,14978.31438,14169.58726,33.468899,120.161627,1.26E-04,0.120228262,1.19E-04,4.529884777,ID00338844,10,356.07,2020
0.045581079,14810.3044,13969.30294,33.468899,120.161627,1.50E-04,0.122397686,2.14E-04,5.757750011,ID00338844,11,333.42,2020
0.053314175,14252.81029,13672.06438,33.468899,120.161627,3.49E-04,0.126661134,5.52E-04,5.261901944,ID00338844,12,366.9,2020
0.051195342,14051.83935,13638.98157,33.468899,120.161627,2.68E-04,0.135342127,0.001143448,5.895159338,ID00338844,1,371.92,2021
0.049703026,14744.79959,13822.26133,33.468899,120.161627,1.36E-04,0.136031783,2.35E-04,9.459482823,ID00338844,2,347.91,2021
0.052065028,14732.85005,13874.45373,33.468899,120.161627,1.50E-04,0.143796703,2.35E-04,8.419911756,ID00338844,3,392.23,2021
0.053346988,14852.62157,13965.99565,33.468899,120.161627,1.35E-04,0.146978032,4.28E-04,7.4254386,ID00338844,4,387.46,2021
0.047146652,15147.78657,14439.96434,33.468899,120.161627,1.21E-04,0.145017819,3.85E-04,5.329399601,ID00338844,5,354.96,2021
0.046587116,15574.47451,14688.77029,33.468899,120.161627,1.36E-04,0.139630755,1.28E-04,6.680311171,ID00338844,6,350.97,2021
0.03691061,-6833.509804,14816.07467,33.468899,120.161627,1.11E-04,0.13940857,3.03E-05,4.700576024,ID00338844,7,361.35,2021
0.04337626,15137.77353,14827.23,33.468899,120.161627,9.21E-05,0.136510853,1.04E-04,5.314561255,ID00338844,8,368.34,2021
0.041643011,15323.2348,14650.97021,33.468899,120.161627,9.54E-05,0.130556222,1.96E-04,6.645831023,ID00338844,9,326.87,2021
0.04076283,15108.84755,14463.37997,33.468899,120.161627,1.27E-04,0.126718015,-5.46E-05,6.42075739,ID00338844,10,348.3,2021
0.041181413,14348.32132,13809.69682,33.468899,120.161627,2.08E-04,0.13774341,8.19E-04,7.50926234,ID00338844,11,323.73,2021
0.044821093,14243.41441,13685.11625,33.468899,120.161627,2.85E-04,0.133666088,6.15E-04,8.101808809,ID00338844,12,369.75,2021
0.050359715,,13626.19657,33.468899,120.161627,1.94E-04,0.143532276,3.39E-04,7.910816145,ID00338844,1,365.44,2022
0.052522617,14580.61471,13631.08039,33.468899,120.161627,1.71E-04,0.143753978,2.60E-04,8.748222954,ID00338844,2,338.72,2022
0.049602884,14487.01078,13908.32876,33.468899,120.161627,1.55E-04,0.147252868,1.36E-04,8.524502531,ID00338844,3,377.61,2022
0.048284039,15137.85196,14331.66324,33.468899,120.161627,1.11E-04,0.15200748,4.45E-05,6.865710812,ID00338844,4,345.16,2022
0.045202725,15245.60343,14337.95941,33.468899,120.161627,1.09E-04,0.154196962,2.47E-04,7.687735245,ID00338844,5,364.13,2022
0.040697412,15544.49212,14743.71636,33.468899,120.161627,1.24E-04,0.14537294,4.88E-05,8.286326073,ID00338844,6,363.26,2022
0.036567429,15549.67451,14875.15497,33.468899,120.161627,1.02E-04,0.134105185,2.79E-05,6.985200807,ID00338844,7,331.77,2022
0.040924365,11833.42745,14940.93007,33.468899,120.161627,9.97E-05,0.129184102,1.82E-05,7.658965607,ID00338844,8,332.23,2022
0.038733207,15153.02794,14572.69078,33.468899,120.161627,9.33E-05,0.130979327,1.24E-04,8.054267241,ID00338844,9,344.34,2022
0.03590754,14928.09418,14065.95273,33.468899,120.161627,9.68E-05,0.124979058,1.72E-04,11.3678091,ID00338844,10,330.83,2022
0.040216904,,14049.14951,33.468899,120.161627,1.31E-04,0.122206143,6.39E-04,9.879475494,ID00338844,11,325.63,2022
0.044697976,14125.55403,13671.34118,33.468899,120.161627,2.32E-04,0.135932127,6.88E-04,9.936186284,ID00338844,12,326.28,2022
0.053671471,14248.87059,13626.12549,33.468899,120.161627,2.46E-04,0.120060319,3.34E-04,2.500272067,ID00319674,1,211.46,2019
0.056616036,14508.58431,13621.92712,33.468899,120.161627,1.39E-04,0.12380783,1.55E-04,2.696772125,ID00319674,2,195.62,2019
0.052757079,14652.81664,13872.34346,33.468899,120.161627,2.01E-04,0.143712347,6.51E-04,2.690063726,ID00319674,3,214.87,2019
0.050352773,15055.72647,14098.4267,33.468899,120.161627,1.37E-04,0.140061641,2.38E-04,2.795813774,ID00319674,4,210.16,2019
0.049689262,15318.722,14429.39853,33.468899,120.161627,1.27E-04,0.138327608,1.82E-04,2.468029396,ID00319674,5,209.65,2019
0.047182914,15521.26441,14559.82325,33.468899,120.161627,1.19E-04,0.141883909,7.52E-05,2.581124987,ID00319674,6,198.84,2019
0.044576707,,14794.52402,33.468899,120.161627,1.12E-04,0.137253895,-1.04E-04,2.389872618,ID00319674,7,200.39,2019
0.040320705,15267.21167,14778.09392,33.468899,120.161627,9.04E-05,0.131236505,8.13E-05,2.259558839,ID00319674,8,200.69,2019
0.042271355,15209.29118,14534.17405,33.468899,120.161627,7.70E-05,0.125021881,2.73E-04,2.293183825,ID00319674,9,194.7,2019
0.046121649,15228.54706,14151.22463,33.468899,120.161627,1.36E-04,0.1240671,1.74E-04,2.607985272,ID00319674,10,200.36,2019
0.04462206,14773.37843,13889.08061,33.468899,120.161627,1.76E-04,0.123368957,3.28E-05,2.211781895,ID00319674,11,166.78,2019
0.049596306,14299.58723,13703.8819,33.468899,120.161627,1.97E-04,0.133855432,4.97E-04,2.035433798,ID00319674,12,170.03,2019
0.055720451,,,33.468899,120.161627,1.40E-04,0.126615164,5.36E-04,2.36194119,ID00319674,1,192.92,2020
0.050285558,14430.69778,13711.68039,33.468899,120.161627,1.07E-04,0.140454869,-3.45E-05,2.727656877,ID00319674,2,178.98,2020
0.050023147,14653.97991,13817.92925,33.468899,120.161627,1.23E-04,0.150158951,5.18E-04,2.795992666,ID00319674,3,191.91,2020
0.054189342,14921.02214,13928.29459,33.468899,120.161627,1.18E-04,0.156181654,1.29E-04,3.071892112,ID00319674,4,190.97,2020
0.04973749,15219.85735,14387.16806,33.468899,120.161627,1.09E-04,0.14364786,3.75E-04,2.886093136,ID00319674,5,187.41,2020
0.046005489,15568.21471,14697.60588,33.468899,120.161627,1.12E-04,0.133009799,2.91E-05,2.281933828,ID00319674,6,189.15,2020
0.04185318,,14729.75294,33.468899,120.161627,9.92E-05,0.134516096,9.98E-06,2.857482916,ID00319674,7,196.89,2020
0.03664816,15424.42549,14917.99477,33.468899,120.161627,1.04E-04,0.125573496,-2.60E-05,2.823926479,ID00319674,8,197.54,2020
0.044499387,15234.27059,14603.58393,33.468899,120.161627,9.32E-05,0.130763413,1.36E-04,3.521958386,ID00319674,9,186.29,2020
0.042417145,14978.31438,14169.58726,33.468899,120.161627,1.26E-04,0.120228262,1.19E-04,4.529884777,ID00319674,10,198.46,2020
0.045581079,14810.3044,13969.30294,33.468899,120.161627,1.50E-04,0.122397686,2.14E-04,5.757750011,ID00319674,11,186.66,2020
0.053314175,14252.81029,13672.06438,33.468899,120.161627,3.49E-04,0.126661134,5.52E-04,5.261901944,ID00319674,12,210.83,2020
0.051195342,14051.83935,13638.98157,33.468899,120.161627,2.68E-04,0.135342127,0.001143448,5.895159338,ID00319674,1,219.4,2021
0.049703026,14744.79959,13822.26133,33.468899,120.161627,1.36E-04,0.136031783,2.35E-04,9.459482823,ID00319674,2,202.65,2021
0.052065028,14732.85005,13874.45373,33.468899,120.161627,1.50E-04,0.143796703,2.35E-04,8.419911756,ID00319674,3,226.38,2021
0.053346988,14852.62157,13965.99565,33.468899,120.161627,1.35E-04,0.146978032,4.28E-04,7.4254386,ID00319674,4,219.55,2021
0.047146652,15147.78657,14439.96434,33.468899,120.161627,1.21E-04,0.145017819,3.85E-04,5.329399601,ID00319674,5,184.51,2021
0.046587116,15574.47451,14688.77029,33.468899,120.161627,1.36E-04,0.139630755,1.28E-04,6.680311171,ID00319674,6,189.02,2021
0.03691061,-6833.509804,14816.07467,33.468899,120.161627,1.11E-04,0.13940857,3.03E-05,4.700576024,ID00319674,7,198.92,2021
0.04337626,15137.77353,14827.23,33.468899,120.161627,9.21E-05,0.136510853,1.04E-04,5.314561255,ID00319674,8,205.05,2021
0.041643011,15323.2348,14650.97021,33.468899,120.161627,9.54E-05,0.130556222,1.96E-04,6.645831023,ID00319674,9,196.39,2021
0.04076283,15108.84755,14463.37997,33.468899,120.161627,1.27E-04,0.126718015,-5.46E-05,6.42075739,ID00319674,10,201.65,2021
0.041181413,14348.32132,13809.69682,33.468899,120.161627,2.08E-04,0.13774341,8.19E-04,7.50926234,ID00319674,11,207.76,2021
0.044821093,14243.41441,13685.11625,33.468899,120.161627,2.85E-04,0.133666088,6.15E-04,8.101808809,ID00319674,12,229.94,2021
0.050359715,,13626.19657,33.468899,120.161627,1.94E-04,0.143532276,3.39E-04,7.910816145,ID00319674,1,220.83,2022
0.052522617,14580.61471,13631.08039,33.468899,120.161627,1.71E-04,0.143753978,2.60E-04,8.748222954,ID00319674,2,200.49,2022
0.049602884,14487.01078,13908.32876,33.468899,120.161627,1.55E-04,0.147252868,1.36E-04,8.524502531,ID00319674,3,216.54,2022
0.048284039,15137.85196,14331.66324,33.468899,120.161627,1.11E-04,0.15200748,4.45E-05,6.865710812,ID00319674,4,184.81,2022
0.045202725,15245.60343,14337.95941,33.468899,120.161627,1.09E-04,0.154196962,2.47E-04,7.687735245,ID00319674,5,198.21,2022
0.040697412,15544.49212,14743.71636,33.468899,120.161627,1.24E-04,0.14537294,4.88E-05,8.286326073,ID00319674,6,210.3,2022
0.036567429,15549.67451,14875.15497,33.468899,120.161627,1.02E-04,0.134105185,2.79E-05,6.985200807,ID00319674,7,187.16,2022
0.040924365,11833.42745,14940.93007,33.468899,120.161627,9.97E-05,0.129184102,1.82E-05,7.658965607,ID00319674,8,189.22,2022
0.038733207,15153.02794,14572.69078,33.468899,120.161627,9.33E-05,0.130979327,1.24E-04,8.054267241,ID00319674,9,193.49,2022
0.03590754,14928.09418,14065.95273,33.468899,120.161627,9.68E-05,0.124979058,1.72E-04,11.3678091,ID00319674,10,189.41,2022
0.040216904,,14049.14951,33.468899,120.161627,1.31E-04,0.122206143,6.39E-04,9.879475494,ID00319674,11,195.65,2022
0.044697976,14125.55403,13671.34118,33.468899,120.161627,2.32E-04,0.135932127,6.88E-04,9.936186284,ID00319674,12,195.84,2022
0.05638336,14134.59904,13743.09274,31.941247,120.337896,3.66E-04,0.114922184,4.53E-04,21.74205597,ID00319681,1,52.94,2019
0.054250656,14642.7419,13761.04514,31.941247,120.337896,2.74E-04,0.117476105,4.83E-04,17.51854024,ID00319681,2,57.36,2019
0.055236781,14812.29565,14075.7379,31.941247,120.337896,3.13E-04,0.13484358,1.28E-04,21.51519604,ID00319681,3,51.85,2019
0.059299402,15257.50795,14393.81207,31.941247,120.337896,3.50E-04,0.136846629,4.25E-04,24.57019629,ID00319681,4,58.89,2019
0.056004506,15602.32049,14552.09593,31.941247,120.337896,2.92E-04,0.134968145,2.04E-04,28.25941871,ID00319681,5,55.58,2019
0.047735007,15673.97962,-5965.134446,31.941247,120.337896,2.36E-04,0.138893616,-1.07E-04,26.28599156,ID00319681,6,55.04,2019
0.051231046,,14868.87691,31.941247,120.337896,2.31E-04,0.134304104,-8.06E-05,24.05847401,ID00319681,7,55.15,2019
0.046055375,15470.43523,14907.57861,31.941247,120.337896,1.75E-04,0.131181479,-6.33E-05,28.02495537,ID00319681,8,58.82,2019
0.045692815,15524.70985,14724.53337,31.941247,120.337896,1.56E-04,0.124826893,9.15E-05,25.59143791,ID00319681,9,59.47,2019
0.049834321,15150.5525,14361.99975,31.941247,120.337896,2.80E-04,0.122720419,5.31E-05,28.2649215,ID00319681,10,57.96,2019
0.0476947,14882.09637,-7687.987242,31.941247,120.337896,3.30E-04,0.119358371,-5.51E-05,29.12027272,ID00319681,11,55.95,2019
0.055945996,14492.15237,13836.92084,31.941247,120.337896,3.27E-04,0.127048331,4.28E-04,24.75183481,ID00319681,12,52.14,2019
0.059345636,,,31.941247,120.337896,2.36E-04,0.123593279,-2.45E-04,24.84779702,ID00319681,1,58.03,2020
0.057318889,14620.09274,13763.19267,31.941247,120.337896,1.62E-04,0.133427511,2.32E-04,24.55553498,ID00319681,2,60.31,2020
0.057005385,14958.79149,14221.30994,31.941247,120.337896,2.63E-04,0.143094093,3.83E-04,26.54548102,ID00319681,3,61.86,2020
0.057780353,15195.72293,14165.24125,31.941247,120.337896,3.00E-04,0.151701208,2.74E-04,28.67110234,ID00319681,4,59.23,2020
0.054810761,15485.54413,14522.1001,31.941247,120.337896,2.29E-04,0.140815319,2.40E-05,24.78903337,ID00319681,5,50.78,2020
0.050594686,15691.89794,14791.60942,31.941247,120.337896,2.04E-04,0.130710814,-1.46E-04,22.71976213,ID00319681,6,51.25,2020
0.044515021,,,31.941247,120.337896,2.26E-04,0.131199211,-2.20E-04,25.49034061,ID00319681,7,49.78,2020
0.040802778,15738.98283,15015.33391,31.941247,120.337896,1.96E-04,0.125366752,2.92E-05,26.61913427,ID00319681,8,50.62,2020
0.050839756,15648.48799,14852.49342,31.941247,120.337896,2.19E-04,0.127339868,2.50E-04,28.82819652,ID00319681,9,60.94,2020
0.052692858,14953.37125,14324.87537,31.941247,120.337896,1.93E-04,0.117306925,2.71E-04,28.33838293,ID00319681,10,61.23,2020
0.049323818,14917.13342,4737.873405,31.941247,120.337896,2.42E-04,0.120627273,2.72E-04,22.28889804,ID00319681,11,64.36,2020
0.057787946,14218.67753,-9740.962709,31.941247,120.337896,3.66E-04,0.120622153,1.99E-04,31.96471477,ID00319681,12,58.25,2020
0.054685063,14373.18197,5748.614328,31.941247,120.337896,4.87E-04,0.128239145,3.58E-04,30.57421237,ID00319681,1,61.61,2021
0.054433489,14825.76514,-6064.33317,31.941247,120.337896,2.38E-04,0.133880407,2.24E-04,28.56430351,ID00319681,2,61.81,2021
0.057389774,14887.33801,,31.941247,120.337896,3.75E-04,0.138745929,1.36E-05,27.28478194,ID00319681,3,56.53,2021
0.061556614,15082.39895,-6057.367026,31.941247,120.337896,3.05E-04,0.142534581,3.78E-04,30.74429888,ID00319681,4,62.88,2021
0.05688142,15314.57134,14655.47154,31.941247,120.337896,2.94E-04,0.139991691,1.87E-04,24.41646932,ID00319681,5,62.18,2021
0.053721883,15696.92856,14765.31428,31.941247,120.337896,3.00E-04,0.136391872,-2.35E-05,33.03757857,ID00319681,6,59.03,2021
0.040590527,,12579.82237,31.941247,120.337896,1.94E-04,0.135338984,-1.08E-04,27.05923445,ID00319681,7,54.85,2021
0.045090861,15762.29195,14945.73783,31.941247,120.337896,2.17E-04,0.134531379,1.41E-04,29.95003948,ID00319681,8,54.87,2021
0.044349807,15593.23217,14816.29598,31.941247,120.337896,2.53E-04,0.129453701,1.82E-04,22.20678129,ID00319681,9,52.07,2021
0.045047054,15387.95234,14828.15574,31.941247,120.337896,2.73E-04,0.126385454,1.29E-04,26.12059371,ID00319681,10,59.32,2021
0.046785393,14617.81501,13969.84715,31.941247,120.337896,4.60E-04,0.131544973,4.89E-04,29.59624866,ID00319681,11,43.32,2021
0.052610244,14346.78927,13986.88793,31.941247,120.337896,4.42E-04,0.128946162,8.47E-04,33.94304454,ID00319681,12,58.15,2021
0.05464723,14266.61825,13795.11874,31.941247,120.337896,4.29E-04,0.137281307,2.83E-04,34.77517918,ID00319681,1,62.76,2022
0.051675643,14660.82311,13779.07605,31.941247,120.337896,2.73E-04,0.136549746,2.03E-04,31.32107448,ID00319681,2,64.48,2022
0.054444242,14994.4996,14027.421,31.941247,120.337896,3.59E-04,0.143698373,4.19E-04,34.62687857,ID00319681,3,51.51,2022
0.051314892,15370.37439,14429.47792,31.941247,120.337896,2.27E-04,0.149698073,1.01E-05,32.3045687,ID00319681,4,64.24,2022
0.049659206,15570.88965,14431.64475,31.941247,120.337896,2.10E-04,0.149339325,-1.98E-05,28.0265849,ID00319681,5,62.57,2022
0.04460347,15743.6561,14869.92633,31.941247,120.337896,2.03E-04,0.142973385,1.88E-04,27.88851864,ID00319681,6,65.38,2022
0.03816693,,14904.12074,31.941247,120.337896,1.66E-04,0.132915221,4.35E-06,31.28473936,ID00319681,7,62.16,2022
0.044592704,,15079.09686,31.941247,120.337896,1.82E-04,0.129807851,1.11E-04,22.16994868,ID00319681,8,63.51,2022
0.0423245,15448.58832,14749.22244,31.941247,120.337896,1.97E-04,0.129738,1.17E-04,24.79092718,ID00319681,9,59.61,2022
0.043210839,15089.05357,14698.08096,31.941247,120.337896,2.10E-04,0.122689741,-3.99E-05,33.21342643,ID00319681,10,36.86,2022
0.045716956,14851.08783,14157.28263,31.941247,120.337896,3.15E-04,0.118167523,1.41E-04,22.70760828,ID00319681,11,34.09,2022
0.048132876,14214.72646,,31.941247,120.337896,3.71E-04,0.129808596,7.06E-04,29.02783876,ID00319681,12,52.88,2022
0.056362548,14141.71885,13750.68118,31.941651,120.338209,3.65E-04,0.114922836,4.43E-04,21.80443743,ID00319613,1,110.06,2019
0.054250656,14649.47554,13764.68053,31.941651,120.338209,2.73E-04,0.117474328,4.86E-04,17.45715264,ID00319613,2,120.1,2019
0.055223245,14813.60098,14079.01851,31.941651,120.338209,3.13E-04,0.134845855,1.27E-04,21.40173899,ID00319613,3,109.77,2019
0.059299662,15260.80294,14396.3909,31.941651,120.338209,3.50E-04,0.136834649,4.28E-04,24.47711598,ID00319613,4,124.18,2019
0.056019757,15605.4533,14557.33195,31.941651,120.338209,2.92E-04,0.134966187,2.04E-04,27.96383827,ID00319613,5,118.24,2019
0.047701463,15676.98092,-5298.333659,31.941651,120.338209,2.36E-04,0.13889685,-1.05E-04,26.11737079,ID00319613,6,119.4,2019
0.051287118,,14872.60007,31.941651,120.338209,2.32E-04,0.134316664,-8.55E-05,24.01221876,ID00319613,7,108.37,2019
0.04604419,15551.23483,14911.92329,31.941651,120.338209,1.75E-04,0.131187825,-6.34E-05,27.79210082,ID00319613,8,110.66,2019
0.045662059,15529.18542,14729.14204,31.941651,120.338209,1.56E-04,0.124831785,9.12E-05,25.31053343,ID00319613,9,111.51,2019
0.04987431,15150.4726,14370.7562,31.941651,120.338209,2.80E-04,0.122722661,5.08E-05,28.0551688,ID00319613,10,109.17,2019
0.047649492,14882.33909,-8486.165362,31.941651,120.338209,3.30E-04,0.119361162,-4.92E-05,28.83875282,ID00319613,11,109.72,2019
0.055883365,14495.88327,13845.79583,31.941651,120.338209,3.27E-04,0.127045916,4.29E-04,24.16327751,ID00319613,12,104.2,2019
0.059275108,,,31.941651,120.338209,2.36E-04,0.123591965,-2.54E-04,24.6151542,ID00319613,1,112.85,2020
0.057298388,14622.18194,13768.59622,31.941651,120.338209,1.62E-04,0.133432912,2.49E-04,24.33773249,ID00319613,2,127.95,2020
0.056944457,14958.43901,14221.65444,31.941651,120.338209,2.63E-04,0.143096133,3.93E-04,26.53860821,ID00319613,3,115.69,2020
0.057779994,15194.15027,14169.62524,31.941651,120.338209,3.00E-04,0.151698042,2.68E-04,28.69744215,ID00319613,4,119.33,2020
0.054810688,15483.82055,14620.42466,31.941651,120.338209,2.29E-04,0.140824127,2.64E-05,23.93070447,ID00319613,5,106.94,2020
0.05057637,15700.91292,14794.37084,31.941651,120.338209,2.05E-04,0.130700524,-1.46E-04,22.77132104,ID00319613,6,111.58,2020
0.04452884,,,31.941651,120.338209,2.26E-04,0.131226461,-2.12E-04,25.5017828,ID00319613,7,109.75,2020
0.040804425,15743.25147,15018.23508,31.941651,120.338209,1.96E-04,0.125363063,3.00E-05,26.47653651,ID00319613,8,113.72,2020
0.050810349,15659.5312,14858.30778,31.941651,120.338209,2.19E-04,0.127325307,2.50E-04,28.91345388,ID00319613,9,123.07,2020
0.052670716,14957.78625,14332.88454,31.941651,120.338209,1.93E-04,0.117319768,2.69E-04,28.48194447,ID00319613,10,119.58,2020
0.049336864,14917.9069,3789.735812,31.941651,120.338209,2.42E-04,0.120627647,2.63E-04,22.68117129,ID00319613,11,129.05,2020
0.05774444,14221.60509,-9905.409002,31.941651,120.338209,3.65E-04,0.120627936,1.90E-04,32.48324535,ID00319613,12,119.55,2020
0.054733665,14373.60679,6352.165362,31.941651,120.338209,4.86E-04,0.128236382,3.41E-04,30.75763927,ID00319613,1,130.7,2021
0.054465903,14823.84301,-5413.931996,31.941651,120.338209,2.38E-04,0.13388113,2.24E-04,28.88864271,ID00319613,2,133.33,2021
0.05737026,14884.76677,,31.941651,120.338209,3.75E-04,0.138734739,2.16E-05,27.26019351,ID00319613,3,118.96,2021
0.061575212,15082.37391,-5406.146771,31.941651,120.338209,3.05E-04,0.142529509,3.75E-04,30.68346686,ID00319613,4,133.48,2021
0.056858914,15312.02206,14658.12035,31.941651,120.338209,2.94E-04,0.140002964,1.87E-04,24.40342196,ID00319613,5,131.2,2021
0.053671081,15694.1683,14770.06996,31.941651,120.338209,3.01E-04,0.136393815,-2.77E-05,33.30179559,ID00319613,6,129.72,2021
0.040622019,,13345.26517,31.941651,120.338209,1.95E-04,0.135364036,-1.07E-04,27.1929843,ID00319613,7,122.28,2021
0.045138129,15768.13014,14949.34687,31.941651,120.338209,2.16E-04,0.134527167,1.47E-04,30.15420282,ID00319613,8,117.47,2021
0.044355145,15596.69814,14820.9638,31.941651,120.338209,2.53E-04,0.129453711,1.86E-04,22.1340828,ID00319613,9,94.25,2021
0.045039356,15393.63607,14829.34237,31.941651,120.338209,2.73E-04,0.126374807,1.28E-04,26.48353225,ID00319613,10,92.19,2021
0.046800028,14621.78545,13981.3794,31.941651,120.338209,4.60E-04,0.131547525,4.92E-04,29.96795732,ID00319613,11,84.86,2021
0.052676714,14350.24763,13994.694,31.941651,120.338209,4.42E-04,0.128954355,8.46E-04,34.26660462,ID00319613,12,109.04,2021
0.054635515,14270.14971,13803.86008,31.941651,120.338209,4.28E-04,0.137280341,2.81E-04,35.0297334,ID00319613,1,129.6,2022
0.051681092,14661.69985,13780.47065,31.941651,120.338209,2.73E-04,0.136546754,2.04E-04,31.33925875,ID00319613,2,134.24,2022
0.054448111,14993.71373,14031.52348,31.941651,120.338209,3.59E-04,0.143698536,4.13E-04,34.87677771,ID00319613,3,118.54,2022
0.051433363,15372.9183,14430.59002,31.941651,120.338209,2.27E-04,0.149706454,1.46E-05,32.36571716,ID00319613,4,131.55,2022
0.049659508,15574.48542,14437.31311,31.941651,120.338209,2.10E-04,0.14934194,-1.63E-05,28.21215033,ID00319613,5,126.78,2022
0.044637927,15741.34176,14872.40822,31.941651,120.338209,2.03E-04,0.142961896,1.82E-04,27.72105227,ID00319613,6,141.8,2022
0.038158064,,14905.48973,31.941651,120.338209,1.66E-04,0.132912192,8.32E-06,31.14728412,ID00319613,7,128.89,2022
0.044592873,,15084.31389,31.941651,120.338209,1.82E-04,0.129811441,1.11E-04,22.34348848,ID00319613,8,123.58,2022
0.042331509,15454.13258,14757.05072,31.941651,120.338209,1.97E-04,0.129715944,1.21E-04,24.81172682,ID00319613,9,122.69,2022
0.043192472,15092.57208,14680.55528,31.941651,120.338209,2.10E-04,0.12268342,-3.38E-05,33.5915768,ID00319613,10,100.49,2022
0.04582592,14849.5499,14243.05235,31.941651,120.338209,3.15E-04,0.118163518,1.43E-04,22.88038434,ID00319613,11,108.35,2022
0.048124499,14216.62661,,31.941651,120.338209,3.71E-04,0.129811203,7.04E-04,29.08768361,ID00319613,12,136.12,2022
0.055889192,14015.78845,,36.216949,120.390032,3.51E-04,0.132305277,-1.61E-06,16.61709074,ID00319719,1,27.38,2019
0.057655993,1250.516667,3292.029902,36.216949,120.390032,2.94E-04,0.13645126,3.17E-04,14.47657337,ID00319719,2,33.21,2019
0.05206508,14605.75784,13765.2587,36.216949,120.390032,2.28E-04,0.157324878,4.04E-04,16.80180663,ID00319719,3,29.74,2019
0.050545988,-5547.183578,9460.630033,36.216949,120.390032,1.93E-04,0.147883148,1.10E-04,15.5192304,ID00319719,4,33.31,2019
0.049935592,8482.771217,9669.305784,36.216949,120.390032,1.75E-04,0.148497129,1.75E-04,17.35242414,ID00319719,5,32.24,2019
0.047966198,10834.72629,1413.498039,36.216949,120.390032,1.47E-04,0.146574584,3.68E-04,15.22441652,ID00319719,6,32.91,2019
0.049515849,15742.34412,14811.68389,36.216949,120.390032,1.41E-04,0.141036332,3.50E-05,16.71010276,ID00319719,7,21.74,2019
0.043030769,1986.212745,14800.02092,36.216949,120.390032,1.41E-04,0.132524033,1.27E-04,17.14943134,ID00319719,8,20.66,2019
0.046215285,15376.26033,14587.73514,36.216949,120.390032,1.47E-04,0.128370346,1.29E-04,17.03208326,ID00319719,9,22.99,2019
0.04639216,10154.81732,3003.237745,36.216949,120.390032,2.23E-04,0.128227999,1.39E-04,17.02740737,ID00319719,10,22.13,2019
0.044082429,3243.303268,-8306.717647,36.216949,120.390032,2.44E-04,0.130643965,3.35E-04,18.27087003,ID00319719,11,22.55,2019
0.050961157,7808.529657,-4052.25,36.216949,120.390032,2.81E-04,0.142138557,0.0010686,20.47705626,ID00319719,12,20.4,2019
0.054748445,-4810.120915,-4108,36.216949,120.390032,2.88E-04,0.145699569,8.25E-04,19.75845615,ID00319719,1,25.36,2020
0.051375567,14022.22451,2703.592892,36.216949,120.390032,1.25E-04,0.156389754,5.32E-04,16.045299,ID00319719,2,32.05,2020
0.050861987,-7907.001961,13902.43201,36.216949,120.390032,2.23E-04,0.162304295,5.44E-04,18.22560105,ID00319719,3,27.02,2020
0.053402856,10269.47672,13953.62564,36.216949,120.390032,1.96E-04,0.160531022,1.61E-04,18.4525713,ID00319719,4,28.43,2020
0.048765012,1773.789216,1352.469608,36.216949,120.390032,1.60E-04,0.148905771,2.67E-04,17.96282641,ID00319719,5,25.63,2020
0.049088235,9219.284804,14657.31765,36.216949,120.390032,1.49E-04,0.136049514,5.75E-05,15.69079179,ID00319719,6,28.56,2020
0.047380614,-5472.682353,14763.89363,36.216949,120.390032,1.36E-04,0.135502887,1.23E-04,17.47955826,ID00319719,7,28.88,2020
0.04244648,-5150.348039,14906.19167,36.216949,120.390032,1.21E-04,0.127587356,6.67E-05,14.09974262,ID00319719,8,28.36,2020
0.048893332,1690.716176,7754.298039,36.216949,120.390032,1.59E-04,0.133287534,2.62E-04,17.09687,ID00319719,9,27.92,2020
0.050097332,-3803.75,-5488.34902,36.216949,120.390032,2.81E-04,0.125362673,3.27E-04,20.00984036,ID00319719,10,27.18,2020
0.048725137,14656.38284,9446.719853,36.216949,120.390032,3.04E-04,0.127370651,2.01E-04,17.04932082,ID00319719,11,28.49,2020
0.055644912,12262.20817,-5802.498039,36.216949,120.390032,5.46E-04,0.139090188,5.95E-04,20.0930766,ID00319719,12,27.08,2020
0.054656364,-7780.284314,-9098.176471,36.216949,120.390032,3.86E-04,0.146971552,6.68E-04,18.8750444,ID00319719,1,32.82,2021
0.051567103,1431.319608,13869.53578,36.216949,120.390032,1.84E-04,0.14838258,0.00107182,20.92611546,ID00319719,2,35.05,2021
0.055409778,-4676.965686,1095.565441,36.216949,120.390032,3.09E-04,0.150442366,7.32E-04,19.61883355,ID00319719,3,29.35,2021
0.052813032,15102.42557,12357.48873,36.216949,120.390032,2.38E-04,0.152606982,2.28E-04,19.44166195,ID00319719,4,34.14,2021
0.048454262,10671.53758,9655.157017,36.216949,120.390032,1.78E-04,0.152774996,2.10E-04,17.99790445,ID00319719,5,34.11,2021
0.044585282,15618.7009,14466.53186,36.216949,120.390032,1.65E-04,0.14299234,-5.07E-06,16.70317172,ID00319719,6,34.61,2021
0.040606512,,14835.48358,36.216949,120.390032,1.19E-04,0.140250556,-2.35E-05,14.40746581,ID00319719,7,32.33,2021
0.050546748,-5815.415686,14841.48194,36.216949,120.390032,1.46E-04,0.13957464,1.09E-04,17.85938737,ID00319719,8,34.41,2021
0.047338433,15566.22794,14642.22607,36.216949,120.390032,1.51E-04,0.132916963,1.50E-04,18.44395092,ID00319719,9,18.18,2021
0.046463459,14917.59074,-7213.980882,36.216949,120.390032,2.67E-04,0.13008541,1.17E-04,12.86172544,ID00319719,10,4.44,2021
0.044019903,3074.371814,13958.271,36.216949,120.390032,3.45E-04,0.146783123,7.54E-04,18.46027687,ID00319719,11,12.66,2021
0.047954571,1222.968627,-2584.587745,36.216949,120.390032,5.29E-04,0.145564238,0.001203233,19.6301543,ID00319719,12,22.89,2021
0.050004803,-234.952451,,36.216949,120.390032,2.88E-04,0.155509375,6.14E-04,19.31247554,ID00319719,1,27.77,2022
0.052663323,-4747.876961,-3222.548039,36.216949,120.390032,2.48E-04,0.160067597,4.66E-04,20.56618849,ID00319719,2,30.16,2022
0.045407648,14520.91324,9212.288971,36.216949,120.390032,2.00E-04,0.156657447,1.23E-04,19.57614236,ID00319719,3,28.3,2022
0.047870041,871.6147059,7877.023039,36.216949,120.390032,1.63E-04,0.158886542,3.18E-05,18.6232229,ID00319719,4,32.59,2022
0.044537839,-4465.923487,14304.36235,36.216949,120.390032,1.85E-04,0.160104697,1.85E-04,18.50116666,ID00319719,5,33.28,2022
0.042691751,1602.27451,14794.22647,36.216949,120.390032,1.34E-04,0.151648041,1.91E-04,19.31089638,ID00319719,6,45.14,2022
0.039325693,8950.236765,14822.78162,36.216949,120.390032,1.29E-04,0.136044366,-5.27E-05,0,ID00319719,7,36.44,2022
0.041033667,,14843.40417,36.216949,120.390032,1.40E-04,0.130540076,2.85E-04,16.88512256,ID00319719,8,31.51,2022
0.03842513,15246.66747,14555.22349,36.216949,120.390032,1.66E-04,0.13226548,2.52E-05,18.0571522,ID00319719,9,36.03,2022
0.039537174,14849.37786,8076.769608,36.216949,120.390032,2.29E-04,0.130864368,1.62E-04,19.43724727,ID00319719,10,36.05,2022
0.041434826,7343.246078,7471.801716,36.216949,120.390032,2.56E-04,0.13242619,5.15E-04,19.2937279,ID00319719,11,43.01,2022
0.04620547,13864.83431,,36.216949,120.390032,3.54E-04,0.146990539,7.86E-05,19.55245317,ID00319719,12,54.77,2022
0.06192423,13959.11464,13716.95348,31.849657,120.715402,3.82E-04,0.115462987,1.72E-04,8.810942577,ID00319672,1,74.03,2019
0.05972935,14498.89863,13734.64594,31.849657,120.715402,2.51E-04,0.117121081,-4.22E-05,18.84497553,ID00319672,2,64.4,2019
0.058852211,14788.97625,13932.48663,31.849657,120.715402,3.58E-04,0.13270437,4.63E-04,20.92738235,ID00319672,3,75.57,2019
0.057475784,15139.90671,-6739.107738,31.849657,120.715402,3.26E-04,0.13931445,3.51E-04,20.59752954,ID00319672,4,73.26,2019
0.057361844,15544.37359,14369.75008,31.849657,120.715402,3.01E-04,0.134171178,2.00E-04,23.43237955,ID00319672,5,71.44,2019
0.049427768,15535.57697,,31.849657,120.715402,2.68E-04,0.138726674,-4.98E-05,23.94966204,ID00319672,6,70.61,2019
0.044654342,12390.4143,14848.02547,31.849657,120.715402,1.96E-04,0.133624165,-1.68E-04,20.67120736,ID00319672,7,74.52,2019
0.046023747,15472.56219,14858.85593,31.849657,120.715402,1.62E-04,0.130629772,-5.10E-05,21.38468906,ID00319672,8,75.32,2019
0.046144218,15340.52644,14663.51469,31.849657,120.715402,1.53E-04,0.124373185,1.50E-04,17.47744103,ID00319672,9,74.2,2019
0.050774493,15062.79628,14159.73433,31.849657,120.715402,2.16E-04,0.122001636,-2.18E-06,17.68105563,ID00319672,10,73.79,2019
0.052248422,14885.61623,13992.31856,31.849657,120.715402,2.74E-04,0.120599837,1.04E-04,16.19942221,ID00319672,11,65.53,2019
0.056620987,14392.32659,13719.3204,31.849657,120.715402,3.23E-04,0.125874259,6.73E-05,21.33680707,ID00319672,12,59.03,2019
0.062566982,14303.82403,13649.50735,31.849657,120.715402,1.70E-04,0.123412268,4.15E-04,19.17045277,ID00319672,1,73.95,2020
0.059612542,14535.43268,13660.13859,31.849657,120.715402,1.60E-04,0.133035277,2.32E-04,22.75797012,ID00319672,2,63.92,2020
0.059000373,14878.93392,14128.22706,31.849657,120.715402,2.35E-04,0.142419357,1.64E-04,21.32504178,ID00319672,3,60.71,2020
0.061832331,15105.75433,14040.95157,31.849657,120.715402,3.03E-04,0.151217886,3.28E-05,21.53002977,ID00319672,4,65.07,2020
0.057162271,15475.69432,14585.93895,31.849657,120.715402,2.28E-04,0.139834496,4.00E-04,15.93778176,ID00319672,5,75.76,2020
0.054928733,,14688.94956,31.849657,120.715402,1.99E-04,0.130795614,-7.02E-05,19.34676737,ID00319672,6,72.21,2020
0.050623111,,,31.849657,120.715402,2.17E-04,0.131572935,-6.87E-05,12.64731133,ID00319672,7,75.1,2020
0.038778791,,15011.36905,31.849657,120.715402,1.62E-04,0.125365949,3.84E-05,19.25351576,ID00319672,8,75.08,2020
0.0509774,15485.9738,14766.4515,31.849657,120.715402,1.98E-04,0.127568624,1.07E-04,21.77693429,ID00319672,9,74.07,2020
0.050152672,14917.00375,14150.48384,31.849657,120.715402,1.54E-04,0.11761228,2.21E-04,19.90931434,ID00319672,10,76.75,2020
0.052354583,14758.97037,14149.92605,31.849657,120.715402,2.33E-04,0.119938918,3.32E-04,19.84459662,ID00319672,11,75.09,2020
0.06505183,14225.64357,13820.56121,31.849657,120.715402,3.40E-04,0.121129946,4.09E-04,24.29691446,ID00319672,12,81.29,2020
0.058580564,14402.64792,,31.849657,120.715402,4.25E-04,0.127600318,1.50E-04,21.13610896,ID00319672,1,82.25,2021
0.058719091,14791.16854,13825.35104,31.849657,120.715402,2.33E-04,0.132591236,2.93E-04,22.64811656,ID00319672,2,74.62,2021
0.060194464,14847.58106,14105.75906,31.849657,120.715402,3.34E-04,0.138557255,-3.91E-05,13.9699388,ID00319672,3,85.86,2021
0.061991757,15018.6121,14029.0999,31.849657,120.715402,3.13E-04,0.142311763,3.25E-04,20.20408386,ID00319672,4,81.57,2021
0.058442261,15223.79318,14651.89732,31.849657,120.715402,2.69E-04,0.139894766,9.87E-05,19.37372161,ID00319672,5,81.59,2021
0.050284246,15611.0667,14667.27816,31.849657,120.715402,2.43E-04,0.136662557,5.12E-04,18.54454224,ID00319672,6,79.38,2021
0.038722241,,14904.91707,31.849657,120.715402,1.61E-04,0.135105692,3.28E-05,17.07645674,ID00319672,7,81.39,2021
0.043708455,15593.77375,14884.10865,31.849657,120.715402,1.62E-04,0.133531296,1.29E-04,16.59797275,ID00319672,8,79.1,2021
0.045302983,15513.42752,14735.77499,31.849657,120.715402,1.88E-04,0.128382267,1.38E-04,9.094801648,ID00319672,9,73.78,2021
0.043007854,15295.94167,14648.57071,31.849657,120.715402,1.95E-04,0.125822633,2.81E-04,16.66841805,ID00319672,10,77.76,2021
0.047824804,14624.93944,13928.83932,31.849657,120.715402,4.01E-04,0.131820632,1.81E-04,15.41367039,ID00319672,11,52.65,2021
0.056570305,14348.14179,13793.70941,31.849657,120.715402,4.24E-04,0.12864813,8.93E-04,19.98465969,ID00319672,12,81.58,2021
0.055461855,14418.72429,13635.42254,31.849657,120.715402,3.33E-04,0.137304571,2.08E-04,18.73135662,ID00319672,1,83.07,2022
0.058363894,14493.27865,13674.48612,31.849657,120.715402,2.97E-04,0.135508987,2.19E-04,18.73319031,ID00319672,2,73.8,2022
0.054823099,14909.90387,13844.88149,31.849657,120.715402,3.01E-04,0.142599908,2.46E-04,19.684072,ID00319672,3,79.86,2022
0.052832746,15312.80313,14177.64643,31.849657,120.715402,2.09E-04,0.149118065,3.03E-04,16.18794546,ID00319672,4,79.35,2022
0.04958171,15414.54708,14248.2478,31.849657,120.715402,1.96E-04,0.148876191,4.31E-04,20.10670954,ID00319672,5,83.91,2022
0.045210666,15636.56024,14837.69598,31.849657,120.715402,1.83E-04,0.142885708,-6.94E-05,15.33742409,ID00319672,6,73.57,2022
0.039518314,,14938.89724,31.849657,120.715402,1.55E-04,0.132395366,-8.61E-05,10.77226262,ID00319672,7,75.23,2022
0.045697653,,14998.1353,31.849657,120.715402,1.64E-04,0.12997119,-1.10E-04,15.63534991,ID00319672,8,69.45,2022
0.043244818,15302.25073,14583.13288,31.849657,120.715402,1.49E-04,0.128953016,4.23E-05,15.88731149,ID00319672,9,73.68,2022
0.041959363,14996.88363,14428.59919,31.849657,120.715402,1.64E-04,0.122948149,8.06E-05,20.42068581,ID00319672,10,65.82,2022
0.043692038,14846.09109,14150.86063,31.849657,120.715402,2.39E-04,0.117918851,-7.46E-05,19.9480605,ID00319672,11,65.01,2022
0.049750281,14213.10737,13619.08668,31.849657,120.715402,3.27E-04,0.128405417,5.45E-04,16.88834002,ID00319672,12,62.21,2022
0.053949121,5241.005888,,33.205642,120.781747,2.06E-04,0.119279873,4.52E-04,4.020218324,ID00344506,1,27.08,2019
0.055701484,,,33.205642,120.781747,1.02E-04,0.120857889,3.20E-04,7.831707471,ID00344506,2,26.63,2019
0.052229172,-3736.49264,11790.2388,33.205642,120.781747,1.82E-04,0.142625928,2.61E-04,8.010686849,ID00344506,3,26.26,2019
0.049429845,10398.92836,-7568.517174,33.205642,120.781747,1.14E-04,0.139430901,1.37E-04,8.168429979,ID00344506,4,26.36,2019
0.05247746,13101.66677,-3600.704612,33.205642,120.781747,1.28E-04,0.13860993,2.21E-04,9.664016185,ID00344506,5,26.47,2019
0.045595201,1347.254661,12437.80667,33.205642,120.781747,1.04E-04,0.141552738,1.24E-04,8.609298626,ID00344506,6,26.56,2019
0.046657746,-7469.720314,12631.02731,33.205642,120.781747,1.13E-04,0.136581072,-9.36E-05,7.087860506,ID00344506,7,25.79,2019
0.044565821,542.9887144,12652.31425,33.205642,120.781747,9.26E-05,0.131533608,5.52E-05,9.339749836,ID00344506,8,26.32,2019
0.042998624,10733.54588,11656.14426,33.205642,120.781747,7.84E-05,0.124993082,6.35E-06,10.08706071,ID00344506,9,32.12,2019
0.04805114,-7504.354269,-7574.723258,33.205642,120.781747,1.14E-04,0.123859282,4.64E-05,8.56157516,ID00344506,10,38.68,2019
0.047867051,7918.474975,-3877.01423,33.205642,120.781747,1.49E-04,0.122273078,1.06E-04,8.590468449,ID00344506,11,38.27,2019
0.049190771,12076.09563,,33.205642,120.781747,1.58E-04,0.134271392,1.82E-04,9.022507152,ID00344506,12,28.75,2019
0.053127462,,,33.205642,120.781747,9.42E-05,0.125432619,0.001014758,8.207625124,ID00344506,1,34.45,2020
0.05364534,6126.947007,3566.252535,33.205642,120.781747,8.69E-05,0.138945608,2.48E-04,7.331454667,ID00344506,2,15.58,2020
0.048300911,10127.67754,11764.24387,33.205642,120.781747,1.00E-04,0.148051392,2.74E-04,9.490223342,ID00344506,3,16.63,2020
0.05545882,12695.55692,11930.20363,33.205642,120.781747,1.07E-04,0.155178123,2.43E-04,9.540237889,ID00344506,4,32.75,2020
0.050575384,1913.748119,3994.345437,33.205642,120.781747,1.05E-04,0.143409312,5.01E-05,7.840782451,ID00344506,5,40.96,2020
0.044954755,2016.991658,6489.064769,33.205642,120.781747,1.02E-04,0.133827735,9.23E-05,8.506957925,ID00344506,6,40,2020
0.043297686,13070.9367,-6039.971541,33.205642,120.781747,8.66E-05,0.133075106,1.40E-04,9.502936738,ID00344506,7,45,2020
0.036490079,10999.61237,12791.05283,33.205642,120.781747,1.05E-04,0.125674395,6.39E-05,8.67814264,ID00344506,8,44,2020
0.045409976,13010.92761,10337.53189,33.205642,120.781747,9.56E-05,0.130377757,7.40E-05,7.492698996,ID00344506,9,43.02,2020
0.04126868,12641.38322,-3740.711482,33.205642,120.781747,8.22E-05,0.119045072,-3.78E-05,7.257458155,ID00344506,10,46.9,2020
0.045082181,11169.10795,107.6202159,33.205642,120.781747,1.12E-04,0.121306486,9.61E-06,6.856329631,ID00344506,11,30,2020
0.052832915,787.5150474,,33.205642,120.781747,2.94E-04,0.126067162,3.90E-04,7.559187845,ID00344506,12,18,2020
0.05093643,5058.219333,-178.0206084,33.205642,120.781747,3.16E-04,0.133947148,6.06E-04,7.814909252,ID00344506,1,47.29,2021
0.048095683,12172.93114,-2411.918351,33.205642,120.781747,1.37E-04,0.136540737,2.00E-04,11.19915842,ID00344506,2,40.22,2021
0.051232778,11113.40644,,33.205642,120.781747,1.20E-04,0.143103454,-1.84E-05,7.86653818,ID00344506,3,47.9,2021
0.054148842,322.0041217,,33.205642,120.781747,9.65E-05,0.144724808,2.51E-04,9.345829411,ID00344506,4,45.73,2021
0.048810897,12855.90197,-6212.899902,33.205642,120.781747,1.17E-04,0.143543127,7.54E-05,10.36200437,ID00344506,5,51.23,2021
0.048832573,9294.148184,1604.769382,33.205642,120.781747,1.27E-04,0.138981066,9.14E-05,12.55066955,ID00344506,6,39.8,2021
0.037685753,,12647.87831,33.205642,120.781747,1.08E-04,0.138975372,3.37E-05,8.471705022,ID00344506,7,32,2021
0.042349834,-3511.491168,12682.96026,33.205642,120.781747,8.53E-05,0.135368614,6.97E-05,10.67807652,ID00344506,8,23.94,2021
0.041577829,12127.84421,12536.40751,33.205642,120.781747,9.28E-05,0.129756958,2.18E-04,7.96644521,ID00344506,9,3.27,2021
0.040365876,8114.66315,11701.06673,33.205642,120.781747,9.64E-05,0.125357125,-3.36E-07,7.417237397,ID00344506,10,11.68,2021
0.043430196,6143.214426,-39.43670265,33.205642,120.781747,1.92E-04,0.137243227,3.49E-04,8.071320218,ID00344506,11,24.69,2021
0.044952481,1488.613837,-93.12070658,33.205642,120.781747,2.65E-04,0.132930135,9.72E-04,9.578949935,ID00344506,12,16.09,2021
0.048391523,-7584.933268,,33.205642,120.781747,2.05E-04,0.142120824,3.21E-04,8.087225344,ID00344506,1,35.57,2022
0.051638696,10048.47383,-7617.865554,33.205642,120.781747,1.57E-04,0.143839355,3.00E-04,11.86121668,ID00344506,2,32.47,2022
0.049881475,5483.847563,697.3851816,33.205642,120.781747,1.45E-04,0.146728134,1.97E-04,11.47229159,ID00344506,3,26.17,2022
0.049118869,11348.27282,-5461.001963,33.205642,120.781747,9.17E-05,0.15218043,1.91E-04,7.878653123,ID00344506,4,32.53,2022
0.043826335,10807.23485,-7566.415113,33.205642,120.781747,1.04E-04,0.152459377,1.06E-04,10.18662415,ID00344506,5,36.87,2022
0.040647985,11697.29326,-3562.763494,33.205642,120.781747,1.17E-04,0.145533579,1.76E-04,10.23073364,ID00344506,6,19.08,2022
0.03591988,,12666.37748,33.205642,120.781747,1.00E-04,0.133116747,6.93E-05,18.26965095,ID00344506,7,15.79,2022
0.042689525,12942.94014,12750.1895,33.205642,120.781747,9.70E-05,0.129390151,-8.12E-05,9.292348177,ID00344506,8,19.86,2022
0.038152772,6602.306673,12507.19136,33.205642,120.781747,7.89E-05,0.130510382,1.09E-04,9.52041966,ID00344506,9,26.77,2022
0.037252337,12651.50976,-3740.378803,33.205642,120.781747,8.21E-05,0.124568644,1.68E-04,10.76898157,ID00344506,10,27.1,2022
0.039733111,-6142.118744,-7558.407262,33.205642,120.781747,1.06E-04,0.122303706,8.93E-05,8.176059906,ID00344506,11,19.48,2022
0.043557313,5921.839058,,33.205642,120.781747,2.11E-04,0.135062387,2.89E-04,6.747600582,ID00344506,12,7.92,2022
0.061610571,14276.46176,13716.69078,31.718045,120.837691,3.50E-04,0.114948422,3.56E-04,16.70396074,ID00353796,1,26.04,2019
0.060319615,,13737.39853,31.718045,120.837691,2.33E-04,0.118028183,4.66E-04,25.0302205,ID00353796,2,23.19,2019
0.058000906,14882.53529,13912.44767,31.718045,120.837691,3.72E-04,0.130741091,1.99E-04,22.63566665,ID00353796,3,27.09,2019
0.05320187,15258.90268,14243.32926,31.718045,120.837691,3.47E-04,0.136365976,4.32E-04,22.17823288,ID00353796,4,26.31,2019
0.052754577,15635.77508,14457.65105,31.718045,120.837691,2.93E-04,0.134038198,1.16E-05,24.3313183,ID00353796,5,27.2,2019
0.046913395,15666.4652,-3393.637255,31.718045,120.837691,2.39E-04,0.138727393,-1.27E-04,24.60776455,ID00353796,6,24.82,2019
0.0424676,1705.866667,14846.64036,31.718045,120.837691,1.79E-04,0.133406764,2.73E-05,20.36778949,ID00353796,7,27.21,2019
0.045142679,15599.32745,14858.6688,31.718045,120.837691,1.58E-04,0.130548388,8.44E-05,23.13349052,ID00353796,8,25.62,2019
0.043195702,-6713.364706,14648.98578,31.718045,120.837691,1.70E-04,0.124318748,3.00E-04,21.03276935,ID00353796,9,25.58,2019
0.047298676,,14309.35094,31.718045,120.837691,1.91E-04,0.122152421,2.75E-05,22.96708571,ID00353796,10,26.84,2019
0.046934273,14895.8035,14115.76032,31.718045,120.837691,2.53E-04,0.120004562,7.74E-05,25.5075817,ID00353796,11,26.54,2019
0.055258977,14499.44044,13811.62045,31.718045,120.837691,3.04E-04,0.125816017,2.26E-04,26.96342883,ID00353796,12,31.57,2019
0.056967073,14291.69118,13682.42059,31.718045,120.837691,2.27E-04,0.122450138,5.62E-04,28.06724946,ID00353796,1,18.21,2020
0.053849061,14612.59634,13788.79151,31.718045,120.837691,1.51E-04,0.132465228,2.64E-04,28.10020574,ID00353796,2,24.85,2020
0.057223754,15025.63824,14103.07304,31.718045,120.837691,2.43E-04,0.14170713,5.82E-04,29.18477426,ID00353796,3,29.42,2020
0.056723283,15218.62516,14162.11699,31.718045,120.837691,3.07E-04,0.151272108,5.22E-04,26.57837478,ID00353796,4,28.87,2020
0.05480373,15440.09412,14510.52181,31.718045,120.837691,2.23E-04,0.139095894,4.08E-04,25.60527187,ID00353796,5,29.51,2020
0.051947067,,14683.19951,31.718045,120.837691,2.09E-04,0.130100545,-1.31E-04,23.73272065,ID00353796,6,28.82,2020
0.048121447,,-2274.765686,31.718045,120.837691,2.02E-04,0.130863177,-3.14E-04,21.95691412,ID00353796,7,29.64,2020
0.037088165,-7040.990196,15001.30539,31.718045,120.837691,1.68E-04,0.125401538,1.42E-04,27.49140249,ID00353796,8,29.81,2020
0.049197151,15598.79444,14717.31375,31.718045,120.837691,1.87E-04,0.127863338,7.22E-05,27.154451,ID00353796,9,28.05,2020
0.046724103,,14286.41901,31.718045,120.837691,1.88E-04,0.117725616,2.60E-05,29.60361049,ID00353796,10,29.17,2020
0.046047051,14730.3173,14237.96818,31.718045,120.837691,2.35E-04,0.119305601,2.25E-04,31.06165924,ID00353796,11,29.2,2020
0.057129268,14266.33686,13789.49559,31.718045,120.837691,3.01E-04,0.120763111,7.88E-04,30.84690923,ID00353796,12,30.57,2020
0.057165604,14404.17815,13711.15033,31.718045,120.837691,4.18E-04,0.128585661,2.59E-04,33.97761779,ID00353796,1,28.28,2021
0.049975849,14836.43163,13865.7288,31.718045,120.837691,2.38E-04,0.132651436,3.75E-04,29.90716699,ID00353796,2,23.95,2021
0.054096081,14986.6233,13984.66333,31.718045,120.837691,3.64E-04,0.13822924,8.11E-05,28.68749498,ID00353796,3,28.44,2021
0.059699299,15184.19709,14067.25098,31.718045,120.837691,3.17E-04,0.142458004,3.16E-04,28.87998022,ID00353796,4,41.03,2021
0.054033794,15439.85961,14638.81029,31.718045,120.837691,2.82E-04,0.139676149,4.25E-05,25.16640941,ID00353796,5,33.89,2021
0.046966801,15709.14529,14632.34134,31.718045,120.837691,2.71E-04,0.136933278,1.46E-04,24.03889189,ID00353796,6,35.25,2021
0.038910254,1196.921569,14952.53137,31.718045,120.837691,1.61E-04,0.134519496,1.15E-04,28.11013019,ID00353796,7,30.12,2021
0.04160717,15688.60147,14890.20422,31.718045,120.837691,1.83E-04,0.133628292,-3.98E-05,31.72183566,ID00353796,8,29.7,2021
0.043871501,15637.91806,14756.82353,31.718045,120.837691,2.05E-04,0.128300019,-1.98E-05,23.9494025,ID00353796,9,28.02,2021
0.039716895,15507.25275,14692.13775,31.718045,120.837691,2.16E-04,0.12587965,8.49E-05,25.93206116,ID00353796,10,23.26,2021
0.047073356,14706.54657,13984.3362,31.718045,120.837691,4.20E-04,0.131436382,1.39E-04,26.31717672,ID00353796,11,13.06,2021
0.05324362,14472.71905,13870.08118,31.718045,120.837691,4.47E-04,0.127975637,3.98E-04,29.28184573,ID00353796,12,21.09,2021
0.051877522,14459.42892,13724.53145,31.718045,120.837691,3.37E-04,0.137350857,3.25E-04,24.93976431,ID00353796,1,23.35,2022
0.052451145,14460.03529,13720.8951,31.718045,120.837691,3.04E-04,0.135375338,-1.21E-05,28.32784386,ID00353796,2,28.05,2022
0.049042169,15044.35913,13943.19902,31.718045,120.837691,2.98E-04,0.143078664,1.18E-04,29.7276004,ID00353796,3,36.32,2022
0.050482415,15417.16078,,31.718045,120.837691,2.03E-04,0.148178537,7.43E-05,23.93774486,ID00353796,4,37.07,2022
0.04615244,15603.4176,14408.13725,31.718045,120.837691,1.84E-04,0.147852258,2.14E-04,28.69622552,ID00353796,5,35.23,2022
0.041540372,15786.39109,14804.93974,31.718045,120.837691,1.90E-04,0.14239786,1.39E-04,26.45575711,ID00353796,6,33.4,2022
0.038265472,,14959.49943,31.718045,120.837691,1.62E-04,0.132664369,-5.05E-05,27.37462246,ID00353796,7,28.19,2022
0.042287134,15697.82941,15006.38263,31.718045,120.837691,1.68E-04,0.129556013,-5.64E-05,21.86167636,ID00353796,8,28.72,2022
0.042899113,15428.38725,14616.80359,31.718045,120.837691,1.73E-04,0.128556596,-7.58E-05,22.60770354,ID00353796,9,28.27,2022
0.038770359,-5051.152941,14418.42812,31.718045,120.837691,1.80E-04,0.122364157,1.35E-04,31.24184578,ID00353796,10,23.3,2022
0.041362726,14870.24706,14243.64853,31.718045,120.837691,2.67E-04,0.118258645,3.39E-04,26.14234266,ID00353796,11,10.06,2022
0.044676194,14200.01541,13718.73235,31.718045,120.837691,3.38E-04,0.129044032,1.01E-04,26.76112008,ID00353796,12,10.73,2022
0.055628642,9821.638454,1959.164384,31.413891,121.436381,3.78E-04,0.11537536,2.34E-04,11.75597119,ID00319632,1,138.83,2019
0.053452998,14605.06115,1904.5,31.413891,121.436381,-8805.38159,0.116200527,3.06E-04,24.71003682,ID00319632,2,126.65,2019
0.052955816,3974.05773,3471.695695,31.413891,121.436381,4.41E-04,0.128066238,4.74E-04,24.60307974,ID00319632,3,139,2019
0.057637971,4151.744455,,31.413891,121.436381,4.00E-04,0.138279976,7.33E-04,27.11445165,ID00319632,4,134.18,2019
0.049190657,10704.31246,5268.321918,31.413891,121.436381,3.09E-04,0.133999253,5.34E-04,24.68608375,ID00319632,5,138.99,2019
0.043439877,2852.704501,,31.413891,121.436381,3.26E-04,0.138395032,1.22E-05,24.52783488,ID00319632,6,135.64,2019
0.04251546,15593.6184,14859.6501,31.413891,121.436381,2.76E-04,0.134274346,-2.09E-04,24.33266419,ID00319632,7,134.55,2019
0.043027542,5865.395793,14878.95202,31.413891,121.436381,2.76E-04,0.130708014,-3.83E-05,23.59842186,ID00319632,8,138.86,2019
0.045404471,15556.42237,14750.88421,31.413891,121.436381,2.40E-04,0.124415145,6.83E-05,22.55072368,ID00319632,9,130.16,2019
0.048928078,10363.47994,-3920.917808,31.413891,121.436381,3.63E-04,0.122789304,6.85E-05,22.08693956,ID00319632,10,138.23,2019
0.045922352,10216.56517,,31.413891,121.436381,2.82E-04,0.119950335,1.23E-04,24.8065577,ID00319632,11,123.76,2019
0.051153417,14540.58268,,31.413891,121.436381,3.18E-04,0.124217421,2.54E-04,27.4465948,ID00319632,12,140.28,2019
0.058181208,3644.900196,,31.413891,121.436381,2.73E-04,0.120675459,6.18E-04,25.37177834,ID00319632,1,141.05,2020
0.058246885,14748.41464,,31.413891,121.436381,-9402.190791,0.130685658,4.54E-04,23.30131103,ID00319632,2,130.35,2020
0.057042851,10144.21885,-2561.815068,31.413891,121.436381,2.47E-04,0.140913627,2.30E-04,25.53037964,ID00319632,3,136.24,2020
0.058785575,15157.35591,3595.971624,31.413891,121.436381,3.90E-04,0.150135407,2.57E-04,25.49154114,ID00319632,4,126.92,2020
0.052023093,-681.9138943,-2430.248532,31.413891,121.436381,2.99E-04,0.13977087,3.10E-04,23.17921239,ID00319632,5,132.93,2020
0.047328239,,14748.95793,31.413891,121.436381,2.27E-04,0.13221575,-6.37E-05,22.14612515,ID00319632,6,135.83,2020
0.040815801,,14761.80822,31.413891,121.436381,2.92E-04,0.130264111,-2.93E-04,23.76798686,ID00319632,7,139.11,2020
0.033891891,,15081.33523,31.413891,121.436381,2.32E-04,0.125244023,-7.59E-05,25.88805507,ID00319632,8,139.34,2020
0.044652759,5740.513862,14860.80545,31.413891,121.436381,2.35E-04,0.125365501,-1.85E-05,24.45818989,ID00319632,9,110.43,2020
0.045039374,15208.68966,,31.413891,121.436381,2.34E-04,0.117143066,1.13E-04,28.46955477,ID00319632,10,117.99,2020
0.041908612,15054.2275,9726.192759,31.413891,121.436381,2.34E-04,0.119151777,7.06E-05,25.68469872,ID00319632,11,112.3,2020
0.054390983,14315.76354,,31.413891,121.436381,4.46E-04,0.119686515,0.001195383,24.5007186,ID00319632,12,142.61,2020
0.052884529,9665.59589,,31.413891,121.436381,4.75E-04,0.126479904,2.39E-04,26.73555015,ID00319632,1,146.09,2021
0.047134631,14825.10512,,31.413891,121.436381,,0.131199074,5.91E-05,22.3283681,ID00319632,2,137.29,2021
0.055172542,10106.51337,,31.413891,121.436381,3.66E-04,0.13678475,3.68E-04,27.98398459,ID00319632,3,148.13,2021
0.059134975,15151.4554,,31.413891,121.436381,2.86E-04,0.142204543,3.29E-04,24.52794501,ID00319632,4,147.35,2021
0.056095989,15440.06931,3866.14775,31.413891,121.436381,3.47E-04,0.138146397,2.74E-04,26.84215505,ID00319632,5,151.03,2021
0.046593802,15719.66471,14726.50489,31.413891,121.436381,3.52E-04,0.136430996,-1.15E-04,17.88090761,ID00319632,6,143.15,2021
0.036350453,,-813.2544031,31.413891,121.436381,1.82E-04,0.135274372,6.10E-05,24.32648696,ID00319632,7,129.5,2021
0.042659413,,14937.25824,31.413891,121.436381,2.51E-04,0.133293592,-2.11E-05,22.15601506,ID00319632,8,130.41,2021
0.04391329,15534.06252,14828.10225,31.413891,121.436381,3.37E-04,0.128682293,-3.30E-05,23.94733583,ID00319632,9,116.56,2021
0.040543833,15318.85739,14849.02381,31.413891,121.436381,2.47E-04,0.125025803,3.65E-04,24.8645864,ID00319632,10,99.67,2021
0.043311236,10067.26161,2004.045988,31.413891,121.436381,4.66E-04,0.130414369,5.11E-04,27.381113,ID00319632,11,83.28,2021
0.051867973,14400.57257,,31.413891,121.436381,5.91E-04,0.126917363,3.91E-04,28.75999215,ID00319632,12,134.11,2021
0.05096572,5123.655577,1962.993151,31.413891,121.436381,4.67E-04,0.135743599,2.85E-04,22.01427366,ID00319632,1,115.29,2022
0.049421058,14533.85612,,31.413891,121.436381,5.34E-04,0.135489179,8.12E-07,23.43741212,ID00319632,2,100.57,2022
0.047210596,10284.15961,14027,31.413891,121.436381,4.35E-04,0.142148999,4.25E-04,29.32072235,ID00319632,3,93.39,2022
0.052967273,-579.6868885,-8539.59589,31.413891,121.436381,2.11E-04,0.146925602,1.48E-04,25.70086304,ID00319632,4,135.1,2022
0.04693636,15320.80708,3743.683953,31.413891,121.436381,1.93E-04,0.148762012,1.39E-04,31.83299384,ID00319632,5,138.32,2022
0.042101648,10677.818,14867.34736,31.413891,121.436381,2.27E-04,0.142691434,7.46E-05,19.7797406,ID00319632,6,121.8,2022
0.037754739,,,31.413891,121.436381,2.35E-04,0.132653023,-4.52E-07,25.33845368,ID00319632,7,120.4,2022
0.042684812,6024.868885,15054.00946,31.413891,121.436381,2.35E-04,0.129803578,-1.52E-05,20.24484631,ID00319632,8,125.9,2022
0.042588698,15474.55577,14761.12035,31.413891,121.436381,2.16E-04,0.128529706,1.23E-04,24.19371139,ID00319632,9,123.04,2022
0.040132446,15313.98909,14910.84149,31.413891,121.436381,1.84E-04,0.122880976,1.04E-04,27.32267842,ID00319632,10,138.64,2022
0.041129192,-747.9246575,-8551.234834,31.413891,121.436381,3.32E-04,0.117532562,2.36E-04,28.14874239,ID00319632,11,135.9,2022
0.049798708,14298.29876,,31.413891,121.436381,3.85E-04,0.129901643,6.60E-04,26.24823895,ID00319632,12,144.76,2022
0.054828794,-6897.122015,13793.72915,31.183592,121.486915,3.93E-04,0.113752791,3.47E-04,21.50793204,ID00353404,1,551.67,2019
0.054394561,-7397.727184,13763.43474,31.183592,121.486915,2.88E-04,0.115860422,1.93E-04,49.04671509,ID00353404,2,514.99,2019
0.055729771,14838.21075,10808.93588,31.183592,121.486915,4.00E-04,0.126872876,5.11E-04,49.21465342,ID00353404,3,575.34,2019
0.053982799,413.0767793,14207.51003,31.183592,121.486915,3.22E-04,0.136278338,4.64E-04,49.63337091,ID00353404,4,587.12,2019
0.049020046,-4381.65218,14595.72489,31.183592,121.486915,2.73E-04,0.133471657,3.63E-04,55.09122195,ID00353404,5,602.81,2019
0.043832532,14997.17566,-5722.873405,31.183592,121.486915,2.24E-04,0.139085097,-7.79E-05,41.65920396,ID00353404,6,592.66,2019
0.039656501,4682.053974,14914.4432,31.183592,121.486915,2.05E-04,0.133850512,-9.13E-05,44.69340308,ID00353404,7,605.7,2019
0.03922419,,14911.29831,31.183592,121.486915,2.04E-04,0.130013537,1.42E-04,47.6714962,ID00353404,8,595.05,2019
0.043792419,-6421.879293,14776.3521,31.183592,121.486915,2.23E-04,0.123226495,1.24E-04,47.30625133,ID00353404,9,574.92,2019
0.04625427,15263.35329,14429.38768,31.183592,121.486915,2.97E-04,0.122933211,2.09E-05,52.03532359,ID00353404,10,555.35,2019
0.042662508,-275.0050049,14231.77934,31.183592,121.486915,3.08E-04,0.118964829,7.27E-05,48.39031708,ID00353404,11,563.47,2019
0.04976943,-6541.602552,13877.00707,31.183592,121.486915,3.40E-04,0.123289503,2.80E-04,53.21167516,ID00353404,12,809.39,2019
0.056511831,10992.55103,13787.82833,31.183592,121.486915,2.52E-04,0.122201474,7.69E-04,46.90019622,ID00353404,1,816.6,2020
0.054570326,14731.28819,13871.44914,31.183592,121.486915,1.47E-04,0.129522776,3.75E-04,48.61142491,ID00353404,2,731.15,2020
0.055147498,2307.063788,14044.37307,31.183592,121.486915,2.23E-04,0.140781487,2.13E-04,47.60335653,ID00353404,3,771.14,2020
0.055676335,-3901.581485,14217.3406,31.183592,121.486915,3.11E-04,0.150246851,3.90E-04,50.32317887,ID00353404,4,761.42,2020
0.049878548,-5390.609748,6022.382237,31.183592,121.486915,2.17E-04,0.139631647,2.45E-04,53.26534866,ID00353404,5,809.33,2020
0.040506937,,,31.183592,121.486915,2.03E-04,0.129409797,-8.40E-05,49.25868967,ID00353404,6,809,2020
0.038813095,,,31.183592,121.486915,2.24E-04,0.129003281,-2.64E-04,46.0664274,ID00353404,7,832.36,2020
0.032749523,2110.431305,15039.17193,31.183592,121.486915,1.67E-04,0.124924349,3.33E-04,52.82168958,ID00353404,8,845.24,2020
0.043654979,8122.493621,14880.42151,31.183592,121.486915,2.10E-04,0.126511098,8.92E-05,39.14867219,ID00353404,9,820.75,2020
0.043180944,15149.41937,7267.275597,31.183592,121.486915,2.25E-04,0.116882099,-5.65E-05,55.56980343,ID00353404,10,845.3,2020
0.042591423,15021.92607,14311.07697,31.183592,121.486915,2.29E-04,0.118870385,1.51E-04,47.03328761,ID00353404,11,825,2020
0.054602172,-4626.609585,13871.46124,31.183592,121.486915,4.71E-04,0.118443239,2.03E-04,42.01491861,ID00353404,12,1008.6,2020
0.049657901,-4618.904482,10567.54883,31.183592,121.486915,4.54E-04,0.125828511,3.84E-04,60.30707119,ID00353404,1,1008.88,2021
0.046755135,-6521.435231,13996.47555,31.183592,121.486915,2.49E-04,0.129597327,2.21E-04,43.099224,ID00353404,2,990.6,2021
0.050907933,14616.79444,14127.84393,31.183592,121.486915,3.64E-04,0.136029796,3.52E-04,40.14663296,ID00353404,3,1133.43,2021
0.053936181,7205.808327,14205.9226,31.183592,121.486915,3.05E-04,0.139262571,3.29E-04,52.63081459,ID00353404,4,1117.82,2021
0.05063758,10863.83229,14698.15162,31.183592,121.486915,2.45E-04,0.138732057,3.71E-04,45.72859635,ID00353404,5,1156.98,2021
0.042200716,-6399.107622,14713.965,31.183592,121.486915,2.42E-04,0.136620096,5.55E-04,31.44129774,ID00353404,6,1139.81,2021
0.035489673,,14907.05201,31.183592,121.486915,1.47E-04,0.134570936,8.56E-05,48.58534744,ID00353404,7,1025.2,2021
0.040216628,-7290.660451,14945.79176,31.183592,121.486915,1.73E-04,0.133595223,7.87E-05,40.54058144,ID00353404,8,982.38,2021
0.041317604,15479.12488,14815.72574,31.183592,121.486915,2.39E-04,0.128341997,-1.56E-05,23.9585621,ID00353404,9,786.46,2021
0.037682132,-5284.09511,14725.23451,31.183592,121.486915,2.24E-04,0.125682325,5.46E-05,43.80384049,ID00353404,10,811.81,2021
0.042214432,-354.9771017,14037.09853,31.183592,121.486915,4.32E-04,0.1303556,2.74E-04,49.18652196,ID00353404,11,753.52,2021
0.048684517,14318.4262,13968.40517,31.183592,121.486915,5.80E-04,0.126172666,4.09E-04,56.42032509,ID00353404,12,1087.94,2021
0.047752522,6730.226693,13859.58903,31.183592,121.486915,3.77E-04,0.135370796,4.98E-04,61.38653351,ID00353404,1,931.44,2022
0.049715161,-6517.795551,13775.95003,31.183592,121.486915,4.44E-04,0.135265994,5.05E-04,52.2010402,ID00353404,2,883.94,2022
0.046649215,15119.54249,14159.36248,31.183592,121.486915,3.28E-04,0.141236968,1.38E-04,62.99499654,ID00353404,3,1041.9,2022
0.048254652,-9677.725221,-7417.870461,31.183592,121.486915,1.42E-04,0.146172969,4.56E-04,52.51446112,ID00353404,4,1108.28,2022
0.043294288,7424.801668,11173.92247,31.183592,121.486915,1.35E-04,0.149368622,4.23E-04,54.19595237,ID00353404,5,1145.12,2022
0.038346349,-5832.509323,14822.91111,31.183592,121.486915,1.64E-04,0.140639044,1.08E-04,36.46678781,ID00353404,6,1036.61,2022
0.03524151,,15016.88624,31.183592,121.486915,1.65E-04,0.132451832,-5.69E-05,56.21238053,ID00353404,7,1006.56,2022
0.03859061,-7269.79735,15031.00667,31.183592,121.486915,1.87E-04,0.129249122,2.97E-05,38.91945019,ID00353404,8,983.47,2022
0.041930497,15388.25613,14732.39156,31.183592,121.486915,2.10E-04,0.128452028,3.54E-04,47.57279203,ID00353404,9,995.41,2022
0.037831558,15208.5332,14709.29215,31.183592,121.486915,1.86E-04,0.122182611,-2.87E-06,49.75588583,ID00353404,10,1052.05,2022
0.041036977,-6480.122669,14320.76695,31.183592,121.486915,3.45E-04,0.117211009,-6.33E-06,45.53544089,ID00353404,11,948.77,2022
0.042828587,1991.225057,13763.3766,31.183592,121.486915,3.78E-04,0.128011386,4.36E-04,61.76086577,ID00353404,12,1128.25,2022
0.054572326,12969.49022,9618.616928,31.241675,121.534176,4.23E-04,0.113727878,4.44E-04,20.89264947,ID00338819,1,229.21,2019
0.055761137,,13839.18607,31.241675,121.534176,2.02E-04,0.116409989,3.11E-04,33.83445889,ID00338819,2,211.12,2019
0.055882914,14981.51761,14090.55039,31.241675,121.534176,3.79E-04,0.127875445,3.88E-04,34.29054844,ID00338819,3,206.88,2019
0.05362259,,14251.89922,31.241675,121.534176,3.24E-04,0.136751835,3.83E-04,38.44498046,ID00338819,4,211.69,2019
0.048633684,,-5923.273973,31.241675,121.534176,3.00E-04,0.133306294,2.90E-04,45.9654251,ID00338819,5,234.34,2019
0.043372774,10784.87182,,31.241675,121.534176,2.14E-04,0.138519338,3.40E-04,43.93046257,ID00338819,6,231.13,2019
0.040760369,15599.82534,14919.05242,31.241675,121.534176,2.12E-04,0.133794782,1.26E-05,41.24447693,ID00338819,7,218.99,2019
0.039615584,,14902.92241,31.241675,121.534176,1.95E-04,0.130596689,4.62E-05,40.49502934,ID00338819,8,284.07,2019
0.041855799,,14782.17446,31.241675,121.534176,2.09E-04,0.1238236,5.50E-05,42.12644078,ID00338819,9,263.63,2019
0.046655676,15228.74364,14568.28914,31.241675,121.534176,2.69E-04,0.122527164,1.06E-04,53.83964727,ID00338819,10,268.29,2019
0.042606496,-670.12818,14154.49462,31.241675,121.534176,2.92E-04,0.119084359,2.37E-04,44.18454729,ID00338819,11,281.76,2019
0.049875079,,13955.69357,31.241675,121.534176,3.22E-04,0.123084732,4.09E-04,56.36121414,ID00338819,12,290.21,2019
0.057962256,14235.08611,13829.94618,31.241675,121.534176,2.59E-04,0.12063943,-2.36E-04,43.69079484,ID00338819,1,294.57,2020
0.054629227,14712.87965,13960.31898,31.241675,121.534176,1.71E-04,0.128670076,9.92E-05,41.48156579,ID00338819,2,267.19,2020
0.057168324,,13988.96722,31.241675,121.534176,2.42E-04,0.140597428,1.33E-04,41.75172917,ID00338819,3,243.23,2020
0.054320732,14854.74364,14119.37851,31.241675,121.534176,3.09E-04,0.15111339,1.35E-04,50.98356719,ID00338819,4,237.25,2020
0.050116284,-9209.864971,-1332.348337,31.241675,121.534176,2.28E-04,0.138399589,3.22E-04,45.24069477,ID00338819,5,278.93,2020
0.041221691,,,31.241675,121.534176,1.98E-04,0.129429269,-3.47E-06,39.58023686,ID00338819,6,286.34,2020
0.040002449,,,31.241675,121.534176,2.28E-04,0.129271833,-1.29E-04,43.2252206,ID00338819,7,284.2,2020
0.032041146,15739.79256,15052.0636,31.241675,121.534176,1.64E-04,0.124933352,8.89E-05,43.86968445,ID00338819,8,304.04,2020
0.044167063,15590.52886,14900.57133,31.241675,121.534176,2.14E-04,0.127096782,5.06E-05,43.37735577,ID00338819,9,298.82,2020
0.043982266,7304.381605,12292.12329,31.241675,121.534176,1.99E-04,0.116591988,1.89E-04,41.3584224,ID00338819,10,296.57,2020
0.041827853,-5908.643836,14391.54941,31.241675,121.534176,2.32E-04,0.118738693,2.17E-04,34.36421251,ID00338819,11,293.5,2020
0.054593617,2142.837573,10186.86986,31.241675,121.534176,4.47E-04,0.118696877,7.87E-04,31.67220372,ID00338819,12,311.26,2020
0.05283365,-9809.998043,14000.05479,31.241675,121.534176,4.44E-04,0.12590633,3.32E-04,46.110204,ID00338819,1,302.89,2021
0.04651249,,13987.84964,31.241675,121.534176,2.30E-04,0.129628875,2.10E-04,37.65666795,ID00338819,2,272.65,2021
0.053310362,11387.49022,14090.76223,31.241675,121.534176,3.44E-04,0.135877324,5.07E-04,32.35057944,ID00338819,3,302.24,2021
0.053841947,14862.16797,14200.22798,31.241675,121.534176,3.29E-04,0.140713783,4.41E-04,43.04318695,ID00338819,4,300.51,2021
0.049994491,15359.87851,14629.62231,31.241675,121.534176,2.69E-04,0.13901276,4.31E-04,34.94071618,ID00338819,5,321.4,2021
0.042911685,15600.30724,14743.81996,31.241675,121.534176,2.34E-04,0.136745989,6.02E-04,27.00287687,ID00338819,6,314.07,2021
0.035593241,,14918.50636,31.241675,121.534176,1.45E-04,0.134221108,4.00E-04,35.80397001,ID00338819,7,302.89,2021
0.040460556,,14921.68239,31.241675,121.534176,1.74E-04,0.134177035,1.32E-04,32.44251926,ID00338819,8,297.99,2021
0.041125908,15421.18151,14780.08854,31.241675,121.534176,2.49E-04,0.128253943,9.20E-06,20.73452798,ID00338819,9,294,2021
0.037772057,,14844.22162,31.241675,121.534176,2.13E-04,0.124662398,1.62E-04,33.72474328,ID00338819,10,267.24,2021
0.04212899,,12643.81546,31.241675,121.534176,4.06E-04,0.130210248,2.55E-05,38.23469656,ID00338819,11,280.58,2021
0.049487452,14175.88992,13970.37662,31.241675,121.534176,5.67E-04,0.126439663,2.97E-04,42.55142671,ID00338819,12,286.74,2021
0.047442413,14271.08023,13753.97407,31.241675,121.534176,3.97E-04,0.135310865,-1.03E-04,45.74042311,ID00338819,1,297.05,2022
0.048070563,14358.92661,13914.06703,31.241675,121.534176,3.18E-04,0.135071224,-1.92E-04,42.1914218,ID00338819,2,277.48,2022
0.044912293,15182.50098,13872.45108,31.241675,121.534176,3.19E-04,0.141704569,3.48E-04,47.1719985,ID00338819,3,300.83,2022
0.045596989,-5878.726027,,31.241675,121.534176,1.54E-04,0.146676049,3.24E-04,40.61064304,ID00338819,4,297.2,2022
0.043119767,15335.20157,,31.241675,121.534176,1.57E-04,0.148811365,7.77E-05,40.35224626,ID00338819,5,310.99,2022
0.039248142,,14845.14775,31.241675,121.534176,1.96E-04,0.142067698,1.33E-04,39.27177399,ID00338819,6,292.02,2022
0.035588037,,14963.78847,31.241675,121.534176,1.75E-04,0.132216035,-6.58E-05,22.12883535,ID00338819,7,243.19,2022
0.03794849,-5773.191781,15059.7816,31.241675,121.534176,1.88E-04,0.129576047,-1.40E-04,30.77832905,ID00338819,8,272.79,2022
0.040474667,15341.54403,14657.47162,31.241675,121.534176,2.09E-04,0.12850097,3.37E-04,35.48704247,ID00338819,9,284.82,2022
0.037138294,15268.37345,14801.10763,31.241675,121.534176,1.85E-04,0.122322789,-1.02E-05,38.49698694,ID00338819,10,272.57,2022
0.040497656,,-872.9970646,31.241675,121.534176,3.34E-04,0.117285045,1.93E-04,35.03467633,ID00338819,11,245.35,2022
0.042625749,,13808.61228,31.241675,121.534176,3.80E-04,0.12839275,1.98E-06,45.67549848,ID00338819,12,243.35,2022
0.054572326,12969.49022,9618.616928,31.241675,121.534176,4.23E-04,0.113727878,4.44E-04,20.89264947,ID00319723,1,143.25,2019
0.055761137,,13839.18607,31.241675,121.534176,2.02E-04,0.116409989,3.11E-04,33.83445889,ID00319723,2,132.9,2019
0.055882914,14981.51761,14090.55039,31.241675,121.534176,3.79E-04,0.127875445,3.88E-04,34.29054844,ID00319723,3,145.25,2019
0.05362259,,14251.89922,31.241675,121.534176,3.24E-04,0.136751835,3.83E-04,38.44498046,ID00319723,4,139.12,2019
0.048633684,,-5923.273973,31.241675,121.534176,3.00E-04,0.133306294,2.90E-04,45.9654251,ID00319723,5,139.32,2019
0.043372774,10784.87182,,31.241675,121.534176,2.14E-04,0.138519338,3.40E-04,43.93046257,ID00319723,6,134.66,2019
0.040760369,15599.82534,14919.05242,31.241675,121.534176,2.12E-04,0.133794782,1.26E-05,41.24447693,ID00319723,7,120.47,2019
0.039615584,,14902.92241,31.241675,121.534176,1.95E-04,0.130596689,4.62E-05,40.49502934,ID00319723,8,184.2,2019
0.041855799,,14782.17446,31.241675,121.534176,2.09E-04,0.1238236,5.50E-05,42.12644078,ID00319723,9,171.97,2019
0.046655676,15228.74364,14568.28914,31.241675,121.534176,2.69E-04,0.122527164,1.06E-04,53.83964727,ID00319723,10,176.7,2019
0.042606496,-670.12818,14154.49462,31.241675,121.534176,2.92E-04,0.119084359,2.37E-04,44.18454729,ID00319723,11,183.93,2019
0.049875079,,13955.69357,31.241675,121.534176,3.22E-04,0.123084732,4.09E-04,56.36121414,ID00319723,12,187.11,2019
0.057962256,14235.08611,13829.94618,31.241675,121.534176,2.59E-04,0.12063943,-2.36E-04,43.69079484,ID00319723,1,194.96,2020
0.054629227,14712.87965,13960.31898,31.241675,121.534176,1.71E-04,0.128670076,9.92E-05,41.48156579,ID00319723,2,174.05,2020
0.057168324,,13988.96722,31.241675,121.534176,2.42E-04,0.140597428,1.33E-04,41.75172917,ID00319723,3,152.97,2020
0.054320732,14854.74364,14119.37851,31.241675,121.534176,3.09E-04,0.15111339,1.35E-04,50.98356719,ID00319723,4,150.2,2020
0.050116284,-9209.864971,-1332.348337,31.241675,121.534176,2.28E-04,0.138399589,3.22E-04,45.24069477,ID00319723,5,176.16,2020
0.041221691,,,31.241675,121.534176,1.98E-04,0.129429269,-3.47E-06,39.58023686,ID00319723,6,184.54,2020
0.040002449,,,31.241675,121.534176,2.28E-04,0.129271833,-1.29E-04,43.2252206,ID00319723,7,181.11,2020
0.032041146,15739.79256,15052.0636,31.241675,121.534176,1.64E-04,0.124933352,8.89E-05,43.86968445,ID00319723,8,199.08,2020
0.044167063,15590.52886,14900.57133,31.241675,121.534176,2.14E-04,0.127096782,5.06E-05,43.37735577,ID00319723,9,194.48,2020
0.043982266,7304.381605,12292.12329,31.241675,121.534176,1.99E-04,0.116591988,1.89E-04,41.3584224,ID00319723,10,201.11,2020
0.041827853,-5908.643836,14391.54941,31.241675,121.534176,2.32E-04,0.118738693,2.17E-04,34.36421251,ID00319723,11,195.45,2020
0.054593617,2142.837573,10186.86986,31.241675,121.534176,4.47E-04,0.118696877,7.87E-04,31.67220372,ID00319723,12,207.05,2020
0.05283365,-9809.998043,14000.05479,31.241675,121.534176,4.44E-04,0.12590633,3.32E-04,46.110204,ID00319723,1,209.59,2021
0.04651249,,13987.84964,31.241675,121.534176,2.30E-04,0.129628875,2.10E-04,37.65666795,ID00319723,2,184.61,2021
0.053310362,11387.49022,14090.76223,31.241675,121.534176,3.44E-04,0.135877324,5.07E-04,32.35057944,ID00319723,3,205.99,2021
0.053841947,14862.16797,14200.22798,31.241675,121.534176,3.29E-04,0.140713783,4.41E-04,43.04318695,ID00319723,4,196.93,2021
0.049994491,15359.87851,14629.62231,31.241675,121.534176,2.69E-04,0.13901276,4.31E-04,34.94071618,ID00319723,5,206.74,2021
0.042911685,15600.30724,14743.81996,31.241675,121.534176,2.34E-04,0.136745989,6.02E-04,27.00287687,ID00319723,6,205.46,2021
0.035593241,,14918.50636,31.241675,121.534176,1.45E-04,0.134221108,4.00E-04,35.80397001,ID00319723,7,198.81,2021
0.040460556,,14921.68239,31.241675,121.534176,1.74E-04,0.134177035,1.32E-04,32.44251926,ID00319723,8,194.61,2021
0.041125908,15421.18151,14780.08854,31.241675,121.534176,2.49E-04,0.128253943,9.20E-06,20.73452798,ID00319723,9,198.53,2021
0.037772057,,14844.22162,31.241675,121.534176,2.13E-04,0.124662398,1.62E-04,33.72474328,ID00319723,10,202.83,2021
0.04212899,,12643.81546,31.241675,121.534176,4.06E-04,0.130210248,2.55E-05,38.23469656,ID00319723,11,185.48,2021
0.049487452,14175.88992,13970.37662,31.241675,121.534176,5.67E-04,0.126439663,2.97E-04,42.55142671,ID00319723,12,185.27,2021
0.047442413,14271.08023,13753.97407,31.241675,121.534176,3.97E-04,0.135310865,-1.03E-04,45.74042311,ID00319723,1,209.54,2022
0.048070563,14358.92661,13914.06703,31.241675,121.534176,3.18E-04,0.135071224,-1.92E-04,42.1914218,ID00319723,2,191.85,2022
0.044912293,15182.50098,13872.45108,31.241675,121.534176,3.19E-04,0.141704569,3.48E-04,47.1719985,ID00319723,3,203.89,2022
0.045596989,-5878.726027,,31.241675,121.534176,1.54E-04,0.146676049,3.24E-04,40.61064304,ID00319723,4,200.2,2022
0.043119767,15335.20157,,31.241675,121.534176,1.57E-04,0.148811365,7.77E-05,40.35224626,ID00319723,5,206.85,2022
0.039248142,,14845.14775,31.241675,121.534176,1.96E-04,0.142067698,1.33E-04,39.27177399,ID00319723,6,200.09,2022
0.035588037,,14963.78847,31.241675,121.534176,1.75E-04,0.132216035,-6.58E-05,22.12883535,ID00319723,7,174.61,2022
0.03794849,-5773.191781,15059.7816,31.241675,121.534176,1.88E-04,0.129576047,-1.40E-04,30.77832905,ID00319723,8,192.24,2022
0.040474667,15341.54403,14657.47162,31.241675,121.534176,2.09E-04,0.12850097,3.37E-04,35.48704247,ID00319723,9,194.55,2022
0.037138294,15268.37345,14801.10763,31.241675,121.534176,1.85E-04,0.122322789,-1.02E-05,38.49698694,ID00319723,10,196.11,2022
0.040497656,,-872.9970646,31.241675,121.534176,3.34E-04,0.117285045,1.93E-04,35.03467633,ID00319723,11,176.87,2022
0.042625749,,13808.61228,31.241675,121.534176,3.80E-04,0.12839275,1.98E-06,45.67549848,ID00319723,12,178.97,2022
0.052891721,11353.60994,10646.52059,38.909235,121.614971,3.04E-04,0.144320752,0.001027144,47.39357115,ID00319611,1,10.97,2019
0.055046342,11487.86144,11201.56454,38.909235,121.614971,2.51E-04,0.153443638,7.54E-04,49.94643459,ID00319611,2,17.02,2019
0.051305355,8121.346144,11255.51045,38.909235,121.614971,1.77E-04,0.172976393,3.33E-04,47.23553887,ID00319611,3,22.16,2019
0.048946333,4558.410185,11070.18578,38.909235,121.614971,1.54E-04,0.162703464,3.72E-04,56.32574317,ID00319611,4,20.84,2019
0.045564918,4727.933363,11717.71328,38.909235,121.614971,1.66E-04,0.16204793,3.57E-04,54.09321405,ID00319611,5,21.21,2019
0.04613905,8442.785294,-2523.582353,38.909235,121.614971,1.40E-04,0.154388361,1.52E-04,48.8433139,ID00319611,6,20.21,2019
0.047806235,4976.273856,12263.44229,38.909235,121.614971,1.18E-04,0.143105547,7.12E-05,48.54936837,ID00319611,7,18.61,2019
0.049090035,12886.44412,12204.71137,38.909235,121.614971,1.14E-04,0.136029706,5.88E-05,47.66064753,ID00319611,8,18.64,2019
0.043674899,4793.001317,12009.50361,38.909235,121.614971,1.42E-04,0.132802981,9.73E-05,45.58248299,ID00319611,9,17.29,2019
0.046151626,-2379.205882,11740.41242,38.909235,121.614971,1.97E-04,0.135652057,3.24E-04,52.46272346,ID00319611,10,16.85,2019
0.040361487,4086.266275,4005.926634,38.909235,121.614971,1.78E-04,0.13830825,0.001078867,55.73699751,ID00319611,11,17.61,2019
0.045878651,11324.18319,11080.73766,38.909235,121.614971,1.71E-04,0.152406665,,49.05755889,ID00319611,12,21.78,2019
0.05774611,3943.080556,-6743.904412,38.909235,121.614971,2.39E-04,0.157758132,8.72E-04,51.09107691,ID00319611,1,20.51,2020
0.05263215,11379.56356,10686.21961,38.909235,121.614971,1.16E-04,0.164016561,8.18E-04,48.30434867,ID00319611,2,17.03,2020
0.049135847,12005.19283,11296.60222,38.909235,121.614971,1.39E-04,0.170472295,8.73E-04,46.99803578,ID00319611,3,15.94,2020
0.051063722,4476.592021,11437.3062,38.909235,121.614971,1.64E-04,0.170848024,3.19E-04,47.4560616,ID00319611,4,16.3,2020
0.048366505,8199.67437,11293.18922,38.909235,121.614971,1.30E-04,0.155816151,-3.43E-05,48.07212136,ID00319611,5,18.31,2020
0.047977404,4958.300654,4394.118627,38.909235,121.614971,1.43E-04,0.143113844,2.13E-04,51.55889537,ID00319611,6,15.65,2020
0.044384552,5024.462255,12185.0152,38.909235,121.614971,1.09E-04,0.140435006,2.90E-04,46.70928161,ID00319611,7,20.21,2020
0.04275636,12881.31961,12250.84755,38.909235,121.614971,1.14E-04,0.129590474,4.84E-05,50.40674175,ID00319611,8,20.18,2020
0.046925462,12653.11721,12056.5,38.909235,121.614971,1.16E-04,0.135730996,-5.88E-05,50.63719904,ID00319611,9,19.34,2020
0.049121578,4380.341013,11210.06585,38.909235,121.614971,1.97E-04,0.130070193,1.64E-04,53.64968662,ID00319611,10,19.1,2020
0.046505116,4116.791667,7793.998186,38.909235,121.614971,2.10E-04,0.13558946,0.001001392,49.26709592,ID00319611,11,17.24,2020
0.050590649,3955.375613,7424.632026,38.909235,121.614971,3.67E-04,0.149337764,,60.26681293,ID00319611,12,22,2020
0.051151005,7925.485948,3742.265686,38.909235,121.614971,2.82E-04,0.160529619,7.34E-04,81.62715386,ID00319611,1,21,2021
0.051162977,11397.11168,11186.4281,38.909235,121.614971,2.23E-04,0.159246594,8.09E-04,57.03989443,ID00319611,2,18.28,2021
0.052694595,4337.757003,11298.69946,38.909235,121.614971,2.41E-04,0.160871335,-5.14E-05,53.26331668,ID00319611,3,19.76,2021
0.051243464,7981.383497,11451.00592,38.909235,121.614971,2.01E-04,0.164563117,3.67E-04,58.2848078,ID00319611,4,22.18,2021
0.044751488,4705.875735,11655.87766,38.909235,121.614971,1.38E-04,0.161173262,4.30E-04,55.06539639,ID00319611,5,24.43,2021
0.043656312,4940.727206,-2541.654902,38.909235,121.614971,1.58E-04,0.152840479,1.41E-04,50.47543287,ID00319611,6,17.58,2021
0.038290575,13006.59224,12313.81275,38.909235,121.614971,1.09E-04,0.140824864,1.17E-05,44.46613658,ID00319611,7,16.81,2021
0.055749188,-7889.75,12175.31961,38.909235,121.614971,1.24E-04,0.141332281,2.88E-04,43.72361359,ID00319611,8,23.61,2021
0.047939539,12610.53505,11981.31062,38.909235,121.614971,1.29E-04,0.135382177,-8.14E-05,51.31882024,ID00319611,9,15.6,2021
0.041609211,7880.746452,11152.39621,38.909235,121.614971,2.00E-04,0.133391173,9.47E-04,56.65290429,ID00319611,10,14.16,2021
0.042394172,4177.335784,11563.91975,38.909235,121.614971,2.43E-04,0.150830509,4.13E-04,54.02126503,ID00319611,11,10.23,2021
0.042488658,3906.797304,11157.59163,38.909235,121.614971,3.14E-04,0.156832247,,59.80969188,ID00319611,12,8.75,2021
0.048007493,11297.26193,-6751.714706,38.909235,121.614971,2.59E-04,0.162876021,9.20E-04,62.91680725,ID00319611,1,22.12,2022
0.05144754,11377.71786,10747.40654,38.909235,121.614971,1.98E-04,0.176165994,8.82E-04,63.97717501,ID00319611,2,20.38,2022
0.044460243,4335.185098,11173.76268,38.909235,121.614971,1.81E-04,0.167153941,2.02E-04,56.17112211,ID00319611,3,21.17,2022
0.045692419,-2342.894771,7397.668137,38.909235,121.614971,1.46E-04,0.163499487,4.75E-05,52.85977932,ID00319611,4,17.32,2022
0.044917428,4850.378987,7444.980392,38.909235,121.614971,1.56E-04,0.166159705,1.89E-04,56.90152473,ID00319611,5,18.52,2022
0.041477181,-2196.433824,12124.46716,38.909235,121.614971,1.16E-04,0.15676557,2.45E-04,54.03680429,ID00319611,6,19.74,2022
0.038840257,5004.140196,12170.52492,38.909235,121.614971,1.10E-04,0.13742839,2.45E-04,29.88353164,ID00319611,7,17.23,2022
0.036580683,12708.48023,12365.42353,38.909235,121.614971,1.03E-04,0.133359466,2.69E-06,48.52983414,ID00319611,8,17.97,2022
0.037939942,12101.38096,11918.34,38.909235,121.614971,1.21E-04,0.135980256,2.06E-04,51.27438067,ID00319611,9,18.56,2022
0.03802562,4401.69106,11576.47435,38.909235,121.614971,1.40E-04,0.133360555,4.44E-04,50.32711135,ID00319611,10,20.16,2022
0.039731998,7656.277124,11511.16634,38.909235,121.614971,2.03E-04,0.138672368,0.001087703,53.10529667,ID00319611,11,18.5,2022
0.040562069,11239.11985,7505.421569,38.909235,121.614971,2.01E-04,0.158513616,,84.15577764,ID00319611,12,19.31,2022
0.055274623,-9830.691479,13902.33702,29.899694,121.88306,3.32E-04,0.109627635,6.82E-04,14.03176562,ID00319630,1,38.46,2019
0.046155481,,-6052.033301,29.899694,121.88306,1.86E-04,0.110549223,-3.17E-04,10.85243632,ID00319630,2,35.9,2019
0.052845395,15035.07705,14042.49167,29.899694,121.88306,2.28E-04,0.122613455,3.33E-04,18.21859967,ID00319630,3,37.35,2019
0.052785464,15304.00558,14297.11688,29.899694,121.88306,1.63E-04,0.132339217,4.64E-05,18.31551642,ID00319630,4,35.57,2019
0.051355575,15445.06856,14439.48245,29.899694,121.88306,1.81E-04,0.131151848,1.41E-04,16.79156726,ID00319630,5,38.24,2019
0.043661492,15494.7811,14930.79236,29.899694,121.88306,1.48E-04,0.1365714,1.51E-04,16.34639319,ID00319630,6,32.65,2019
0.036269519,,14784.23417,29.899694,121.88306,1.34E-04,0.130197611,-4.85E-05,16.98390276,ID00319630,7,21.84,2019
0.040362068,966.1870715,14922.17645,29.899694,121.88306,1.72E-04,0.12953764,8.16E-05,17.92834238,ID00319630,8,39.24,2019
0.042682701,9433.072478,14775.51836,29.899694,121.88306,1.45E-04,0.12319192,1.14E-04,18.58523293,ID00319630,9,36.13,2019
0.046012695,,14544.09655,29.899694,121.88306,1.66E-04,0.120966978,1.26E-04,17.11831057,ID00319630,10,39.23,2019
0.043004131,-2234.307542,3931.1381,29.899694,121.88306,1.73E-04,0.117002828,5.32E-05,17.94055077,ID00319630,11,38.52,2019
0.046855171,14691.00392,13827.77734,29.899694,121.88306,2.35E-04,0.11770469,2.83E-04,20.42683659,ID00319630,12,40.32,2019
0.052569867,,-6123.428991,29.899694,121.88306,1.43E-04,0.12142518,-2.02E-04,17.69757603,ID00319630,1,38.87,2020
0.054753125,14596.89471,13934.25395,29.899694,121.88306,1.19E-04,0.124498326,2.08E-04,17.01902078,ID00319630,2,35.6,2020
0.056298262,14938.06456,13741.38124,29.899694,121.88306,1.89E-04,0.136723685,1.98E-04,19.27180676,ID00319630,3,34.2,2020
0.056083245,15145.67405,14049.59574,29.899694,121.88306,1.87E-04,0.146690171,1.44E-04,17.66402571,ID00319630,4,35.92,2020
0.051337132,11764.59092,-2273.067581,29.899694,121.88306,1.92E-04,0.137082649,2.94E-04,17.78154475,ID00319630,5,38.62,2020
0.039234668,,,29.899694,121.88306,1.56E-04,0.126516936,-2.61E-05,14.47044325,ID00319630,6,38.02,2020
0.032963722,15739.50539,10361.65181,29.899694,121.88306,1.50E-04,0.125544671,-1.78E-04,10.80929221,ID00319630,7,36.73,2020
0.030649405,-9720.229187,14995.42994,29.899694,121.88306,1.22E-04,0.125272547,1.52E-05,21.18148394,ID00319630,8,38.46,2020
0.040470517,15576.85831,14758.19752,29.899694,121.88306,1.65E-04,0.126034533,-1.22E-05,17.42210065,ID00319630,9,38.67,2020
0.043769774,,,29.899694,121.88306,1.46E-04,0.115850384,-1.85E-04,20.6138639,ID00319630,10,39.93,2020
0.04373236,,14261.56742,29.899694,121.88306,2.29E-04,0.116276346,-3.10E-04,16.34084723,ID00319630,11,36.58,2020
0.053553611,-1980.553379,-2495.054848,29.899694,121.88306,3.99E-04,0.113903248,1.59E-04,20.87297009,ID00319630,12,38.76,2020
0.048959915,4176.610039,13848.30578,29.899694,121.88306,3.94E-04,0.122217143,6.59E-04,19.9581027,ID00319630,1,38.97,2021
0.04973412,14840.83679,13932.27806,29.899694,121.88306,1.97E-04,0.127611038,3.92E-04,17.00398379,ID00319630,2,35.9,2021
0.053367416,14980.09909,14171.69589,29.899694,121.88306,2.15E-04,0.130432737,4.42E-04,19.56777371,ID00319630,3,38.65,2021
0.056150835,15213.13443,-2471.666014,29.899694,121.88306,1.98E-04,0.135629041,3.34E-04,17.96995085,ID00319630,4,37.29,2021
0.049507986,10913.12929,14646.02938,29.899694,121.88306,1.77E-04,0.136282612,1.23E-04,21.24818283,ID00319630,5,38.13,2021
0.043218405,15572.69507,14570.93568,29.899694,121.88306,1.84E-04,0.13299802,2.69E-04,17.8693071,ID00319630,6,34.98,2021
0.032906137,,10323.74927,29.899694,121.88306,1.12E-04,0.133218359,-4.05E-05,16.60501232,ID00319630,7,39.17,2021
0.036626741,,14870.19701,29.899694,121.88306,1.27E-04,0.131655273,1.68E-04,20.31678973,ID00319630,8,36.48,2021
0.041231644,15482.29474,14761.74634,29.899694,121.88306,2.03E-04,0.128201154,1.30E-04,21.38955934,ID00319630,9,35.13,2021
0.037228789,15323.71229,14770.91797,29.899694,121.88306,1.75E-04,0.12467005,3.75E-05,18.6563683,ID00319630,10,23.82,2021
0.039525002,10068.7176,-5832.381978,29.899694,121.88306,3.78E-04,0.126331547,6.82E-04,18.32184846,ID00319630,11,19.86,2021
0.046051965,14562.84296,13945.52934,29.899694,121.88306,4.96E-04,0.122975359,1.21E-04,21.64518103,ID00319630,12,29.28,2021
0.048772305,7882.718903,13838.33477,29.899694,121.88306,3.68E-04,0.127674046,-4.48E-05,20.69490927,ID00319630,1,38.54,2022
0.048955733,3855.39569,13625.70886,29.899694,121.88306,2.52E-04,0.132795746,3.62E-04,37.67968506,ID00319630,2,38.36,2022
0.048394987,15083.11459,14153.03265,29.899694,121.88306,2.43E-04,0.137500038,-9.67E-05,17.42096467,ID00319630,3,41.18,2022
0.050359452,-4989.247796,,29.899694,121.88306,2.07E-04,0.141013152,-3.35E-05,19.06895437,ID00319630,4,39.82,2022
0.047079926,15353.57664,14439.21237,29.899694,121.88306,2.24E-04,0.145312805,2.72E-04,21.59681429,ID00319630,5,38.87,2022
0.037590528,7716.140059,14865.00979,29.899694,121.88306,1.65E-04,0.13727406,5.78E-05,19.47526457,ID00319630,6,37.21,2022
0.034786925,,14954.78632,29.899694,121.88306,1.72E-04,0.131986143,-3.72E-05,5.466354218,ID00319630,7,37.05,2022
0.037470154,15919.10088,14987.14024,29.899694,121.88306,1.41E-04,0.128706046,7.90E-05,19.78024733,ID00319630,8,37.33,2022
0.042129001,15487.35374,14733.44858,29.899694,121.88306,1.49E-04,0.128467638,2.08E-04,21.91702763,ID00319630,9,34.35,2022
0.036892663,1431.495593,14854.95152,29.899694,121.88306,1.12E-04,0.122834377,5.22E-04,21.74744619,ID00319630,10,22.91,2022
0.038885328,,14262.52086,29.899694,121.88306,1.85E-04,0.117067028,1.23E-04,24.73436563,ID00319630,11,11.18,2022
0.041508804,14355.42091,-475.2936663,29.899694,121.88306,2.83E-04,0.121370899,1.62E-04,22.10053123,ID00319630,12,14.26,2022
0.062946684,1796.107353,-9296.120588,40.664845,122.408982,2.77E-04,0.152081478,0.00103583,16.79570875,ID00319708,1,58.03,2019
0.071176651,-7711.847059,-4197.035294,40.664845,122.408982,2.16E-04,0.163472042,4.61E-04,17.45006843,ID00319708,2,51.7,2019
0.056672518,14584.95686,13679.34931,40.664845,122.408982,1.84E-04,0.178778088,2.38E-04,16.03512759,ID00319708,3,43.02,2019
0.053353747,14959.0385,13997.49882,40.664845,122.408982,1.73E-04,0.170727322,3.82E-04,18.44947786,ID00319708,4,52.77,2019
0.050265038,15384.2704,-4775.689216,40.664845,122.408982,1.51E-04,0.170676502,3.16E-04,20.3061172,ID00319708,5,60.27,2019
0.057375603,15517.13442,,40.664845,122.408982,1.84E-04,0.158345728,2.90E-04,17.36152478,ID00319708,6,60.29,2019
0.058812254,15583.74797,14872.8702,40.664845,122.408982,1.42E-04,0.144541555,1.51E-04,24.13839726,ID00319708,7,62.5,2019
0.055016891,15301.15613,14806.81275,40.664845,122.408982,1.31E-04,0.138126658,3.91E-04,17.09726225,ID00319708,8,62.78,2019
0.054847591,15141.30686,14261.26863,40.664845,122.408982,1.53E-04,0.134526557,2.26E-04,17.57391932,ID00319708,9,60.13,2019
0.057367791,14757.12493,-6959.026471,40.664845,122.408982,1.94E-04,0.138440746,6.55E-04,17.54817146,ID00319708,10,62.75,2019
0.049320901,14257.46194,,40.664845,122.408982,1.93E-04,0.143832319,0.001139198,28.16849512,ID00319708,11,62.22,2019
0.052886109,13781.96667,,40.664845,122.408982,1.77E-04,0.156076035,,21.3261618,ID00319708,12,64.55,2019
0.066572173,,,40.664845,122.408982,2.61E-04,0.162722975,9.06E-04,14.46800236,ID00319708,1,68.39,2020
0.059988109,-1102.363971,13579.63595,40.664845,122.408982,1.74E-04,0.170370099,7.04E-04,16.74699777,ID00319708,2,59.9,2020
0.054701026,14597.08789,13630.20964,40.664845,122.408982,1.62E-04,0.176636926,5.42E-04,15.11876736,ID00319708,3,60.59,2020
0.060087207,14927.60249,13883.89798,40.664845,122.408982,1.80E-04,0.173174083,4.25E-04,14.67109828,ID00319708,4,62.29,2020
0.053381347,15289.02031,14251.97451,40.664845,122.408982,1.60E-04,0.157667038,5.30E-04,12.54255141,ID00319708,5,67.85,2020
0.054029138,15445.64402,14695.74951,40.664845,122.408982,1.65E-04,0.146061251,2.38E-04,15.17924536,ID00319708,6,66.7,2020
0.055691416,15537.87402,14770.13039,40.664845,122.408982,1.50E-04,0.143524962,4.84E-04,16.44070561,ID00319708,7,66.16,2020
0.052164105,15502.95294,14845.65225,40.664845,122.408982,1.39E-04,0.130736432,9.97E-05,19.63872567,ID00319708,8,67.54,2020
0.05515297,15026.38775,-811.2352941,40.664845,122.408982,1.52E-04,0.138345199,1.15E-04,13.16185797,ID00319708,9,65.33,2020
0.057287986,14715.8216,10331.31667,40.664845,122.408982,2.04E-04,0.136720067,1.90E-04,13.58636543,ID00319708,10,61.76,2020
0.051136556,14177.58616,13888.98333,40.664845,122.408982,1.94E-04,0.141045315,2.91E-04,15.71322123,ID00319708,11,60.44,2020
0.060079703,8593.645098,,40.664845,122.408982,3.63E-04,0.155135092,,11.73748533,ID00319708,12,70.6,2020
0.060791616,13361.35196,,40.664845,122.408982,3.18E-04,0.168571826,,10.91072051,ID00319708,1,68.61,2021
0.061261833,-4076.411765,-4960.658824,40.664845,122.408982,2.59E-04,0.165731917,8.89E-04,16.53427213,ID00319708,2,57.41,2021
0.068861047,14773.57239,13736.99265,40.664845,122.408982,2.39E-04,0.169731976,4.37E-04,17.27900971,ID00319708,3,68.23,2021
0.058721189,14913.02987,13943.09602,40.664845,122.408982,2.28E-04,0.168246408,4.56E-04,14.92424015,ID00319708,4,70.86,2021
0.053384502,15198.93498,14138.35539,40.664845,122.408982,1.94E-04,0.1707479,1.49E-04,13.64390929,ID00319708,5,71.23,2021
0.05270256,15366.81875,,40.664845,122.408982,1.91E-04,0.155592513,1.09E-04,17.29676695,ID00319708,6,64.93,2021
0.046188827,15422.65931,14834.82294,40.664845,122.408982,1.50E-04,0.143221441,2.43E-04,10.93084063,ID00319708,7,63.08,2021
0.06613268,15356.10245,14832.5549,40.664845,122.408982,1.56E-04,0.142306164,-5.56E-05,11.22501696,ID00319708,8,64,2021
0.054892116,15186.9524,-3894.847059,40.664845,122.408982,1.69E-04,0.1355919,3.76E-04,10.85537238,ID00319708,9,59.73,2021
0.048832282,14644.85943,1966.127451,40.664845,122.408982,2.13E-04,0.136043978,0.001098021,14.22848293,ID00319708,10,56.87,2021
0.05056401,-7717.023529,7868.130392,40.664845,122.408982,2.96E-04,0.151736329,1.61E-04,15.81470855,ID00319708,11,63.03,2021
0.048211169,-6311.384314,,40.664845,122.408982,2.70E-04,0.161115254,,14.07512755,ID00319708,12,67.4,2021
0.057156205,4140.206863,,40.664845,122.408982,3.46E-04,0.170119787,0.001836086,15.26448766,ID00319708,1,59.38,2022
0.051851093,-1768.936275,1609.969118,40.664845,122.408982,2.20E-04,0.180089253,0.001026071,11.79802942,ID00319708,2,40,2022
0.048265213,14645.35425,13630.00686,40.664845,122.408982,1.57E-04,0.176149694,8.41E-04,11.55999266,ID00319708,3,51.95,2022
0.053019644,15095.97787,14073.5051,40.664845,122.408982,1.80E-04,0.16717792,1.82E-04,8.774159269,ID00319708,4,61.58,2022
0.049410004,15339.61277,,40.664845,122.408982,1.59E-04,0.169548645,1.96E-04,18.90560758,ID00319708,5,64.32,2022
0.049556602,15378.03276,,40.664845,122.408982,1.89E-04,0.158882986,6.41E-05,13.41335079,ID00319708,6,61.65,2022
0.045780264,10503.67745,14813.52582,40.664845,122.408982,1.59E-04,0.141186938,1.85E-04,16.53705146,ID00319708,7,58.68,2022
0.046414344,15308.29739,14807.26809,40.664845,122.408982,1.63E-04,0.135212905,1.42E-05,13.33149732,ID00319708,8,54.88,2022
0.047218662,15141.7845,14477.16127,40.664845,122.408982,1.74E-04,0.137248866,2.19E-04,12.48586743,ID00319708,9,51.65,2022
0.045641979,14572.00156,-3286.905882,40.664845,122.408982,1.83E-04,0.138443497,3.00E-04,10.83042406,ID00319708,10,55.44,2022
0.041763031,14225.61176,-298.7735294,40.664845,122.408982,2.05E-04,0.144598198,0.001748241,10.75680636,ID00319708,11,59.58,2022
0.047527304,-7777.070588,,40.664845,122.408982,3.72E-04,0.170151852,,14.05682637,ID00319708,12,40.17,2022
0.077619775,13588.74085,13554.25686,41.114367,123.002162,3.46E-04,0.154513437,3.65E-04,50.05431952,ID00319720,1,238.42,2019
0.080321116,3386.164216,13627.56127,41.114367,123.002162,3.39E-04,0.165189571,6.81E-04,50.8644523,ID00319720,2,212.49,2019
0.066654386,13251.78693,13661.57253,41.114367,123.002162,2.84E-04,0.180384984,5.99E-04,42.43794431,ID00319720,3,233.6,2019
0.056277604,15074.16176,13714.42718,41.114367,123.002162,2.22E-04,0.169147594,3.92E-04,47.26701641,ID00319720,4,225.44,2019
0.053043022,12842.44566,6471.719608,41.114367,123.002162,1.95E-04,0.171796907,2.04E-04,45.16269097,ID00319720,5,234.26,2019
0.06087145,12830.83207,-9588.166667,41.114367,123.002162,2.98E-04,0.15778428,1.74E-04,38.4617524,ID00319720,6,230.21,2019
0.059007568,13038.54941,14955.50029,41.114367,123.002162,2.53E-04,0.144438501,1.46E-05,42.63851752,ID00319720,7,230.4,2019
0.058611425,,14812.42696,41.114367,123.002162,2.02E-04,0.137094438,-6.37E-05,36.31625792,ID00319720,8,221.85,2019
0.056841551,12635.54835,-9593.5,41.114367,123.002162,2.23E-04,0.134205556,2.24E-04,37.74394612,ID00319720,9,221.5,2019
0.065317557,12323.93545,3845.32402,41.114367,123.002162,2.68E-04,0.138867743,7.86E-04,48.69496369,ID00319720,10,233.4,2019
0.051806486,-5226.512092,4383.365196,41.114367,123.002162,2.75E-04,0.145101284,0.001170271,50.71503792,ID00319720,11,218.83,2019
0.062498372,,13427.92451,41.114367,123.002162,2.50E-04,0.159719149,,47.43859514,ID00319720,12,222.39,2019
0.078877174,2877.935294,,41.114367,123.002162,3.69E-04,0.164700096,4.12E-04,52.29247951,ID00319720,1,215.41,2020
0.06612281,-6774.87549,13365.55833,41.114367,123.002162,2.04E-04,0.171608415,0.001027465,49.33994388,ID00319720,2,201.05,2020
0.05912241,7887.568627,13629.37455,41.114367,123.002162,2.50E-04,0.174349024,4.55E-04,43.19418855,ID00319720,3,202.33,2020
0.069812204,12459.30895,13892.08822,41.114367,123.002162,2.38E-04,0.171733225,3.99E-04,41.49919324,ID00319720,4,198.34,2020
0.05595055,15335.45695,2413.045098,41.114367,123.002162,2.22E-04,0.158316169,4.26E-04,39.6226985,ID00319720,5,219.95,2020
0.056938308,15078.13606,-9587.466667,41.114367,123.002162,2.58E-04,0.145840713,2.84E-04,42.39330389,ID00319720,6,225.14,2020
0.062004895,10021.43881,14785.47672,41.114367,123.002162,2.67E-04,0.14360849,3.61E-04,46.21832605,ID00319720,7,233.9,2020
0.049204329,7314.77451,14912.64559,41.114367,123.002162,1.97E-04,0.130302735,5.89E-05,43.07793961,ID00319720,8,233.33,2020
0.062061914,7039.818562,,41.114367,123.002162,2.29E-04,0.139567951,2.05E-04,44.448074,ID00319720,9,219.68,2020
0.062087321,14580.38882,-9599.616667,41.114367,123.002162,2.75E-04,0.137986627,5.76E-04,44.15365243,ID00319720,10,239.08,2020
0.063489655,-5195.541176,4733.431863,41.114367,123.002162,2.60E-04,0.139382467,7.54E-04,44.01655782,ID00319720,11,234.03,2020
0.064126032,,-9610.233333,41.114367,123.002162,4.34E-04,0.156615114,,49.70778107,ID00319720,12,231.71,2020
0.063994547,-9615.5,-9608.916667,41.114367,123.002162,4.36E-04,0.170613438,,55.43845348,ID00319720,1,245.12,2021
0.063020955,,13527.08301,41.114367,123.002162,3.36E-04,0.166968034,6.17E-04,67.35243451,ID00319720,2,217.23,2021
0.07455396,3495.080392,13557.73374,41.114367,123.002162,3.73E-04,0.167578591,5.04E-04,39.7774408,ID00319720,3,252.23,2021
0.059640813,14902.88013,13829.18915,41.114367,123.002162,3.07E-04,0.166360785,3.90E-04,42.39115714,ID00319720,4,243.31,2021
0.057679401,6770.740359,-3482.644118,41.114367,123.002162,2.70E-04,0.168392945,5.04E-04,40.39876743,ID00319720,5,257.19,2021
0.054342475,3547.085703,,41.114367,123.002162,2.83E-04,0.159313969,3.29E-04,44.90785058,ID00319720,6,246.38,2021
0.044488891,7254.591176,14841.47696,41.114367,123.002162,1.95E-04,0.142857644,2.42E-04,40.87909363,ID00319720,7,226.3,2021
0.065159116,12775.1768,-3348.066667,41.114367,123.002162,2.85E-04,0.141567635,9.40E-05,35.36210683,ID00319720,8,206.91,2021
0.058384101,15252.47,-9591.266667,41.114367,123.002162,2.11E-04,0.134544544,1.44E-05,39.76044905,ID00319720,9,181.97,2021
0.054513007,3185.46222,-9599.173333,41.114367,123.002162,3.00E-04,0.137195714,9.07E-04,38.14175368,ID00319720,10,180.99,2021
0.055095261,3332.507843,3224.571324,41.114367,123.002162,4.94E-04,0.153886143,0.001084996,59.36203071,ID00319720,11,164.58,2021
0.055566097,-9261.556863,3251.880392,41.114367,123.002162,3.41E-04,0.162516356,,43.83614181,ID00319720,12,231.75,2021
0.063302894,10718.86471,,41.114367,123.002162,3.94E-04,0.170712714,0.001352938,47.78532455,ID00319720,1,232.87,2022
0.062618089,,13448.67239,41.114367,123.002162,3.33E-04,0.182382725,8.16E-04,52.89496942,ID00319720,2,218.71,2022
0.054759971,8861.041176,13630.74477,41.114367,123.002162,2.51E-04,0.178385398,5.45E-04,44.10093586,ID00319720,3,243.96,2022
0.059867916,12168.58333,8872.21348,41.114367,123.002162,2.43E-04,0.169324195,1.21E-04,38.25958876,ID00319720,4,208.2,2022
0.05555345,15023.74337,3608.078922,41.114367,123.002162,2.33E-04,0.170125023,2.83E-04,37.48996569,ID00319720,5,226.38,2022
0.051376853,15483.73922,,41.114367,123.002162,2.58E-04,0.155730077,1.57E-06,37.81091704,ID00319720,6,223.64,2022
0.045615207,3933.769608,14813.97221,41.114367,123.002162,1.92E-04,0.139806535,1.06E-04,29.80367688,ID00319720,7,210.32,2022
0.053310504,15358.72329,14917.2156,41.114367,123.002162,2.47E-04,0.134902363,1.02E-04,34.33433346,ID00319720,8,212.68,2022
0.04705363,15183.11497,-9595.516667,41.114367,123.002162,2.23E-04,0.137250911,3.31E-04,37.50346183,ID00319720,9,219.27,2022
0.049369304,6671.252703,-8850.373529,41.114367,123.002162,2.48E-04,0.138226714,2.50E-04,34.26770089,ID00319720,10,242.18,2022
0.046476536,-3569.037255,11409.24475,41.114367,123.002162,2.78E-04,0.146833735,9.12E-04,40.55525171,ID00319720,11,235.65,2022
0.051617916,,9159.939216,41.114367,123.002162,2.92E-04,0.169514835,,47.38963512,ID00319720,12,192.07,2022
0.05774248,13786.60353,13116.27167,41.848162,123.759467,2.68E-04,0.158584628,7.57E-04,19.56945063,ID00319654,1,30.61,2019
0.059255558,13765.66642,13155.76824,41.848162,123.759467,2.31E-04,0.169941616,5.07E-04,18.00885921,ID00319654,2,28.94,2019
0.057600577,-2440.758096,13497.18105,41.848162,123.759467,2.70E-04,0.183203348,7.30E-04,15.65912155,ID00319654,3,32.42,2019
0.048733284,3256.415931,13857.20243,41.848162,123.759467,1.83E-04,0.173383296,0.001127738,17.39764945,ID00319654,4,31.77,2019
0.049211394,-8480.437291,8011.524779,41.848162,123.759467,1.87E-04,0.173571291,2.59E-04,16.55153062,ID00319654,5,31.34,2019
0.053641307,-8470.857213,,41.848162,123.759467,1.89E-04,0.159792665,3.69E-04,16.48707109,ID00319654,6,32.25,2019
0.055866725,3750.494603,14912.21845,41.848162,123.759467,1.58E-04,0.144777901,2.92E-04,16.64315057,ID00319654,7,32.42,2019
0.05554046,,-8539.684004,41.848162,123.759467,1.38E-04,0.140512916,8.40E-05,14.94153072,ID00319654,8,27.13,2019
0.04933373,-2733.092738,9244.281976,41.848162,123.759467,1.61E-04,0.134680455,4.06E-04,14.84353812,ID00319654,9,28.93,2019
0.048842354,-2885.978018,13908.88871,41.848162,123.759467,1.90E-04,0.140298602,5.25E-04,15.78016943,ID00319654,10,34.63,2019
0.046415989,14079.92885,13567.52584,41.848162,123.759467,2.30E-04,0.146569974,0.003643857,22.3124929,ID00319654,11,33,2019
0.047715973,-8583.351325,13020.70052,41.848162,123.759467,2.13E-04,0.159522143,,28.05379497,ID00319654,12,34.6,2019
0.060147536,,12915.43842,41.848162,123.759467,2.91E-04,0.167658271,,28.46252473,ID00319654,1,35.45,2020
0.054030545,-9031.09421,13175.76497,41.848162,123.759467,1.57E-04,0.171453831,8.70E-04,22.82866553,ID00319654,2,30.43,2020
0.053139792,13998.21933,13582.33519,41.848162,123.759467,1.81E-04,0.178303108,5.10E-04,18.56777735,ID00319654,3,26.15,2020
0.050096199,-2844.555447,13668.93343,41.848162,123.759467,1.99E-04,0.172855527,4.35E-04,15.90522806,ID00319654,4,24.16,2020
0.049679838,3682.864818,9208.562316,41.848162,123.759467,1.60E-04,0.155077747,9.31E-06,23.33357504,ID00319654,5,32.47,2020
0.050192177,3707.814442,-2414.652601,41.848162,123.759467,1.82E-04,0.148330463,2.90E-04,16.39896447,ID00319654,6,34.4,2020
0.056641637,-8466.626595,14882.64745,41.848162,123.759467,1.54E-04,0.144440413,3.04E-04,22.83626592,ID00319654,7,35.79,2020
0.046371899,,14821.17926,41.848162,123.759467,1.31E-04,0.129398835,5.94E-05,11.73827528,ID00319654,8,34.77,2020
0.05092923,-2778.389598,14320.19529,41.848162,123.759467,1.66E-04,0.14012531,3.10E-04,19.22787786,ID00319654,9,33.63,2020
0.050701991,-2444.216683,13855.82701,41.848162,123.759467,2.30E-04,0.139651751,0.001106281,21.67866801,ID00319654,10,35.07,2020
0.048456973,14036.58194,13656.74553,41.848162,123.759467,2.36E-04,0.142900835,0.002111323,24.60841018,ID00319654,11,31.17,2020
0.052067469,7770.677952,,41.848162,123.759467,4.00E-04,0.159772514,,23.75541242,ID00319654,12,36.69,2020
0.060310312,-9068.151129,7449.89107,41.848162,123.759467,3.99E-04,0.179084999,,25.55032663,ID00319654,1,33.05,2021
0.059214686,13936.91822,13197.61318,41.848162,123.759467,2.78E-04,0.173313675,3.64E-04,26.23342542,ID00319654,2,30.17,2021
0.056040533,14384.74992,13477.73579,41.848162,123.759467,3.50E-04,0.168161664,5.57E-04,20.69026961,ID00319654,3,33.72,2021
0.05305786,-2373.789009,13781.37071,41.848162,123.759467,1.96E-04,0.166725463,5.39E-04,21.85375838,ID00319654,4,35.21,2021
0.053181378,14899.04563,13997.99051,41.848162,123.759467,2.32E-04,0.168243261,6.53E-04,20.86893057,ID00319654,5,34.46,2021
0.045333237,-2684.811907,-2872.450442,41.848162,123.759467,2.07E-04,0.159794387,2.27E-04,22.35185979,ID00319654,6,33.44,2021
0.043329425,-2695.652601,14847.44848,41.848162,123.759467,1.67E-04,0.140331752,1.17E-04,14.81096633,ID00319654,7,32.09,2021
0.061505627,3659.303402,,41.848162,123.759467,1.93E-04,0.142440226,2.05E-05,16.31939671,ID00319654,8,32.9,2021
0.051473073,-8492.878803,8750.138862,41.848162,123.759467,1.71E-04,0.135253684,-2.44E-05,21.98065741,ID00319654,9,27.67,2021
0.046955829,-8524.560108,13786.54458,41.848162,123.759467,2.34E-04,0.138885105,0.001003876,20.53077824,ID00319654,10,31.67,2021
0.048212364,-9010.05103,-2550.056919,41.848162,123.759467,5.80E-04,0.152853073,9.67E-04,26.98254215,ID00319654,11,29.05,2021
0.046250295,13452.43081,13067.06575,41.848162,123.759467,2.94E-04,0.165152251,,23.60664613,ID00319654,12,36.69,2021
0.049398313,8622.046124,6563.898921,41.848162,123.759467,3.79E-04,0.172536681,,26.89962427,ID00319654,1,33.25,2022
0.0501339,13712.33047,13047.40888,41.848162,123.759467,3.06E-04,0.184339494,0.001251171,23.66698246,ID00319654,2,31.23,2022
0.044729598,3062.706379,13396.99722,41.848162,123.759467,2.12E-04,0.179294704,6.18E-04,23.13044618,ID00319654,3,35.58,2022
0.047942798,-8499.372915,3374.77756,41.848162,123.759467,1.85E-04,0.170607756,5.46E-04,22.13519128,ID00319654,4,35.8,2022
0.045058607,-8466.41315,2935.593229,41.848162,123.759467,2.21E-04,0.170360123,9.09E-05,20.3373847,ID00319654,5,36.47,2022
0.047333369,,-9018.621197,41.848162,123.759467,2.02E-04,0.157840271,-2.19E-05,19.80515245,ID00319654,6,26.2,2022
0.03869442,-9501.924436,14815.54318,41.848162,123.759467,1.40E-04,0.142257208,1.11E-04,3.710223338,ID00319654,7,30.35,2022
0.042573545,-2689.85525,14789.1822,41.848162,123.759467,1.51E-04,0.136025966,9.58E-05,14.3467465,ID00319654,8,32.93,2022
0.043519763,3520.031824,1221.388616,41.848162,123.759467,1.88E-04,0.137002514,6.50E-04,17.82534598,ID00319654,9,36.5,2022
0.038776952,8293.272676,13777.96001,41.848162,123.759467,1.98E-04,0.140309434,7.43E-04,19.58486754,ID00319654,10,37.79,2022
0.040398236,-9026.044652,13563.37641,41.848162,123.759467,2.66E-04,0.148867621,0.001878944,23.63440875,ID00319654,11,37.15,2022
0.044658053,13387.80815,1328.294406,41.848162,123.759467,4.66E-04,0.173544759,,32.9160518,ID00319654,12,37.31,2022
0.068072167,1820.638235,1702.217647,41.295244,123.766899,3.09E-04,0.155226888,2.60E-04,47.41082312,ID00319665,1,147.06,2019
0.070576767,13655.05588,-6181.858824,41.295244,123.766899,2.88E-04,0.167709902,9.44E-04,56.40578719,ID00319665,2,131.32,2019
0.060225506,,13565.4549,41.295244,123.766899,2.75E-04,0.182249902,5.80E-04,44.95798501,ID00319665,3,146.31,2019
0.049081431,2453.120588,,41.295244,123.766899,2.15E-04,0.1659585,6.75E-04,53.2694557,ID00319665,4,131.76,2019
0.050862075,480.6,,41.295244,123.766899,1.83E-04,0.172862541,1.50E-04,45.46104469,ID00319665,5,113.72,2019
0.055113955,,,41.295244,123.766899,2.22E-04,0.158392616,3.28E-04,40.62148381,ID00319665,6,114.66,2019
0.053293147,11437.62647,14891.75721,41.295244,123.766899,1.74E-04,0.144508062,1.12E-04,36.5673014,ID00319665,7,131.11,2019
0.053454136,,,41.295244,123.766899,1.74E-04,0.135195952,1.85E-04,31.00942622,ID00319665,8,129.59,2019
0.059949964,2629.476471,,41.295244,123.766899,2.36E-04,0.133799633,4.35E-04,34.3235882,ID00319665,9,139.76,2019
0.05432524,442.5941176,1938.529412,41.295244,123.766899,2.25E-04,0.138934973,5.89E-04,45.31824189,ID00319665,10,134.78,2019
0.055044382,-2129.397059,-101.1823529,41.295244,123.766899,2.44E-04,0.145642915,8.39E-05,52.08159645,ID00319665,11,146.78,2019
0.050984978,-4067.75,,41.295244,123.766899,2.51E-04,0.160078547,,50.76992642,ID00319665,12,150.6,2019
0.072543338,,11118.80588,41.295244,123.766899,4.30E-04,0.166154502,0.001925985,49.55881589,ID00319665,1,156.66,2020
0.058456515,-8016.105882,11197.3,41.295244,123.766899,2.30E-04,0.172057936,6.98E-04,54.30653687,ID00319665,2,141.07,2020
0.052317323,,13670.71471,41.295244,123.766899,1.93E-04,0.175373457,7.33E-04,39.12051419,ID00319665,3,151.3,2020
0.059360792,,11811.22353,41.295244,123.766899,2.34E-04,0.171080396,0.001011325,35.78114723,ID00319665,4,138.99,2020
0.05439087,13110.62353,,41.295244,123.766899,1.95E-04,0.154864642,3.69E-04,33.62438214,ID00319665,5,133.51,2020
0.048889929,15290.37059,,41.295244,123.766899,1.70E-04,0.146738699,6.70E-05,34.96102862,ID00319665,6,128.14,2020
0.05364113,,14837.73824,41.295244,123.766899,1.89E-04,0.144212881,-2.36E-05,34.90649315,ID00319665,7,146.28,2020
0.045434321,-5729.364706,14845.94118,41.295244,123.766899,1.46E-04,0.128987175,1.63E-04,23.57711036,ID00319665,8,149.54,2020
0.052826644,6842.802941,,41.295244,123.766899,2.08E-04,0.13963769,2.51E-04,33.74338197,ID00319665,9,152.26,2020
0.054552339,4450.826471,1851.923529,41.295244,123.766899,2.48E-04,0.137636424,4.25E-04,41.21750668,ID00319665,10,149.39,2020
0.053522743,12030.64853,-49.39411765,41.295244,123.766899,2.55E-04,0.143203055,7.92E-04,39.96181594,ID00319665,11,134.94,2020
0.06931638,1676.552941,,41.295244,123.766899,4.23E-04,0.156988049,,43.13711041,ID00319665,12,153.76,2020
0.055787842,,,41.295244,123.766899,4.19E-04,0.170202096,,47.96960267,ID00319665,1,154.75,2021
0.058286485,-72.28823529,13479.48235,41.295244,123.766899,3.26E-04,0.169456809,6.24E-04,54.42883118,ID00319665,2,142.65,2021
0.07112902,11997,-6192.811765,41.295244,123.766899,3.85E-04,0.165968932,8.22E-04,36.59210292,ID00319665,3,154.13,2021
0.054700749,,7808.255882,41.295244,123.766899,2.31E-04,0.16451424,6.23E-04,41.17639666,ID00319665,4,152.02,2021
0.055066672,6712.220588,,41.295244,123.766899,2.55E-04,0.168133366,6.24E-04,32.57262464,ID00319665,5,172.58,2021
0.053740683,738.2882353,,41.295244,123.766899,2.44E-04,0.156079258,5.07E-04,29.66114713,ID00319665,6,159.24,2021
0.046026269,764.1823529,14826.84779,41.295244,123.766899,2.14E-04,0.141006877,2.72E-04,27.99840427,ID00319665,7,169.38,2021
0.062009084,,,41.295244,123.766899,2.27E-04,0.141723064,1.45E-04,24.46391882,ID00319665,8,162.78,2021
0.050096387,13200.12353,,41.295244,123.766899,1.84E-04,0.1344084,9.83E-05,25.88630197,ID00319665,9,117.19,2021
0.052469419,226.0441176,-8035.829412,41.295244,123.766899,2.69E-04,0.136016967,7.96E-04,36.67085335,ID00319665,10,108.33,2021
0.056792573,,-8065.517647,41.295244,123.766899,5.72E-04,0.152225959,0.001303897,41.82192659,ID00319665,11,102.2,2021
0.053179471,,1695.5,41.295244,123.766899,3.79E-04,0.164326344,,46.24937602,ID00319665,12,150.72,2021
0.064558731,,3259.382353,41.295244,123.766899,6.01E-04,0.170799559,2.37E-04,49.38924933,ID00319665,1,158.56,2022
0.058116769,,13180.04559,41.295244,123.766899,4.07E-04,0.181204348,5.48E-04,44.41355815,ID00319665,2,134.39,2022
0.048105204,219.5705882,1794.052941,41.295244,123.766899,2.51E-04,0.178396736,6.78E-04,38.97747015,ID00319665,3,151.26,2022
0.052374983,415.4470588,,41.295244,123.766899,2.22E-04,0.169485849,1.32E-04,36.0884635,ID00319665,4,146.34,2022
0.050807081,,,41.295244,123.766899,2.43E-04,0.165928831,9.66E-05,40.78923538,ID00319665,5,148.09,2022
0.049359703,2702.411765,,41.295244,123.766899,2.21E-04,0.157279971,2.52E-04,30.87634562,ID00319665,6,143.77,2022
0.041181187,-5752.667647,2384.677941,41.295244,123.766899,1.69E-04,0.142203868,-1.39E-04,23.6356254,ID00319665,7,131.52,2022
0.043413966,13266.64559,14779.41324,41.295244,123.766899,1.71E-04,0.135687546,2.43E-04,25.41702955,ID00319665,8,115,2022
0.047363129,483.9411765,,41.295244,123.766899,2.03E-04,0.13667178,5.47E-04,30.33455151,ID00319665,9,144.55,2022
0.04536878,,1865.570588,41.295244,123.766899,2.39E-04,0.139342601,3.84E-04,29.65050006,ID00319665,10,165.8,2022
0.045332062,13978.85294,1787.091176,41.295244,123.766899,2.81E-04,0.146475775,0.001566477,38.32499432,ID00319665,11,164.04,2022
0.056310555,,,41.295244,123.766899,3.48E-04,0.169001452,,42.47261069,ID00319665,12,152.27,2022
0.043469695,2969.362745,12578.2142,47.494041,129.296818,1.31E-04,0.181594282,,6.872352874,ID00319710,1,32.24,2019
0.047640172,13741.9665,12831.98897,47.494041,129.296818,9.38E-05,0.197852852,,9.644264638,ID00319710,2,28.35,2019
0.042558348,14353.94412,13163.03856,47.494041,129.296818,8.12E-05,0.196716851,4.90E-04,6.337855458,ID00319710,3,31.05,2019
0.041473608,14607.86103,13497.00735,47.494041,129.296818,8.21E-05,0.191446336,5.05E-04,5.477083391,ID00319710,4,32.65,2019
0.041033255,8834.441993,-3978.637255,47.494041,129.296818,8.59E-05,0.182702411,1.46E-04,7.495514846,ID00319710,5,34.63,2019
0.0380534,,8006.735294,47.494041,129.296818,7.99E-05,0.164049536,3.64E-04,4.836029406,ID00319710,6,33.96,2019
0.044711667,15256.9665,2265.078431,47.494041,129.296818,8.04E-05,0.144908701,-2.96E-05,5.657892034,ID00319710,7,35.3,2019
0.056258897,,-5512.764706,47.494041,129.296818,7.89E-05,0.142142355,7.29E-05,4.970306448,ID00319710,8,34.6,2019
0.04121894,14800.63928,13965.2433,47.494041,129.296818,7.07E-05,0.139596009,2.94E-04,5.793406922,ID00319710,9,34.26,2019
0.041531954,14436.51507,13732.70572,47.494041,129.296818,8.17E-05,0.144397085,5.04E-04,5.846482729,ID00319710,10,34.2,2019
0.038280565,13749.57178,9024.04902,47.494041,129.296818,7.19E-05,0.163396512,,7.583468221,ID00319710,11,36.05,2019
0.050723553,,12321.11029,47.494041,129.296818,1.17E-04,0.175068016,,7.884730475,ID00319710,12,33.88,2019
0.050670936,,12558.18942,47.494041,129.296818,1.10E-04,0.185091817,,9.759987611,ID00319710,1,22.94,2020
0.042012225,,12636.1535,47.494041,129.296818,7.42E-05,0.190692917,,6.768149659,ID00319710,2,17.23,2020
0.045931202,12941.22549,13319.36503,47.494041,129.296818,7.25E-05,0.188656479,-8.39E-04,5.467536777,ID00319710,3,30.69,2020
0.043039715,14822.58703,13589.89461,47.494041,129.296818,7.35E-05,0.177120238,4.94E-04,5.479044135,ID00319710,4,34.11,2020
0.041639077,15245.49199,13707.86029,47.494041,129.296818,8.17E-05,0.157594792,4.67E-04,6.023970657,ID00319710,5,36.15,2020
0.036143142,,-8461.240196,47.494041,129.296818,7.27E-05,0.156451296,3.91E-04,4.705673988,ID00319710,6,35.85,2020
0.043583515,15377.55637,14592.71013,47.494041,129.296818,7.78E-05,0.145278317,1.25E-04,7.25437489,ID00319710,7,36.41,2020
0.036969047,,14322.51961,47.494041,129.296818,7.29E-05,0.132225857,1.24E-04,6.907732883,ID00319710,8,37.1,2020
0.041109929,14788.36013,14057.6299,47.494041,129.296818,6.67E-05,0.134986291,3.20E-05,3.541348118,ID00319710,9,35.64,2020
0.041702527,14287.78717,3282.948529,47.494041,129.296818,7.38E-05,0.151004276,0.001464874,8.950097959,ID00319710,10,38.34,2020
0.039098184,13874.52402,3070.458333,47.494041,129.296818,1.08E-04,0.149954256,,9.083725531,ID00319710,11,43.03,2020
0.051019982,-8520.186275,12554.50408,47.494041,129.296818,1.95E-04,0.18303547,,13.42377448,ID00319710,12,42.95,2020
0.053973591,,12590.54412,47.494041,129.296818,1.96E-04,0.194353351,,15.04848055,ID00319710,1,32.45,2021
0.043938084,,-8540.642157,47.494041,129.296818,1.12E-04,0.18849609,-1.28E-04,12.42575954,ID00319710,2,29.32,2021
0.044778483,14217.9665,13339.87754,47.494041,129.296818,1.10E-04,0.185886517,6.00E-04,11.65743884,ID00319710,3,27.03,2021
0.045476604,14621.35812,13427.44118,47.494041,129.296818,8.89E-05,0.181140526,5.97E-04,16.93790406,ID00319710,4,36.07,2021
0.044871996,8935.030637,-8447.093137,47.494041,129.296818,9.48E-05,0.175735832,1.78E-04,10.53085777,ID00319710,5,39.23,2021
0.043331016,15203.48284,-2313.193627,47.494041,129.296818,9.81E-05,0.157213302,1.90E-04,12.37372545,ID00319710,6,37.7,2021
0.038626759,15410.39542,14750.13235,47.494041,129.296818,8.74E-05,0.140099977,1.99E-05,8.300539109,ID00319710,7,33.43,2021
0.047595722,10519.22958,-3898.52451,47.494041,129.296818,8.77E-05,0.14288761,1.21E-04,10.534473,ID00319710,8,36.11,2021
0.04413621,14916.0014,14292.27696,47.494041,129.296818,7.76E-05,0.139785159,3.02E-04,6.343345597,ID00319710,9,40.81,2021
0.041326714,14327.71003,13719.38276,47.494041,129.296818,8.22E-05,0.150231742,0.001219034,11.845527,ID00319710,10,38.13,2021
0.042735404,3586.901961,1770.053922,47.494041,129.296818,1.39E-04,0.161204821,,13.88970596,ID00319710,11,33.49,2021
0.041363647,,,47.494041,129.296818,1.38E-04,0.185057571,,19.641532,ID00319710,12,36.25,2021
0.044144411,,12510.99755,47.494041,129.296818,1.79E-04,0.197357389,,17.34142169,ID00319710,1,32.01,2022
0.044504742,,12603.06863,47.494041,129.296818,1.83E-04,0.201921228,,13.31664228,ID00319710,2,29.37,2022
0.041316915,9713.939542,13080.81944,47.494041,129.296818,1.03E-04,0.193752935,-1.94E-05,9.75235302,ID00319710,3,28.64,2022
0.039914261,-2152.093137,3293.916667,47.494041,129.296818,8.55E-05,0.181447571,5.63E-04,8.795012277,ID00319710,4,27.62,2022
0.035936952,15084.5049,,47.494041,129.296818,8.94E-05,0.173720704,1.77E-05,10.79091936,ID00319710,5,27.59,2022
0.035568623,15200.65359,14168.59314,47.494041,129.296818,7.85E-05,0.160568848,-6.81E-06,6.997389597,ID00319710,6,35.22,2022
0.034069815,15160.39542,-5413.480392,47.494041,129.296818,8.10E-05,0.144184543,-6.56E-05,2.868799064,ID00319710,7,37.13,2022
0.034494534,15076.07108,14245.46078,47.494041,129.296818,7.09E-05,0.148420005,-9.78E-05,8.890526737,ID00319710,8,37.99,2022
0.033945499,14929.95561,13952.88562,47.494041,129.296818,6.98E-05,0.141812205,5.79E-04,11.18731639,ID00319710,9,36.33,2022
0.034058606,14380.11674,13542.35507,47.494041,129.296818,7.40E-05,0.151578984,6.97E-04,8.786801677,ID00319710,10,30.96,2022
0.036149419,13794.63333,-5648.372549,47.494041,129.296818,8.86E-05,0.162919015,,12.74968124,ID00319710,11,34.7,2022
0.041606696,,12533.2549,47.494041,129.296818,1.44E-04,0.191872404,,23.43404438,ID00319710,12,28.44,2022
